============================= test session starts ==============================
platform linux -- Python 3.11.11, pytest-9.1.1, pluggy-1.6.0
benchmark: 4.0.0 (defaults: timer=time.perf_counter disable_gc=False min_rounds=1 min_time=0.000005 max_time=1.0 calibration_precision=10 warmup=False warmup_iterations=100000)
qiskit: 2.6.0.dev0
qiskit_ibm_runtime: 0.47.0
timeout_skip_list: 0
rootdir: /mnt/data/spotter-val/benchpress/benchpress
configfile: pytest.ini
plugins: benchmark-4.0.0, memray-1.8.0
collected 400 items

benchpress/qiskit_gym/abstract_transpile/test_hamiltonians.py::TestWorkoutAbstractHamiltonians::test_hamiltonians[ham_enc_stdbinary_dvalues_d-level-4-all-to-all] PASSED [  0%]
benchpress/qiskit_gym/abstract_transpile/test_hamiltonians.py::TestWorkoutAbstractHamiltonians::test_hamiltonians[ham_enc_stdbinary_dvalues_d-level-4-square] PASSED [  0%]
benchpress/qiskit_gym/abstract_transpile/test_hamiltonians.py::TestWorkoutAbstractHamiltonians::test_hamiltonians[ham_enc_stdbinary_dvalues_d-level-4-heavy-hex] PASSED [  0%]
benchpress/qiskit_gym/abstract_transpile/test_hamiltonians.py::TestWorkoutAbstractHamiltonians::test_hamiltonians[ham_enc_stdbinary_dvalues_d-level-4-linear] PASSED [  1%]
benchpress/qiskit_gym/abstract_transpile/test_hamiltonians.py::TestWorkoutAbstractHamiltonians::test_hamiltonians[ham_mu_y_prime_enc_stdbinary_dvalues_8-8-4-4-all-to-all] PASSED [  1%]
benchpress/qiskit_gym/abstract_transpile/test_hamiltonians.py::TestWorkoutAbstractHamiltonians::test_hamiltonians[ham_mu_y_prime_enc_stdbinary_dvalues_8-8-4-4-square] PASSED [  1%]
benchpress/qiskit_gym/abstract_transpile/test_hamiltonians.py::TestWorkoutAbstractHamiltonians::test_hamiltonians[ham_mu_y_prime_enc_stdbinary_dvalues_8-8-4-4-heavy-hex] PASSED [  1%]
benchpress/qiskit_gym/abstract_transpile/test_hamiltonians.py::TestWorkoutAbstractHamiltonians::test_hamiltonians[ham_mu_y_prime_enc_stdbinary_dvalues_8-8-4-4-linear] PASSED [  2%]
benchpress/qiskit_gym/abstract_transpile/test_hamiltonians.py::TestWorkoutAbstractHamiltonians::test_hamiltonians[ham_mu_y_prime_enc_unary_dvalues_4-4-4-all-to-all] PASSED [  2%]
benchpress/qiskit_gym/abstract_transpile/test_hamiltonians.py::TestWorkoutAbstractHamiltonians::test_hamiltonians[ham_mu_y_prime_enc_unary_dvalues_4-4-4-square] PASSED [  2%]
benchpress/qiskit_gym/abstract_transpile/test_hamiltonians.py::TestWorkoutAbstractHamiltonians::test_hamiltonians[ham_mu_y_prime_enc_unary_dvalues_4-4-4-heavy-hex] PASSED [  2%]
benchpress/qiskit_gym/abstract_transpile/test_hamiltonians.py::TestWorkoutAbstractHamiltonians::test_hamiltonians[ham_mu_y_prime_enc_unary_dvalues_4-4-4-linear] PASSED [  3%]
benchpress/qiskit_gym/abstract_transpile/test_hamiltonians.py::TestWorkoutAbstractHamiltonians::test_hamiltonians[ham_mu_z_prime_enc_gray_dvalues_4-4-4-4-all-to-all] PASSED [  3%]
benchpress/qiskit_gym/abstract_transpile/test_hamiltonians.py::TestWorkoutAbstractHamiltonians::test_hamiltonians[ham_mu_z_prime_enc_gray_dvalues_4-4-4-4-square] PASSED [  3%]
benchpress/qiskit_gym/abstract_transpile/test_hamiltonians.py::TestWorkoutAbstractHamiltonians::test_hamiltonians[ham_mu_z_prime_enc_gray_dvalues_4-4-4-4-heavy-hex] PASSED [  3%]
benchpress/qiskit_gym/abstract_transpile/test_hamiltonians.py::TestWorkoutAbstractHamiltonians::test_hamiltonians[ham_mu_z_prime_enc_gray_dvalues_4-4-4-4-linear] PASSED [  4%]
benchpress/qiskit_gym/abstract_transpile/test_hamiltonians.py::TestWorkoutAbstractHamiltonians::test_hamiltonians[ham_gnp-k_2_n-4_rinst-05-all-to-all] PASSED [  4%]
benchpress/qiskit_gym/abstract_transpile/test_hamiltonians.py::TestWorkoutAbstractHamiltonians::test_hamiltonians[ham_gnp-k_2_n-4_rinst-05-square] PASSED [  4%]
benchpress/qiskit_gym/abstract_transpile/test_hamiltonians.py::TestWorkoutAbstractHamiltonians::test_hamiltonians[ham_gnp-k_2_n-4_rinst-05-heavy-hex] PASSED [  4%]
benchpress/qiskit_gym/abstract_transpile/test_hamiltonians.py::TestWorkoutAbstractHamiltonians::test_hamiltonians[ham_gnp-k_2_n-4_rinst-05-linear] PASSED [  5%]
benchpress/qiskit_gym/abstract_transpile/test_hamiltonians.py::TestWorkoutAbstractHamiltonians::test_hamiltonians[ham_ham_parity-4-all-to-all] PASSED [  5%]
benchpress/qiskit_gym/abstract_transpile/test_hamiltonians.py::TestWorkoutAbstractHamiltonians::test_hamiltonians[ham_ham_parity-4-square] PASSED [  5%]
benchpress/qiskit_gym/abstract_transpile/test_hamiltonians.py::TestWorkoutAbstractHamiltonians::test_hamiltonians[ham_ham_parity-4-heavy-hex] PASSED [  5%]
benchpress/qiskit_gym/abstract_transpile/test_hamiltonians.py::TestWorkoutAbstractHamiltonians::test_hamiltonians[ham_ham_parity-4-linear] PASSED [  6%]
benchpress/qiskit_gym/abstract_transpile/test_hamiltonians.py::TestWorkoutAbstractHamiltonians::test_hamiltonians[ham_mu_y_prime_enc_stdbinary_dvalues_16-16-16-16-8-8-8-all-to-all] PASSED [  6%]
benchpress/qiskit_gym/abstract_transpile/test_hamiltonians.py::TestWorkoutAbstractHamiltonians::test_hamiltonians[ham_mu_y_prime_enc_stdbinary_dvalues_16-16-16-16-8-8-8-square] PASSED [  6%]
benchpress/qiskit_gym/abstract_transpile/test_hamiltonians.py::TestWorkoutAbstractHamiltonians::test_hamiltonians[ham_mu_y_prime_enc_stdbinary_dvalues_16-16-16-16-8-8-8-heavy-hex] PASSED [  6%]
benchpress/qiskit_gym/abstract_transpile/test_hamiltonians.py::TestWorkoutAbstractHamiltonians::test_hamiltonians[ham_mu_y_prime_enc_stdbinary_dvalues_16-16-16-16-8-8-8-linear] PASSED [  7%]
benchpress/qiskit_gym/abstract_transpile/test_hamiltonians.py::TestWorkoutAbstractHamiltonians::test_hamiltonians[ham_mu_y_prime_enc_gray_dvalues_16-16-16-all-to-all] PASSED [  7%]
benchpress/qiskit_gym/abstract_transpile/test_hamiltonians.py::TestWorkoutAbstractHamiltonians::test_hamiltonians[ham_mu_y_prime_enc_gray_dvalues_16-16-16-square] PASSED [  7%]
benchpress/qiskit_gym/abstract_transpile/test_hamiltonians.py::TestWorkoutAbstractHamiltonians::test_hamiltonians[ham_mu_y_prime_enc_gray_dvalues_16-16-16-heavy-hex] PASSED [  7%]
benchpress/qiskit_gym/abstract_transpile/test_hamiltonians.py::TestWorkoutAbstractHamiltonians::test_hamiltonians[ham_mu_y_prime_enc_gray_dvalues_16-16-16-linear] PASSED [  8%]
benchpress/qiskit_gym/abstract_transpile/test_hamiltonians.py::TestWorkoutAbstractHamiltonians::test_hamiltonians[ham_enc_gray_dvalues_d-level-16-all-to-all] PASSED [  8%]
benchpress/qiskit_gym/abstract_transpile/test_hamiltonians.py::TestWorkoutAbstractHamiltonians::test_hamiltonians[ham_enc_gray_dvalues_d-level-16-square] PASSED [  8%]
benchpress/qiskit_gym/abstract_transpile/test_hamiltonians.py::TestWorkoutAbstractHamiltonians::test_hamiltonians[ham_enc_gray_dvalues_d-level-16-heavy-hex] PASSED [  8%]
benchpress/qiskit_gym/abstract_transpile/test_hamiltonians.py::TestWorkoutAbstractHamiltonians::test_hamiltonians[ham_enc_gray_dvalues_d-level-16-linear] PASSED [  9%]
benchpress/qiskit_gym/abstract_transpile/test_hamiltonians.py::TestWorkoutAbstractHamiltonians::test_hamiltonians[ham_mu_y_prime_enc_stdbinary_dvalues_8-8-8-8-8-8-all-to-all] PASSED [  9%]
benchpress/qiskit_gym/abstract_transpile/test_hamiltonians.py::TestWorkoutAbstractHamiltonians::test_hamiltonians[ham_mu_y_prime_enc_stdbinary_dvalues_8-8-8-8-8-8-square] PASSED [  9%]
benchpress/qiskit_gym/abstract_transpile/test_hamiltonians.py::TestWorkoutAbstractHamiltonians::test_hamiltonians[ham_mu_y_prime_enc_stdbinary_dvalues_8-8-8-8-8-8-heavy-hex] PASSED [  9%]
benchpress/qiskit_gym/abstract_transpile/test_hamiltonians.py::TestWorkoutAbstractHamiltonians::test_hamiltonians[ham_mu_y_prime_enc_stdbinary_dvalues_8-8-8-8-8-8-linear] PASSED [ 10%]
benchpress/qiskit_gym/abstract_transpile/test_hamiltonians.py::TestWorkoutAbstractHamiltonians::test_hamiltonians[ham_gnp-k_4_n-6_rinst-15-all-to-all] PASSED [ 10%]
benchpress/qiskit_gym/abstract_transpile/test_hamiltonians.py::TestWorkoutAbstractHamiltonians::test_hamiltonians[ham_gnp-k_4_n-6_rinst-15-square] PASSED [ 10%]
benchpress/qiskit_gym/abstract_transpile/test_hamiltonians.py::TestWorkoutAbstractHamiltonians::test_hamiltonians[ham_gnp-k_4_n-6_rinst-15-heavy-hex] PASSED [ 10%]
benchpress/qiskit_gym/abstract_transpile/test_hamiltonians.py::TestWorkoutAbstractHamiltonians::test_hamiltonians[ham_gnp-k_4_n-6_rinst-15-linear] PASSED [ 11%]
benchpress/qiskit_gym/abstract_transpile/test_hamiltonians.py::TestWorkoutAbstractHamiltonians::test_hamiltonians[ham_ham_JW-6-all-to-all] PASSED [ 11%]
benchpress/qiskit_gym/abstract_transpile/test_hamiltonians.py::TestWorkoutAbstractHamiltonians::test_hamiltonians[ham_ham_JW-6-square] PASSED [ 11%]
benchpress/qiskit_gym/abstract_transpile/test_hamiltonians.py::TestWorkoutAbstractHamiltonians::test_hamiltonians[ham_ham_JW-6-heavy-hex] PASSED [ 11%]
benchpress/qiskit_gym/abstract_transpile/test_hamiltonians.py::TestWorkoutAbstractHamiltonians::test_hamiltonians[ham_ham_JW-6-linear] PASSED [ 12%]
benchpress/qiskit_gym/abstract_transpile/test_hamiltonians.py::TestWorkoutAbstractHamiltonians::test_hamiltonians[ham_mu_y_prime_enc_unary_dvalues_8-8-8-8-8-8-8-all-to-all] PASSED [ 12%]
benchpress/qiskit_gym/abstract_transpile/test_hamiltonians.py::TestWorkoutAbstractHamiltonians::test_hamiltonians[ham_mu_y_prime_enc_unary_dvalues_8-8-8-8-8-8-8-square] PASSED [ 12%]
benchpress/qiskit_gym/abstract_transpile/test_hamiltonians.py::TestWorkoutAbstractHamiltonians::test_hamiltonians[ham_mu_y_prime_enc_unary_dvalues_8-8-8-8-8-8-8-heavy-hex] PASSED [ 12%]
benchpress/qiskit_gym/abstract_transpile/test_hamiltonians.py::TestWorkoutAbstractHamiltonians::test_hamiltonians[ham_mu_y_prime_enc_unary_dvalues_8-8-8-8-8-8-8-linear] PASSED [ 13%]
benchpress/qiskit_gym/abstract_transpile/test_hamiltonians.py::TestWorkoutAbstractHamiltonians::test_hamiltonians[ham_7-uf20-0384.cnf-8-res-all-to-all] PASSED [ 13%]
benchpress/qiskit_gym/abstract_transpile/test_hamiltonians.py::TestWorkoutAbstractHamiltonians::test_hamiltonians[ham_7-uf20-0384.cnf-8-res-square] PASSED [ 13%]
benchpress/qiskit_gym/abstract_transpile/test_hamiltonians.py::TestWorkoutAbstractHamiltonians::test_hamiltonians[ham_7-uf20-0384.cnf-8-res-heavy-hex] PASSED [ 13%]
benchpress/qiskit_gym/abstract_transpile/test_hamiltonians.py::TestWorkoutAbstractHamiltonians::test_hamiltonians[ham_7-uf20-0384.cnf-8-res-linear] PASSED [ 14%]
benchpress/qiskit_gym/abstract_transpile/test_hamiltonians.py::TestWorkoutAbstractHamiltonians::test_hamiltonians[ham_tsp_rand-002_Ncity-4_enc-stdbinary-all-to-all] PASSED [ 14%]
benchpress/qiskit_gym/abstract_transpile/test_hamiltonians.py::TestWorkoutAbstractHamiltonians::test_hamiltonians[ham_tsp_rand-002_Ncity-4_enc-stdbinary-square] PASSED [ 14%]
benchpress/qiskit_gym/abstract_transpile/test_hamiltonians.py::TestWorkoutAbstractHamiltonians::test_hamiltonians[ham_tsp_rand-002_Ncity-4_enc-stdbinary-heavy-hex] PASSED [ 14%]
benchpress/qiskit_gym/abstract_transpile/test_hamiltonians.py::TestWorkoutAbstractHamiltonians::test_hamiltonians[ham_tsp_rand-002_Ncity-4_enc-stdbinary-linear] PASSED [ 15%]
benchpress/qiskit_gym/abstract_transpile/test_hamiltonians.py::TestWorkoutAbstractHamiltonians::test_hamiltonians[ham_ham_JW-8-all-to-all] PASSED [ 15%]
benchpress/qiskit_gym/abstract_transpile/test_hamiltonians.py::TestWorkoutAbstractHamiltonians::test_hamiltonians[ham_ham_JW-8-square] PASSED [ 15%]
benchpress/qiskit_gym/abstract_transpile/test_hamiltonians.py::TestWorkoutAbstractHamiltonians::test_hamiltonians[ham_ham_JW-8-heavy-hex] PASSED [ 15%]
benchpress/qiskit_gym/abstract_transpile/test_hamiltonians.py::TestWorkoutAbstractHamiltonians::test_hamiltonians[ham_ham_JW-8-linear] PASSED [ 16%]
benchpress/qiskit_gym/abstract_transpile/test_hamiltonians.py::TestWorkoutAbstractHamiltonians::test_hamiltonians[ham_enc_gray_dvalues_8-8-8-all-to-all] PASSED [ 16%]
benchpress/qiskit_gym/abstract_transpile/test_hamiltonians.py::TestWorkoutAbstractHamiltonians::test_hamiltonians[ham_enc_gray_dvalues_8-8-8-square] PASSED [ 16%]
benchpress/qiskit_gym/abstract_transpile/test_hamiltonians.py::TestWorkoutAbstractHamiltonians::test_hamiltonians[ham_enc_gray_dvalues_8-8-8-heavy-hex] PASSED [ 16%]
benchpress/qiskit_gym/abstract_transpile/test_hamiltonians.py::TestWorkoutAbstractHamiltonians::test_hamiltonians[ham_enc_gray_dvalues_8-8-8-linear] PASSED [ 17%]
benchpress/qiskit_gym/abstract_transpile/test_hamiltonians.py::TestWorkoutAbstractHamiltonians::test_hamiltonians[ham_complbipart-n-10_a-5_b-5-all-to-all] PASSED [ 17%]
benchpress/qiskit_gym/abstract_transpile/test_hamiltonians.py::TestWorkoutAbstractHamiltonians::test_hamiltonians[ham_complbipart-n-10_a-5_b-5-square] PASSED [ 17%]
benchpress/qiskit_gym/abstract_transpile/test_hamiltonians.py::TestWorkoutAbstractHamiltonians::test_hamiltonians[ham_complbipart-n-10_a-5_b-5-heavy-hex] PASSED [ 17%]
benchpress/qiskit_gym/abstract_transpile/test_hamiltonians.py::TestWorkoutAbstractHamiltonians::test_hamiltonians[ham_complbipart-n-10_a-5_b-5-linear] PASSED [ 18%]
benchpress/qiskit_gym/abstract_transpile/test_hamiltonians.py::TestWorkoutAbstractHamiltonians::test_hamiltonians[ham_ham_JW10-all-to-all] PASSED [ 18%]
benchpress/qiskit_gym/abstract_transpile/test_hamiltonians.py::TestWorkoutAbstractHamiltonians::test_hamiltonians[ham_ham_JW10-square] PASSED [ 18%]
benchpress/qiskit_gym/abstract_transpile/test_hamiltonians.py::TestWorkoutAbstractHamiltonians::test_hamiltonians[ham_ham_JW10-heavy-hex] PASSED [ 18%]
benchpress/qiskit_gym/abstract_transpile/test_hamiltonians.py::TestWorkoutAbstractHamiltonians::test_hamiltonians[ham_ham_JW10-linear] PASSED [ 19%]
benchpress/qiskit_gym/abstract_transpile/test_hamiltonians.py::TestWorkoutAbstractHamiltonians::test_hamiltonians[ham_ham_parity10-all-to-all] PASSED [ 19%]
benchpress/qiskit_gym/abstract_transpile/test_hamiltonians.py::TestWorkoutAbstractHamiltonians::test_hamiltonians[ham_ham_parity10-square] PASSED [ 19%]
benchpress/qiskit_gym/abstract_transpile/test_hamiltonians.py::TestWorkoutAbstractHamiltonians::test_hamiltonians[ham_ham_parity10-heavy-hex] PASSED [ 19%]
benchpress/qiskit_gym/abstract_transpile/test_hamiltonians.py::TestWorkoutAbstractHamiltonians::test_hamiltonians[ham_ham_parity10-linear] PASSED [ 20%]
benchpress/qiskit_gym/abstract_transpile/test_hamiltonians.py::TestWorkoutAbstractHamiltonians::test_hamiltonians[ham_ham_JW-10-all-to-all] PASSED [ 20%]
benchpress/qiskit_gym/abstract_transpile/test_hamiltonians.py::TestWorkoutAbstractHamiltonians::test_hamiltonians[ham_ham_JW-10-square] PASSED [ 20%]
benchpress/qiskit_gym/abstract_transpile/test_hamiltonians.py::TestWorkoutAbstractHamiltonians::test_hamiltonians[ham_ham_JW-10-heavy-hex] PASSED [ 20%]
benchpress/qiskit_gym/abstract_transpile/test_hamiltonians.py::TestWorkoutAbstractHamiltonians::test_hamiltonians[ham_ham_JW-10-linear] PASSED [ 21%]
benchpress/qiskit_gym/abstract_transpile/test_hamiltonians.py::TestWorkoutAbstractHamiltonians::test_hamiltonians[ham_mu_x_prime_enc_stdbinary_dvalues_8-8-8-8-8-8-8-8-8-4-4-4-4-4-4-all-to-all] PASSED [ 21%]
benchpress/qiskit_gym/abstract_transpile/test_hamiltonians.py::TestWorkoutAbstractHamiltonians::test_hamiltonians[ham_mu_x_prime_enc_stdbinary_dvalues_8-8-8-8-8-8-8-8-8-4-4-4-4-4-4-square] PASSED [ 21%]
benchpress/qiskit_gym/abstract_transpile/test_hamiltonians.py::TestWorkoutAbstractHamiltonians::test_hamiltonians[ham_mu_x_prime_enc_stdbinary_dvalues_8-8-8-8-8-8-8-8-8-4-4-4-4-4-4-heavy-hex] PASSED [ 21%]
benchpress/qiskit_gym/abstract_transpile/test_hamiltonians.py::TestWorkoutAbstractHamiltonians::test_hamiltonians[ham_mu_x_prime_enc_stdbinary_dvalues_8-8-8-8-8-8-8-8-8-4-4-4-4-4-4-linear] PASSED [ 22%]
benchpress/qiskit_gym/abstract_transpile/test_hamiltonians.py::TestWorkoutAbstractHamiltonians::test_hamiltonians[ham_mu_x_prime_enc_unary_dvalues_4-4-4-all-to-all] PASSED [ 22%]
benchpress/qiskit_gym/abstract_transpile/test_hamiltonians.py::TestWorkoutAbstractHamiltonians::test_hamiltonians[ham_mu_x_prime_enc_unary_dvalues_4-4-4-square] PASSED [ 22%]
benchpress/qiskit_gym/abstract_transpile/test_hamiltonians.py::TestWorkoutAbstractHamiltonians::test_hamiltonians[ham_mu_x_prime_enc_unary_dvalues_4-4-4-heavy-hex] PASSED [ 22%]
benchpress/qiskit_gym/abstract_transpile/test_hamiltonians.py::TestWorkoutAbstractHamiltonians::test_hamiltonians[ham_mu_x_prime_enc_unary_dvalues_4-4-4-linear] PASSED [ 23%]
benchpress/qiskit_gym/abstract_transpile/test_hamiltonians.py::TestWorkoutAbstractHamiltonians::test_hamiltonians[ham_ham_parity12-all-to-all] PASSED [ 23%]
benchpress/qiskit_gym/abstract_transpile/test_hamiltonians.py::TestWorkoutAbstractHamiltonians::test_hamiltonians[ham_ham_parity12-square] PASSED [ 23%]
benchpress/qiskit_gym/abstract_transpile/test_hamiltonians.py::TestWorkoutAbstractHamiltonians::test_hamiltonians[ham_ham_parity12-heavy-hex] PASSED [ 23%]
benchpress/qiskit_gym/abstract_transpile/test_hamiltonians.py::TestWorkoutAbstractHamiltonians::test_hamiltonians[ham_ham_parity12-linear] PASSED [ 24%]
benchpress/qiskit_gym/abstract_transpile/test_hamiltonians.py::TestWorkoutAbstractHamiltonians::test_hamiltonians[ham_ham_BK12-all-to-all] PASSED [ 24%]
benchpress/qiskit_gym/abstract_transpile/test_hamiltonians.py::TestWorkoutAbstractHamiltonians::test_hamiltonians[ham_ham_BK12-square] PASSED [ 24%]
benchpress/qiskit_gym/abstract_transpile/test_hamiltonians.py::TestWorkoutAbstractHamiltonians::test_hamiltonians[ham_ham_BK12-heavy-hex] PASSED [ 24%]
benchpress/qiskit_gym/abstract_transpile/test_hamiltonians.py::TestWorkoutAbstractHamiltonians::test_hamiltonians[ham_ham_BK12-linear] PASSED [ 25%]
benchpress/qiskit_gym/abstract_transpile/test_hamiltonians.py::TestWorkoutAbstractHamiltonians::test_hamiltonians[ham_ham_JW12-all-to-all] PASSED [ 25%]
benchpress/qiskit_gym/abstract_transpile/test_hamiltonians.py::TestWorkoutAbstractHamiltonians::test_hamiltonians[ham_ham_JW12-square] PASSED [ 25%]
benchpress/qiskit_gym/abstract_transpile/test_hamiltonians.py::TestWorkoutAbstractHamiltonians::test_hamiltonians[ham_ham_JW12-heavy-hex] PASSED [ 25%]
benchpress/qiskit_gym/abstract_transpile/test_hamiltonians.py::TestWorkoutAbstractHamiltonians::test_hamiltonians[ham_ham_JW12-linear] PASSED [ 26%]
benchpress/qiskit_gym/abstract_transpile/test_hamiltonians.py::TestWorkoutAbstractHamiltonians::test_hamiltonians[ham_bh_graph-1D-grid-pbc-qubitnodes_Lx-4_U-40_enc-gray_d-8-all-to-all] PASSED [ 26%]
benchpress/qiskit_gym/abstract_transpile/test_hamiltonians.py::TestWorkoutAbstractHamiltonians::test_hamiltonians[ham_bh_graph-1D-grid-pbc-qubitnodes_Lx-4_U-40_enc-gray_d-8-square] PASSED [ 26%]
benchpress/qiskit_gym/abstract_transpile/test_hamiltonians.py::TestWorkoutAbstractHamiltonians::test_hamiltonians[ham_bh_graph-1D-grid-pbc-qubitnodes_Lx-4_U-40_enc-gray_d-8-heavy-hex] PASSED [ 26%]
benchpress/qiskit_gym/abstract_transpile/test_hamiltonians.py::TestWorkoutAbstractHamiltonians::test_hamiltonians[ham_bh_graph-1D-grid-pbc-qubitnodes_Lx-4_U-40_enc-gray_d-8-linear] PASSED [ 27%]
benchpress/qiskit_gym/abstract_transpile/test_hamiltonians.py::TestWorkoutAbstractHamiltonians::test_hamiltonians[ham_enc_unary_dvalues_4-4-4-all-to-all] PASSED [ 27%]
benchpress/qiskit_gym/abstract_transpile/test_hamiltonians.py::TestWorkoutAbstractHamiltonians::test_hamiltonians[ham_enc_unary_dvalues_4-4-4-square] PASSED [ 27%]
benchpress/qiskit_gym/abstract_transpile/test_hamiltonians.py::TestWorkoutAbstractHamiltonians::test_hamiltonians[ham_enc_unary_dvalues_4-4-4-heavy-hex] PASSED [ 27%]
benchpress/qiskit_gym/abstract_transpile/test_hamiltonians.py::TestWorkoutAbstractHamiltonians::test_hamiltonians[ham_enc_unary_dvalues_4-4-4-linear] PASSED [ 28%]
benchpress/qiskit_gym/abstract_transpile/test_hamiltonians.py::TestWorkoutAbstractHamiltonians::test_hamiltonians[ham_ham_parity-14-all-to-all] PASSED [ 28%]
benchpress/qiskit_gym/abstract_transpile/test_hamiltonians.py::TestWorkoutAbstractHamiltonians::test_hamiltonians[ham_ham_parity-14-square] PASSED [ 28%]
benchpress/qiskit_gym/abstract_transpile/test_hamiltonians.py::TestWorkoutAbstractHamiltonians::test_hamiltonians[ham_ham_parity-14-heavy-hex] PASSED [ 28%]
benchpress/qiskit_gym/abstract_transpile/test_hamiltonians.py::TestWorkoutAbstractHamiltonians::test_hamiltonians[ham_ham_parity-14-linear] PASSED [ 29%]
benchpress/qiskit_gym/abstract_transpile/test_hamiltonians.py::TestWorkoutAbstractHamiltonians::test_hamiltonians[ham_ham_JW14-all-to-all] PASSED [ 29%]
benchpress/qiskit_gym/abstract_transpile/test_hamiltonians.py::TestWorkoutAbstractHamiltonians::test_hamiltonians[ham_ham_JW14-square] PASSED [ 29%]
benchpress/qiskit_gym/abstract_transpile/test_hamiltonians.py::TestWorkoutAbstractHamiltonians::test_hamiltonians[ham_ham_JW14-heavy-hex] PASSED [ 29%]
benchpress/qiskit_gym/abstract_transpile/test_hamiltonians.py::TestWorkoutAbstractHamiltonians::test_hamiltonians[ham_ham_JW14-linear] PASSED [ 30%]
benchpress/qiskit_gym/abstract_transpile/test_hamiltonians.py::TestWorkoutAbstractHamiltonians::test_hamiltonians[ham_enc_gray_dvalues_4-4-4-4-4-4-4-all-to-all] PASSED [ 30%]
benchpress/qiskit_gym/abstract_transpile/test_hamiltonians.py::TestWorkoutAbstractHamiltonians::test_hamiltonians[ham_enc_gray_dvalues_4-4-4-4-4-4-4-square] PASSED [ 30%]
benchpress/qiskit_gym/abstract_transpile/test_hamiltonians.py::TestWorkoutAbstractHamiltonians::test_hamiltonians[ham_enc_gray_dvalues_4-4-4-4-4-4-4-heavy-hex] PASSED [ 30%]
benchpress/qiskit_gym/abstract_transpile/test_hamiltonians.py::TestWorkoutAbstractHamiltonians::test_hamiltonians[ham_enc_gray_dvalues_4-4-4-4-4-4-4-linear] PASSED [ 31%]
benchpress/qiskit_gym/abstract_transpile/test_hamiltonians.py::TestWorkoutAbstractHamiltonians::test_hamiltonians[ham_ham_BK-14-all-to-all] PASSED [ 31%]
benchpress/qiskit_gym/abstract_transpile/test_hamiltonians.py::TestWorkoutAbstractHamiltonians::test_hamiltonians[ham_ham_BK-14-square] PASSED [ 31%]
benchpress/qiskit_gym/abstract_transpile/test_hamiltonians.py::TestWorkoutAbstractHamiltonians::test_hamiltonians[ham_ham_BK-14-heavy-hex] PASSED [ 31%]
benchpress/qiskit_gym/abstract_transpile/test_hamiltonians.py::TestWorkoutAbstractHamiltonians::test_hamiltonians[ham_ham_BK-14-linear] PASSED [ 32%]
benchpress/qiskit_gym/abstract_transpile/test_hamiltonians.py::TestWorkoutAbstractHamiltonians::test_hamiltonians[ham_ham_JW-14-all-to-all] PASSED [ 32%]
benchpress/qiskit_gym/abstract_transpile/test_hamiltonians.py::TestWorkoutAbstractHamiltonians::test_hamiltonians[ham_ham_JW-14-square] PASSED [ 32%]
benchpress/qiskit_gym/abstract_transpile/test_hamiltonians.py::TestWorkoutAbstractHamiltonians::test_hamiltonians[ham_ham_JW-14-heavy-hex] PASSED [ 32%]
benchpress/qiskit_gym/abstract_transpile/test_hamiltonians.py::TestWorkoutAbstractHamiltonians::test_hamiltonians[ham_ham_JW-14-linear] PASSED [ 33%]
benchpress/qiskit_gym/abstract_transpile/test_hamiltonians.py::TestWorkoutAbstractHamiltonians::test_hamiltonians[ham_mu_z_prime_enc_unary_dvalues_16-16-16-16-16-16-16-all-to-all] PASSED [ 33%]
benchpress/qiskit_gym/abstract_transpile/test_hamiltonians.py::TestWorkoutAbstractHamiltonians::test_hamiltonians[ham_mu_z_prime_enc_unary_dvalues_16-16-16-16-16-16-16-square] PASSED [ 33%]
benchpress/qiskit_gym/abstract_transpile/test_hamiltonians.py::TestWorkoutAbstractHamiltonians::test_hamiltonians[ham_mu_z_prime_enc_unary_dvalues_16-16-16-16-16-16-16-heavy-hex] PASSED [ 33%]
benchpress/qiskit_gym/abstract_transpile/test_hamiltonians.py::TestWorkoutAbstractHamiltonians::test_hamiltonians[ham_mu_z_prime_enc_unary_dvalues_16-16-16-16-16-16-16-linear] PASSED [ 34%]
benchpress/qiskit_gym/abstract_transpile/test_hamiltonians.py::TestWorkoutAbstractHamiltonians::test_hamiltonians[ham_graph-1D-grid-pbc-qubitnodes_Lx-16_h-2-all-to-all] PASSED [ 34%]
benchpress/qiskit_gym/abstract_transpile/test_hamiltonians.py::TestWorkoutAbstractHamiltonians::test_hamiltonians[ham_graph-1D-grid-pbc-qubitnodes_Lx-16_h-2-square] PASSED [ 34%]
benchpress/qiskit_gym/abstract_transpile/test_hamiltonians.py::TestWorkoutAbstractHamiltonians::test_hamiltonians[ham_graph-1D-grid-pbc-qubitnodes_Lx-16_h-2-heavy-hex] PASSED [ 34%]
benchpress/qiskit_gym/abstract_transpile/test_hamiltonians.py::TestWorkoutAbstractHamiltonians::test_hamiltonians[ham_graph-1D-grid-pbc-qubitnodes_Lx-16_h-2-linear] PASSED [ 35%]
benchpress/qiskit_gym/abstract_transpile/test_hamiltonians.py::TestWorkoutAbstractHamiltonians::test_hamiltonians[ham_ham_JW-18-all-to-all] PASSED [ 35%]
benchpress/qiskit_gym/abstract_transpile/test_hamiltonians.py::TestWorkoutAbstractHamiltonians::test_hamiltonians[ham_ham_JW-18-square] PASSED [ 35%]
benchpress/qiskit_gym/abstract_transpile/test_hamiltonians.py::TestWorkoutAbstractHamiltonians::test_hamiltonians[ham_ham_JW-18-heavy-hex] PASSED [ 35%]
benchpress/qiskit_gym/abstract_transpile/test_hamiltonians.py::TestWorkoutAbstractHamiltonians::test_hamiltonians[ham_ham_JW-18-linear] PASSED [ 36%]
benchpress/qiskit_gym/abstract_transpile/test_hamiltonians.py::TestWorkoutAbstractHamiltonians::test_hamiltonians[ham_ham_JW-22-all-to-all] PASSED [ 36%]
benchpress/qiskit_gym/abstract_transpile/test_hamiltonians.py::TestWorkoutAbstractHamiltonians::test_hamiltonians[ham_ham_JW-22-square] PASSED [ 36%]
benchpress/qiskit_gym/abstract_transpile/test_hamiltonians.py::TestWorkoutAbstractHamiltonians::test_hamiltonians[ham_ham_JW-22-heavy-hex] PASSED [ 36%]
benchpress/qiskit_gym/abstract_transpile/test_hamiltonians.py::TestWorkoutAbstractHamiltonians::test_hamiltonians[ham_ham_JW-22-linear] PASSED [ 37%]
benchpress/qiskit_gym/abstract_transpile/test_hamiltonians.py::TestWorkoutAbstractHamiltonians::test_hamiltonians[ham_ham_BK22-all-to-all] PASSED [ 37%]
benchpress/qiskit_gym/abstract_transpile/test_hamiltonians.py::TestWorkoutAbstractHamiltonians::test_hamiltonians[ham_ham_BK22-square] PASSED [ 37%]
benchpress/qiskit_gym/abstract_transpile/test_hamiltonians.py::TestWorkoutAbstractHamiltonians::test_hamiltonians[ham_ham_BK22-heavy-hex] PASSED [ 37%]
benchpress/qiskit_gym/abstract_transpile/test_hamiltonians.py::TestWorkoutAbstractHamiltonians::test_hamiltonians[ham_ham_BK22-linear] PASSED [ 38%]
benchpress/qiskit_gym/abstract_transpile/test_hamiltonians.py::TestWorkoutAbstractHamiltonians::test_hamiltonians[ham_mu_y_prime_enc_stdbinary_dvalues_4-4-4-4-4-4-4-4-4-4-4-4-4-4-4-4-4-4-all-to-all] PASSED [ 38%]
benchpress/qiskit_gym/abstract_transpile/test_hamiltonians.py::TestWorkoutAbstractHamiltonians::test_hamiltonians[ham_mu_y_prime_enc_stdbinary_dvalues_4-4-4-4-4-4-4-4-4-4-4-4-4-4-4-4-4-4-square] PASSED [ 38%]
benchpress/qiskit_gym/abstract_transpile/test_hamiltonians.py::TestWorkoutAbstractHamiltonians::test_hamiltonians[ham_mu_y_prime_enc_stdbinary_dvalues_4-4-4-4-4-4-4-4-4-4-4-4-4-4-4-4-4-4-heavy-hex] PASSED [ 38%]
benchpress/qiskit_gym/abstract_transpile/test_hamiltonians.py::TestWorkoutAbstractHamiltonians::test_hamiltonians[ham_mu_y_prime_enc_stdbinary_dvalues_4-4-4-4-4-4-4-4-4-4-4-4-4-4-4-4-4-4-linear] PASSED [ 39%]
benchpress/qiskit_gym/abstract_transpile/test_hamiltonians.py::TestWorkoutAbstractHamiltonians::test_hamiltonians[ham_gnp-k_5_n-24_rinst-04-all-to-all] PASSED [ 39%]
benchpress/qiskit_gym/abstract_transpile/test_hamiltonians.py::TestWorkoutAbstractHamiltonians::test_hamiltonians[ham_gnp-k_5_n-24_rinst-04-square] PASSED [ 39%]
benchpress/qiskit_gym/abstract_transpile/test_hamiltonians.py::TestWorkoutAbstractHamiltonians::test_hamiltonians[ham_gnp-k_5_n-24_rinst-04-heavy-hex] PASSED [ 39%]
benchpress/qiskit_gym/abstract_transpile/test_hamiltonians.py::TestWorkoutAbstractHamiltonians::test_hamiltonians[ham_gnp-k_5_n-24_rinst-04-linear] PASSED [ 40%]
benchpress/qiskit_gym/abstract_transpile/test_hamiltonians.py::TestWorkoutAbstractHamiltonians::test_hamiltonians[ham_tsp_prob-ulysses22_Ncity-8_enc-stdbinary-all-to-all] PASSED [ 40%]
benchpress/qiskit_gym/abstract_transpile/test_hamiltonians.py::TestWorkoutAbstractHamiltonians::test_hamiltonians[ham_tsp_prob-ulysses22_Ncity-8_enc-stdbinary-square] PASSED [ 40%]
benchpress/qiskit_gym/abstract_transpile/test_hamiltonians.py::TestWorkoutAbstractHamiltonians::test_hamiltonians[ham_tsp_prob-ulysses22_Ncity-8_enc-stdbinary-heavy-hex] PASSED [ 40%]
benchpress/qiskit_gym/abstract_transpile/test_hamiltonians.py::TestWorkoutAbstractHamiltonians::test_hamiltonians[ham_tsp_prob-ulysses22_Ncity-8_enc-stdbinary-linear] PASSED [ 41%]
benchpress/qiskit_gym/abstract_transpile/test_hamiltonians.py::TestWorkoutAbstractHamiltonians::test_hamiltonians[ham_ham_JW24-all-to-all] PASSED [ 41%]
benchpress/qiskit_gym/abstract_transpile/test_hamiltonians.py::TestWorkoutAbstractHamiltonians::test_hamiltonians[ham_ham_JW24-square] PASSED [ 41%]
benchpress/qiskit_gym/abstract_transpile/test_hamiltonians.py::TestWorkoutAbstractHamiltonians::test_hamiltonians[ham_ham_JW24-heavy-hex] PASSED [ 41%]
benchpress/qiskit_gym/abstract_transpile/test_hamiltonians.py::TestWorkoutAbstractHamiltonians::test_hamiltonians[ham_ham_JW24-linear] PASSED [ 42%]
benchpress/qiskit_gym/abstract_transpile/test_hamiltonians.py::TestWorkoutAbstractHamiltonians::test_hamiltonians[ham_tsp_prob-ts225_Ncity-5_enc-unary-all-to-all] PASSED [ 42%]
benchpress/qiskit_gym/abstract_transpile/test_hamiltonians.py::TestWorkoutAbstractHamiltonians::test_hamiltonians[ham_tsp_prob-ts225_Ncity-5_enc-unary-square] PASSED [ 42%]
benchpress/qiskit_gym/abstract_transpile/test_hamiltonians.py::TestWorkoutAbstractHamiltonians::test_hamiltonians[ham_tsp_prob-ts225_Ncity-5_enc-unary-heavy-hex] PASSED [ 42%]
benchpress/qiskit_gym/abstract_transpile/test_hamiltonians.py::TestWorkoutAbstractHamiltonians::test_hamiltonians[ham_tsp_prob-ts225_Ncity-5_enc-unary-linear] PASSED [ 43%]
benchpress/qiskit_gym/abstract_transpile/test_hamiltonians.py::TestWorkoutAbstractHamiltonians::test_hamiltonians[ham_graph-1D-grid-pbc-qubitnodes_Lx-26_h-6-all-to-all] PASSED [ 43%]
benchpress/qiskit_gym/abstract_transpile/test_hamiltonians.py::TestWorkoutAbstractHamiltonians::test_hamiltonians[ham_graph-1D-grid-pbc-qubitnodes_Lx-26_h-6-square] PASSED [ 43%]
benchpress/qiskit_gym/abstract_transpile/test_hamiltonians.py::TestWorkoutAbstractHamiltonians::test_hamiltonians[ham_graph-1D-grid-pbc-qubitnodes_Lx-26_h-6-heavy-hex] PASSED [ 43%]
benchpress/qiskit_gym/abstract_transpile/test_hamiltonians.py::TestWorkoutAbstractHamiltonians::test_hamiltonians[ham_graph-1D-grid-pbc-qubitnodes_Lx-26_h-6-linear] PASSED [ 44%]
benchpress/qiskit_gym/abstract_transpile/test_hamiltonians.py::TestWorkoutAbstractHamiltonians::test_hamiltonians[ham_bh_graph-1D-grid-pbc-qubitnodes_Lx-14_U-10_enc-stdbinary_d-4-all-to-all] PASSED [ 44%]
benchpress/qiskit_gym/abstract_transpile/test_hamiltonians.py::TestWorkoutAbstractHamiltonians::test_hamiltonians[ham_bh_graph-1D-grid-pbc-qubitnodes_Lx-14_U-10_enc-stdbinary_d-4-square] PASSED [ 44%]
benchpress/qiskit_gym/abstract_transpile/test_hamiltonians.py::TestWorkoutAbstractHamiltonians::test_hamiltonians[ham_bh_graph-1D-grid-pbc-qubitnodes_Lx-14_U-10_enc-stdbinary_d-4-heavy-hex] PASSED [ 44%]
benchpress/qiskit_gym/abstract_transpile/test_hamiltonians.py::TestWorkoutAbstractHamiltonians::test_hamiltonians[ham_bh_graph-1D-grid-pbc-qubitnodes_Lx-14_U-10_enc-stdbinary_d-4-linear] PASSED [ 45%]
benchpress/qiskit_gym/abstract_transpile/test_hamiltonians.py::TestWorkoutAbstractHamiltonians::test_hamiltonians[ham_bh_graph-2D-triag-nonpbc-qubitnodes_Lx-3_Ly-5_U-30_enc-gray_d-4-all-to-all] PASSED [ 45%]
benchpress/qiskit_gym/abstract_transpile/test_hamiltonians.py::TestWorkoutAbstractHamiltonians::test_hamiltonians[ham_bh_graph-2D-triag-nonpbc-qubitnodes_Lx-3_Ly-5_U-30_enc-gray_d-4-square] PASSED [ 45%]
benchpress/qiskit_gym/abstract_transpile/test_hamiltonians.py::TestWorkoutAbstractHamiltonians::test_hamiltonians[ham_bh_graph-2D-triag-nonpbc-qubitnodes_Lx-3_Ly-5_U-30_enc-gray_d-4-heavy-hex] PASSED [ 45%]
benchpress/qiskit_gym/abstract_transpile/test_hamiltonians.py::TestWorkoutAbstractHamiltonians::test_hamiltonians[ham_bh_graph-2D-triag-nonpbc-qubitnodes_Lx-3_Ly-5_U-30_enc-gray_d-4-linear] PASSED [ 46%]
benchpress/qiskit_gym/abstract_transpile/test_hamiltonians.py::TestWorkoutAbstractHamiltonians::test_hamiltonians[ham_reg-5_n-10_rinst-07-all-to-all] PASSED [ 46%]
benchpress/qiskit_gym/abstract_transpile/test_hamiltonians.py::TestWorkoutAbstractHamiltonians::test_hamiltonians[ham_reg-5_n-10_rinst-07-square] PASSED [ 46%]
benchpress/qiskit_gym/abstract_transpile/test_hamiltonians.py::TestWorkoutAbstractHamiltonians::test_hamiltonians[ham_reg-5_n-10_rinst-07-heavy-hex] PASSED [ 46%]
benchpress/qiskit_gym/abstract_transpile/test_hamiltonians.py::TestWorkoutAbstractHamiltonians::test_hamiltonians[ham_reg-5_n-10_rinst-07-linear] PASSED [ 47%]
benchpress/qiskit_gym/abstract_transpile/test_hamiltonians.py::TestWorkoutAbstractHamiltonians::test_hamiltonians[ham_mu_y_prime_enc_unary_dvalues_16-16-16-16-16-16-all-to-all] PASSED [ 47%]
benchpress/qiskit_gym/abstract_transpile/test_hamiltonians.py::TestWorkoutAbstractHamiltonians::test_hamiltonians[ham_mu_y_prime_enc_unary_dvalues_16-16-16-16-16-16-square] PASSED [ 47%]
benchpress/qiskit_gym/abstract_transpile/test_hamiltonians.py::TestWorkoutAbstractHamiltonians::test_hamiltonians[ham_mu_y_prime_enc_unary_dvalues_16-16-16-16-16-16-heavy-hex] PASSED [ 47%]
benchpress/qiskit_gym/abstract_transpile/test_hamiltonians.py::TestWorkoutAbstractHamiltonians::test_hamiltonians[ham_mu_y_prime_enc_unary_dvalues_16-16-16-16-16-16-linear] PASSED [ 48%]
benchpress/qiskit_gym/abstract_transpile/test_hamiltonians.py::TestWorkoutAbstractHamiltonians::test_hamiltonians[ham_bh_graph-3D-grid-nonpbc-qubitnodes_Lx-2_Ly-2_Lz-2_U-20_enc-unary_d-4-all-to-all] PASSED [ 48%]
benchpress/qiskit_gym/abstract_transpile/test_hamiltonians.py::TestWorkoutAbstractHamiltonians::test_hamiltonians[ham_bh_graph-3D-grid-nonpbc-qubitnodes_Lx-2_Ly-2_Lz-2_U-20_enc-unary_d-4-square] PASSED [ 48%]
benchpress/qiskit_gym/abstract_transpile/test_hamiltonians.py::TestWorkoutAbstractHamiltonians::test_hamiltonians[ham_bh_graph-3D-grid-nonpbc-qubitnodes_Lx-2_Ly-2_Lz-2_U-20_enc-unary_d-4-heavy-hex] PASSED [ 48%]
benchpress/qiskit_gym/abstract_transpile/test_hamiltonians.py::TestWorkoutAbstractHamiltonians::test_hamiltonians[ham_bh_graph-3D-grid-nonpbc-qubitnodes_Lx-2_Ly-2_Lz-2_U-20_enc-unary_d-4-linear] PASSED [ 49%]
benchpress/qiskit_gym/abstract_transpile/test_hamiltonians.py::TestWorkoutAbstractHamiltonians::test_hamiltonians[ham_0-uuf100-0810.cnf-40-res-all-to-all] PASSED [ 49%]
benchpress/qiskit_gym/abstract_transpile/test_hamiltonians.py::TestWorkoutAbstractHamiltonians::test_hamiltonians[ham_0-uuf100-0810.cnf-40-res-square] PASSED [ 49%]
benchpress/qiskit_gym/abstract_transpile/test_hamiltonians.py::TestWorkoutAbstractHamiltonians::test_hamiltonians[ham_0-uuf100-0810.cnf-40-res-heavy-hex] PASSED [ 49%]
benchpress/qiskit_gym/abstract_transpile/test_hamiltonians.py::TestWorkoutAbstractHamiltonians::test_hamiltonians[ham_0-uuf100-0810.cnf-40-res-linear] PASSED [ 50%]
benchpress/qiskit_gym/abstract_transpile/test_hamiltonians.py::TestWorkoutAbstractHamiltonians::test_hamiltonians[ham_8-uuf100-0509.cnf-40-cc-all-to-all] PASSED [ 50%]
benchpress/qiskit_gym/abstract_transpile/test_hamiltonians.py::TestWorkoutAbstractHamiltonians::test_hamiltonians[ham_8-uuf100-0509.cnf-40-cc-square] PASSED [ 50%]
benchpress/qiskit_gym/abstract_transpile/test_hamiltonians.py::TestWorkoutAbstractHamiltonians::test_hamiltonians[ham_8-uuf100-0509.cnf-40-cc-heavy-hex] PASSED [ 50%]
benchpress/qiskit_gym/abstract_transpile/test_hamiltonians.py::TestWorkoutAbstractHamiltonians::test_hamiltonians[ham_8-uuf100-0509.cnf-40-cc-linear] PASSED [ 51%]
benchpress/qiskit_gym/abstract_transpile/test_hamiltonians.py::TestWorkoutAbstractHamiltonians::test_hamiltonians[ham_gnp-k_4_n-40_rinst-07-all-to-all] PASSED [ 51%]
benchpress/qiskit_gym/abstract_transpile/test_hamiltonians.py::TestWorkoutAbstractHamiltonians::test_hamiltonians[ham_gnp-k_4_n-40_rinst-07-square] PASSED [ 51%]
benchpress/qiskit_gym/abstract_transpile/test_hamiltonians.py::TestWorkoutAbstractHamiltonians::test_hamiltonians[ham_gnp-k_4_n-40_rinst-07-heavy-hex] PASSED [ 51%]
benchpress/qiskit_gym/abstract_transpile/test_hamiltonians.py::TestWorkoutAbstractHamiltonians::test_hamiltonians[ham_gnp-k_4_n-40_rinst-07-linear] PASSED [ 52%]
benchpress/qiskit_gym/abstract_transpile/test_hamiltonians.py::TestWorkoutAbstractHamiltonians::test_hamiltonians[ham_2-uf100-0396.cnf-46-res-all-to-all] PASSED [ 52%]
benchpress/qiskit_gym/abstract_transpile/test_hamiltonians.py::TestWorkoutAbstractHamiltonians::test_hamiltonians[ham_2-uf100-0396.cnf-46-res-square] PASSED [ 52%]
benchpress/qiskit_gym/abstract_transpile/test_hamiltonians.py::TestWorkoutAbstractHamiltonians::test_hamiltonians[ham_2-uf100-0396.cnf-46-res-heavy-hex] PASSED [ 52%]
benchpress/qiskit_gym/abstract_transpile/test_hamiltonians.py::TestWorkoutAbstractHamiltonians::test_hamiltonians[ham_2-uf100-0396.cnf-46-res-linear] PASSED [ 53%]
benchpress/qiskit_gym/abstract_transpile/test_hamiltonians.py::TestWorkoutAbstractHamiltonians::test_hamiltonians[ham_2-uf100-0601.cnf-46-res-all-to-all] PASSED [ 53%]
benchpress/qiskit_gym/abstract_transpile/test_hamiltonians.py::TestWorkoutAbstractHamiltonians::test_hamiltonians[ham_2-uf100-0601.cnf-46-res-square] PASSED [ 53%]
benchpress/qiskit_gym/abstract_transpile/test_hamiltonians.py::TestWorkoutAbstractHamiltonians::test_hamiltonians[ham_2-uf100-0601.cnf-46-res-heavy-hex] PASSED [ 53%]
benchpress/qiskit_gym/abstract_transpile/test_hamiltonians.py::TestWorkoutAbstractHamiltonians::test_hamiltonians[ham_2-uf100-0601.cnf-46-res-linear] PASSED [ 54%]
benchpress/qiskit_gym/abstract_transpile/test_hamiltonians.py::TestWorkoutAbstractHamiltonians::test_hamiltonians[ham_bh_graph-1D-grid-nonpbc-qubitnodes_Lx-12_U-40_enc-unary_d-4-all-to-all] PASSED [ 54%]
benchpress/qiskit_gym/abstract_transpile/test_hamiltonians.py::TestWorkoutAbstractHamiltonians::test_hamiltonians[ham_bh_graph-1D-grid-nonpbc-qubitnodes_Lx-12_U-40_enc-unary_d-4-square] PASSED [ 54%]
benchpress/qiskit_gym/abstract_transpile/test_hamiltonians.py::TestWorkoutAbstractHamiltonians::test_hamiltonians[ham_bh_graph-1D-grid-nonpbc-qubitnodes_Lx-12_U-40_enc-unary_d-4-heavy-hex] PASSED [ 54%]
benchpress/qiskit_gym/abstract_transpile/test_hamiltonians.py::TestWorkoutAbstractHamiltonians::test_hamiltonians[ham_bh_graph-1D-grid-nonpbc-qubitnodes_Lx-12_U-40_enc-unary_d-4-linear] PASSED [ 55%]
benchpress/qiskit_gym/abstract_transpile/test_hamiltonians.py::TestWorkoutAbstractHamiltonians::test_hamiltonians[ham_bh_graph-1D-grid-pbc-qubitnodes_Lx-24_U-20_enc-stdbinary_d-4-all-to-all] PASSED [ 55%]
benchpress/qiskit_gym/abstract_transpile/test_hamiltonians.py::TestWorkoutAbstractHamiltonians::test_hamiltonians[ham_bh_graph-1D-grid-pbc-qubitnodes_Lx-24_U-20_enc-stdbinary_d-4-square] PASSED [ 55%]
benchpress/qiskit_gym/abstract_transpile/test_hamiltonians.py::TestWorkoutAbstractHamiltonians::test_hamiltonians[ham_bh_graph-1D-grid-pbc-qubitnodes_Lx-24_U-20_enc-stdbinary_d-4-heavy-hex] PASSED [ 55%]
benchpress/qiskit_gym/abstract_transpile/test_hamiltonians.py::TestWorkoutAbstractHamiltonians::test_hamiltonians[ham_bh_graph-1D-grid-pbc-qubitnodes_Lx-24_U-20_enc-stdbinary_d-4-linear] PASSED [ 56%]
benchpress/qiskit_gym/abstract_transpile/test_hamiltonians.py::TestWorkoutAbstractHamiltonians::test_hamiltonians[ham_tsp_prob-lin105_Ncity-7_enc-unary-all-to-all] PASSED [ 56%]
benchpress/qiskit_gym/abstract_transpile/test_hamiltonians.py::TestWorkoutAbstractHamiltonians::test_hamiltonians[ham_tsp_prob-lin105_Ncity-7_enc-unary-square] PASSED [ 56%]
benchpress/qiskit_gym/abstract_transpile/test_hamiltonians.py::TestWorkoutAbstractHamiltonians::test_hamiltonians[ham_tsp_prob-lin105_Ncity-7_enc-unary-heavy-hex] PASSED [ 56%]
benchpress/qiskit_gym/abstract_transpile/test_hamiltonians.py::TestWorkoutAbstractHamiltonians::test_hamiltonians[ham_tsp_prob-lin105_Ncity-7_enc-unary-linear] PASSED [ 57%]
benchpress/qiskit_gym/abstract_transpile/test_hamiltonians.py::TestWorkoutAbstractHamiltonians::test_hamiltonians[ham_gnp-k_5_n-60_rinst-19-all-to-all] PASSED [ 57%]
benchpress/qiskit_gym/abstract_transpile/test_hamiltonians.py::TestWorkoutAbstractHamiltonians::test_hamiltonians[ham_gnp-k_5_n-60_rinst-19-square] PASSED [ 57%]
benchpress/qiskit_gym/abstract_transpile/test_hamiltonians.py::TestWorkoutAbstractHamiltonians::test_hamiltonians[ham_gnp-k_5_n-60_rinst-19-heavy-hex] PASSED [ 57%]
benchpress/qiskit_gym/abstract_transpile/test_hamiltonians.py::TestWorkoutAbstractHamiltonians::test_hamiltonians[ham_gnp-k_5_n-60_rinst-19-linear] PASSED [ 58%]
benchpress/qiskit_gym/abstract_transpile/test_hamiltonians.py::TestWorkoutAbstractHamiltonians::test_hamiltonians[ham_bh_graph-2D-triag-pbc-qubitnodes_Lx-5_Ly-5_U-30_enc-unary_d-4-all-to-all] PASSED [ 58%]
benchpress/qiskit_gym/abstract_transpile/test_hamiltonians.py::TestWorkoutAbstractHamiltonians::test_hamiltonians[ham_bh_graph-2D-triag-pbc-qubitnodes_Lx-5_Ly-5_U-30_enc-unary_d-4-square] PASSED [ 58%]
benchpress/qiskit_gym/abstract_transpile/test_hamiltonians.py::TestWorkoutAbstractHamiltonians::test_hamiltonians[ham_bh_graph-2D-triag-pbc-qubitnodes_Lx-5_Ly-5_U-30_enc-unary_d-4-heavy-hex] PASSED [ 58%]
benchpress/qiskit_gym/abstract_transpile/test_hamiltonians.py::TestWorkoutAbstractHamiltonians::test_hamiltonians[ham_bh_graph-2D-triag-pbc-qubitnodes_Lx-5_Ly-5_U-30_enc-unary_d-4-linear] PASSED [ 59%]
benchpress/qiskit_gym/abstract_transpile/test_hamiltonians.py::TestWorkoutAbstractHamiltonians::test_hamiltonians[ham_mu_x_prime_enc_unary_dvalues_16-16-16-16-16-16-16-16-16-16-16-16-16-16-16-all-to-all] PASSED [ 59%]
benchpress/qiskit_gym/abstract_transpile/test_hamiltonians.py::TestWorkoutAbstractHamiltonians::test_hamiltonians[ham_mu_x_prime_enc_unary_dvalues_16-16-16-16-16-16-16-16-16-16-16-16-16-16-16-square] PASSED [ 59%]
benchpress/qiskit_gym/abstract_transpile/test_hamiltonians.py::TestWorkoutAbstractHamiltonians::test_hamiltonians[ham_mu_x_prime_enc_unary_dvalues_16-16-16-16-16-16-16-16-16-16-16-16-16-16-16-heavy-hex] PASSED [ 59%]
benchpress/qiskit_gym/abstract_transpile/test_hamiltonians.py::TestWorkoutAbstractHamiltonians::test_hamiltonians[ham_mu_x_prime_enc_unary_dvalues_16-16-16-16-16-16-16-16-16-16-16-16-16-16-16-linear] PASSED [ 60%]
benchpress/qiskit_gym/abstract_transpile/test_hamiltonians.py::TestWorkoutAbstractHamiltonians::test_hamiltonians[ham_tsp_prob-d198_Ncity-8_enc-unary-all-to-all] PASSED [ 60%]
benchpress/qiskit_gym/abstract_transpile/test_hamiltonians.py::TestWorkoutAbstractHamiltonians::test_hamiltonians[ham_tsp_prob-d198_Ncity-8_enc-unary-square] PASSED [ 60%]
benchpress/qiskit_gym/abstract_transpile/test_hamiltonians.py::TestWorkoutAbstractHamiltonians::test_hamiltonians[ham_tsp_prob-d198_Ncity-8_enc-unary-heavy-hex] PASSED [ 60%]
benchpress/qiskit_gym/abstract_transpile/test_hamiltonians.py::TestWorkoutAbstractHamiltonians::test_hamiltonians[ham_tsp_prob-d198_Ncity-8_enc-unary-linear] PASSED [ 61%]
benchpress/qiskit_gym/abstract_transpile/test_hamiltonians.py::TestWorkoutAbstractHamiltonians::test_hamiltonians[ham_tsp_prob-kroD100_Ncity-16_enc-stdbinary-all-to-all] PASSED [ 61%]
benchpress/qiskit_gym/abstract_transpile/test_hamiltonians.py::TestWorkoutAbstractHamiltonians::test_hamiltonians[ham_tsp_prob-kroD100_Ncity-16_enc-stdbinary-square] PASSED [ 61%]
benchpress/qiskit_gym/abstract_transpile/test_hamiltonians.py::TestWorkoutAbstractHamiltonians::test_hamiltonians[ham_tsp_prob-kroD100_Ncity-16_enc-stdbinary-heavy-hex] PASSED [ 61%]
benchpress/qiskit_gym/abstract_transpile/test_hamiltonians.py::TestWorkoutAbstractHamiltonians::test_hamiltonians[ham_tsp_prob-kroD100_Ncity-16_enc-stdbinary-linear] PASSED [ 62%]
benchpress/qiskit_gym/abstract_transpile/test_hamiltonians.py::TestWorkoutAbstractHamiltonians::test_hamiltonians[ham_tsp_prob-fl417_Ncity-16_enc-stdbinary-all-to-all] PASSED [ 62%]
benchpress/qiskit_gym/abstract_transpile/test_hamiltonians.py::TestWorkoutAbstractHamiltonians::test_hamiltonians[ham_tsp_prob-fl417_Ncity-16_enc-stdbinary-square] PASSED [ 62%]
benchpress/qiskit_gym/abstract_transpile/test_hamiltonians.py::TestWorkoutAbstractHamiltonians::test_hamiltonians[ham_tsp_prob-fl417_Ncity-16_enc-stdbinary-heavy-hex] PASSED [ 62%]
benchpress/qiskit_gym/abstract_transpile/test_hamiltonians.py::TestWorkoutAbstractHamiltonians::test_hamiltonians[ham_tsp_prob-fl417_Ncity-16_enc-stdbinary-linear] PASSED [ 63%]
benchpress/qiskit_gym/abstract_transpile/test_hamiltonians.py::TestWorkoutAbstractHamiltonians::test_hamiltonians[ham_4-uf100-0246.cnf-70-res-all-to-all] PASSED [ 63%]
benchpress/qiskit_gym/abstract_transpile/test_hamiltonians.py::TestWorkoutAbstractHamiltonians::test_hamiltonians[ham_4-uf100-0246.cnf-70-res-square] PASSED [ 63%]
benchpress/qiskit_gym/abstract_transpile/test_hamiltonians.py::TestWorkoutAbstractHamiltonians::test_hamiltonians[ham_4-uf100-0246.cnf-70-res-heavy-hex] PASSED [ 63%]
benchpress/qiskit_gym/abstract_transpile/test_hamiltonians.py::TestWorkoutAbstractHamiltonians::test_hamiltonians[ham_4-uf100-0246.cnf-70-res-linear] PASSED [ 64%]
benchpress/qiskit_gym/abstract_transpile/test_hamiltonians.py::TestWorkoutAbstractHamiltonians::test_hamiltonians[ham_dsjc1000.1,n-36,rinst-4-all-to-all] PASSED [ 64%]
benchpress/qiskit_gym/abstract_transpile/test_hamiltonians.py::TestWorkoutAbstractHamiltonians::test_hamiltonians[ham_dsjc1000.1,n-36,rinst-4-square] PASSED [ 64%]
benchpress/qiskit_gym/abstract_transpile/test_hamiltonians.py::TestWorkoutAbstractHamiltonians::test_hamiltonians[ham_dsjc1000.1,n-36,rinst-4-heavy-hex] PASSED [ 64%]
benchpress/qiskit_gym/abstract_transpile/test_hamiltonians.py::TestWorkoutAbstractHamiltonians::test_hamiltonians[ham_dsjc1000.1,n-36,rinst-4-linear] PASSED [ 65%]
benchpress/qiskit_gym/abstract_transpile/test_hamiltonians.py::TestWorkoutAbstractHamiltonians::test_hamiltonians[ham_graph-2D-grid-nonpbc-qubitnodes_Lx-5_Ly-15_h-3-all-to-all] PASSED [ 65%]
benchpress/qiskit_gym/abstract_transpile/test_hamiltonians.py::TestWorkoutAbstractHamiltonians::test_hamiltonians[ham_graph-2D-grid-nonpbc-qubitnodes_Lx-5_Ly-15_h-3-square] PASSED [ 65%]
benchpress/qiskit_gym/abstract_transpile/test_hamiltonians.py::TestWorkoutAbstractHamiltonians::test_hamiltonians[ham_graph-2D-grid-nonpbc-qubitnodes_Lx-5_Ly-15_h-3-heavy-hex] PASSED [ 65%]
benchpress/qiskit_gym/abstract_transpile/test_hamiltonians.py::TestWorkoutAbstractHamiltonians::test_hamiltonians[ham_graph-2D-grid-nonpbc-qubitnodes_Lx-5_Ly-15_h-3-linear] PASSED [ 66%]
benchpress/qiskit_gym/abstract_transpile/test_hamiltonians.py::TestWorkoutAbstractHamiltonians::test_hamiltonians[ham_bh_graph-1D-grid-pbc-qubitnodes_Lx-10_U-30_enc-unary_d-8-all-to-all] PASSED [ 66%]
benchpress/qiskit_gym/abstract_transpile/test_hamiltonians.py::TestWorkoutAbstractHamiltonians::test_hamiltonians[ham_bh_graph-1D-grid-pbc-qubitnodes_Lx-10_U-30_enc-unary_d-8-square] PASSED [ 66%]
benchpress/qiskit_gym/abstract_transpile/test_hamiltonians.py::TestWorkoutAbstractHamiltonians::test_hamiltonians[ham_bh_graph-1D-grid-pbc-qubitnodes_Lx-10_U-30_enc-unary_d-8-heavy-hex] PASSED [ 66%]
benchpress/qiskit_gym/abstract_transpile/test_hamiltonians.py::TestWorkoutAbstractHamiltonians::test_hamiltonians[ham_bh_graph-1D-grid-pbc-qubitnodes_Lx-10_U-30_enc-unary_d-8-linear] PASSED [ 67%]
benchpress/qiskit_gym/abstract_transpile/test_hamiltonians.py::TestWorkoutAbstractHamiltonians::test_hamiltonians[ham_4-flat100-7.cnf-90-cc-all-to-all] PASSED [ 67%]
benchpress/qiskit_gym/abstract_transpile/test_hamiltonians.py::TestWorkoutAbstractHamiltonians::test_hamiltonians[ham_4-flat100-7.cnf-90-cc-square] PASSED [ 67%]
benchpress/qiskit_gym/abstract_transpile/test_hamiltonians.py::TestWorkoutAbstractHamiltonians::test_hamiltonians[ham_4-flat100-7.cnf-90-cc-heavy-hex] PASSED [ 67%]
benchpress/qiskit_gym/abstract_transpile/test_hamiltonians.py::TestWorkoutAbstractHamiltonians::test_hamiltonians[ham_4-flat100-7.cnf-90-cc-linear] PASSED [ 68%]
benchpress/qiskit_gym/abstract_transpile/test_hamiltonians.py::TestWorkoutAbstractHamiltonians::test_hamiltonians[ham_reg-4_n-90_rinst-07-all-to-all] PASSED [ 68%]
benchpress/qiskit_gym/abstract_transpile/test_hamiltonians.py::TestWorkoutAbstractHamiltonians::test_hamiltonians[ham_reg-4_n-90_rinst-07-square] PASSED [ 68%]
benchpress/qiskit_gym/abstract_transpile/test_hamiltonians.py::TestWorkoutAbstractHamiltonians::test_hamiltonians[ham_reg-4_n-90_rinst-07-heavy-hex] PASSED [ 68%]
benchpress/qiskit_gym/abstract_transpile/test_hamiltonians.py::TestWorkoutAbstractHamiltonians::test_hamiltonians[ham_reg-4_n-90_rinst-07-linear] PASSED [ 69%]
benchpress/qiskit_gym/abstract_transpile/test_hamiltonians.py::TestWorkoutAbstractHamiltonians::test_hamiltonians[ham_gnp-k_5_n-90_rinst-02-all-to-all] PASSED [ 69%]
benchpress/qiskit_gym/abstract_transpile/test_hamiltonians.py::TestWorkoutAbstractHamiltonians::test_hamiltonians[ham_gnp-k_5_n-90_rinst-02-square] PASSED [ 69%]
benchpress/qiskit_gym/abstract_transpile/test_hamiltonians.py::TestWorkoutAbstractHamiltonians::test_hamiltonians[ham_gnp-k_5_n-90_rinst-02-heavy-hex] PASSED [ 69%]
benchpress/qiskit_gym/abstract_transpile/test_hamiltonians.py::TestWorkoutAbstractHamiltonians::test_hamiltonians[ham_gnp-k_5_n-90_rinst-02-linear] PASSED [ 70%]
benchpress/qiskit_gym/abstract_transpile/test_hamiltonians.py::TestWorkoutAbstractHamiltonians::test_hamiltonians[ham_graph-2D-triag-pbc-qubitnodes_Lx-13_Ly-13_h-0.1-all-to-all] PASSED [ 70%]
benchpress/qiskit_gym/abstract_transpile/test_hamiltonians.py::TestWorkoutAbstractHamiltonians::test_hamiltonians[ham_graph-2D-triag-pbc-qubitnodes_Lx-13_Ly-13_h-0.1-square] PASSED [ 70%]
benchpress/qiskit_gym/abstract_transpile/test_hamiltonians.py::TestWorkoutAbstractHamiltonians::test_hamiltonians[ham_graph-2D-triag-pbc-qubitnodes_Lx-13_Ly-13_h-0.1-heavy-hex] PASSED [ 70%]
benchpress/qiskit_gym/abstract_transpile/test_hamiltonians.py::TestWorkoutAbstractHamiltonians::test_hamiltonians[ham_graph-2D-triag-pbc-qubitnodes_Lx-13_Ly-13_h-0.1-linear] PASSED [ 71%]
benchpress/qiskit_gym/abstract_transpile/test_hamiltonians.py::TestWorkoutAbstractHamiltonians::test_hamiltonians[ham_bh_graph-1D-grid-pbc-qubitnodes_Lx-46_U-2_enc-gray_d-4-all-to-all] PASSED [ 71%]
benchpress/qiskit_gym/abstract_transpile/test_hamiltonians.py::TestWorkoutAbstractHamiltonians::test_hamiltonians[ham_bh_graph-1D-grid-pbc-qubitnodes_Lx-46_U-2_enc-gray_d-4-square] PASSED [ 71%]
benchpress/qiskit_gym/abstract_transpile/test_hamiltonians.py::TestWorkoutAbstractHamiltonians::test_hamiltonians[ham_bh_graph-1D-grid-pbc-qubitnodes_Lx-46_U-2_enc-gray_d-4-heavy-hex] PASSED [ 71%]
benchpress/qiskit_gym/abstract_transpile/test_hamiltonians.py::TestWorkoutAbstractHamiltonians::test_hamiltonians[ham_bh_graph-1D-grid-pbc-qubitnodes_Lx-46_U-2_enc-gray_d-4-linear] PASSED [ 72%]
benchpress/qiskit_gym/abstract_transpile/test_hamiltonians.py::TestWorkoutAbstractHamiltonians::test_hamiltonians[ham_bh_graph-2D-grid-nonpbc-qubitnodes_Lx-7_Ly-7_U-70_enc-gray_d-4-all-to-all] PASSED [ 72%]
benchpress/qiskit_gym/abstract_transpile/test_hamiltonians.py::TestWorkoutAbstractHamiltonians::test_hamiltonians[ham_bh_graph-2D-grid-nonpbc-qubitnodes_Lx-7_Ly-7_U-70_enc-gray_d-4-square] PASSED [ 72%]
benchpress/qiskit_gym/abstract_transpile/test_hamiltonians.py::TestWorkoutAbstractHamiltonians::test_hamiltonians[ham_bh_graph-2D-grid-nonpbc-qubitnodes_Lx-7_Ly-7_U-70_enc-gray_d-4-heavy-hex] PASSED [ 72%]
benchpress/qiskit_gym/abstract_transpile/test_hamiltonians.py::TestWorkoutAbstractHamiltonians::test_hamiltonians[ham_bh_graph-2D-grid-nonpbc-qubitnodes_Lx-7_Ly-7_U-70_enc-gray_d-4-linear] PASSED [ 73%]
benchpress/qiskit_gym/abstract_transpile/test_hamiltonians.py::TestWorkoutAbstractHamiltonians::test_hamiltonians[ham_fh-graph-1D-grid-pbc-qubitnodes_Lx-50_U-2_enc-jw-all-to-all] PASSED [ 73%]
benchpress/qiskit_gym/abstract_transpile/test_hamiltonians.py::TestWorkoutAbstractHamiltonians::test_hamiltonians[ham_fh-graph-1D-grid-pbc-qubitnodes_Lx-50_U-2_enc-jw-square] PASSED [ 73%]
benchpress/qiskit_gym/abstract_transpile/test_hamiltonians.py::TestWorkoutAbstractHamiltonians::test_hamiltonians[ham_fh-graph-1D-grid-pbc-qubitnodes_Lx-50_U-2_enc-jw-heavy-hex] PASSED [ 73%]
benchpress/qiskit_gym/abstract_transpile/test_hamiltonians.py::TestWorkoutAbstractHamiltonians::test_hamiltonians[ham_fh-graph-1D-grid-pbc-qubitnodes_Lx-50_U-2_enc-jw-linear] PASSED [ 74%]
benchpress/qiskit_gym/abstract_transpile/test_hamiltonians.py::TestWorkoutAbstractHamiltonians::test_hamiltonians[ham_tsp_prob-st70_Ncity-10_enc-unary-all-to-all] PASSED [ 74%]
benchpress/qiskit_gym/abstract_transpile/test_hamiltonians.py::TestWorkoutAbstractHamiltonians::test_hamiltonians[ham_tsp_prob-st70_Ncity-10_enc-unary-square] PASSED [ 74%]
benchpress/qiskit_gym/abstract_transpile/test_hamiltonians.py::TestWorkoutAbstractHamiltonians::test_hamiltonians[ham_tsp_prob-st70_Ncity-10_enc-unary-heavy-hex] PASSED [ 74%]
benchpress/qiskit_gym/abstract_transpile/test_hamiltonians.py::TestWorkoutAbstractHamiltonians::test_hamiltonians[ham_tsp_prob-st70_Ncity-10_enc-unary-linear] PASSED [ 75%]
benchpress/qiskit_gym/abstract_transpile/test_hamiltonians.py::TestWorkoutAbstractHamiltonians::test_hamiltonians[ham_tsp_prob-pr76_Ncity-10_enc-unary-all-to-all] PASSED [ 75%]
benchpress/qiskit_gym/abstract_transpile/test_hamiltonians.py::TestWorkoutAbstractHamiltonians::test_hamiltonians[ham_tsp_prob-pr76_Ncity-10_enc-unary-square] PASSED [ 75%]
benchpress/qiskit_gym/abstract_transpile/test_hamiltonians.py::TestWorkoutAbstractHamiltonians::test_hamiltonians[ham_tsp_prob-pr76_Ncity-10_enc-unary-heavy-hex] PASSED [ 75%]
benchpress/qiskit_gym/abstract_transpile/test_hamiltonians.py::TestWorkoutAbstractHamiltonians::test_hamiltonians[ham_tsp_prob-pr76_Ncity-10_enc-unary-linear] PASSED [ 76%]
benchpress/qiskit_gym/abstract_transpile/test_hamiltonians.py::TestWorkoutAbstractHamiltonians::test_hamiltonians[ham_bh_graph-2D-triag-pbc-qubitnodes_Lx-10_Ly-10_U-30_enc-stdbinary_d-4-all-to-all] PASSED [ 76%]
benchpress/qiskit_gym/abstract_transpile/test_hamiltonians.py::TestWorkoutAbstractHamiltonians::test_hamiltonians[ham_bh_graph-2D-triag-pbc-qubitnodes_Lx-10_Ly-10_U-30_enc-stdbinary_d-4-square] PASSED [ 76%]
benchpress/qiskit_gym/abstract_transpile/test_hamiltonians.py::TestWorkoutAbstractHamiltonians::test_hamiltonians[ham_bh_graph-2D-triag-pbc-qubitnodes_Lx-10_Ly-10_U-30_enc-stdbinary_d-4-heavy-hex] PASSED [ 76%]
benchpress/qiskit_gym/abstract_transpile/test_hamiltonians.py::TestWorkoutAbstractHamiltonians::test_hamiltonians[ham_bh_graph-2D-triag-pbc-qubitnodes_Lx-10_Ly-10_U-30_enc-stdbinary_d-4-linear] PASSED [ 77%]
benchpress/qiskit_gym/abstract_transpile/test_hamiltonians.py::TestWorkoutAbstractHamiltonians::test_hamiltonians[ham_queen13_13,n-28,rinst-0-all-to-all] PASSED [ 77%]
benchpress/qiskit_gym/abstract_transpile/test_hamiltonians.py::TestWorkoutAbstractHamiltonians::test_hamiltonians[ham_queen13_13,n-28,rinst-0-square] PASSED [ 77%]
benchpress/qiskit_gym/abstract_transpile/test_hamiltonians.py::TestWorkoutAbstractHamiltonians::test_hamiltonians[ham_queen13_13,n-28,rinst-0-heavy-hex] PASSED [ 77%]
benchpress/qiskit_gym/abstract_transpile/test_hamiltonians.py::TestWorkoutAbstractHamiltonians::test_hamiltonians[ham_queen13_13,n-28,rinst-0-linear] PASSED [ 78%]
benchpress/qiskit_gym/abstract_transpile/test_hamiltonians.py::TestWorkoutAbstractHamiltonians::test_hamiltonians[ham_will199gpia,n-60,rinst-8-all-to-all] PASSED [ 78%]
benchpress/qiskit_gym/abstract_transpile/test_hamiltonians.py::TestWorkoutAbstractHamiltonians::test_hamiltonians[ham_will199gpia,n-60,rinst-8-square] PASSED [ 78%]
benchpress/qiskit_gym/abstract_transpile/test_hamiltonians.py::TestWorkoutAbstractHamiltonians::test_hamiltonians[ham_will199gpia,n-60,rinst-8-heavy-hex] PASSED [ 78%]
benchpress/qiskit_gym/abstract_transpile/test_hamiltonians.py::TestWorkoutAbstractHamiltonians::test_hamiltonians[ham_will199gpia,n-60,rinst-8-linear] PASSED [ 79%]
benchpress/qiskit_gym/abstract_transpile/test_hamiltonians.py::TestWorkoutAbstractHamiltonians::test_hamiltonians[ham_bh_graph-1D-grid-pbc-qubitnodes_Lx-60_U-10_enc-stdbinary_d-4-all-to-all] PASSED [ 79%]
benchpress/qiskit_gym/abstract_transpile/test_hamiltonians.py::TestWorkoutAbstractHamiltonians::test_hamiltonians[ham_bh_graph-1D-grid-pbc-qubitnodes_Lx-60_U-10_enc-stdbinary_d-4-square] PASSED [ 79%]
benchpress/qiskit_gym/abstract_transpile/test_hamiltonians.py::TestWorkoutAbstractHamiltonians::test_hamiltonians[ham_bh_graph-1D-grid-pbc-qubitnodes_Lx-60_U-10_enc-stdbinary_d-4-heavy-hex] PASSED [ 79%]
benchpress/qiskit_gym/abstract_transpile/test_hamiltonians.py::TestWorkoutAbstractHamiltonians::test_hamiltonians[ham_bh_graph-1D-grid-pbc-qubitnodes_Lx-60_U-10_enc-stdbinary_d-4-linear] PASSED [ 80%]
benchpress/qiskit_gym/abstract_transpile/test_hamiltonians.py::TestWorkoutAbstractHamiltonians::test_hamiltonians[ham_bh_graph-2D-triag-pbc-qubitnodes_Lx-3_Ly-22_U-70_enc-unary_d-4-all-to-all] PASSED [ 80%]
benchpress/qiskit_gym/abstract_transpile/test_hamiltonians.py::TestWorkoutAbstractHamiltonians::test_hamiltonians[ham_bh_graph-2D-triag-pbc-qubitnodes_Lx-3_Ly-22_U-70_enc-unary_d-4-square] PASSED [ 80%]
benchpress/qiskit_gym/abstract_transpile/test_hamiltonians.py::TestWorkoutAbstractHamiltonians::test_hamiltonians[ham_bh_graph-2D-triag-pbc-qubitnodes_Lx-3_Ly-22_U-70_enc-unary_d-4-heavy-hex] PASSED [ 80%]
benchpress/qiskit_gym/abstract_transpile/test_hamiltonians.py::TestWorkoutAbstractHamiltonians::test_hamiltonians[ham_bh_graph-2D-triag-pbc-qubitnodes_Lx-3_Ly-22_U-70_enc-unary_d-4-linear] PASSED [ 81%]
benchpress/qiskit_gym/abstract_transpile/test_hamiltonians.py::TestWorkoutAbstractHamiltonians::test_hamiltonians[ham_1-fullins_5,n-48,rinst-7-all-to-all] PASSED [ 81%]
benchpress/qiskit_gym/abstract_transpile/test_hamiltonians.py::TestWorkoutAbstractHamiltonians::test_hamiltonians[ham_1-fullins_5,n-48,rinst-7-square] PASSED [ 81%]
benchpress/qiskit_gym/abstract_transpile/test_hamiltonians.py::TestWorkoutAbstractHamiltonians::test_hamiltonians[ham_1-fullins_5,n-48,rinst-7-heavy-hex] PASSED [ 81%]
benchpress/qiskit_gym/abstract_transpile/test_hamiltonians.py::TestWorkoutAbstractHamiltonians::test_hamiltonians[ham_1-fullins_5,n-48,rinst-7-linear] PASSED [ 82%]
benchpress/qiskit_gym/abstract_transpile/test_hamiltonians.py::TestWorkoutAbstractHamiltonians::test_hamiltonians[ham_bh_graph-2D-triag-nonpbc-qubitnodes_Lx-11_Ly-11_U-100_enc-gray_d-4-all-to-all] PASSED [ 82%]
benchpress/qiskit_gym/abstract_transpile/test_hamiltonians.py::TestWorkoutAbstractHamiltonians::test_hamiltonians[ham_bh_graph-2D-triag-nonpbc-qubitnodes_Lx-11_Ly-11_U-100_enc-gray_d-4-square] PASSED [ 82%]
benchpress/qiskit_gym/abstract_transpile/test_hamiltonians.py::TestWorkoutAbstractHamiltonians::test_hamiltonians[ham_bh_graph-2D-triag-nonpbc-qubitnodes_Lx-11_Ly-11_U-100_enc-gray_d-4-heavy-hex] PASSED [ 82%]
benchpress/qiskit_gym/abstract_transpile/test_hamiltonians.py::TestWorkoutAbstractHamiltonians::test_hamiltonians[ham_bh_graph-2D-triag-nonpbc-qubitnodes_Lx-11_Ly-11_U-100_enc-gray_d-4-linear] PASSED [ 83%]
benchpress/qiskit_gym/abstract_transpile/test_hamiltonians.py::TestWorkoutAbstractHamiltonians::test_hamiltonians[ham_fh-graph-1D-grid-nonpbc-qubitnodes_Lx-90_U-2_enc-jw-all-to-all] PASSED [ 83%]
benchpress/qiskit_gym/abstract_transpile/test_hamiltonians.py::TestWorkoutAbstractHamiltonians::test_hamiltonians[ham_fh-graph-1D-grid-nonpbc-qubitnodes_Lx-90_U-2_enc-jw-square] PASSED [ 83%]
benchpress/qiskit_gym/abstract_transpile/test_hamiltonians.py::TestWorkoutAbstractHamiltonians::test_hamiltonians[ham_fh-graph-1D-grid-nonpbc-qubitnodes_Lx-90_U-2_enc-jw-heavy-hex] PASSED [ 83%]
benchpress/qiskit_gym/abstract_transpile/test_hamiltonians.py::TestWorkoutAbstractHamiltonians::test_hamiltonians[ham_fh-graph-1D-grid-nonpbc-qubitnodes_Lx-90_U-2_enc-jw-linear] PASSED [ 84%]
benchpress/qiskit_gym/abstract_transpile/test_hamiltonians.py::TestWorkoutAbstractHamiltonians::test_hamiltonians[ham_graph-2D-triag-pbc-qubitnodes_Lx-19_Ly-19_h-0.5-all-to-all] PASSED [ 84%]
benchpress/qiskit_gym/abstract_transpile/test_hamiltonians.py::TestWorkoutAbstractHamiltonians::test_hamiltonians[ham_graph-2D-triag-pbc-qubitnodes_Lx-19_Ly-19_h-0.5-square] PASSED [ 84%]
benchpress/qiskit_gym/abstract_transpile/test_hamiltonians.py::TestWorkoutAbstractHamiltonians::test_hamiltonians[ham_graph-2D-triag-pbc-qubitnodes_Lx-19_Ly-19_h-0.5-heavy-hex] PASSED [ 84%]
benchpress/qiskit_gym/abstract_transpile/test_hamiltonians.py::TestWorkoutAbstractHamiltonians::test_hamiltonians[ham_graph-2D-triag-pbc-qubitnodes_Lx-19_Ly-19_h-0.5-linear] PASSED [ 85%]
benchpress/qiskit_gym/abstract_transpile/test_hamiltonians.py::TestWorkoutAbstractHamiltonians::test_hamiltonians[ham_graph-2D-grid-nonpbc-qubitnodes_Lx-5_Ly-58_h-2-all-to-all] PASSED [ 85%]
benchpress/qiskit_gym/abstract_transpile/test_hamiltonians.py::TestWorkoutAbstractHamiltonians::test_hamiltonians[ham_graph-2D-grid-nonpbc-qubitnodes_Lx-5_Ly-58_h-2-square] PASSED [ 85%]
benchpress/qiskit_gym/abstract_transpile/test_hamiltonians.py::TestWorkoutAbstractHamiltonians::test_hamiltonians[ham_graph-2D-grid-nonpbc-qubitnodes_Lx-5_Ly-58_h-2-heavy-hex] PASSED [ 85%]
benchpress/qiskit_gym/abstract_transpile/test_hamiltonians.py::TestWorkoutAbstractHamiltonians::test_hamiltonians[ham_graph-2D-grid-nonpbc-qubitnodes_Lx-5_Ly-58_h-2-linear] PASSED [ 86%]
benchpress/qiskit_gym/abstract_transpile/test_hamiltonians.py::TestWorkoutAbstractHamiltonians::test_hamiltonians[ham_fh-graph-2D-triag-nonpbc-qubitnodes_Lx-16_Ly-16_U-4_enc-bk-all-to-all] PASSED [ 86%]
benchpress/qiskit_gym/abstract_transpile/test_hamiltonians.py::TestWorkoutAbstractHamiltonians::test_hamiltonians[ham_fh-graph-2D-triag-nonpbc-qubitnodes_Lx-16_Ly-16_U-4_enc-bk-square] PASSED [ 86%]
benchpress/qiskit_gym/abstract_transpile/test_hamiltonians.py::TestWorkoutAbstractHamiltonians::test_hamiltonians[ham_fh-graph-2D-triag-nonpbc-qubitnodes_Lx-16_Ly-16_U-4_enc-bk-heavy-hex] PASSED [ 86%]
benchpress/qiskit_gym/abstract_transpile/test_hamiltonians.py::TestWorkoutAbstractHamiltonians::test_hamiltonians[ham_fh-graph-2D-triag-nonpbc-qubitnodes_Lx-16_Ly-16_U-4_enc-bk-linear] PASSED [ 87%]
benchpress/qiskit_gym/abstract_transpile/test_hamiltonians.py::TestWorkoutAbstractHamiltonians::test_hamiltonians[ham_fh-graph-1D-grid-pbc-qubitnodes_Lx-160_U-12_enc-parity-all-to-all] PASSED [ 87%]
benchpress/qiskit_gym/abstract_transpile/test_hamiltonians.py::TestWorkoutAbstractHamiltonians::test_hamiltonians[ham_fh-graph-1D-grid-pbc-qubitnodes_Lx-160_U-12_enc-parity-square] PASSED [ 87%]
benchpress/qiskit_gym/abstract_transpile/test_hamiltonians.py::TestWorkoutAbstractHamiltonians::test_hamiltonians[ham_fh-graph-1D-grid-pbc-qubitnodes_Lx-160_U-12_enc-parity-heavy-hex] PASSED [ 87%]
benchpress/qiskit_gym/abstract_transpile/test_hamiltonians.py::TestWorkoutAbstractHamiltonians::test_hamiltonians[ham_fh-graph-1D-grid-pbc-qubitnodes_Lx-160_U-12_enc-parity-linear] PASSED [ 88%]
benchpress/qiskit_gym/abstract_transpile/test_hamiltonians.py::TestWorkoutAbstractHamiltonians::test_hamiltonians[ham_graph-2D-triag-nonpbc-qubitnodes_Lx-3_Ly-160_h-0.1-all-to-all] PASSED [ 88%]
benchpress/qiskit_gym/abstract_transpile/test_hamiltonians.py::TestWorkoutAbstractHamiltonians::test_hamiltonians[ham_graph-2D-triag-nonpbc-qubitnodes_Lx-3_Ly-160_h-0.1-square] PASSED [ 88%]
benchpress/qiskit_gym/abstract_transpile/test_hamiltonians.py::TestWorkoutAbstractHamiltonians::test_hamiltonians[ham_graph-2D-triag-nonpbc-qubitnodes_Lx-3_Ly-160_h-0.1-heavy-hex] PASSED [ 88%]
benchpress/qiskit_gym/abstract_transpile/test_hamiltonians.py::TestWorkoutAbstractHamiltonians::test_hamiltonians[ham_graph-2D-triag-nonpbc-qubitnodes_Lx-3_Ly-160_h-0.1-linear] PASSED [ 89%]
benchpress/qiskit_gym/abstract_transpile/test_hamiltonians.py::TestWorkoutAbstractHamiltonians::test_hamiltonians[ham_graph-2D-grid-nonpbc-qubitnodes_Lx-19_Ly-19_h-5-all-to-all] PASSED [ 89%]
benchpress/qiskit_gym/abstract_transpile/test_hamiltonians.py::TestWorkoutAbstractHamiltonians::test_hamiltonians[ham_graph-2D-grid-nonpbc-qubitnodes_Lx-19_Ly-19_h-5-square] PASSED [ 89%]
benchpress/qiskit_gym/abstract_transpile/test_hamiltonians.py::TestWorkoutAbstractHamiltonians::test_hamiltonians[ham_graph-2D-grid-nonpbc-qubitnodes_Lx-19_Ly-19_h-5-heavy-hex] PASSED [ 89%]
benchpress/qiskit_gym/abstract_transpile/test_hamiltonians.py::TestWorkoutAbstractHamiltonians::test_hamiltonians[ham_graph-2D-grid-nonpbc-qubitnodes_Lx-19_Ly-19_h-5-linear] PASSED [ 90%]
benchpress/qiskit_gym/abstract_transpile/test_hamiltonians.py::TestWorkoutAbstractHamiltonians::test_hamiltonians[ham_graph-2D-grid-pbc-qubitnodes_Lx-2_Ly-185_h-0.5-all-to-all] PASSED [ 90%]
benchpress/qiskit_gym/abstract_transpile/test_hamiltonians.py::TestWorkoutAbstractHamiltonians::test_hamiltonians[ham_graph-2D-grid-pbc-qubitnodes_Lx-2_Ly-185_h-0.5-square] PASSED [ 90%]
benchpress/qiskit_gym/abstract_transpile/test_hamiltonians.py::TestWorkoutAbstractHamiltonians::test_hamiltonians[ham_graph-2D-grid-pbc-qubitnodes_Lx-2_Ly-185_h-0.5-heavy-hex] PASSED [ 90%]
benchpress/qiskit_gym/abstract_transpile/test_hamiltonians.py::TestWorkoutAbstractHamiltonians::test_hamiltonians[ham_graph-2D-grid-pbc-qubitnodes_Lx-2_Ly-185_h-0.5-linear] PASSED [ 91%]
benchpress/qiskit_gym/abstract_transpile/test_hamiltonians.py::TestWorkoutAbstractHamiltonians::test_hamiltonians[ham_fh-graph-2D-grid-pbc-qubitnodes_Lx-2_Ly-105_U-8_enc-bk-all-to-all] PASSED [ 91%]
benchpress/qiskit_gym/abstract_transpile/test_hamiltonians.py::TestWorkoutAbstractHamiltonians::test_hamiltonians[ham_fh-graph-2D-grid-pbc-qubitnodes_Lx-2_Ly-105_U-8_enc-bk-square] PASSED [ 91%]
benchpress/qiskit_gym/abstract_transpile/test_hamiltonians.py::TestWorkoutAbstractHamiltonians::test_hamiltonians[ham_fh-graph-2D-grid-pbc-qubitnodes_Lx-2_Ly-105_U-8_enc-bk-heavy-hex] PASSED [ 91%]
benchpress/qiskit_gym/abstract_transpile/test_hamiltonians.py::TestWorkoutAbstractHamiltonians::test_hamiltonians[ham_fh-graph-2D-grid-pbc-qubitnodes_Lx-2_Ly-105_U-8_enc-bk-linear] PASSED [ 92%]
benchpress/qiskit_gym/abstract_transpile/test_hamiltonians.py::TestWorkoutAbstractHamiltonians::test_hamiltonians[ham_ash608gpia,n-160,rinst-1-all-to-all] PASSED [ 92%]
benchpress/qiskit_gym/abstract_transpile/test_hamiltonians.py::TestWorkoutAbstractHamiltonians::test_hamiltonians[ham_ash608gpia,n-160,rinst-1-square] PASSED [ 92%]
benchpress/qiskit_gym/abstract_transpile/test_hamiltonians.py::TestWorkoutAbstractHamiltonians::test_hamiltonians[ham_ash608gpia,n-160,rinst-1-heavy-hex] PASSED [ 92%]
benchpress/qiskit_gym/abstract_transpile/test_hamiltonians.py::TestWorkoutAbstractHamiltonians::test_hamiltonians[ham_ash608gpia,n-160,rinst-1-linear] PASSED [ 93%]
benchpress/qiskit_gym/abstract_transpile/test_hamiltonians.py::TestWorkoutAbstractHamiltonians::test_hamiltonians[ham_graph-2D-grid-nonpbc-qubitnodes_Lx-4_Ly-133_h-0.1-all-to-all] PASSED [ 93%]
benchpress/qiskit_gym/abstract_transpile/test_hamiltonians.py::TestWorkoutAbstractHamiltonians::test_hamiltonians[ham_graph-2D-grid-nonpbc-qubitnodes_Lx-4_Ly-133_h-0.1-square] PASSED [ 93%]
benchpress/qiskit_gym/abstract_transpile/test_hamiltonians.py::TestWorkoutAbstractHamiltonians::test_hamiltonians[ham_graph-2D-grid-nonpbc-qubitnodes_Lx-4_Ly-133_h-0.1-heavy-hex] PASSED [ 93%]
benchpress/qiskit_gym/abstract_transpile/test_hamiltonians.py::TestWorkoutAbstractHamiltonians::test_hamiltonians[ham_graph-2D-grid-nonpbc-qubitnodes_Lx-4_Ly-133_h-0.1-linear] PASSED [ 94%]
benchpress/qiskit_gym/abstract_transpile/test_hamiltonians.py::TestWorkoutAbstractHamiltonians::test_hamiltonians[ham_graph-2D-grid-pbc-qubitnodes_Lx-4_Ly-148_h-6-all-to-all] PASSED [ 94%]
benchpress/qiskit_gym/abstract_transpile/test_hamiltonians.py::TestWorkoutAbstractHamiltonians::test_hamiltonians[ham_graph-2D-grid-pbc-qubitnodes_Lx-4_Ly-148_h-6-square] PASSED [ 94%]
benchpress/qiskit_gym/abstract_transpile/test_hamiltonians.py::TestWorkoutAbstractHamiltonians::test_hamiltonians[ham_graph-2D-grid-pbc-qubitnodes_Lx-4_Ly-148_h-6-heavy-hex] PASSED [ 94%]
benchpress/qiskit_gym/abstract_transpile/test_hamiltonians.py::TestWorkoutAbstractHamiltonians::test_hamiltonians[ham_graph-2D-grid-pbc-qubitnodes_Lx-4_Ly-148_h-6-linear] PASSED [ 95%]
benchpress/qiskit_gym/abstract_transpile/test_hamiltonians.py::TestWorkoutAbstractHamiltonians::test_hamiltonians[ham_fh-graph-2D-grid-pbc-qubitnodes_Lx-5_Ly-72_U-0_enc-parity-all-to-all] PASSED [ 95%]
benchpress/qiskit_gym/abstract_transpile/test_hamiltonians.py::TestWorkoutAbstractHamiltonians::test_hamiltonians[ham_fh-graph-2D-grid-pbc-qubitnodes_Lx-5_Ly-72_U-0_enc-parity-square] PASSED [ 95%]
benchpress/qiskit_gym/abstract_transpile/test_hamiltonians.py::TestWorkoutAbstractHamiltonians::test_hamiltonians[ham_fh-graph-2D-grid-pbc-qubitnodes_Lx-5_Ly-72_U-0_enc-parity-heavy-hex] PASSED [ 95%]
benchpress/qiskit_gym/abstract_transpile/test_hamiltonians.py::TestWorkoutAbstractHamiltonians::test_hamiltonians[ham_fh-graph-2D-grid-pbc-qubitnodes_Lx-5_Ly-72_U-0_enc-parity-linear] PASSED [ 96%]
benchpress/qiskit_gym/abstract_transpile/test_hamiltonians.py::TestWorkoutAbstractHamiltonians::test_hamiltonians[ham_graph-2D-grid-pbc-qubitnodes_Lx-4_Ly-190_h-0-all-to-all] PASSED [ 96%]
benchpress/qiskit_gym/abstract_transpile/test_hamiltonians.py::TestWorkoutAbstractHamiltonians::test_hamiltonians[ham_graph-2D-grid-pbc-qubitnodes_Lx-4_Ly-190_h-0-square] PASSED [ 96%]
benchpress/qiskit_gym/abstract_transpile/test_hamiltonians.py::TestWorkoutAbstractHamiltonians::test_hamiltonians[ham_graph-2D-grid-pbc-qubitnodes_Lx-4_Ly-190_h-0-heavy-hex] PASSED [ 96%]
benchpress/qiskit_gym/abstract_transpile/test_hamiltonians.py::TestWorkoutAbstractHamiltonians::test_hamiltonians[ham_graph-2D-grid-pbc-qubitnodes_Lx-4_Ly-190_h-0-linear] PASSED [ 97%]
benchpress/qiskit_gym/abstract_transpile/test_hamiltonians.py::TestWorkoutAbstractHamiltonians::test_hamiltonians[ham_graph-2D-triag-nonpbc-qubitnodes_Lx-40_Ly-40_h-0.1-all-to-all] PASSED [ 97%]
benchpress/qiskit_gym/abstract_transpile/test_hamiltonians.py::TestWorkoutAbstractHamiltonians::test_hamiltonians[ham_graph-2D-triag-nonpbc-qubitnodes_Lx-40_Ly-40_h-0.1-square] PASSED [ 97%]
benchpress/qiskit_gym/abstract_transpile/test_hamiltonians.py::TestWorkoutAbstractHamiltonians::test_hamiltonians[ham_graph-2D-triag-nonpbc-qubitnodes_Lx-40_Ly-40_h-0.1-heavy-hex] PASSED [ 97%]
benchpress/qiskit_gym/abstract_transpile/test_hamiltonians.py::TestWorkoutAbstractHamiltonians::test_hamiltonians[ham_graph-2D-triag-nonpbc-qubitnodes_Lx-40_Ly-40_h-0.1-linear] PASSED [ 98%]
benchpress/qiskit_gym/abstract_transpile/test_hamiltonians.py::TestWorkoutAbstractHamiltonians::test_hamiltonians[ham_graph-2D-grid-nonpbc-qubitnodes_Lx-5_Ly-186_h-0.5-all-to-all] PASSED [ 98%]
benchpress/qiskit_gym/abstract_transpile/test_hamiltonians.py::TestWorkoutAbstractHamiltonians::test_hamiltonians[ham_graph-2D-grid-nonpbc-qubitnodes_Lx-5_Ly-186_h-0.5-square] PASSED [ 98%]
benchpress/qiskit_gym/abstract_transpile/test_hamiltonians.py::TestWorkoutAbstractHamiltonians::test_hamiltonians[ham_graph-2D-grid-nonpbc-qubitnodes_Lx-5_Ly-186_h-0.5-heavy-hex] PASSED [ 98%]
benchpress/qiskit_gym/abstract_transpile/test_hamiltonians.py::TestWorkoutAbstractHamiltonians::test_hamiltonians[ham_graph-2D-grid-nonpbc-qubitnodes_Lx-5_Ly-186_h-0.5-linear] PASSED [ 99%]
benchpress/qiskit_gym/abstract_transpile/test_hamiltonians.py::TestWorkoutAbstractHamiltonians::test_hamiltonians[ham_graph-2D-grid-pbc-qubitnodes_Lx-5_Ly-186_h-3-all-to-all] PASSED [ 99%]
benchpress/qiskit_gym/abstract_transpile/test_hamiltonians.py::TestWorkoutAbstractHamiltonians::test_hamiltonians[ham_graph-2D-grid-pbc-qubitnodes_Lx-5_Ly-186_h-3-square] PASSED [ 99%]
benchpress/qiskit_gym/abstract_transpile/test_hamiltonians.py::TestWorkoutAbstractHamiltonians::test_hamiltonians[ham_graph-2D-grid-pbc-qubitnodes_Lx-5_Ly-186_h-3-heavy-hex] PASSED [ 99%]
benchpress/qiskit_gym/abstract_transpile/test_hamiltonians.py::TestWorkoutAbstractHamiltonians::test_hamiltonians[ham_graph-2D-grid-pbc-qubitnodes_Lx-5_Ly-186_h-3-linear] PASSED [100%]
Wrote benchmark data in: <_io.BufferedWriter name='/mnt/data/spotter-val/fullsuite_evidence/abstract_hamiltonians/main.json'>



--------------------------------------------------------------------------------------------------------------------------- benchmark 'Transpile - Abstract': 400 tests ---------------------------------------------------------------------------------------------------------------------------
Name (time in ms)                                                                                                       Min                    Max                   Mean             StdDev                 Median                 IQR            Outliers       OPS            Rounds  Iterations
---------------------------------------------------------------------------------------------------------------------------------------------------------------------------------------------------------------------------------------------------------------------------------------------------
test_hamiltonians[ham_mu_z_prime_enc_gray_dvalues_4-4-4-4-all-to-all]                                                1.8621 (1.0)           2.3575 (1.0)           1.9967 (1.0)       0.0846 (inf)           1.9787 (1.0)        0.0811 (inf)         96;30  500.8364 (1.0)         476           1
test_hamiltonians[ham_mu_z_prime_enc_gray_dvalues_4-4-4-4-square]                                                    2.1570 (1.16)          2.7135 (1.15)          2.3061 (1.15)      0.0871 (inf)           2.2869 (1.16)       0.0706 (inf)         71;31  433.6401 (0.87)        404           1
test_hamiltonians[ham_mu_y_prime_enc_unary_dvalues_4-4-4-linear]                                                     2.2363 (1.20)          2.8016 (1.19)          2.4105 (1.21)      0.0709 (inf)           2.3989 (1.21)       0.0738 (inf)         86;23  414.8473 (0.83)        398           1
test_hamiltonians[ham_mu_z_prime_enc_gray_dvalues_4-4-4-4-linear]                                                    2.2369 (1.20)          2.7944 (1.19)          2.4290 (1.22)      0.0727 (inf)           2.4239 (1.23)       0.0811 (inf)         98;14  411.6907 (0.82)        385           1
test_hamiltonians[ham_mu_y_prime_enc_unary_dvalues_4-4-4-square]                                                     2.2493 (1.21)          2.8706 (1.22)          2.3983 (1.20)      0.0654 (inf)           2.3928 (1.21)       0.0700 (inf)         81;16  416.9537 (0.83)        361           1
test_hamiltonians[ham_mu_y_prime_enc_unary_dvalues_4-4-4-all-to-all]                                                 2.3181 (1.24)          3.1980 (1.36)          2.4753 (1.24)      0.0822 (inf)           2.4710 (1.25)       0.0700 (inf)         63;23  403.9910 (0.81)        372           1
test_hamiltonians[ham_mu_z_prime_enc_gray_dvalues_4-4-4-4-heavy-hex]                                                 2.5820 (1.39)          3.2950 (1.40)          2.8377 (1.42)      0.1081 (inf)           2.8304 (1.43)       0.1356 (inf)          87;8  352.4035 (0.70)        315           1
test_hamiltonians[ham_mu_y_prime_enc_unary_dvalues_4-4-4-heavy-hex]                                                  3.0054 (1.61)          3.7903 (1.61)          3.2337 (1.62)      0.1017 (inf)           3.2283 (1.63)       0.1279 (inf)          73;6  309.2453 (0.62)        270           1
test_hamiltonians[ham_mu_y_prime_enc_unary_dvalues_8-8-8-8-8-8-8-linear]                                             3.3570 (1.80)          4.0760 (1.73)          3.6510 (1.83)      0.1288 (inf)           3.6372 (1.84)       0.1872 (inf)          83;1  273.8977 (0.55)        256           1
test_hamiltonians[ham_mu_y_prime_enc_stdbinary_dvalues_8-8-4-4-all-to-all]                                           3.4423 (1.85)          4.1688 (1.77)          3.7185 (1.86)      0.1264 (inf)           3.6977 (1.87)       0.1471 (inf)          56;9  268.9269 (0.54)        219           1
test_hamiltonians[ham_mu_y_prime_enc_unary_dvalues_8-8-8-8-8-8-8-square]                                             3.5536 (1.91)          4.3091 (1.83)          3.8200 (1.91)      0.1332 (inf)           3.7985 (1.92)       0.1801 (inf)          79;3  261.7794 (0.52)        266           1
test_hamiltonians[ham_mu_y_prime_enc_unary_dvalues_8-8-8-8-8-8-8-heavy-hex]                                          3.7067 (1.99)          4.6684 (1.98)          4.1723 (2.09)      0.1390 (inf)           4.1696 (2.11)       0.1707 (inf)          62;7  239.6766 (0.48)        245           1
test_hamiltonians[ham_mu_x_prime_enc_unary_dvalues_4-4-4-linear]                                                     3.8630 (2.07)          4.7901 (2.03)          4.2974 (2.15)      0.1385 (inf)           4.2857 (2.17)       0.1822 (inf)          59;5  232.6961 (0.46)        216           1
test_hamiltonians[ham_gnp-k_2_n-4_rinst-05-all-to-all]                                                               3.9275 (2.11)          4.6713 (1.98)          4.2273 (2.12)      0.1260 (inf)           4.2255 (2.14)       0.1754 (inf)          67;2  236.5561 (0.47)        220           1
test_hamiltonians[ham_mu_y_prime_enc_unary_dvalues_8-8-8-8-8-8-8-all-to-all]                                         4.2647 (2.29)          5.1380 (2.18)          4.5729 (2.29)      0.1303 (inf)           4.5602 (2.30)       0.1551 (inf)          57;7  218.6785 (0.44)        227           1
test_hamiltonians[ham_mu_y_prime_enc_stdbinary_dvalues_8-8-4-4-linear]                                               4.2700 (2.29)          5.0492 (2.14)          4.5808 (2.29)      0.1369 (inf)           4.5750 (2.31)       0.1790 (inf)          67;2  218.3002 (0.44)        216           1
test_hamiltonians[ham_mu_z_prime_enc_unary_dvalues_16-16-16-16-16-16-16-linear]                                      4.3921 (2.36)          6.9384 (2.94)          4.7997 (2.40)      0.2529 (inf)           4.7796 (2.42)       0.2354 (inf)          40;4  208.3484 (0.42)        222           1
test_hamiltonians[ham_graph-1D-grid-pbc-qubitnodes_Lx-16_h-2-heavy-hex]                                              4.4121 (2.37)          5.3191 (2.26)          4.8233 (2.42)      0.1501 (inf)           4.8166 (2.43)       0.1707 (inf)          51;6  207.3289 (0.41)        182           1
test_hamiltonians[ham_mu_y_prime_enc_gray_dvalues_16-16-16-all-to-all]                                               4.4593 (2.39)          5.3968 (2.29)          4.8256 (2.42)      0.1406 (inf)           4.8078 (2.43)       0.1446 (inf)         53;14  207.2295 (0.41)        212           1
test_hamiltonians[ham_mu_z_prime_enc_unary_dvalues_16-16-16-16-16-16-16-heavy-hex]                                   4.7498 (2.55)          6.9984 (2.97)          5.1221 (2.57)      0.2438 (inf)           5.0683 (2.56)       0.2547 (inf)          32;4  195.2325 (0.39)        180           1
test_hamiltonians[ham_gnp-k_2_n-4_rinst-05-square]                                                                   5.0788 (2.73)          6.0248 (2.56)          5.4336 (2.72)      0.1629 (inf)           5.4413 (2.75)       0.2062 (inf)          59;2  184.0391 (0.37)        179           1
test_hamiltonians[ham_gnp-k_2_n-4_rinst-05-linear]                                                                   5.0890 (2.73)          6.2499 (2.65)          5.4674 (2.74)      0.1803 (inf)           5.4474 (2.75)       0.2227 (inf)          55;3  182.9025 (0.37)        183           1
test_hamiltonians[ham_mu_y_prime_enc_stdbinary_dvalues_8-8-4-4-heavy-hex]                                            5.1370 (2.76)          6.2305 (2.64)          5.5240 (2.77)      0.1658 (inf)           5.5081 (2.78)       0.1902 (inf)          40;5  181.0297 (0.36)        153           1
test_hamiltonians[ham_7-uf20-0384.cnf-8-res-square]                                                                  5.2440 (2.82)          6.4689 (2.74)          5.8355 (2.92)      0.2029 (inf)           5.8449 (2.95)       0.2554 (inf)          55;4  171.3652 (0.34)        160           1
test_hamiltonians[ham_graph-1D-grid-pbc-qubitnodes_Lx-16_h-2-linear]                                                 5.3065 (2.85)          8.7078 (3.69)          5.7154 (2.86)      0.2986 (inf)           5.6893 (2.88)       0.2372 (inf)          15;3  174.9674 (0.35)        156           1
test_hamiltonians[ham_mu_y_prime_enc_stdbinary_dvalues_8-8-4-4-square]                                               5.3101 (2.85)          6.1608 (2.61)          5.6456 (2.83)      0.1501 (inf)           5.6383 (2.85)       0.1951 (inf)          40;2  177.1304 (0.35)        137           1
test_hamiltonians[ham_mu_y_prime_enc_stdbinary_dvalues_8-8-8-8-8-8-all-to-all]                                       5.4345 (2.92)         44.9175 (19.05)         5.9590 (2.98)      2.9245 (inf)           5.7286 (2.90)       0.1815 (inf)           1;4  167.8135 (0.34)        180           1
test_hamiltonians[ham_ham_parity-4-all-to-all]                                                                       5.4888 (2.95)          6.1850 (2.62)          5.7699 (2.89)      0.1304 (inf)           5.7623 (2.91)       0.1733 (inf)          52;2  173.3143 (0.35)        172           1
test_hamiltonians[ham_7-uf20-0384.cnf-8-res-linear]                                                                  5.5163 (2.96)          6.8184 (2.89)          5.9256 (2.97)      0.2007 (inf)           5.9274 (3.00)       0.2488 (inf)          53;2  168.7597 (0.34)        170           1
test_hamiltonians[ham_mu_y_prime_enc_stdbinary_dvalues_8-8-8-8-8-8-square]                                           5.6371 (3.03)          7.9351 (3.37)          6.2447 (3.13)      0.2534 (inf)           6.2106 (3.14)       0.2414 (inf)          34;4  160.1347 (0.32)        154           1
test_hamiltonians[ham_mu_y_prime_enc_gray_dvalues_16-16-16-square]                                                   5.6392 (3.03)          6.6258 (2.81)          6.0257 (3.02)      0.1385 (inf)           6.0266 (3.05)       0.1817 (inf)          49;4  165.9559 (0.33)        167           1
test_hamiltonians[ham_mu_y_prime_enc_stdbinary_dvalues_8-8-8-8-8-8-linear]                                           5.6716 (3.05)          6.7539 (2.86)          5.9664 (2.99)      0.1681 (inf)           5.9512 (3.01)       0.2205 (inf)          48;2  167.6060 (0.33)        163           1
test_hamiltonians[ham_mu_y_prime_enc_gray_dvalues_16-16-16-linear]                                                   5.7136 (3.07)          6.5527 (2.78)          6.0576 (3.03)      0.1520 (inf)           6.0410 (3.05)       0.1716 (inf)          48;6  165.0818 (0.33)        160           1
test_hamiltonians[ham_ham_parity-4-square]                                                                           5.7444 (3.08)          6.8541 (2.91)          6.1270 (3.07)      0.1603 (inf)           6.0966 (3.08)       0.1958 (inf)          40;4  163.2129 (0.33)        160           1
test_hamiltonians[ham_gnp-k_2_n-4_rinst-05-heavy-hex]                                                                5.7627 (3.09)          7.4414 (3.16)          6.2121 (3.11)      0.2103 (inf)           6.2029 (3.13)       0.2399 (inf)          38;3  160.9767 (0.32)        136           1
test_hamiltonians[ham_mu_y_prime_enc_stdbinary_dvalues_16-16-16-16-8-8-8-all-to-all]                                 5.7799 (3.10)          6.4587 (2.74)          6.0245 (3.02)      0.1234 (inf)           6.0044 (3.03)       0.1302 (inf)          38;7  165.9889 (0.33)        149           1
test_hamiltonians[ham_mu_y_prime_enc_stdbinary_dvalues_8-8-8-8-8-8-heavy-hex]                                        6.2176 (3.34)          7.6531 (3.25)          6.6134 (3.31)      0.2515 (inf)           6.5857 (3.33)       0.2742 (inf)          30;5  151.2093 (0.30)        131           1
test_hamiltonians[ham_gnp-k_4_n-6_rinst-15-all-to-all]                                                               6.2368 (3.35)          7.3590 (3.12)          6.4892 (3.25)      0.1542 (inf)           6.4625 (3.27)       0.1664 (inf)          35;7  154.1027 (0.31)        144           1
test_hamiltonians[ham_mu_y_prime_enc_gray_dvalues_16-16-16-heavy-hex]                                                6.3293 (3.40)          7.2731 (3.09)          6.6616 (3.34)      0.1767 (inf)           6.6494 (3.36)       0.1905 (inf)          43;4  150.1144 (0.30)        130           1
test_hamiltonians[ham_mu_y_prime_enc_stdbinary_dvalues_16-16-16-16-8-8-8-heavy-hex]                                  6.4718 (3.48)          7.8406 (3.33)          6.8897 (3.45)      0.2074 (inf)           6.8857 (3.48)       0.2877 (inf)          43;1  145.1445 (0.29)        129           1
test_hamiltonians[ham_7-uf20-0384.cnf-8-res-heavy-hex]                                                               6.5355 (3.51)          8.1780 (3.47)          6.9440 (3.48)      0.2363 (inf)           6.9216 (3.50)       0.2223 (inf)          24;5  144.0100 (0.29)        129           1
test_hamiltonians[ham_gnp-k_4_n-6_rinst-15-heavy-hex]                                                                6.6887 (3.59)          8.1105 (3.44)          7.0238 (3.52)      0.1964 (inf)           6.9968 (3.54)       0.2006 (inf)          27;3  142.3721 (0.28)        138           1
test_hamiltonians[ham_ham_parity-4-linear]                                                                           6.7229 (3.61)          7.4590 (3.16)          7.0052 (3.51)      0.1323 (inf)           6.9982 (3.54)       0.1573 (inf)          42;3  142.7504 (0.29)        138           1
test_hamiltonians[ham_mu_y_prime_enc_stdbinary_dvalues_16-16-16-16-8-8-8-square]                                     6.8057 (3.65)          7.7299 (3.28)          7.1856 (3.60)      0.1607 (inf)           7.1621 (3.62)       0.1962 (inf)          33;2  139.1674 (0.28)        130           1
test_hamiltonians[ham_mu_x_prime_enc_unary_dvalues_4-4-4-square]                                                     6.8151 (3.66)          8.0225 (3.40)          7.2645 (3.64)      0.1742 (inf)           7.2459 (3.66)       0.2208 (inf)          43;3  137.6564 (0.27)        149           1
test_hamiltonians[ham_graph-1D-grid-pbc-qubitnodes_Lx-26_h-6-linear]                                                 6.9394 (3.73)          8.0672 (3.42)          7.5187 (3.77)      0.1858 (inf)           7.5032 (3.79)       0.2167 (inf)          37;4  133.0023 (0.27)        126           1
test_hamiltonians[ham_mu_x_prime_enc_unary_dvalues_4-4-4-heavy-hex]                                                  6.9649 (3.74)          7.7959 (3.31)          7.3367 (3.67)      0.1756 (inf)           7.3208 (3.70)       0.2605 (inf)          56;0  136.3003 (0.27)        139           1
test_hamiltonians[ham_mu_y_prime_enc_stdbinary_dvalues_16-16-16-16-8-8-8-linear]                                     6.9903 (3.75)          8.2087 (3.48)          7.4438 (3.73)      0.1714 (inf)           7.4152 (3.75)       0.2108 (inf)          34;4  134.3406 (0.27)        133           1
test_hamiltonians[ham_ham_parity-4-heavy-hex]                                                                        7.0579 (3.79)          8.1733 (3.47)          7.4673 (3.74)      0.2281 (inf)           7.4530 (3.77)       0.2951 (inf)          40;3  133.9168 (0.27)        129           1
test_hamiltonians[ham_graph-1D-grid-pbc-qubitnodes_Lx-16_h-2-square]                                                 7.1528 (3.84)          9.9613 (4.23)          7.5357 (3.77)      0.2812 (inf)           7.5061 (3.79)       0.1933 (inf)          16;6  132.7019 (0.26)        130           1
test_hamiltonians[ham_mu_y_prime_enc_unary_dvalues_16-16-16-16-16-16-linear]                                         7.1710 (3.85)          9.3958 (3.99)          7.5300 (3.77)      0.2917 (inf)           7.4365 (3.76)       0.3010 (inf)          21;6  132.8017 (0.27)        139           1
test_hamiltonians[ham_tsp_rand-002_Ncity-4_enc-stdbinary-heavy-hex]                                                  7.2400 (3.89)          8.1549 (3.46)          7.5744 (3.79)      0.2104 (inf)           7.5242 (3.80)       0.2404 (inf)          37;6  132.0229 (0.26)        126           1
test_hamiltonians[ham_mu_y_prime_enc_stdbinary_dvalues_4-4-4-4-4-4-4-4-4-4-4-4-4-4-4-4-4-4-square]                   7.2811 (3.91)          9.0043 (3.82)          7.8188 (3.92)      0.2786 (inf)           7.8062 (3.95)       0.3721 (inf)          36;2  127.8975 (0.26)        117           1
test_hamiltonians[ham_gnp-k_4_n-6_rinst-15-square]                                                                   7.3195 (3.93)          8.6474 (3.67)          7.9440 (3.98)      0.2201 (inf)           7.9261 (4.01)       0.2452 (inf)          34;3  125.8805 (0.25)        119           1
test_hamiltonians[ham_7-uf20-0384.cnf-8-res-all-to-all]                                                              7.3867 (3.97)          8.0536 (3.42)          7.6688 (3.84)      0.1335 (inf)           7.6742 (3.88)       0.1793 (inf)          45;2  130.3979 (0.26)        134           1
test_hamiltonians[ham_mu_z_prime_enc_unary_dvalues_16-16-16-16-16-16-16-square]                                      7.4700 (4.01)         10.8898 (4.62)          8.0206 (4.02)      0.3379 (inf)           7.9794 (4.03)       0.2953 (inf)          14;2  124.6795 (0.25)        118           1
test_hamiltonians[ham_mu_x_prime_enc_stdbinary_dvalues_8-8-8-8-8-8-8-8-8-4-4-4-4-4-4-square]                         7.4776 (4.02)         12.2714 (5.21)          7.9033 (3.96)      0.4617 (inf)           7.8528 (3.97)       0.2865 (inf)           3;2  126.5286 (0.25)        112           1
test_hamiltonians[ham_gnp-k_4_n-6_rinst-15-linear]                                                                   7.6492 (4.11)          8.8583 (3.76)          8.0896 (4.05)      0.1825 (inf)           8.0925 (4.09)       0.2309 (inf)          31;1  123.6160 (0.25)        113           1
test_hamiltonians[ham_tsp_rand-002_Ncity-4_enc-stdbinary-square]                                                     7.7487 (4.16)          8.7244 (3.70)          8.1542 (4.08)      0.2025 (inf)           8.1400 (4.11)       0.3222 (inf)          49;0  122.6363 (0.24)        124           1
test_hamiltonians[ham_mu_x_prime_enc_unary_dvalues_4-4-4-all-to-all]                                                 7.8985 (4.24)          9.1486 (3.88)          8.2382 (4.13)      0.1611 (inf)           8.2455 (4.17)       0.1783 (inf)          35;1  121.3865 (0.24)        127           1
test_hamiltonians[ham_tsp_rand-002_Ncity-4_enc-stdbinary-linear]                                                     7.8995 (4.24)          9.2571 (3.93)          8.3379 (4.18)      0.2170 (inf)           8.2989 (4.19)       0.2506 (inf)          32;3  119.9341 (0.24)        115           1
test_hamiltonians[ham_mu_x_prime_enc_stdbinary_dvalues_8-8-8-8-8-8-8-8-8-4-4-4-4-4-4-linear]                         7.9494 (4.27)          9.9142 (4.21)          8.4584 (4.24)      0.2534 (inf)           8.4439 (4.27)       0.2967 (inf)          22;1  118.2258 (0.24)        106           1
test_hamiltonians[ham_graph-1D-grid-pbc-qubitnodes_Lx-16_h-2-all-to-all]                                             8.5069 (4.57)          9.5316 (4.04)          8.8194 (4.42)      0.1985 (inf)           8.7922 (4.44)       0.2512 (inf)          29;4  113.3859 (0.23)        112           1
test_hamiltonians[ham_enc_stdbinary_dvalues_d-level-4-linear]                                                        8.6505 (4.65)          9.4073 (3.99)          9.0282 (4.52)      0.1346 (inf)           9.0267 (4.56)       0.1670 (inf)          29;3  110.7635 (0.22)        107           1
test_hamiltonians[ham_enc_gray_dvalues_d-level-16-all-to-all]                                                        8.8358 (4.74)         10.0792 (4.28)          9.2570 (4.64)      0.2184 (inf)           9.2193 (4.66)       0.2858 (inf)          27;1  108.0269 (0.22)        104           1
test_hamiltonians[ham_enc_stdbinary_dvalues_d-level-4-all-to-all]                                                    8.9697 (4.82)         10.6406 (4.51)          9.3647 (4.69)      0.2535 (inf)           9.3112 (4.71)       0.1231 (inf)           6;8  106.7845 (0.21)         62           1
test_hamiltonians[ham_ham_JW-6-all-to-all]                                                                           9.0019 (4.83)         10.1356 (4.30)          9.3546 (4.69)      0.1944 (inf)           9.3055 (4.70)       0.2447 (inf)          25;1  106.8998 (0.21)        102           1
test_hamiltonians[ham_enc_stdbinary_dvalues_d-level-4-square]                                                        9.1438 (4.91)          9.7182 (4.12)          9.4203 (4.72)      0.1155 (inf)           9.4192 (4.76)       0.1302 (inf)          27;6  106.1532 (0.21)        101           1
test_hamiltonians[ham_mu_y_prime_enc_unary_dvalues_16-16-16-16-16-16-square]                                         9.3642 (5.03)         11.5126 (4.88)          9.9353 (4.98)      0.3484 (inf)           9.8462 (4.98)       0.3550 (inf)          28;5  100.6508 (0.20)        104           1
test_hamiltonians[ham_mu_z_prime_enc_unary_dvalues_16-16-16-16-16-16-16-all-to-all]                                  9.4037 (5.05)         13.8127 (5.86)          9.9843 (5.00)      0.4471 (inf)           9.9383 (5.02)       0.2384 (inf)           6;6  100.1568 (0.20)        106           1
test_hamiltonians[ham_graph-1D-grid-pbc-qubitnodes_Lx-26_h-6-square]                                                 9.6186 (5.17)         10.6918 (4.54)         10.1062 (5.06)      0.2206 (inf)          10.0707 (5.09)       0.3235 (inf)          31;0   98.9488 (0.20)        100           1
test_hamiltonians[ham_enc_stdbinary_dvalues_d-level-4-heavy-hex]                                                     9.7224 (5.22)         10.5616 (4.48)         10.0512 (5.03)      0.1489 (inf)          10.0221 (5.07)       0.1809 (inf)          27;2   99.4903 (0.20)         95           1
test_hamiltonians[ham_graph-1D-grid-pbc-qubitnodes_Lx-26_h-6-heavy-hex]                                              9.9043 (5.32)         11.1030 (4.71)         10.4487 (5.23)      0.2613 (inf)          10.4384 (5.28)       0.3483 (inf)          30;0   95.7054 (0.19)         95           1
test_hamiltonians[ham_ham_JW-6-linear]                                                                               9.9053 (5.32)         10.9405 (4.64)         10.2509 (5.13)      0.2013 (inf)          10.2023 (5.16)       0.2447 (inf)          24;3   97.5520 (0.19)         93           1
test_hamiltonians[ham_mu_y_prime_enc_unary_dvalues_16-16-16-16-16-16-heavy-hex]                                     10.0650 (5.41)         11.5145 (4.88)         10.5713 (5.29)      0.2956 (inf)          10.5060 (5.31)       0.4283 (inf)          25;1   94.5958 (0.19)         95           1
test_hamiltonians[ham_complbipart-n-10_a-5_b-5-square]                                                              10.0933 (5.42)         12.8911 (5.47)         10.5634 (5.29)      0.3259 (inf)          10.5421 (5.33)       0.3182 (inf)          14;1   94.6669 (0.19)         94           1
test_hamiltonians[ham_mu_y_prime_enc_stdbinary_dvalues_4-4-4-4-4-4-4-4-4-4-4-4-4-4-4-4-4-4-heavy-hex]               10.2159 (5.49)         12.1996 (5.17)         10.7775 (5.40)      0.3848 (inf)          10.6762 (5.40)       0.5151 (inf)          31;2   92.7857 (0.19)         96           1
test_hamiltonians[ham_tsp_rand-002_Ncity-4_enc-stdbinary-all-to-all]                                                10.4241 (5.60)         11.4420 (4.85)         10.8262 (5.42)      0.2111 (inf)          10.8196 (5.47)       0.3032 (inf)          33;1   92.3684 (0.18)         92           1
test_hamiltonians[ham_enc_gray_dvalues_d-level-16-square]                                                           10.4296 (5.60)         11.5425 (4.90)         10.8129 (5.42)      0.1845 (inf)          10.8096 (5.46)       0.1973 (inf)          25;3   92.4824 (0.18)         87           1
test_hamiltonians[ham_complbipart-n-10_a-5_b-5-linear]                                                              10.4320 (5.60)         12.4212 (5.27)         10.9094 (5.46)      0.2916 (inf)          10.8768 (5.50)       0.3030 (inf)          20;4   91.6639 (0.18)         91           1
test_hamiltonians[ham_complbipart-n-10_a-5_b-5-heavy-hex]                                                           10.5350 (5.66)         12.7621 (5.41)         11.1272 (5.57)      0.3209 (inf)          11.0758 (5.60)       0.2801 (inf)          12;4   89.8698 (0.18)         84           1
test_hamiltonians[ham_enc_gray_dvalues_d-level-16-linear]                                                           10.8015 (5.80)         11.8815 (5.04)         11.2007 (5.61)      0.2081 (inf)          11.1555 (5.64)       0.2444 (inf)          19;4   89.2805 (0.18)         86           1
test_hamiltonians[ham_ham_JW-6-square]                                                                              10.8423 (5.82)         12.2883 (5.21)         11.3369 (5.68)      0.2640 (inf)          11.3117 (5.72)       0.3558 (inf)          25;2   88.2076 (0.18)         85           1
test_hamiltonians[ham_complbipart-n-10_a-5_b-5-all-to-all]                                                          10.9632 (5.89)         15.4885 (6.57)         11.6479 (5.83)      0.4930 (inf)          11.5729 (5.85)       0.2713 (inf)           4;4   85.8525 (0.17)         80           1
test_hamiltonians[ham_mu_x_prime_enc_unary_dvalues_16-16-16-16-16-16-16-16-16-16-16-16-16-16-16-linear]             11.1969 (6.01)         15.5251 (6.59)         11.6477 (5.83)      0.5125 (inf)          11.5817 (5.85)       0.2621 (inf)           5;6   85.8541 (0.17)         87           1
test_hamiltonians[ham_enc_gray_dvalues_d-level-16-heavy-hex]                                                        11.2779 (6.06)         12.5618 (5.33)         11.7106 (5.87)      0.2743 (inf)          11.6447 (5.89)       0.3752 (inf)          21;2   85.3928 (0.17)         81           1
test_hamiltonians[ham_mu_x_prime_enc_stdbinary_dvalues_8-8-8-8-8-8-8-8-8-4-4-4-4-4-4-all-to-all]                    11.4685 (6.16)         15.5848 (6.61)         11.9851 (6.00)      0.4475 (inf)          11.9469 (6.04)       0.3043 (inf)           4;2   83.4367 (0.17)         89           1
test_hamiltonians[ham_ham_JW-6-heavy-hex]                                                                           11.7968 (6.34)         12.8789 (5.46)         12.3269 (6.17)      0.2267 (inf)          12.2956 (6.21)       0.2721 (inf)          22;1   81.1233 (0.16)         80           1
test_hamiltonians[ham_graph-1D-grid-pbc-qubitnodes_Lx-26_h-6-all-to-all]                                            12.2338 (6.57)         14.0466 (5.96)         12.7092 (6.37)      0.2927 (inf)          12.6533 (6.39)       0.4171 (inf)          25;1   78.6834 (0.16)         82           1
test_hamiltonians[ham_mu_y_prime_enc_stdbinary_dvalues_4-4-4-4-4-4-4-4-4-4-4-4-4-4-4-4-4-4-all-to-all]              12.6781 (6.81)         15.1502 (6.43)         13.4179 (6.72)      0.3706 (inf)          13.4425 (6.79)       0.4456 (inf)          18;1   74.5273 (0.15)         69           1
test_hamiltonians[ham_mu_x_prime_enc_stdbinary_dvalues_8-8-8-8-8-8-8-8-8-4-4-4-4-4-4-heavy-hex]                     13.4771 (7.24)         15.0393 (6.38)         14.0260 (7.02)      0.2417 (inf)          13.9683 (7.06)       0.2700 (inf)          13;3   71.2962 (0.14)         73           1
test_hamiltonians[ham_tsp_prob-ts225_Ncity-5_enc-unary-square]                                                      13.5795 (7.29)         15.2788 (6.48)         14.1103 (7.07)      0.3751 (inf)          14.0196 (7.09)       0.4487 (inf)          23;1   70.8700 (0.14)         70           1
test_hamiltonians[ham_mu_x_prime_enc_unary_dvalues_16-16-16-16-16-16-16-16-16-16-16-16-16-16-16-heavy-hex]          15.1389 (8.13)         18.6453 (7.91)         15.7751 (7.90)      0.5366 (inf)          15.6223 (7.90)       0.3259 (inf)           5;4   63.3911 (0.13)         62           1
test_hamiltonians[ham_tsp_prob-ts225_Ncity-5_enc-unary-linear]                                                      15.3681 (8.25)         16.6288 (7.05)         15.8850 (7.96)      0.2861 (inf)          15.8338 (8.00)       0.4005 (inf)          19;0   62.9524 (0.13)         64           1
test_hamiltonians[ham_mu_y_prime_enc_unary_dvalues_16-16-16-16-16-16-all-to-all]                                    15.4283 (8.29)         18.1418 (7.70)         15.9556 (7.99)      0.4245 (inf)          15.8780 (8.02)       0.3410 (inf)          10;3   62.6738 (0.13)         62           1
test_hamiltonians[ham_tsp_prob-ts225_Ncity-5_enc-unary-all-to-all]                                                  17.0308 (9.15)         19.6984 (8.36)         17.5629 (8.80)      0.4622 (inf)          17.4538 (8.82)       0.4920 (inf)           9;2   56.9381 (0.11)         53           1
test_hamiltonians[ham_tsp_prob-ts225_Ncity-5_enc-unary-heavy-hex]                                                   17.3903 (9.34)         18.9165 (8.02)         18.1795 (9.10)      0.2804 (inf)          18.1531 (9.17)       0.3042 (inf)          15;3   55.0069 (0.11)         55           1
test_hamiltonians[ham_gnp-k_5_n-24_rinst-04-square]                                                                 18.6079 (9.99)         20.5939 (8.74)         19.1119 (9.57)      0.4153 (inf)          18.9868 (9.60)       0.4828 (inf)          14;2   52.3234 (0.10)         52           1
test_hamiltonians[ham_gnp-k_5_n-24_rinst-04-linear]                                                                 20.5555 (11.04)        23.5347 (9.98)         21.2653 (10.65)     0.5581 (inf)          21.1102 (10.67)      0.5122 (inf)           8;2   47.0249 (0.09)         46           1
test_hamiltonians[ham_0-uuf100-0810.cnf-40-res-square]                                                              22.0340 (11.83)        26.3335 (11.17)        22.6884 (11.36)     0.6903 (inf)          22.5490 (11.40)      0.3380 (inf)           3;3   44.0754 (0.09)         45           1
test_hamiltonians[ham_gnp-k_5_n-24_rinst-04-heavy-hex]                                                              22.9198 (12.31)        25.7681 (10.93)        23.6715 (11.86)     0.4373 (inf)          23.6763 (11.97)      0.3956 (inf)           6;1   42.2450 (0.08)         41           1
test_hamiltonians[ham_gnp-k_5_n-24_rinst-04-all-to-all]                                                             23.0594 (12.38)        24.5038 (10.39)        23.7025 (11.87)     0.3811 (inf)          23.6811 (11.97)      0.6108 (inf)          15;0   42.1896 (0.08)         43           1
test_hamiltonians[ham_8-uuf100-0509.cnf-40-cc-heavy-hex]                                                            23.8074 (12.79)        25.5326 (10.83)        24.5145 (12.28)     0.4938 (inf)          24.4559 (12.36)      0.8331 (inf)          15;0   40.7921 (0.08)         41           1
test_hamiltonians[ham_8-uuf100-0509.cnf-40-cc-square]                                                               24.4103 (13.11)        25.9957 (11.03)        25.0017 (12.52)     0.3940 (inf)          24.9979 (12.63)      0.6263 (inf)          17;0   39.9972 (0.08)         39           1
test_hamiltonians[ham_0-uuf100-0810.cnf-40-res-heavy-hex]                                                           25.1064 (13.48)        31.5780 (13.39)        25.9127 (12.98)     1.0395 (inf)          25.7708 (13.02)      0.6057 (inf)           2;2   38.5911 (0.08)         39           1
test_hamiltonians[ham_0-uuf100-0810.cnf-40-res-all-to-all]                                                          25.9223 (13.92)        29.3445 (12.45)        26.5727 (13.31)     0.6361 (inf)          26.5045 (13.40)      0.6193 (inf)           7;1   37.6326 (0.08)         38           1
test_hamiltonians[ham_ham_JW-8-all-to-all]                                                                          26.2657 (14.11)        27.8857 (11.83)        27.1923 (13.62)     0.3986 (inf)          27.2365 (13.77)      0.6010 (inf)          14;0   36.7751 (0.07)         36           1
test_hamiltonians[ham_ham_JW-8-square]                                                                              26.6652 (14.32)        30.2609 (12.84)        27.6570 (13.85)     0.8126 (inf)          27.5590 (13.93)      0.7369 (inf)           8;3   36.1572 (0.07)         33           1
test_hamiltonians[ham_8-uuf100-0509.cnf-40-cc-all-to-all]                                                           26.7187 (14.35)        28.5549 (12.11)        27.4312 (13.74)     0.4099 (inf)          27.3599 (13.83)      0.4903 (inf)          10;1   36.4549 (0.07)         37           1
test_hamiltonians[ham_ham_JW-8-linear]                                                                              27.0406 (14.52)        29.8982 (12.68)        27.8328 (13.94)     0.5682 (inf)          27.7097 (14.00)      0.5602 (inf)          11;2   35.9289 (0.07)         37           1
test_hamiltonians[ham_graph-2D-grid-nonpbc-qubitnodes_Lx-5_Ly-15_h-3-linear]                                        27.7477 (14.90)        71.6426 (30.39)        29.6122 (14.83)     7.3526 (inf)          28.1999 (14.25)      0.4434 (inf)           1;2   33.7699 (0.07)         35           1
test_hamiltonians[ham_ham_JW-8-heavy-hex]                                                                           27.8135 (14.94)        31.4776 (13.35)        28.9036 (14.48)     0.6942 (inf)          28.8456 (14.58)      0.7009 (inf)           5;2   34.5977 (0.07)         36           1
test_hamiltonians[ham_tsp_prob-lin105_Ncity-7_enc-unary-square]                                                     28.5347 (15.32)        31.5260 (13.37)        29.5869 (14.82)     0.6527 (inf)          29.3988 (14.86)      0.8538 (inf)           9;1   33.7987 (0.07)         33           1
test_hamiltonians[ham_2-uf100-0396.cnf-46-res-square]                                                               28.8760 (15.51)        31.5640 (13.39)        29.9364 (14.99)     0.5960 (inf)          29.8904 (15.11)      0.6648 (inf)          10;2   33.4041 (0.07)         33           1
test_hamiltonians[ham_2-uf100-0396.cnf-46-res-all-to-all]                                                           29.8713 (16.04)        33.2154 (14.09)        30.6168 (15.33)     0.5487 (inf)          30.5279 (15.43)      0.4017 (inf)           3;1   32.6618 (0.07)         32           1
test_hamiltonians[ham_mu_x_prime_enc_unary_dvalues_16-16-16-16-16-16-16-16-16-16-16-16-16-16-16-all-to-all]         30.3189 (16.28)        31.3705 (13.31)        30.8241 (15.44)     0.3572 (inf)          30.7788 (15.56)      0.6944 (inf)          13;0   32.4422 (0.06)         27           1
test_hamiltonians[ham_2-uf100-0601.cnf-46-res-square]                                                               31.1851 (16.75)        33.6827 (14.29)        31.9987 (16.03)     0.5528 (inf)          31.8892 (16.12)      0.6307 (inf)           7;1   31.2513 (0.06)         31           1
test_hamiltonians[ham_4-flat100-7.cnf-90-cc-heavy-hex]                                                              31.2387 (16.78)        37.9323 (16.09)        32.1131 (16.08)     1.3480 (inf)          31.8173 (16.08)      0.5610 (inf)           2;2   31.1399 (0.06)         31           1
test_hamiltonians[ham_0-uuf100-0810.cnf-40-res-linear]                                                              31.6678 (17.01)        33.7902 (14.33)        32.2861 (16.17)     0.4636 (inf)          32.2040 (16.28)      0.5802 (inf)           8;1   30.9731 (0.06)         30           1
test_hamiltonians[ham_tsp_prob-lin105_Ncity-7_enc-unary-heavy-hex]                                                  31.6752 (17.01)        74.3672 (31.54)        33.9208 (16.99)     7.5306 (inf)          32.4735 (16.41)      0.7713 (inf)           1;2   29.4804 (0.06)         31           1
test_hamiltonians[ham_tsp_prob-ulysses22_Ncity-8_enc-stdbinary-square]                                              32.6480 (17.53)        36.1400 (15.33)        33.7570 (16.91)     0.8938 (inf)          33.6420 (17.00)      0.8661 (inf)           8;2   29.6235 (0.06)         28           1
test_hamiltonians[ham_2-uf100-0396.cnf-46-res-heavy-hex]                                                            34.1516 (18.34)        35.4534 (15.04)        34.7622 (17.41)     0.3998 (inf)          34.6777 (17.53)      0.7023 (inf)           9;0   28.7669 (0.06)         26           1
test_hamiltonians[ham_2-uf100-0601.cnf-46-res-all-to-all]                                                           34.2114 (18.37)        35.5122 (15.06)        34.8725 (17.47)     0.3446 (inf)          34.8135 (17.59)      0.5606 (inf)          10;0   28.6759 (0.06)         29           1
test_hamiltonians[ham_tsp_prob-lin105_Ncity-7_enc-unary-all-to-all]                                                 34.2367 (18.39)        36.4192 (15.45)        34.9381 (17.50)     0.4612 (inf)          34.8666 (17.62)      0.5487 (inf)           5;1   28.6220 (0.06)         29           1
test_hamiltonians[ham_bh_graph-1D-grid-pbc-qubitnodes_Lx-14_U-10_enc-stdbinary_d-4-linear]                          34.8643 (18.72)        39.6643 (16.82)        36.2512 (18.16)     0.9235 (inf)          36.1529 (18.27)      1.1915 (inf)           5;1   27.5853 (0.06)         28           1
test_hamiltonians[ham_tsp_prob-ulysses22_Ncity-8_enc-stdbinary-all-to-all]                                          35.2117 (18.91)        37.1988 (15.78)        35.9343 (18.00)     0.4696 (inf)          35.9053 (18.15)      0.6021 (inf)           7;1   27.8285 (0.06)         28           1
test_hamiltonians[ham_2-uf100-0601.cnf-46-res-heavy-hex]                                                            35.2967 (18.96)        80.8311 (34.29)        37.6323 (18.85)     8.4813 (inf)          36.0147 (18.20)      0.7997 (inf)           1;1   26.5729 (0.05)         28           1
test_hamiltonians[ham_8-uuf100-0509.cnf-40-cc-linear]                                                               36.5398 (19.62)        39.0357 (16.56)        37.4829 (18.77)     0.6927 (inf)          37.4111 (18.91)      0.9843 (inf)           9;0   26.6788 (0.05)         28           1
test_hamiltonians[ham_tsp_prob-ulysses22_Ncity-8_enc-stdbinary-linear]                                              36.6105 (19.66)        39.9250 (16.93)        37.7130 (18.89)     0.6871 (inf)          37.6505 (19.03)      0.9858 (inf)           8;1   26.5161 (0.05)         27           1
test_hamiltonians[ham_4-flat100-7.cnf-90-cc-square]                                                                 37.8327 (20.32)        44.0779 (18.70)        39.0653 (19.57)     1.3874 (inf)          38.7130 (19.57)      0.6651 (inf)           2;2   25.5982 (0.05)         27           1
test_hamiltonians[ham_bh_graph-1D-grid-pbc-qubitnodes_Lx-14_U-10_enc-stdbinary_d-4-all-to-all]                      39.0474 (20.97)        40.6245 (17.23)        39.9499 (20.01)     0.3561 (inf)          39.9587 (20.19)      0.3762 (inf)           7;1   25.0314 (0.05)         25           1
test_hamiltonians[ham_graph-2D-grid-nonpbc-qubitnodes_Lx-5_Ly-15_h-3-all-to-all]                                    39.2313 (21.07)        41.5348 (17.62)        40.0339 (20.05)     0.4668 (inf)          40.0151 (20.22)      0.5473 (inf)           7;1   24.9788 (0.05)         25           1
test_hamiltonians[ham_tsp_prob-ulysses22_Ncity-8_enc-stdbinary-heavy-hex]                                           39.3528 (21.13)        42.6094 (18.07)        40.4464 (20.26)     0.6916 (inf)          40.5156 (20.48)      0.7349 (inf)           5;1   24.7241 (0.05)         25           1
test_hamiltonians[ham_tsp_prob-lin105_Ncity-7_enc-unary-linear]                                                     39.6645 (21.30)        42.0332 (17.83)        40.5673 (20.32)     0.6989 (inf)          40.2433 (20.34)      1.1568 (inf)           9;0   24.6504 (0.05)         25           1
test_hamiltonians[ham_bh_graph-1D-grid-pbc-qubitnodes_Lx-14_U-10_enc-stdbinary_d-4-square]                          40.0718 (21.52)        44.0916 (18.70)        41.1485 (20.61)     0.8301 (inf)          41.0764 (20.76)      0.8123 (inf)           5;1   24.3022 (0.05)         24           1
test_hamiltonians[ham_tsp_prob-d198_Ncity-8_enc-unary-square]                                                       40.5132 (21.76)        44.2087 (18.75)        41.6720 (20.87)     0.8176 (inf)          41.4952 (20.97)      0.9373 (inf)           5;1   23.9969 (0.05)         24           1
test_hamiltonians[ham_4-flat100-7.cnf-90-cc-linear]                                                                 40.9508 (21.99)        52.7331 (22.37)        42.4253 (21.25)     2.3280 (inf)          41.8136 (21.13)      1.1242 (inf)           1;1   23.5709 (0.05)         24           1
test_hamiltonians[ham_graph-2D-grid-nonpbc-qubitnodes_Lx-5_Ly-15_h-3-heavy-hex]                                     42.0297 (22.57)        44.6979 (18.96)        42.8361 (21.45)     0.6376 (inf)          42.6800 (21.57)      0.7146 (inf)           6;1   23.3448 (0.05)         24           1
test_hamiltonians[ham_fh-graph-1D-grid-pbc-qubitnodes_Lx-50_U-2_enc-jw-linear]                                      42.9650 (23.07)        49.5263 (21.01)        44.5041 (22.29)     1.4650 (inf)          44.0870 (22.28)      1.4399 (inf)           3;1   22.4698 (0.04)         23           1
test_hamiltonians[ham_graph-2D-grid-nonpbc-qubitnodes_Lx-5_Ly-15_h-3-square]                                        43.0960 (23.14)        46.3168 (19.65)        43.9745 (22.02)     0.7094 (inf)          43.8448 (22.16)      0.6031 (inf)           5;2   22.7404 (0.05)         23           1
test_hamiltonians[ham_ham_JW10-square]                                                                              44.0659 (23.66)        49.7236 (21.09)        45.5289 (22.80)     1.3490 (inf)          45.0422 (22.76)      1.6944 (inf)           5;1   21.9641 (0.04)         22           1
test_hamiltonians[ham_queen13_13,n-28,rinst-0-heavy-hex]                                                            44.3062 (23.79)        49.6812 (21.07)        45.7072 (22.89)     1.0970 (inf)          45.4463 (22.97)      1.0483 (inf)           3;1   21.8784 (0.04)         23           1
test_hamiltonians[ham_graph-2D-triag-pbc-qubitnodes_Lx-13_Ly-13_h-0.1-square]                                       44.3088 (23.79)        54.6115 (23.16)        46.3908 (23.23)     2.1138 (inf)          45.8343 (23.16)      1.5460 (inf)           1;1   21.5560 (0.04)         22           1
test_hamiltonians[ham_bh_graph-1D-grid-pbc-qubitnodes_Lx-14_U-10_enc-stdbinary_d-4-heavy-hex]                       44.4853 (23.89)        46.9543 (19.92)        45.8978 (22.99)     0.5692 (inf)          45.9392 (23.22)      0.6677 (inf)           6;1   21.7875 (0.04)         22           1
test_hamiltonians[ham_ham_JW-10-square]                                                                             44.7423 (24.03)        49.1935 (20.87)        46.2784 (23.18)     1.2414 (inf)          46.0488 (23.27)      1.7377 (inf)           6;0   21.6083 (0.04)         22           1
test_hamiltonians[ham_tsp_prob-d198_Ncity-8_enc-unary-all-to-all]                                                   45.1452 (24.24)        49.2464 (20.89)        46.0972 (23.09)     0.8905 (inf)          45.8112 (23.15)      0.7792 (inf)           3;1   21.6933 (0.04)         22           1
test_hamiltonians[ham_ham_JW-10-linear]                                                                             45.4029 (24.38)        50.8254 (21.56)        46.7992 (23.44)     1.2137 (inf)          46.9091 (23.71)      1.4348 (inf)           4;1   21.3679 (0.04)         21           1
test_hamiltonians[ham_4-flat100-7.cnf-90-cc-all-to-all]                                                             45.6030 (24.49)        47.5356 (20.16)        46.3860 (23.23)     0.5100 (inf)          46.2877 (23.39)      0.5805 (inf)           6;1   21.5582 (0.04)         21           1
test_hamiltonians[ham_ham_JW10-linear]                                                                              45.7436 (24.57)        50.7123 (21.51)        47.8232 (23.95)     1.1899 (inf)          47.7113 (24.11)      1.6727 (inf)           5;0   20.9104 (0.04)         20           1
test_hamiltonians[ham_graph-2D-triag-pbc-qubitnodes_Lx-13_Ly-13_h-0.1-heavy-hex]                                    46.3807 (24.91)        51.5572 (21.87)        47.4746 (23.78)     1.2649 (inf)          47.0679 (23.79)      1.1818 (inf)           2;2   21.0639 (0.04)         22           1
test_hamiltonians[ham_2-uf100-0396.cnf-46-res-linear]                                                               47.8628 (25.70)        53.4818 (22.69)        49.4638 (24.77)     1.2559 (inf)          49.0955 (24.81)      1.1721 (inf)           4;1   20.2168 (0.04)         20           1
test_hamiltonians[ham_fh-graph-1D-grid-pbc-qubitnodes_Lx-50_U-2_enc-jw-heavy-hex]                                   49.8494 (26.77)        53.4503 (22.67)        51.1449 (25.62)     1.0513 (inf)          50.8648 (25.71)      0.9122 (inf)           4;3   19.5523 (0.04)         20           1
test_hamiltonians[ham_ham_parity10-square]                                                                          50.7724 (27.27)        56.5255 (23.98)        52.9518 (26.52)     1.4936 (inf)          52.6685 (26.62)      1.5711 (inf)           7;1   18.8851 (0.04)         19           1
test_hamiltonians[ham_gnp-k_4_n-40_rinst-07-all-to-all]                                                             51.0314 (27.40)        53.6598 (22.76)        51.7843 (25.94)     0.6452 (inf)          51.6671 (26.11)      0.4741 (inf)           5;2   19.3109 (0.04)         20           1
test_hamiltonians[ham_ham_JW-10-all-to-all]                                                                         51.0428 (27.41)        55.0954 (23.37)        52.3237 (26.21)     0.9199 (inf)          52.2677 (26.42)      1.1810 (inf)           3;1   19.1118 (0.04)         20           1
test_hamiltonians[ham_ham_JW10-all-to-all]                                                                          51.3148 (27.56)        95.6744 (40.58)        55.0440 (27.57)     9.8730 (inf)          52.7810 (26.68)      1.5363 (inf)           1;1   18.1673 (0.04)         19           1
test_hamiltonians[ham_2-uf100-0601.cnf-46-res-linear]                                                               52.4046 (28.14)        56.8434 (24.11)        53.6738 (26.88)     0.9750 (inf)          53.4013 (26.99)      0.5164 (inf)           4;4   18.6311 (0.04)         19           1
test_hamiltonians[ham_tsp_prob-d198_Ncity-8_enc-unary-heavy-hex]                                                    52.6037 (28.25)        58.4348 (24.79)        54.3827 (27.24)     1.4032 (inf)          54.4235 (27.51)      1.3889 (inf)           5;1   18.3882 (0.04)         19           1
test_hamiltonians[ham_ham_parity10-linear]                                                                          53.8505 (28.92)        58.2165 (24.69)        55.5026 (27.80)     1.2921 (inf)          55.1970 (27.90)      1.9820 (inf)           7;0   18.0172 (0.04)         18           1
test_hamiltonians[ham_bh_graph-1D-grid-pbc-qubitnodes_Lx-24_U-20_enc-stdbinary_d-4-linear]                          54.7273 (29.39)        57.0396 (24.19)        55.8316 (27.96)     0.7609 (inf)          55.7130 (28.16)      1.1577 (inf)           7;0   17.9110 (0.04)         19           1
test_hamiltonians[ham_ham_parity10-all-to-all]                                                                      54.8139 (29.44)        63.8152 (27.07)        56.5622 (28.33)     1.9431 (inf)          56.1071 (28.36)      0.7825 (inf)           1;1   17.6796 (0.04)         18           1
test_hamiltonians[ham_graph-2D-grid-nonpbc-qubitnodes_Lx-19_Ly-19_h-5-square]                                       55.4897 (29.80)        61.1821 (25.95)        56.4968 (28.30)     1.3297 (inf)          55.9877 (28.30)      1.0176 (inf)           2;1   17.7001 (0.04)         18           1
test_hamiltonians[ham_dsjc1000.1,n-36,rinst-4-square]                                                               55.7761 (29.95)        61.3277 (26.01)        57.1577 (28.63)     1.2957 (inf)          56.8521 (28.73)      0.7400 (inf)           2;3   17.4955 (0.03)         17           1
test_hamiltonians[ham_graph-2D-triag-pbc-qubitnodes_Lx-13_Ly-13_h-0.1-all-to-all]                                   56.0869 (30.12)        63.3127 (26.86)        57.7532 (28.92)     1.5862 (inf)          57.2093 (28.91)      0.6937 (inf)           2;3   17.3151 (0.03)         17           1
test_hamiltonians[ham_bh_graph-1D-grid-pbc-qubitnodes_Lx-24_U-20_enc-stdbinary_d-4-square]                          57.5176 (30.89)        62.2935 (26.42)        59.0045 (29.55)     1.1091 (inf)          58.9422 (29.79)      1.1431 (inf)           3;1   16.9479 (0.03)         17           1
test_hamiltonians[ham_ham_JW-10-heavy-hex]                                                                          57.8105 (31.05)        61.3805 (26.04)        59.5150 (29.81)     1.0331 (inf)          59.5469 (30.09)      1.4877 (inf)           7;0   16.8025 (0.03)         17           1
test_hamiltonians[ham_ham_JW10-heavy-hex]                                                                           58.0509 (31.17)        65.2999 (27.70)        59.6765 (29.89)     1.7158 (inf)          59.0654 (29.85)      1.6139 (inf)           2;1   16.7570 (0.03)         18           1
test_hamiltonians[ham_bh_graph-2D-triag-nonpbc-qubitnodes_Lx-3_Ly-5_U-30_enc-gray_d-4-all-to-all]                   58.3307 (31.32)        64.5813 (27.39)        59.6554 (29.88)     1.4349 (inf)          59.2552 (29.95)      1.1889 (inf)           1;1   16.7630 (0.03)         17           1
test_hamiltonians[ham_ham_parity10-heavy-hex]                                                                       58.4353 (31.38)        64.4602 (27.34)        60.1222 (30.11)     1.3518 (inf)          59.9828 (30.31)      0.7738 (inf)           4;2   16.6328 (0.03)         17           1
test_hamiltonians[ham_bh_graph-1D-grid-pbc-qubitnodes_Lx-24_U-20_enc-stdbinary_d-4-heavy-hex]                       58.9953 (31.68)        62.0620 (26.32)        60.1465 (30.12)     0.6848 (inf)          60.0792 (30.36)      0.5494 (inf)           5;2   16.6261 (0.03)         17           1
test_hamiltonians[ham_fh-graph-1D-grid-nonpbc-qubitnodes_Lx-90_U-2_enc-jw-linear]                                   59.2088 (31.80)        64.5629 (27.39)        60.3333 (30.22)     1.2713 (inf)          59.9457 (30.30)      1.2334 (inf)           1;1   16.5746 (0.03)         18           1
test_hamiltonians[ham_dsjc1000.1,n-36,rinst-4-all-to-all]                                                           60.7281 (32.61)        64.3640 (27.30)        61.3272 (30.71)     0.8220 (inf)          61.1088 (30.88)      0.3653 (inf)           1;1   16.3060 (0.03)         17           1
test_hamiltonians[ham_bh_graph-1D-grid-pbc-qubitnodes_Lx-24_U-20_enc-stdbinary_d-4-all-to-all]                      61.1369 (32.83)        66.9490 (28.40)        62.7978 (31.45)     1.4380 (inf)          62.3122 (31.49)      1.0955 (inf)           4;1   15.9241 (0.03)         16           1
test_hamiltonians[ham_reg-4_n-90_rinst-07-heavy-hex]                                                                62.8589 (33.76)        67.4519 (28.61)        64.6580 (32.38)     1.3244 (inf)          64.6381 (32.67)      2.0708 (inf)           6;0   15.4660 (0.03)         16           1
test_hamiltonians[ham_gnp-k_4_n-40_rinst-07-square]                                                                 63.7482 (34.23)        68.7826 (29.18)        65.4799 (32.79)     1.4076 (inf)          65.0270 (32.86)      2.0739 (inf)           5;0   15.2719 (0.03)         15           1
test_hamiltonians[ham_bh_graph-2D-triag-nonpbc-qubitnodes_Lx-3_Ly-5_U-30_enc-gray_d-4-square]                       64.0547 (34.40)        69.1455 (29.33)        66.6306 (33.37)     1.3770 (inf)          66.5036 (33.61)      1.6115 (inf)           6;0   15.0081 (0.03)         16           1
test_hamiltonians[ham_tsp_prob-d198_Ncity-8_enc-unary-linear]                                                       64.2317 (34.49)        73.5630 (31.20)        65.6986 (32.90)     2.1528 (inf)          65.1699 (32.94)      0.7921 (inf)           1;1   15.2210 (0.03)         16           1
test_hamiltonians[ham_4-uf100-0246.cnf-70-res-all-to-all]                                                           66.0345 (35.46)        72.4549 (30.73)        67.4096 (33.76)     1.5944 (inf)          67.0387 (33.88)      1.6648 (inf)           1;1   14.8347 (0.03)         15           1
test_hamiltonians[ham_dsjc1000.1,n-36,rinst-4-heavy-hex]                                                            67.9325 (36.48)        71.6325 (30.38)        69.7448 (34.93)     1.1448 (inf)          69.9657 (35.36)      1.5705 (inf)           5;0   14.3380 (0.03)         15           1
test_hamiltonians[ham_fh-graph-1D-grid-nonpbc-qubitnodes_Lx-90_U-2_enc-jw-heavy-hex]                                68.8189 (36.96)        77.6815 (32.95)        71.0866 (35.60)     2.1177 (inf)          70.5963 (35.68)      1.2288 (inf)           3;1   14.0673 (0.03)         15           1
test_hamiltonians[ham_reg-4_n-90_rinst-07-all-to-all]                                                               68.8241 (36.96)        71.5655 (30.36)        69.6235 (34.87)     0.8686 (inf)          69.2657 (35.01)      0.8593 (inf)           3;2   14.3630 (0.03)         15           1
test_hamiltonians[ham_fh-graph-1D-grid-pbc-qubitnodes_Lx-50_U-2_enc-jw-all-to-all]                                  69.2691 (37.20)        73.9746 (31.38)        70.3314 (35.22)     1.2590 (inf)          70.0636 (35.41)      0.9185 (inf)           2;2   14.2184 (0.03)         14           1
test_hamiltonians[ham_fh-graph-1D-grid-pbc-qubitnodes_Lx-50_U-2_enc-jw-square]                                      70.3639 (37.79)        72.8804 (30.91)        71.4633 (35.79)     0.7144 (inf)          71.4524 (36.11)      0.7747 (inf)           5;0   13.9932 (0.03)         14           1
test_hamiltonians[ham_graph-2D-triag-pbc-qubitnodes_Lx-13_Ly-13_h-0.1-linear]                                       71.6066 (38.45)        85.9426 (36.45)        74.2857 (37.20)     3.4557 (inf)          73.3668 (37.08)      0.9770 (inf)           1;1   13.4615 (0.03)         14           1
test_hamiltonians[ham_enc_gray_dvalues_4-4-4-4-4-4-4-all-to-all]                                                    72.2707 (38.81)       117.8616 (49.99)        77.5679 (38.85)    11.9008 (inf)          73.9930 (37.40)      1.9594 (inf)           1;2   12.8919 (0.03)         14           1
test_hamiltonians[ham_gnp-k_4_n-40_rinst-07-heavy-hex]                                                              72.7450 (39.07)        81.5008 (34.57)        76.0488 (38.09)     2.2481 (inf)          75.4131 (38.11)      2.1291 (inf)           3;1   13.1494 (0.03)         13           1
test_hamiltonians[ham_bh_graph-2D-triag-nonpbc-qubitnodes_Lx-3_Ly-5_U-30_enc-gray_d-4-heavy-hex]                    73.1717 (39.29)        79.8141 (33.85)        75.7620 (37.94)     1.7760 (inf)          75.2022 (38.01)      1.8169 (inf)           3;1   13.1992 (0.03)         13           1
test_hamiltonians[ham_enc_gray_dvalues_4-4-4-4-4-4-4-square]                                                        73.3189 (39.37)        80.1236 (33.99)        75.1654 (37.65)     2.0697 (inf)          74.1075 (37.45)      2.2233 (inf)           2;1   13.3040 (0.03)         14           1
test_hamiltonians[ham_queen13_13,n-28,rinst-0-linear]                                                               73.7483 (39.60)        84.2553 (35.74)        76.9752 (38.55)     2.6978 (inf)          76.1322 (38.48)      2.8897 (inf)           3;1   12.9912 (0.03)         14           1
test_hamiltonians[ham_bh_graph-1D-grid-pbc-qubitnodes_Lx-4_U-40_enc-gray_d-8-all-to-all]                            73.8551 (39.66)        86.4543 (36.67)        75.8011 (37.96)     3.3681 (inf)          74.6550 (37.73)      0.8426 (inf)           1;2   13.1924 (0.03)         13           1
test_hamiltonians[ham_4-uf100-0246.cnf-70-res-square]                                                               74.3423 (39.92)        80.8397 (34.29)        76.0771 (38.10)     1.6098 (inf)          75.8513 (38.33)      0.9376 (inf)           2;1   13.1446 (0.03)         13           1
test_hamiltonians[ham_enc_gray_dvalues_4-4-4-4-4-4-4-heavy-hex]                                                     74.9143 (40.23)        81.8219 (34.71)        76.2023 (38.16)     1.7786 (inf)          75.9776 (38.40)      1.0706 (inf)           1;1   13.1230 (0.03)         13           1
test_hamiltonians[ham_tsp_prob-pr76_Ncity-10_enc-unary-square]                                                      77.2296 (41.47)        84.6164 (35.89)        79.3959 (39.76)     1.9761 (inf)          79.3328 (40.09)      2.2081 (inf)           3;1   12.5951 (0.03)         13           1
test_hamiltonians[ham_tsp_prob-st70_Ncity-10_enc-unary-square]                                                      78.2210 (42.01)        83.1509 (35.27)        79.6772 (39.91)     1.2949 (inf)          79.4719 (40.16)      0.9430 (inf)           3;1   12.5506 (0.03)         13           1
test_hamiltonians[ham_queen13_13,n-28,rinst-0-all-to-all]                                                           78.2826 (42.04)        81.2320 (34.46)        78.9976 (39.56)     0.7528 (inf)          78.8378 (39.84)      0.5184 (inf)           1;1   12.6586 (0.03)         13           1
test_hamiltonians[ham_ham_BK12-all-to-all]                                                                          78.2843 (42.04)        85.6256 (36.32)        80.8490 (40.49)     1.8224 (inf)          80.6822 (40.78)      0.8995 (inf)           4;4   12.3687 (0.02)         13           1
test_hamiltonians[ham_reg-5_n-10_rinst-07-all-to-all]                                                               78.5686 (42.19)        86.4871 (36.69)        80.4874 (40.31)     2.0366 (inf)          80.2493 (40.56)      1.3526 (inf)           1;1   12.4243 (0.02)         13           1
test_hamiltonians[ham_bh_graph-2D-triag-nonpbc-qubitnodes_Lx-3_Ly-5_U-30_enc-gray_d-4-linear]                       79.2461 (42.56)        85.6923 (36.35)        81.0482 (40.59)     1.6660 (inf)          80.7019 (40.79)      1.5973 (inf)           3;1   12.3383 (0.02)         13           1
test_hamiltonians[ham_queen13_13,n-28,rinst-0-square]                                                               80.3482 (43.15)        86.0141 (36.48)        82.9512 (41.54)     1.6525 (inf)          82.6575 (41.77)      1.5343 (inf)           3;2   12.0553 (0.02)         12           1
test_hamiltonians[ham_bh_graph-1D-grid-nonpbc-qubitnodes_Lx-12_U-40_enc-unary_d-4-linear]                           81.1021 (43.55)        86.1713 (36.55)        82.8030 (41.47)     1.4693 (inf)          82.6187 (41.76)      1.7743 (inf)           4;1   12.0769 (0.02)         13           1
test_hamiltonians[ham_bh_graph-3D-grid-nonpbc-qubitnodes_Lx-2_Ly-2_Lz-2_U-20_enc-unary_d-4-all-to-all]              82.0569 (44.07)        86.8484 (36.84)        83.9711 (42.06)     1.5333 (inf)          83.3968 (42.15)      1.5093 (inf)           4;1   11.9089 (0.02)         12           1
test_hamiltonians[ham_bh_graph-1D-grid-nonpbc-qubitnodes_Lx-12_U-40_enc-unary_d-4-all-to-all]                       82.2374 (44.16)        85.6379 (36.33)        83.3570 (41.75)     0.9773 (inf)          83.2013 (42.05)      1.1797 (inf)           3;1   11.9966 (0.02)         13           1
test_hamiltonians[ham_bh_graph-1D-grid-nonpbc-qubitnodes_Lx-12_U-40_enc-unary_d-4-square]                           83.4283 (44.80)        90.0446 (38.19)        85.7889 (42.97)     2.0435 (inf)          85.4307 (43.18)      2.4978 (inf)           4;0   11.6565 (0.02)         12           1
test_hamiltonians[ham_enc_gray_dvalues_4-4-4-4-4-4-4-linear]                                                        84.2120 (45.22)        90.3054 (38.30)        86.6730 (43.41)     1.6654 (inf)          86.3957 (43.66)      1.8463 (inf)           4;1   11.5376 (0.02)         12           1
test_hamiltonians[ham_bh_graph-1D-grid-nonpbc-qubitnodes_Lx-12_U-40_enc-unary_d-4-heavy-hex]                        86.3005 (46.35)        90.0471 (38.20)        87.4533 (43.80)     1.0616 (inf)          87.1096 (44.02)      0.7208 (inf)           3;2   11.4347 (0.02)         12           1
test_hamiltonians[ham_tsp_prob-pr76_Ncity-10_enc-unary-heavy-hex]                                                   86.8987 (46.67)       132.9862 (56.41)        92.5783 (46.37)    13.5520 (inf)          88.0724 (44.51)      3.3299 (inf)           1;1   10.8017 (0.02)         11           1
test_hamiltonians[ham_tsp_prob-st70_Ncity-10_enc-unary-heavy-hex]                                                   86.9825 (46.71)        91.0947 (38.64)        88.8230 (44.49)     1.4028 (inf)          88.5260 (44.74)      2.0867 (inf)           4;0   11.2584 (0.02)         12           1
test_hamiltonians[ham_dsjc1000.1,n-36,rinst-4-linear]                                                               87.2894 (46.88)        96.2275 (40.82)        89.5279 (44.84)     2.3886 (inf)          88.7567 (44.86)      1.5461 (inf)           1;1   11.1697 (0.02)         12           1
test_hamiltonians[ham_reg-5_n-10_rinst-07-square]                                                                   88.6795 (47.62)       132.6801 (56.28)        94.6329 (47.40)    12.6897 (inf)          90.3508 (45.66)      2.0555 (inf)           1;1   10.5672 (0.02)         11           1
test_hamiltonians[ham_bh_graph-3D-grid-nonpbc-qubitnodes_Lx-2_Ly-2_Lz-2_U-20_enc-unary_d-4-square]                  89.1505 (47.88)        99.0760 (42.03)        92.1420 (46.15)     3.2890 (inf)          91.2352 (46.11)      3.6491 (inf)           1;1   10.8528 (0.02)          8           1
test_hamiltonians[ham_bh_graph-1D-grid-pbc-qubitnodes_Lx-4_U-40_enc-gray_d-8-square]                                89.7901 (48.22)        95.3285 (40.44)        92.4466 (46.30)     1.8060 (inf)          92.6947 (46.85)      2.6609 (inf)           4;0   10.8171 (0.02)         11           1
test_hamiltonians[ham_tsp_prob-pr76_Ncity-10_enc-unary-all-to-all]                                                  89.9427 (48.30)        94.2472 (39.98)        90.9102 (45.53)     1.2565 (inf)          90.6740 (45.83)      1.3632 (inf)           1;1   10.9999 (0.02)         11           1
test_hamiltonians[ham_reg-4_n-90_rinst-07-square]                                                                   90.9555 (48.84)       133.4941 (56.62)        96.1618 (48.16)    12.4674 (inf)          92.3977 (46.70)      1.7649 (inf)           1;2   10.3991 (0.02)         11           1
test_hamiltonians[ham_tsp_prob-st70_Ncity-10_enc-unary-all-to-all]                                                  91.4905 (49.13)        94.4840 (40.08)        92.6343 (46.39)     0.8308 (inf)          92.5014 (46.75)      0.9960 (inf)           3;0   10.7951 (0.02)         11           1
test_hamiltonians[ham_bh_graph-1D-grid-pbc-qubitnodes_Lx-4_U-40_enc-gray_d-8-heavy-hex]                             92.5510 (49.70)        96.2649 (40.83)        94.0026 (47.08)     1.0713 (inf)          93.6921 (47.35)      1.3279 (inf)           3;0   10.6380 (0.02)         11           1
test_hamiltonians[ham_bh_graph-3D-grid-nonpbc-qubitnodes_Lx-2_Ly-2_Lz-2_U-20_enc-unary_d-4-heavy-hex]               92.9687 (49.93)        98.5754 (41.81)        95.6207 (47.89)     1.7106 (inf)          95.3280 (48.18)      1.2885 (inf)           3;2   10.4580 (0.02)         10           1
test_hamiltonians[ham_bh_graph-1D-grid-pbc-qubitnodes_Lx-4_U-40_enc-gray_d-8-linear]                                94.2000 (50.59)       101.1363 (42.90)        97.1928 (48.68)     2.2485 (inf)          96.7210 (48.88)      2.9680 (inf)           3;0   10.2888 (0.02)         11           1
test_hamiltonians[ham_reg-5_n-10_rinst-07-linear]                                                                   96.1208 (51.62)       104.3756 (44.27)        98.4542 (49.31)     2.3087 (inf)          97.8717 (49.46)      0.8344 (inf)           2;3   10.1570 (0.02)         10           1
test_hamiltonians[ham_reg-5_n-10_rinst-07-heavy-hex]                                                                96.6126 (51.88)       100.6724 (42.70)        98.6872 (49.43)     1.1782 (inf)          98.5715 (49.82)      1.6351 (inf)           3;0   10.1330 (0.02)         10           1
test_hamiltonians[ham_gnp-k_4_n-40_rinst-07-linear]                                                                100.9177 (54.19)       109.6436 (46.51)       104.3545 (52.26)     2.2552 (inf)         103.6912 (52.40)      1.6744 (inf)           2;2    9.5827 (0.02)         10           1
test_hamiltonians[ham_4-uf100-0246.cnf-70-res-heavy-hex]                                                           101.8563 (54.70)       111.2024 (47.17)       104.9625 (52.57)     2.6968 (inf)         104.8940 (53.01)      2.4443 (inf)           3;1    9.5272 (0.02)         10           1
test_hamiltonians[ham_reg-4_n-90_rinst-07-linear]                                                                  102.5045 (55.05)       108.0295 (45.82)       105.5401 (52.86)     1.7956 (inf)         105.8740 (53.51)      1.8957 (inf)           4;0    9.4751 (0.02)         10           1
test_hamiltonians[ham_gnp-k_5_n-60_rinst-19-all-to-all]                                                            102.5578 (55.08)       148.0560 (62.80)       108.5859 (54.38)    13.9603 (inf)         104.0382 (52.58)      1.6333 (inf)           1;2    9.2093 (0.02)         10           1
test_hamiltonians[ham_ham_parity-14-all-to-all]                                                                    103.2745 (55.46)       110.0759 (46.69)       105.3594 (52.77)     2.0574 (inf)         104.5756 (52.85)      2.3421 (inf)           2;1    9.4913 (0.02)         10           1
test_hamiltonians[ham_bh_graph-3D-grid-nonpbc-qubitnodes_Lx-2_Ly-2_Lz-2_U-20_enc-unary_d-4-linear]                 104.4823 (56.11)       111.5450 (47.31)       106.7382 (53.46)     2.0744 (inf)         106.3300 (53.74)      2.4477 (inf)           2;1    9.3687 (0.02)         10           1
test_hamiltonians[ham_graph-2D-triag-pbc-qubitnodes_Lx-19_Ly-19_h-0.5-heavy-hex]                                   109.8863 (59.01)       115.3508 (48.93)       113.0258 (56.61)     1.6250 (inf)         112.9766 (57.10)      1.5344 (inf)           3;1    8.8475 (0.02)          9           1
test_hamiltonians[ham_bh_graph-1D-grid-pbc-qubitnodes_Lx-46_U-2_enc-gray_d-4-linear]                               110.7863 (59.49)       120.8495 (51.26)       113.4970 (56.84)     3.4835 (inf)         112.1233 (56.67)      2.6536 (inf)           1;1    8.8108 (0.02)          7           1
test_hamiltonians[ham_ham_JW12-linear]                                                                             112.7265 (60.54)       168.2656 (71.37)       121.0912 (60.65)    17.7648 (inf)         115.4865 (58.37)      2.7952 (inf)           1;1    8.2582 (0.02)          9           1
test_hamiltonians[ham_ham_BK12-square]                                                                             114.5979 (61.54)       118.6378 (50.32)       116.3178 (58.26)     1.4689 (inf)         116.0185 (58.64)      2.2883 (inf)           4;0    8.5971 (0.02)          9           1
test_hamiltonians[ham_fh-graph-1D-grid-nonpbc-qubitnodes_Lx-90_U-2_enc-jw-square]                                  117.5610 (63.13)       127.0311 (53.88)       120.6170 (60.41)     2.9136 (inf)         119.8497 (60.57)      3.4675 (inf)           2;0    8.2907 (0.02)          9           1
test_hamiltonians[ham_bh_graph-1D-grid-pbc-qubitnodes_Lx-46_U-2_enc-gray_d-4-all-to-all]                           119.0865 (63.95)       122.8573 (52.11)       120.5065 (60.35)     1.4106 (inf)         119.8383 (60.57)      2.3090 (inf)           3;0    8.2983 (0.02)          8           1
test_hamiltonians[ham_bh_graph-1D-grid-pbc-qubitnodes_Lx-60_U-10_enc-stdbinary_d-4-linear]                         121.2216 (65.10)       128.4750 (54.50)       124.7472 (62.48)     2.0327 (inf)         124.3378 (62.84)      1.7206 (inf)           2;2    8.0162 (0.02)          9           1
test_hamiltonians[ham_graph-2D-triag-pbc-qubitnodes_Lx-19_Ly-19_h-0.5-square]                                      121.5093 (65.25)       125.7011 (53.32)       123.4616 (61.83)     1.5021 (inf)         122.7852 (62.05)      2.1395 (inf)           3;0    8.0997 (0.02)          9           1
test_hamiltonians[ham_will199gpia,n-60,rinst-8-square]                                                             123.3466 (66.24)       127.8097 (54.21)       125.4625 (62.84)     1.9586 (inf)         125.1361 (63.24)      3.6560 (inf)           3;0    7.9705 (0.02)          6           1
test_hamiltonians[ham_ham_parity12-all-to-all]                                                                     123.8502 (66.51)       132.8743 (56.36)       128.2976 (64.26)     3.3965 (inf)         128.1629 (64.77)      5.7245 (inf)           4;0    7.7944 (0.02)          8           1
test_hamiltonians[ham_bh_graph-1D-grid-pbc-qubitnodes_Lx-46_U-2_enc-gray_d-4-square]                               124.2119 (66.70)       129.9764 (55.13)       125.9618 (63.09)     2.4381 (inf)         124.8386 (63.09)      3.2805 (inf)           2;0    7.9389 (0.02)          8           1
test_hamiltonians[ham_ham_parity12-linear]                                                                         126.1012 (67.72)       134.6966 (57.13)       129.4693 (64.84)     2.8872 (inf)         129.4297 (65.41)      4.1821 (inf)           3;0    7.7238 (0.02)          8           1
test_hamiltonians[ham_ham_BK12-heavy-hex]                                                                          126.9967 (68.20)       134.4945 (57.05)       128.7799 (64.50)     2.5925 (inf)         127.7437 (64.56)      2.3489 (inf)           1;1    7.7652 (0.02)          8           1
test_hamiltonians[ham_ham_JW12-all-to-all]                                                                         128.3885 (68.95)       136.9753 (58.10)       131.2052 (65.71)     2.7258 (inf)         131.0691 (66.24)      2.7714 (inf)           2;1    7.6217 (0.02)          8           1
test_hamiltonians[ham_bh_graph-1D-grid-pbc-qubitnodes_Lx-46_U-2_enc-gray_d-4-heavy-hex]                            128.4136 (68.96)       132.4066 (56.16)       129.7226 (64.97)     1.2444 (inf)         129.5751 (65.49)      1.1756 (inf)           2;1    7.7088 (0.02)          8           1
test_hamiltonians[ham_graph-2D-grid-nonpbc-qubitnodes_Lx-5_Ly-58_h-2-heavy-hex]                                    130.0698 (69.85)       140.6718 (59.67)       133.7449 (66.98)     3.3618 (inf)         132.9894 (67.21)      3.6319 (inf)           2;1    7.4769 (0.01)          8           1
test_hamiltonians[ham_ham_BK12-linear]                                                                             131.2636 (70.49)       135.9354 (57.66)       133.3946 (66.81)     1.6827 (inf)         133.6684 (67.56)      2.7468 (inf)           3;0    7.4966 (0.01)          8           1
test_hamiltonians[ham_bh_graph-1D-grid-pbc-qubitnodes_Lx-60_U-10_enc-stdbinary_d-4-square]                         132.4942 (71.15)       179.5360 (76.15)       142.0842 (71.16)    15.3797 (inf)         137.9685 (69.73)      5.1974 (inf)           1;1    7.0381 (0.01)          8           1
test_hamiltonians[ham_tsp_prob-st70_Ncity-10_enc-unary-linear]                                                     136.0007 (73.04)       147.4638 (62.55)       140.1051 (70.17)     3.7432 (inf)         139.6655 (70.59)      3.6567 (inf)           2;1    7.1375 (0.01)          7           1
test_hamiltonians[ham_tsp_prob-pr76_Ncity-10_enc-unary-linear]                                                     138.2459 (74.24)       147.5599 (62.59)       140.5786 (70.41)     3.0114 (inf)         139.8753 (70.69)      2.3200 (inf)           1;1    7.1135 (0.01)          8           1
test_hamiltonians[ham_enc_unary_dvalues_4-4-4-all-to-all]                                                          143.4809 (77.05)       188.7001 (80.04)       153.8582 (77.06)    16.6630 (inf)         146.3222 (73.95)     14.0474 (inf)           1;1    6.4995 (0.01)          7           1
test_hamiltonians[ham_ham_JW12-square]                                                                             146.7838 (78.83)       155.0436 (65.76)       148.4846 (74.37)     2.9582 (inf)         147.1087 (74.35)      1.4035 (inf)           1;1    6.7347 (0.01)          7           1
test_hamiltonians[ham_will199gpia,n-60,rinst-8-all-to-all]                                                         147.5623 (79.24)       152.4422 (64.66)       149.1241 (74.69)     1.7676 (inf)         148.4935 (75.05)      2.2204 (inf)           1;0    6.7058 (0.01)          7           1
test_hamiltonians[ham_gnp-k_5_n-60_rinst-19-square]                                                                148.6892 (79.85)       161.6993 (68.59)       155.9264 (78.09)     4.4212 (inf)         156.3610 (79.02)      6.2202 (inf)           2;0    6.4133 (0.01)          7           1
test_hamiltonians[ham_ham_parity-14-square]                                                                        149.4345 (80.25)       156.6925 (66.46)       152.7610 (76.51)     2.3413 (inf)         152.8521 (77.25)      2.6850 (inf)           2;0    6.5462 (0.01)          7           1
test_hamiltonians[ham_bh_graph-1D-grid-pbc-qubitnodes_Lx-60_U-10_enc-stdbinary_d-4-heavy-hex]                      150.4399 (80.79)       194.7789 (82.62)       158.8243 (79.54)    15.9310 (inf)         153.9767 (77.82)      2.8344 (inf)           1;1    6.2963 (0.01)          7           1
test_hamiltonians[ham_ham_parity12-heavy-hex]                                                                      152.0586 (81.66)       161.3936 (68.46)       156.6135 (78.44)     3.4074 (inf)         157.4521 (79.58)      5.5455 (inf)           2;0    6.3851 (0.01)          7           1
test_hamiltonians[ham_graph-2D-grid-nonpbc-qubitnodes_Lx-5_Ly-58_h-2-linear]                                       152.6596 (81.98)       159.7154 (67.75)       157.2451 (78.75)     2.5171 (inf)         157.5983 (79.65)      3.4233 (inf)           1;0    6.3595 (0.01)          7           1
test_hamiltonians[ham_graph-2D-grid-pbc-qubitnodes_Lx-2_Ly-185_h-0.5-heavy-hex]                                    154.1424 (82.78)       163.7644 (69.46)       156.8711 (78.57)     3.2133 (inf)         156.6707 (79.18)      1.7559 (inf)           1;1    6.3747 (0.01)          7           1
test_hamiltonians[ham_ham_parity-14-linear]                                                                        155.3366 (83.42)       160.2693 (67.98)       156.9367 (78.60)     1.8351 (inf)         156.0361 (78.86)      2.5690 (inf)           1;0    6.3720 (0.01)          7           1
test_hamiltonians[ham_graph-2D-grid-pbc-qubitnodes_Lx-2_Ly-185_h-0.5-linear]                                       155.8592 (83.70)       208.2176 (88.32)       166.5422 (83.41)    18.5397 (inf)         160.5221 (81.13)      4.7197 (inf)           1;1    6.0045 (0.01)          7           1
test_hamiltonians[ham_ham_JW14-linear]                                                                             156.0554 (83.80)       165.4753 (70.19)       158.8887 (79.58)     3.0940 (inf)         157.9722 (79.84)      1.9577 (inf)           1;1    6.2937 (0.01)          7           1
test_hamiltonians[ham_ham_parity12-square]                                                                         158.3916 (85.06)       164.8746 (69.93)       161.5645 (80.92)     2.5919 (inf)         161.1389 (81.44)      4.8486 (inf)           3;0    6.1895 (0.01)          6           1
test_hamiltonians[ham_ham_JW14-all-to-all]                                                                         158.5690 (85.15)       165.6446 (70.26)       160.1985 (80.23)     2.4351 (inf)         159.4805 (80.60)      0.6256 (inf)           1;1    6.2423 (0.01)          7           1
test_hamiltonians[ham_will199gpia,n-60,rinst-8-heavy-hex]                                                          158.8238 (85.29)       164.3895 (69.73)       160.5027 (80.39)     2.0817 (inf)         159.6644 (80.69)      2.0172 (inf)           1;1    6.2304 (0.01)          6           1
test_hamiltonians[ham_gnp-k_5_n-90_rinst-02-all-to-all]                                                            164.8953 (88.55)       213.2874 (90.47)       174.7131 (87.50)    19.0725 (inf)         166.7495 (84.27)      6.4003 (inf)           1;1    5.7237 (0.01)          6           1
test_hamiltonians[ham_bh_graph-1D-grid-pbc-qubitnodes_Lx-60_U-10_enc-stdbinary_d-4-all-to-all]                     166.9009 (89.63)       175.8972 (74.61)       169.5407 (84.91)     3.3077 (inf)         169.1359 (85.48)      2.3556 (inf)           1;1    5.8983 (0.01)          6           1
test_hamiltonians[ham_graph-2D-triag-nonpbc-qubitnodes_Lx-3_Ly-160_h-0.1-heavy-hex]                                168.5894 (90.54)       172.8184 (73.30)       170.5759 (85.43)     1.6592 (inf)         170.9913 (86.42)      2.7415 (inf)           3;0    5.8625 (0.01)          6           1
test_hamiltonians[ham_graph-2D-triag-nonpbc-qubitnodes_Lx-3_Ly-160_h-0.1-square]                                   170.2361 (91.42)       174.8334 (74.16)       172.4388 (86.36)     1.9873 (inf)         172.0752 (86.97)      4.0099 (inf)           3;0    5.7992 (0.01)          6           1
test_hamiltonians[ham_ham_parity-14-heavy-hex]                                                                     172.1022 (92.42)       180.2699 (76.47)       175.8565 (88.08)     3.2049 (inf)         174.9392 (88.41)      5.5266 (inf)           3;0    5.6865 (0.01)          6           1
test_hamiltonians[ham_ham_BK-14-all-to-all]                                                                        172.1816 (92.46)       178.6263 (75.77)       175.1009 (87.70)     2.4291 (inf)         174.9727 (88.43)      3.2407 (inf)           2;0    5.7110 (0.01)          6           1
test_hamiltonians[ham_ham_JW12-heavy-hex]                                                                          172.4355 (92.60)       177.8635 (75.44)       174.3534 (87.32)     2.2451 (inf)         173.4907 (87.68)      3.8252 (inf)           1;0    5.7355 (0.01)          6           1
test_hamiltonians[ham_fh-graph-1D-grid-nonpbc-qubitnodes_Lx-90_U-2_enc-jw-all-to-all]                              177.4804 (95.31)       180.3722 (76.51)       179.0760 (89.69)     1.1468 (inf)         179.1315 (90.53)      1.9533 (inf)           2;0    5.5842 (0.01)          6           1
test_hamiltonians[ham_graph-2D-grid-nonpbc-qubitnodes_Lx-19_Ly-19_h-5-heavy-hex]                                   181.5861 (97.52)       188.7516 (80.06)       184.1270 (92.22)     2.7449 (inf)         183.6452 (92.81)      3.6772 (inf)           1;0    5.4310 (0.01)          6           1
test_hamiltonians[ham_4-uf100-0246.cnf-70-res-linear]                                                              181.6546 (97.55)       201.7904 (85.59)       188.7245 (94.52)     7.8129 (inf)         185.9602 (93.98)      8.4874 (inf)           1;0    5.2987 (0.01)          5           1
test_hamiltonians[ham_enc_unary_dvalues_4-4-4-square]                                                              184.8761 (99.28)       209.7704 (88.98)       191.1618 (95.74)     9.4363 (inf)         187.2592 (94.64)      5.7837 (inf)           1;1    5.2312 (0.01)          6           1
test_hamiltonians[ham_ham_JW14-square]                                                                             186.6413 (100.23)      192.1041 (81.48)       187.8855 (94.10)     2.0938 (inf)         187.1204 (94.57)      0.8103 (inf)           1;1    5.3224 (0.01)          6           1
test_hamiltonians[ham_bh_graph-2D-grid-nonpbc-qubitnodes_Lx-7_Ly-7_U-70_enc-gray_d-4-all-to-all]                   188.3996 (101.17)      238.0248 (100.96)      199.5866 (99.96)    18.9801 (inf)         193.2386 (97.66)      4.3050 (inf)           1;1    5.0104 (0.01)          6           1
test_hamiltonians[ham_ham_JW14-heavy-hex]                                                                          189.3660 (101.69)      197.2984 (83.69)       192.7410 (96.53)     2.8925 (inf)         191.8925 (96.98)      3.7341 (inf)           2;0    5.1883 (0.01)          6           1
test_hamiltonians[ham_gnp-k_5_n-60_rinst-19-heavy-hex]                                                             193.2843 (103.80)      234.9805 (99.67)       205.3191 (102.83)   16.9451 (inf)         198.1966 (100.17)    14.9254 (inf)           1;1    4.8705 (0.01)          5           1
test_hamiltonians[ham_bh_graph-2D-grid-nonpbc-qubitnodes_Lx-7_Ly-7_U-70_enc-gray_d-4-square]                       194.4566 (104.43)      236.9562 (100.51)      205.3891 (102.87)   18.0480 (inf)         195.9347 (99.02)     16.9035 (inf)           1;0    4.8688 (0.01)          5           1
test_hamiltonians[ham_tsp_prob-fl417_Ncity-16_enc-stdbinary-all-to-all]                                            202.0794 (108.52)      265.2811 (112.52)      215.9332 (108.15)   27.6423 (inf)         203.2486 (102.72)    18.8390 (inf)           1;1    4.6311 (0.01)          5           1
test_hamiltonians[ham_graph-2D-triag-pbc-qubitnodes_Lx-19_Ly-19_h-0.5-all-to-all]                                  205.3450 (110.27)      209.7924 (88.99)       207.7382 (104.04)    2.1021 (inf)         208.4047 (105.33)     3.9637 (inf)           1;0    4.8138 (0.01)          5           1
test_hamiltonians[ham_enc_unary_dvalues_4-4-4-heavy-hex]                                                           207.7254 (111.55)      252.2200 (106.98)      220.3291 (110.35)   18.8182 (inf)         209.5851 (105.92)    21.1127 (inf)           1;0    4.5387 (0.01)          5           1
test_hamiltonians[ham_tsp_prob-kroD100_Ncity-16_enc-stdbinary-all-to-all]                                          209.5610 (112.54)      253.0353 (107.33)      220.0966 (110.23)   18.5545 (inf)         212.8238 (107.56)    14.8036 (inf)           1;1    4.5435 (0.01)          5           1
test_hamiltonians[ham_ham_JW-14-all-to-all]                                                                        214.0489 (114.95)      220.6521 (93.59)       218.3575 (109.36)    2.7207 (inf)         219.1910 (110.78)     3.8726 (inf)           1;0    4.5796 (0.01)          5           1
test_hamiltonians[ham_graph-2D-triag-pbc-qubitnodes_Lx-19_Ly-19_h-0.5-linear]                                      216.2560 (116.13)      221.8899 (94.12)       218.9204 (109.64)    2.4253 (inf)         218.5717 (110.46)     4.3112 (inf)           2;0    4.5679 (0.01)          5           1
test_hamiltonians[ham_will199gpia,n-60,rinst-8-linear]                                                             219.1826 (117.71)      232.5208 (98.63)       224.6777 (112.53)    6.2614 (inf)         221.5874 (111.99)    11.2209 (inf)           1;0    4.4508 (0.01)          5           1
test_hamiltonians[ham_bh_graph-2D-grid-nonpbc-qubitnodes_Lx-7_Ly-7_U-70_enc-gray_d-4-heavy-hex]                    221.8700 (119.15)      241.5926 (102.48)      228.7117 (114.55)    7.5113 (inf)         226.5254 (114.48)     5.8502 (inf)           1;1    4.3723 (0.01)          5           1
test_hamiltonians[ham_mu_x_prime_enc_unary_dvalues_16-16-16-16-16-16-16-16-16-16-16-16-16-16-16-square]            223.7981 (120.18)      240.6183 (102.06)      231.3633 (115.88)    6.8891 (inf)         231.9610 (117.23)    11.2390 (inf)           2;0    4.3222 (0.01)          5           1
test_hamiltonians[ham_enc_unary_dvalues_4-4-4-linear]                                                              227.2395 (122.03)      247.8815 (105.14)      238.0325 (119.22)    8.6703 (inf)         238.3320 (120.45)    15.0483 (inf)           2;0    4.2011 (0.01)          5           1
test_hamiltonians[ham_graph-2D-grid-nonpbc-qubitnodes_Lx-5_Ly-58_h-2-square]                                       231.2213 (124.17)      238.6004 (101.21)      233.3564 (116.87)    3.5164 (inf)         231.8020 (117.15)     4.0097 (inf)           1;0    4.2853 (0.01)          4           1
test_hamiltonians[ham_fh-graph-1D-grid-pbc-qubitnodes_Lx-160_U-12_enc-parity-heavy-hex]                            238.4838 (128.07)      250.4181 (106.22)      244.0706 (122.24)    5.1904 (inf)         243.6903 (123.16)     8.0920 (inf)           2;0    4.0972 (0.01)          4           1
test_hamiltonians[ham_bh_graph-2D-triag-pbc-qubitnodes_Lx-5_Ly-5_U-30_enc-unary_d-4-all-to-all]                    239.7976 (128.78)      260.3621 (110.44)      247.7192 (124.07)    9.6475 (inf)         245.3585 (124.00)    15.0511 (inf)           1;0    4.0368 (0.01)          4           1
test_hamiltonians[ham_gnp-k_5_n-60_rinst-19-linear]                                                                253.0723 (135.90)      280.6544 (119.05)      263.7600 (132.10)   11.8709 (inf)         260.6566 (131.73)    15.1781 (inf)           1;0    3.7913 (0.01)          4           1
test_hamiltonians[ham_gnp-k_5_n-90_rinst-02-square]                                                                256.1883 (137.58)      269.3053 (114.23)      260.8265 (130.63)    5.8130 (inf)         258.9061 (130.85)     7.1039 (inf)           1;0    3.8340 (0.01)          4           1
test_hamiltonians[ham_bh_graph-2D-grid-nonpbc-qubitnodes_Lx-7_Ly-7_U-70_enc-gray_d-4-linear]                       261.9696 (140.68)      272.4214 (115.55)      266.9342 (133.69)    4.3751 (inf)         266.6729 (134.78)     6.3512 (inf)           2;0    3.7462 (0.01)          4           1
test_hamiltonians[ham_graph-2D-grid-nonpbc-qubitnodes_Lx-4_Ly-133_h-0.1-heavy-hex]                                 267.5193 (143.66)      314.8134 (133.53)      283.3931 (141.93)   21.3520 (inf)         275.6200 (139.30)    25.6049 (inf)           1;0    3.5287 (0.01)          4           1
test_hamiltonians[ham_tsp_prob-fl417_Ncity-16_enc-stdbinary-square]                                                268.2034 (144.03)      322.7827 (136.91)      290.5713 (145.53)   23.2341 (inf)         285.6496 (144.37)    31.3596 (inf)           1;0    3.4415 (0.01)          4           1
test_hamiltonians[ham_ham_BK-14-square]                                                                            269.8972 (144.94)      323.5093 (137.22)      286.1505 (143.31)   25.1467 (inf)         275.5978 (139.29)    29.4993 (inf)           1;0    3.4947 (0.01)          4           1
test_hamiltonians[ham_ham_JW-14-linear]                                                                            279.7702 (150.24)      292.2613 (123.97)      285.7748 (143.13)    5.6174 (inf)         285.5338 (144.31)     9.1109 (inf)           2;0    3.4993 (0.01)          4           1
test_hamiltonians[ham_bh_graph-2D-triag-pbc-qubitnodes_Lx-10_Ly-10_U-30_enc-stdbinary_d-4-all-to-all]              281.4484 (151.14)      337.1305 (143.00)      296.4141 (148.45)   27.1672 (inf)         283.5387 (143.30)    28.4774 (inf)           1;0    3.3737 (0.01)          4           1
test_hamiltonians[ham_ham_BK-14-heavy-hex]                                                                         283.0145 (151.98)      297.3014 (126.11)      291.8598 (146.17)    6.6807 (inf)         293.5616 (148.36)    10.3257 (inf)           1;0    3.4263 (0.01)          4           1
test_hamiltonians[ham_tsp_prob-kroD100_Ncity-16_enc-stdbinary-square]                                              293.9921 (157.88)      295.1463 (125.19)      294.3826 (147.44)    0.6615 (inf)         294.0093 (148.59)     0.8657 (inf)           1;0    3.3969 (0.01)          3           1
test_hamiltonians[ham_graph-2D-triag-nonpbc-qubitnodes_Lx-3_Ly-160_h-0.1-linear]                                   296.0901 (159.01)      314.8477 (133.55)      302.1184 (151.31)    8.5800 (inf)         298.7678 (151.00)     9.4789 (inf)           1;0    3.3100 (0.01)          4           1
test_hamiltonians[ham_graph-2D-grid-pbc-qubitnodes_Lx-2_Ly-185_h-0.5-square]                                       298.4610 (160.28)      304.5877 (129.20)      301.2787 (150.89)    2.5236 (inf)         301.0330 (152.14)     3.2816 (inf)           2;0    3.3192 (0.01)          4           1
test_hamiltonians[ham_ash608gpia,n-160,rinst-1-square]                                                             306.8113 (164.76)      313.4964 (132.98)      310.3123 (155.42)    3.4248 (inf)         310.4708 (156.91)     5.8667 (inf)           1;0    3.2226 (0.01)          4           1
test_hamiltonians[ham_tsp_prob-fl417_Ncity-16_enc-stdbinary-linear]                                                309.1187 (166.00)      376.2699 (159.60)      331.0568 (165.81)   30.7866 (inf)         319.4192 (161.43)    38.4269 (inf)           1;0    3.0206 (0.01)          4           1
test_hamiltonians[ham_bh_graph-2D-triag-pbc-qubitnodes_Lx-5_Ly-5_U-30_enc-unary_d-4-square]                        316.5472 (169.99)      335.6883 (142.39)      327.6179 (164.08)    9.1284 (inf)         329.1181 (166.33)    14.9460 (inf)           1;0    3.0523 (0.01)          4           1
test_hamiltonians[ham_tsp_prob-kroD100_Ncity-16_enc-stdbinary-heavy-hex]                                           320.2045 (171.96)      368.8706 (156.46)      336.8847 (168.72)   21.8651 (inf)         329.2318 (166.39)    27.1422 (inf)           1;0    2.9684 (0.01)          4           1
test_hamiltonians[ham_enc_gray_dvalues_8-8-8-all-to-all]                                                           322.1098 (172.98)      374.9842 (159.06)      340.9052 (170.74)   24.1922 (inf)         333.2635 (168.43)    34.3225 (inf)           1;0    2.9334 (0.01)          4           1
test_hamiltonians[ham_bh_graph-1D-grid-pbc-qubitnodes_Lx-10_U-30_enc-unary_d-8-all-to-all]                         322.6803 (173.29)      333.2568 (141.36)      326.4481 (163.50)    5.9077 (inf)         323.4071 (163.45)     7.9324 (inf)           1;0    3.0633 (0.01)          3           1
test_hamiltonians[ham_gnp-k_5_n-90_rinst-02-heavy-hex]                                                             323.7324 (173.85)      325.5679 (138.10)      324.8288 (162.69)    0.9685 (inf)         325.1860 (164.35)     1.3767 (inf)           1;0    3.0785 (0.01)          3           1
test_hamiltonians[ham_graph-2D-grid-pbc-qubitnodes_Lx-4_Ly-148_h-6-square]                                         324.5711 (174.30)      341.9618 (145.05)      331.2087 (165.88)    9.3975 (inf)         327.0933 (165.31)    13.0431 (inf)           1;0    3.0192 (0.01)          3           1
test_hamiltonians[ham_graph-2D-grid-pbc-qubitnodes_Lx-4_Ly-148_h-6-heavy-hex]                                      326.3648 (175.26)      337.5503 (143.18)      330.5893 (165.57)    6.0741 (inf)         327.8530 (165.70)     8.3891 (inf)           1;0    3.0249 (0.01)          3           1
test_hamiltonians[ham_ham_BK-14-linear]                                                                            330.8801 (177.69)      347.9685 (147.60)      338.0123 (169.29)    8.8873 (inf)         335.1883 (169.40)    12.8163 (inf)           1;0    2.9585 (0.01)          3           1
test_hamiltonians[ham_tsp_prob-fl417_Ncity-16_enc-stdbinary-heavy-hex]                                             332.1629 (178.38)      363.3005 (154.10)      347.6970 (174.14)   15.5689 (inf)         347.6275 (175.69)    23.3532 (inf)           1;0    2.8761 (0.01)          3           1
test_hamiltonians[ham_ham_JW-14-heavy-hex]                                                                         333.1292 (178.90)      343.2009 (145.58)      337.2938 (168.93)    5.2571 (inf)         335.5512 (169.59)     7.5538 (inf)           1;0    2.9648 (0.01)          3           1
test_hamiltonians[ham_fh-graph-1D-grid-pbc-qubitnodes_Lx-160_U-12_enc-parity-linear]                               337.7206 (181.36)      356.8554 (151.37)      345.7456 (173.16)    9.9334 (inf)         342.6610 (173.18)    14.3511 (inf)           1;0    2.8923 (0.01)          3           1
test_hamiltonians[ham_bh_graph-2D-triag-pbc-qubitnodes_Lx-10_Ly-10_U-30_enc-stdbinary_d-4-square]                  338.8790 (181.98)      376.5229 (159.71)      351.8860 (176.24)   21.3473 (inf)         340.2561 (171.96)    28.2330 (inf)           1;0    2.8418 (0.01)          3           1
test_hamiltonians[ham_ash608gpia,n-160,rinst-1-heavy-hex]                                                          339.4038 (182.27)      361.5203 (153.35)      346.7960 (173.69)   12.7517 (inf)         339.4638 (171.56)    16.5873 (inf)           1;0    2.8835 (0.01)          3           1
test_hamiltonians[ham_graph-2D-grid-nonpbc-qubitnodes_Lx-4_Ly-133_h-0.1-linear]                                    342.2062 (183.77)      394.7705 (167.45)      360.1607 (180.38)   29.9801 (inf)         343.5053 (173.61)    39.4233 (inf)           1;0    2.7765 (0.01)          3           1
test_hamiltonians[ham_1-fullins_5,n-48,rinst-7-all-to-all]                                                         342.8380 (184.11)      400.6651 (169.95)      368.7782 (184.70)   29.3686 (inf)         362.8317 (183.37)    43.3703 (inf)           1;0    2.7117 (0.01)          3           1
test_hamiltonians[ham_tsp_prob-kroD100_Ncity-16_enc-stdbinary-linear]                                              346.7340 (186.20)      361.7009 (153.42)      352.6537 (176.62)    7.9585 (inf)         349.5262 (176.65)    11.2251 (inf)           1;0    2.8356 (0.01)          3           1
test_hamiltonians[ham_bh_graph-2D-triag-pbc-qubitnodes_Lx-5_Ly-5_U-30_enc-unary_d-4-heavy-hex]                     348.5393 (187.17)      358.3620 (152.01)      352.4861 (176.54)    5.1877 (inf)         350.5571 (177.17)     7.3670 (inf)           1;0    2.8370 (0.01)          3           1
test_hamiltonians[ham_bh_graph-2D-triag-pbc-qubitnodes_Lx-10_Ly-10_U-30_enc-stdbinary_d-4-heavy-hex]               352.5589 (189.33)      406.2077 (172.30)      371.3526 (185.99)   30.2163 (inf)         355.2912 (179.56)    40.2366 (inf)           1;0    2.6929 (0.01)          3           1
test_hamiltonians[ham_graph-2D-grid-nonpbc-qubitnodes_Lx-19_Ly-19_h-5-linear]                                      361.6380 (194.21)      363.4673 (154.17)      362.7734 (181.69)    0.9913 (inf)         363.2148 (183.57)     1.3719 (inf)           1;0    2.7565 (0.01)          3           1
test_hamiltonians[ham_ham_JW-14-square]                                                                            368.3580 (197.82)      373.8240 (158.57)      370.5236 (185.57)    2.9043 (inf)         369.3889 (186.69)     4.0996 (inf)           1;0    2.6989 (0.01)          3           1
test_hamiltonians[ham_bh_graph-1D-grid-pbc-qubitnodes_Lx-10_U-30_enc-unary_d-8-square]                             378.8621 (203.46)      387.9027 (164.54)      384.7310 (192.69)    5.0882 (inf)         387.4284 (195.80)     6.7804 (inf)           1;0    2.5992 (0.01)          3           1
test_hamiltonians[ham_bh_graph-1D-grid-pbc-qubitnodes_Lx-10_U-30_enc-unary_d-8-heavy-hex]                          388.4342 (208.60)      413.1563 (175.25)      399.6152 (200.14)   12.5289 (inf)         397.2550 (200.77)    18.5416 (inf)           1;0    2.5024 (0.00)          3           1
test_hamiltonians[ham_bh_graph-1D-grid-pbc-qubitnodes_Lx-10_U-30_enc-unary_d-8-linear]                             391.5344 (210.26)      421.8498 (178.94)      405.5647 (203.12)   15.2829 (inf)         403.3099 (203.83)    22.7365 (inf)           1;0    2.4657 (0.00)          3           1
test_hamiltonians[ham_bh_graph-2D-triag-pbc-qubitnodes_Lx-5_Ly-5_U-30_enc-unary_d-4-linear]                        396.8765 (213.13)      424.9897 (180.27)      408.2813 (204.48)   14.7880 (inf)         402.9775 (203.66)    21.0849 (inf)           1;0    2.4493 (0.00)          3           1
test_hamiltonians[ham_1-fullins_5,n-48,rinst-7-square]                                                             403.9622 (216.94)      455.7792 (193.33)      422.1053 (211.41)   29.1917 (inf)         406.5744 (205.48)    38.8628 (inf)           1;0    2.3691 (0.00)          3           1
test_hamiltonians[ham_enc_gray_dvalues_8-8-8-heavy-hex]                                                            419.5618 (225.31)      467.2771 (198.21)      435.8326 (218.28)   27.2372 (inf)         420.6591 (212.60)    35.7865 (inf)           1;0    2.2945 (0.00)          3           1
test_hamiltonians[ham_enc_gray_dvalues_8-8-8-square]                                                               421.1953 (226.19)      424.9139 (180.24)      422.4814 (211.59)    2.1078 (inf)         421.3350 (212.94)     2.7890 (inf)           1;0    2.3670 (0.00)          3           1
test_hamiltonians[ham_enc_gray_dvalues_8-8-8-linear]                                                               422.0704 (226.66)      432.2326 (183.34)      426.3952 (213.55)    5.2472 (inf)         424.8826 (214.73)     7.6216 (inf)           1;0    2.3452 (0.00)          3           1
test_hamiltonians[ham_graph-2D-grid-pbc-qubitnodes_Lx-4_Ly-148_h-6-linear]                                         444.0987 (238.49)      466.2231 (197.76)      451.6530 (226.20)   12.6209 (inf)         444.6373 (224.72)    16.5933 (inf)           1;0    2.2141 (0.00)          3           1
test_hamiltonians[ham_bh_graph-2D-triag-nonpbc-qubitnodes_Lx-11_Ly-11_U-100_enc-gray_d-4-all-to-all]               453.5593 (243.57)      522.0736 (221.45)      484.6692 (242.74)   34.6882 (inf)         478.3747 (241.77)    51.3858 (inf)           1;0    2.0633 (0.00)          3           1
test_hamiltonians[ham_ham_JW-18-all-to-all]                                                                        465.7276 (250.10)      518.5598 (219.96)      487.2070 (244.01)   27.7655 (inf)         477.3336 (241.24)    39.6241 (inf)           1;0    2.0525 (0.00)          3           1
test_hamiltonians[ham_fh-graph-1D-grid-pbc-qubitnodes_Lx-160_U-12_enc-parity-square]                               476.1614 (255.71)      486.1494 (206.21)      482.6727 (241.74)    5.6432 (inf)         485.7072 (245.47)     7.4910 (inf)           1;0    2.0718 (0.00)          3           1
test_hamiltonians[ham_graph-2D-grid-nonpbc-qubitnodes_Lx-5_Ly-58_h-2-all-to-all]                                   479.0828 (257.28)      481.2660 (204.14)      480.1744 (240.49)    1.5438 (inf)         480.1744 (242.68)     2.1833 (inf)           0;0    2.0826 (0.00)          2           1
test_hamiltonians[ham_fh-graph-2D-grid-pbc-qubitnodes_Lx-2_Ly-105_U-8_enc-bk-square]                               482.5767 (259.15)      507.9035 (215.44)      495.9449 (248.39)   12.7221 (inf)         497.3546 (251.36)    18.9951 (inf)           1;0    2.0164 (0.00)          3           1
test_hamiltonians[ham_bh_graph-2D-triag-nonpbc-qubitnodes_Lx-11_Ly-11_U-100_enc-gray_d-4-square]                   483.1349 (259.45)      528.8672 (224.33)      506.0010 (253.42)   32.3376 (inf)         506.0010 (255.73)    45.7323 (inf)           0;0    1.9763 (0.00)          2           1
test_hamiltonians[ham_fh-graph-2D-grid-pbc-qubitnodes_Lx-5_Ly-72_U-0_enc-parity-linear]                            483.9638 (259.90)      501.6339 (212.78)      492.7989 (246.81)   12.4946 (inf)         492.7989 (249.06)    17.6701 (inf)           0;0    2.0292 (0.00)          2           1
test_hamiltonians[ham_1-fullins_5,n-48,rinst-7-heavy-hex]                                                          492.9982 (264.75)      505.5486 (214.44)      499.2734 (250.05)    8.8745 (inf)         499.2734 (252.33)    12.5504 (inf)           0;0    2.0029 (0.00)          2           1
test_hamiltonians[ham_mu_y_prime_enc_stdbinary_dvalues_4-4-4-4-4-4-4-4-4-4-4-4-4-4-4-4-4-4-linear]                 502.1353 (269.66)      504.4548 (213.97)      503.2950 (252.07)    1.6401 (inf)         503.2950 (254.36)     2.3195 (inf)           0;0    1.9869 (0.00)          2           1
test_hamiltonians[ham_bh_graph-2D-triag-pbc-qubitnodes_Lx-10_Ly-10_U-30_enc-stdbinary_d-4-linear]                  507.8951 (272.75)      563.9826 (239.22)      535.9388 (268.42)   39.6599 (inf)         535.9388 (270.86)    56.0875 (inf)           0;0    1.8659 (0.00)          2           1
test_hamiltonians[ham_graph-2D-grid-nonpbc-qubitnodes_Lx-4_Ly-133_h-0.1-square]                                    518.9885 (278.71)      528.9648 (224.37)      523.9767 (262.43)    7.0543 (inf)         523.9767 (264.82)     9.9763 (inf)           0;0    1.9085 (0.00)          2           1
test_hamiltonians[ham_graph-2D-grid-pbc-qubitnodes_Lx-4_Ly-190_h-0-square]                                         519.6907 (279.08)      534.6559 (226.79)      527.1733 (264.03)   10.5820 (inf)         527.1733 (266.43)    14.9652 (inf)           0;0    1.8969 (0.00)          2           1
test_hamiltonians[ham_bh_graph-2D-triag-nonpbc-qubitnodes_Lx-11_Ly-11_U-100_enc-gray_d-4-heavy-hex]                525.2668 (282.08)      556.1737 (235.91)      540.7202 (270.81)   21.8545 (inf)         540.7202 (273.28)    30.9069 (inf)           0;0    1.8494 (0.00)          2           1
test_hamiltonians[ham_graph-2D-grid-pbc-qubitnodes_Lx-4_Ly-190_h-0-heavy-hex]                                      531.0656 (285.19)      554.3919 (235.16)      542.7288 (271.82)   16.4942 (inf)         542.7288 (274.29)    23.3263 (inf)           0;0    1.8425 (0.00)          2           1
test_hamiltonians[ham_fh-graph-2D-grid-pbc-qubitnodes_Lx-2_Ly-105_U-8_enc-bk-heavy-hex]                            593.7925 (318.88)      608.6698 (258.18)      601.2311 (301.12)   10.5198 (inf)         601.2311 (303.86)    14.8773 (inf)           0;0    1.6633 (0.00)          2           1
test_hamiltonians[ham_graph-2D-triag-nonpbc-qubitnodes_Lx-3_Ly-160_h-0.1-all-to-all]                               598.8877 (321.61)      617.9935 (262.13)      608.4406 (304.73)   13.5098 (inf)         608.4406 (307.50)    19.1057 (inf)           0;0    1.6435 (0.00)          2           1
test_hamiltonians[ham_gnp-k_5_n-90_rinst-02-linear]                                                                602.5526 (323.58)      710.4431 (301.35)      656.4978 (328.80)   76.2901 (inf)         656.4978 (331.79)   107.8904 (inf)           0;0    1.5232 (0.00)          2           1
test_hamiltonians[ham_bh_graph-2D-triag-pbc-qubitnodes_Lx-3_Ly-22_U-70_enc-unary_d-4-all-to-all]                   606.9079 (325.92)      613.5191 (260.24)      610.2135 (305.62)    4.6748 (inf)         610.2135 (308.40)     6.6112 (inf)           0;0    1.6388 (0.00)          2           1
test_hamiltonians[ham_fh-graph-2D-triag-nonpbc-qubitnodes_Lx-16_Ly-16_U-4_enc-bk-square]                           652.9597 (350.65)      654.6894 (277.70)      653.8246 (327.46)    1.2231 (inf)         653.8246 (330.44)     1.7298 (inf)           0;0    1.5295 (0.00)          2           1
test_hamiltonians[ham_fh-graph-1D-grid-pbc-qubitnodes_Lx-160_U-12_enc-parity-all-to-all]                           656.8268 (352.73)      657.0823 (278.71)      656.9546 (329.03)    0.1807 (inf)         656.9546 (332.02)     0.2555 (inf)           0;0    1.5222 (0.00)          2           1
test_hamiltonians[ham_graph-2D-grid-pbc-qubitnodes_Lx-4_Ly-190_h-0-linear]                                         737.5400 (396.07)      771.3239 (327.17)      754.4319 (377.85)   23.8889 (inf)         754.4319 (381.29)    33.7840 (inf)           0;0    1.3255 (0.00)          2           1
test_hamiltonians[ham_1-fullins_5,n-48,rinst-7-linear]                                                             760.6903 (408.51)      785.4207 (333.15)      773.0555 (387.17)   17.4870 (inf)         773.0555 (390.70)    24.7304 (inf)           0;0    1.2936 (0.00)          2           1
test_hamiltonians[ham_graph-2D-grid-nonpbc-qubitnodes_Lx-5_Ly-186_h-0.5-heavy-hex]                                 762.8977 (409.69)      808.0753 (342.76)      785.4865 (393.40)   31.9454 (inf)         785.4865 (396.98)    45.1776 (inf)           0;0    1.2731 (0.00)          2           1
test_hamiltonians[ham_ham_JW-18-linear]                                                                            764.9133 (410.77)      803.0872 (340.65)      784.0002 (392.66)   26.9930 (inf)         784.0002 (396.23)    38.1739 (inf)           0;0    1.2755 (0.00)          2           1
test_hamiltonians[ham_bh_graph-2D-triag-pbc-qubitnodes_Lx-3_Ly-22_U-70_enc-unary_d-4-square]                       767.4611 (412.14)      780.4871 (331.06)      773.9741 (387.63)    9.2108 (inf)         773.9741 (391.16)    13.0260 (inf)           0;0    1.2920 (0.00)          2           1
test_hamiltonians[ham_bh_graph-2D-triag-nonpbc-qubitnodes_Lx-11_Ly-11_U-100_enc-gray_d-4-linear]                   782.4949 (420.21)      806.6185 (342.14)      794.5567 (397.94)   17.0580 (inf)         794.5567 (401.56)    24.1236 (inf)           0;0    1.2586 (0.00)          2           1
test_hamiltonians[ham_graph-2D-grid-pbc-qubitnodes_Lx-5_Ly-186_h-3-square]                                         805.5418 (432.59)      823.6438 (349.37)      814.5928 (407.98)   12.8001 (inf)         814.5928 (411.69)    18.1021 (inf)           0;0    1.2276 (0.00)          2           1
test_hamiltonians[ham_graph-2D-grid-pbc-qubitnodes_Lx-5_Ly-186_h-3-heavy-hex]                                      828.2026 (444.76)      883.9647 (374.95)      856.0837 (428.76)   39.4298 (inf)         856.0837 (432.66)    55.7621 (inf)           0;0    1.1681 (0.00)          2           1
test_hamiltonians[ham_fh-graph-2D-triag-nonpbc-qubitnodes_Lx-16_Ly-16_U-4_enc-bk-all-to-all]                       833.9671 (447.86)      842.0739 (357.18)      838.0205 (419.71)    5.7324 (inf)         838.0205 (423.53)     8.1068 (inf)           0;0    1.1933 (0.00)          2           1
test_hamiltonians[ham_fh-graph-2D-triag-nonpbc-qubitnodes_Lx-16_Ly-16_U-4_enc-bk-heavy-hex]                        858.9240 (461.26)      859.0989 (364.40)      859.0114 (430.22)    0.1237 (inf)         859.0114 (434.14)     0.1750 (inf)           0;0    1.1641 (0.00)          2           1
test_hamiltonians[ham_graph-2D-triag-nonpbc-qubitnodes_Lx-40_Ly-40_h-0.1-square]                                   860.4622 (462.08)      897.7387 (380.79)      879.1005 (440.29)   26.3585 (inf)         879.1005 (444.29)    37.2765 (inf)           0;0    1.1375 (0.00)          2           1
test_hamiltonians[ham_bh_graph-2D-triag-pbc-qubitnodes_Lx-3_Ly-22_U-70_enc-unary_d-4-heavy-hex]                    865.8259 (464.97)      916.9369 (388.94)      891.3814 (446.44)   36.1410 (inf)         891.3814 (450.50)    51.1110 (inf)           0;0    1.1219 (0.00)          2           1
test_hamiltonians[ham_ham_JW-18-heavy-hex]                                                                         873.8716 (469.29)      896.5637 (380.30)      885.2176 (443.35)   16.0457 (inf)         885.2176 (447.38)    22.6921 (inf)           0;0    1.1297 (0.00)          2           1
test_hamiltonians[ham_graph-2D-grid-nonpbc-qubitnodes_Lx-19_Ly-19_h-5-all-to-all]                                  882.3903 (473.86)      888.6417 (376.94)      885.5160 (443.50)    4.4204 (inf)         885.5160 (447.54)     6.2515 (inf)           0;0    1.1293 (0.00)          2           1
test_hamiltonians[ham_graph-2D-triag-nonpbc-qubitnodes_Lx-40_Ly-40_h-0.1-heavy-hex]                                903.4025 (485.14)      914.6672 (387.97)      909.0349 (455.28)    7.9654 (inf)         909.0349 (459.42)    11.2647 (inf)           0;0    1.1001 (0.00)          2           1
test_hamiltonians[ham_ham_JW-18-square]                                                                            946.1240 (508.09)      977.1133 (414.46)      961.6186 (481.61)   21.9128 (inf)         961.6186 (486.00)    30.9894 (inf)           0;0    1.0399 (0.00)          2           1
test_hamiltonians[ham_graph-2D-grid-pbc-qubitnodes_Lx-2_Ly-185_h-0.5-all-to-all]                                   952.4623 (511.49)      952.4623 (404.01)      952.4623 (477.03)    0.0000 (1.0)         952.4623 (481.37)     0.0000 (1.0)           0;0    1.0499 (0.00)          1           1
test_hamiltonians[ham_graph-2D-grid-nonpbc-qubitnodes_Lx-5_Ly-186_h-0.5-linear]                                  1,032.6208 (554.54)    1,032.6208 (438.01)    1,032.6208 (517.17)    0.0000 (1.0)       1,032.6208 (521.88)     0.0000 (1.0)           0;0    0.9684 (0.00)          1           1
test_hamiltonians[ham_bh_graph-2D-triag-pbc-qubitnodes_Lx-3_Ly-22_U-70_enc-unary_d-4-linear]                     1,136.4822 (610.31)    1,136.4822 (482.06)    1,136.4822 (569.19)    0.0000 (1.0)       1,136.4822 (574.37)     0.0000 (1.0)           0;0    0.8799 (0.00)          1           1
test_hamiltonians[ham_graph-2D-grid-pbc-qubitnodes_Lx-5_Ly-186_h-3-linear]                                       1,167.3796 (626.91)    1,167.3796 (495.17)    1,167.3796 (584.67)    0.0000 (1.0)       1,167.3796 (589.99)     0.0000 (1.0)           0;0    0.8566 (0.00)          1           1
test_hamiltonians[ham_ham_BK22-all-to-all]                                                                       1,305.6828 (701.18)    1,305.6828 (553.83)    1,305.6828 (653.93)    0.0000 (1.0)       1,305.6828 (659.89)     0.0000 (1.0)           0;0    0.7659 (0.00)          1           1
test_hamiltonians[ham_ash608gpia,n-160,rinst-1-linear]                                                           1,321.9646 (709.92)    1,321.9646 (560.74)    1,321.9646 (662.09)    0.0000 (1.0)       1,321.9646 (668.11)     0.0000 (1.0)           0;0    0.7564 (0.00)          1           1
test_hamiltonians[ham_graph-2D-grid-nonpbc-qubitnodes_Lx-5_Ly-186_h-0.5-square]                                  1,453.9010 (780.77)    1,453.9010 (616.70)    1,453.9010 (728.17)    0.0000 (1.0)       1,453.9010 (734.79)     0.0000 (1.0)           0;0    0.6878 (0.00)          1           1
test_hamiltonians[ham_graph-2D-triag-nonpbc-qubitnodes_Lx-40_Ly-40_h-0.1-linear]                                 1,712.5169 (919.65)    1,712.5169 (726.40)    1,712.5169 (857.69)    0.0000 (1.0)       1,712.5169 (865.50)     0.0000 (1.0)           0;0    0.5839 (0.00)          1           1
test_hamiltonians[ham_fh-graph-2D-grid-pbc-qubitnodes_Lx-2_Ly-105_U-8_enc-bk-all-to-all]                         1,772.3626 (951.79)    1,772.3626 (751.78)    1,772.3626 (887.66)    0.0000 (1.0)       1,772.3626 (895.74)     0.0000 (1.0)           0;0    0.5642 (0.00)          1           1
test_hamiltonians[ham_fh-graph-2D-grid-pbc-qubitnodes_Lx-2_Ly-105_U-8_enc-bk-linear]                             1,779.2767 (955.51)    1,779.2767 (754.72)    1,779.2767 (891.13)    0.0000 (1.0)       1,779.2767 (899.24)     0.0000 (1.0)           0;0    0.5620 (0.00)          1           1
test_hamiltonians[ham_ham_JW-22-all-to-all]                                                                      1,943.6800 (>1000.0)   1,943.6800 (824.45)    1,943.6800 (973.47)    0.0000 (1.0)       1,943.6800 (982.33)     0.0000 (1.0)           0;0    0.5145 (0.00)          1           1
test_hamiltonians[ham_ash608gpia,n-160,rinst-1-all-to-all]                                                       2,162.9500 (>1000.0)   2,162.9500 (917.46)    2,162.9500 (>1000.0)   0.0000 (1.0)       2,162.9500 (>1000.0)    0.0000 (1.0)           0;0    0.4623 (0.00)          1           1
test_hamiltonians[ham_fh-graph-2D-triag-nonpbc-qubitnodes_Lx-16_Ly-16_U-4_enc-bk-linear]                         2,227.0037 (>1000.0)   2,227.0037 (944.63)    2,227.0037 (>1000.0)   0.0000 (1.0)       2,227.0037 (>1000.0)    0.0000 (1.0)           0;0    0.4490 (0.00)          1           1
test_hamiltonians[ham_ham_BK22-square]                                                                           2,589.7695 (>1000.0)   2,589.7695 (>1000.0)   2,589.7695 (>1000.0)   0.0000 (1.0)       2,589.7695 (>1000.0)    0.0000 (1.0)           0;0    0.3861 (0.00)          1           1
test_hamiltonians[ham_graph-2D-grid-nonpbc-qubitnodes_Lx-4_Ly-133_h-0.1-all-to-all]                              3,256.4453 (>1000.0)   3,256.4453 (>1000.0)   3,256.4453 (>1000.0)   0.0000 (1.0)       3,256.4453 (>1000.0)    0.0000 (1.0)           0;0    0.3071 (0.00)          1           1
test_hamiltonians[ham_ham_JW24-all-to-all]                                                                       3,282.3266 (>1000.0)   3,282.3266 (>1000.0)   3,282.3266 (>1000.0)   0.0000 (1.0)       3,282.3266 (>1000.0)    0.0000 (1.0)           0;0    0.3047 (0.00)          1           1
test_hamiltonians[ham_ham_JW-22-square]                                                                          3,490.9253 (>1000.0)   3,490.9253 (>1000.0)   3,490.9253 (>1000.0)   0.0000 (1.0)       3,490.9253 (>1000.0)    0.0000 (1.0)           0;0    0.2865 (0.00)          1           1
test_hamiltonians[ham_ham_BK22-heavy-hex]                                                                        3,617.5664 (>1000.0)   3,617.5664 (>1000.0)   3,617.5664 (>1000.0)   0.0000 (1.0)       3,617.5664 (>1000.0)    0.0000 (1.0)           0;0    0.2764 (0.00)          1           1
test_hamiltonians[ham_fh-graph-2D-grid-pbc-qubitnodes_Lx-5_Ly-72_U-0_enc-parity-square]                          3,784.9717 (>1000.0)   3,784.9717 (>1000.0)   3,784.9717 (>1000.0)   0.0000 (1.0)       3,784.9717 (>1000.0)    0.0000 (1.0)           0;0    0.2642 (0.00)          1           1
test_hamiltonians[ham_graph-2D-grid-pbc-qubitnodes_Lx-4_Ly-148_h-6-all-to-all]                                   4,497.6658 (>1000.0)   4,497.6658 (>1000.0)   4,497.6658 (>1000.0)   0.0000 (1.0)       4,497.6658 (>1000.0)    0.0000 (1.0)           0;0    0.2223 (0.00)          1           1
test_hamiltonians[ham_ham_BK22-linear]                                                                           4,508.3932 (>1000.0)   4,508.3932 (>1000.0)   4,508.3932 (>1000.0)   0.0000 (1.0)       4,508.3932 (>1000.0)    0.0000 (1.0)           0;0    0.2218 (0.00)          1           1
test_hamiltonians[ham_ham_JW-22-heavy-hex]                                                                       4,689.1360 (>1000.0)   4,689.1360 (>1000.0)   4,689.1360 (>1000.0)   0.0000 (1.0)       4,689.1360 (>1000.0)    0.0000 (1.0)           0;0    0.2133 (0.00)          1           1
test_hamiltonians[ham_ham_JW-22-linear]                                                                          5,593.2730 (>1000.0)   5,593.2730 (>1000.0)   5,593.2730 (>1000.0)   0.0000 (1.0)       5,593.2730 (>1000.0)    0.0000 (1.0)           0;0    0.1788 (0.00)          1           1
test_hamiltonians[ham_ham_JW24-square]                                                                           7,030.7169 (>1000.0)   7,030.7169 (>1000.0)   7,030.7169 (>1000.0)   0.0000 (1.0)       7,030.7169 (>1000.0)    0.0000 (1.0)           0;0    0.1422 (0.00)          1           1
test_hamiltonians[ham_ham_JW24-linear]                                                                           7,375.0137 (>1000.0)   7,375.0137 (>1000.0)   7,375.0137 (>1000.0)   0.0000 (1.0)       7,375.0137 (>1000.0)    0.0000 (1.0)           0;0    0.1356 (0.00)          1           1
test_hamiltonians[ham_ham_JW24-heavy-hex]                                                                        8,407.5515 (>1000.0)   8,407.5515 (>1000.0)   8,407.5515 (>1000.0)   0.0000 (1.0)       8,407.5515 (>1000.0)    0.0000 (1.0)           0;0    0.1189 (0.00)          1           1
test_hamiltonians[ham_fh-graph-2D-grid-pbc-qubitnodes_Lx-5_Ly-72_U-0_enc-parity-all-to-all]                      9,156.7738 (>1000.0)   9,156.7738 (>1000.0)   9,156.7738 (>1000.0)   0.0000 (1.0)       9,156.7738 (>1000.0)    0.0000 (1.0)           0;0    0.1092 (0.00)          1           1
test_hamiltonians[ham_graph-2D-grid-pbc-qubitnodes_Lx-4_Ly-190_h-0-all-to-all]                                  10,626.8291 (>1000.0)  10,626.8291 (>1000.0)  10,626.8291 (>1000.0)   0.0000 (1.0)      10,626.8291 (>1000.0)    0.0000 (1.0)           0;0    0.0941 (0.00)          1           1
test_hamiltonians[ham_graph-2D-triag-nonpbc-qubitnodes_Lx-40_Ly-40_h-0.1-all-to-all]                            15,002.6316 (>1000.0)  15,002.6316 (>1000.0)  15,002.6316 (>1000.0)   0.0000 (1.0)      15,002.6316 (>1000.0)    0.0000 (1.0)           0;0    0.0667 (0.00)          1           1
test_hamiltonians[ham_fh-graph-2D-grid-pbc-qubitnodes_Lx-5_Ly-72_U-0_enc-parity-heavy-hex]                      18,194.0458 (>1000.0)  18,194.0458 (>1000.0)  18,194.0458 (>1000.0)   0.0000 (1.0)      18,194.0458 (>1000.0)    0.0000 (1.0)           0;0    0.0550 (0.00)          1           1
test_hamiltonians[ham_graph-2D-grid-pbc-qubitnodes_Lx-5_Ly-186_h-3-all-to-all]                                  19,042.9989 (>1000.0)  19,042.9989 (>1000.0)  19,042.9989 (>1000.0)   0.0000 (1.0)      19,042.9989 (>1000.0)    0.0000 (1.0)           0;0    0.0525 (0.00)          1           1
test_hamiltonians[ham_graph-2D-grid-nonpbc-qubitnodes_Lx-5_Ly-186_h-0.5-all-to-all]                             19,608.9707 (>1000.0)  19,608.9707 (>1000.0)  19,608.9707 (>1000.0)   0.0000 (1.0)      19,608.9707 (>1000.0)    0.0000 (1.0)           0;0    0.0510 (0.00)          1           1
---------------------------------------------------------------------------------------------------------------------------------------------------------------------------------------------------------------------------------------------------------------------------------------------------

Legend:
  Outliers: 1 Standard Deviation from Mean; 1.5 IQR (InterQuartile Range) from 1st Quartile and 3rd Quartile.
  OPS: Operations Per Second, computed as 1 / Mean
======================= 400 passed in 1273.37s (0:21:13) =======================
