============================= test session starts ==============================
platform linux -- Python 3.11.11, pytest-9.1.1, pluggy-1.6.0
benchmark: 4.0.0 (defaults: timer=time.perf_counter disable_gc=False min_rounds=1 min_time=0.000005 max_time=1.0 calibration_precision=10 warmup=False warmup_iterations=100000)
qiskit: 2.6.0.dev0
qiskit_ibm_runtime: 0.47.0
timeout_skip_list: 0
rootdir: /mnt/data/spotter-val/benchpress/benchpress
configfile: pytest.ini
plugins: benchmark-4.0.0, memray-1.8.0
collected 400 items

benchpress/qiskit_gym/abstract_transpile/test_hamiltonians.py::TestWorkoutAbstractHamiltonians::test_hamiltonians[ham_enc_stdbinary_dvalues_d-level-4-all-to-all] PASSED [  0%]
benchpress/qiskit_gym/abstract_transpile/test_hamiltonians.py::TestWorkoutAbstractHamiltonians::test_hamiltonians[ham_enc_stdbinary_dvalues_d-level-4-square] PASSED [  0%]
benchpress/qiskit_gym/abstract_transpile/test_hamiltonians.py::TestWorkoutAbstractHamiltonians::test_hamiltonians[ham_enc_stdbinary_dvalues_d-level-4-heavy-hex] PASSED [  0%]
benchpress/qiskit_gym/abstract_transpile/test_hamiltonians.py::TestWorkoutAbstractHamiltonians::test_hamiltonians[ham_enc_stdbinary_dvalues_d-level-4-linear] PASSED [  1%]
benchpress/qiskit_gym/abstract_transpile/test_hamiltonians.py::TestWorkoutAbstractHamiltonians::test_hamiltonians[ham_mu_y_prime_enc_stdbinary_dvalues_8-8-4-4-all-to-all] PASSED [  1%]
benchpress/qiskit_gym/abstract_transpile/test_hamiltonians.py::TestWorkoutAbstractHamiltonians::test_hamiltonians[ham_mu_y_prime_enc_stdbinary_dvalues_8-8-4-4-square] PASSED [  1%]
benchpress/qiskit_gym/abstract_transpile/test_hamiltonians.py::TestWorkoutAbstractHamiltonians::test_hamiltonians[ham_mu_y_prime_enc_stdbinary_dvalues_8-8-4-4-heavy-hex] PASSED [  1%]
benchpress/qiskit_gym/abstract_transpile/test_hamiltonians.py::TestWorkoutAbstractHamiltonians::test_hamiltonians[ham_mu_y_prime_enc_stdbinary_dvalues_8-8-4-4-linear] PASSED [  2%]
benchpress/qiskit_gym/abstract_transpile/test_hamiltonians.py::TestWorkoutAbstractHamiltonians::test_hamiltonians[ham_mu_y_prime_enc_unary_dvalues_4-4-4-all-to-all] PASSED [  2%]
benchpress/qiskit_gym/abstract_transpile/test_hamiltonians.py::TestWorkoutAbstractHamiltonians::test_hamiltonians[ham_mu_y_prime_enc_unary_dvalues_4-4-4-square] PASSED [  2%]
benchpress/qiskit_gym/abstract_transpile/test_hamiltonians.py::TestWorkoutAbstractHamiltonians::test_hamiltonians[ham_mu_y_prime_enc_unary_dvalues_4-4-4-heavy-hex] PASSED [  2%]
benchpress/qiskit_gym/abstract_transpile/test_hamiltonians.py::TestWorkoutAbstractHamiltonians::test_hamiltonians[ham_mu_y_prime_enc_unary_dvalues_4-4-4-linear] PASSED [  3%]
benchpress/qiskit_gym/abstract_transpile/test_hamiltonians.py::TestWorkoutAbstractHamiltonians::test_hamiltonians[ham_mu_z_prime_enc_gray_dvalues_4-4-4-4-all-to-all] PASSED [  3%]
benchpress/qiskit_gym/abstract_transpile/test_hamiltonians.py::TestWorkoutAbstractHamiltonians::test_hamiltonians[ham_mu_z_prime_enc_gray_dvalues_4-4-4-4-square] PASSED [  3%]
benchpress/qiskit_gym/abstract_transpile/test_hamiltonians.py::TestWorkoutAbstractHamiltonians::test_hamiltonians[ham_mu_z_prime_enc_gray_dvalues_4-4-4-4-heavy-hex] PASSED [  3%]
benchpress/qiskit_gym/abstract_transpile/test_hamiltonians.py::TestWorkoutAbstractHamiltonians::test_hamiltonians[ham_mu_z_prime_enc_gray_dvalues_4-4-4-4-linear] PASSED [  4%]
benchpress/qiskit_gym/abstract_transpile/test_hamiltonians.py::TestWorkoutAbstractHamiltonians::test_hamiltonians[ham_gnp-k_2_n-4_rinst-05-all-to-all] PASSED [  4%]
benchpress/qiskit_gym/abstract_transpile/test_hamiltonians.py::TestWorkoutAbstractHamiltonians::test_hamiltonians[ham_gnp-k_2_n-4_rinst-05-square] PASSED [  4%]
benchpress/qiskit_gym/abstract_transpile/test_hamiltonians.py::TestWorkoutAbstractHamiltonians::test_hamiltonians[ham_gnp-k_2_n-4_rinst-05-heavy-hex] PASSED [  4%]
benchpress/qiskit_gym/abstract_transpile/test_hamiltonians.py::TestWorkoutAbstractHamiltonians::test_hamiltonians[ham_gnp-k_2_n-4_rinst-05-linear] PASSED [  5%]
benchpress/qiskit_gym/abstract_transpile/test_hamiltonians.py::TestWorkoutAbstractHamiltonians::test_hamiltonians[ham_ham_parity-4-all-to-all] PASSED [  5%]
benchpress/qiskit_gym/abstract_transpile/test_hamiltonians.py::TestWorkoutAbstractHamiltonians::test_hamiltonians[ham_ham_parity-4-square] PASSED [  5%]
benchpress/qiskit_gym/abstract_transpile/test_hamiltonians.py::TestWorkoutAbstractHamiltonians::test_hamiltonians[ham_ham_parity-4-heavy-hex] PASSED [  5%]
benchpress/qiskit_gym/abstract_transpile/test_hamiltonians.py::TestWorkoutAbstractHamiltonians::test_hamiltonians[ham_ham_parity-4-linear] PASSED [  6%]
benchpress/qiskit_gym/abstract_transpile/test_hamiltonians.py::TestWorkoutAbstractHamiltonians::test_hamiltonians[ham_mu_y_prime_enc_stdbinary_dvalues_16-16-16-16-8-8-8-all-to-all] PASSED [  6%]
benchpress/qiskit_gym/abstract_transpile/test_hamiltonians.py::TestWorkoutAbstractHamiltonians::test_hamiltonians[ham_mu_y_prime_enc_stdbinary_dvalues_16-16-16-16-8-8-8-square] PASSED [  6%]
benchpress/qiskit_gym/abstract_transpile/test_hamiltonians.py::TestWorkoutAbstractHamiltonians::test_hamiltonians[ham_mu_y_prime_enc_stdbinary_dvalues_16-16-16-16-8-8-8-heavy-hex] PASSED [  6%]
benchpress/qiskit_gym/abstract_transpile/test_hamiltonians.py::TestWorkoutAbstractHamiltonians::test_hamiltonians[ham_mu_y_prime_enc_stdbinary_dvalues_16-16-16-16-8-8-8-linear] PASSED [  7%]
benchpress/qiskit_gym/abstract_transpile/test_hamiltonians.py::TestWorkoutAbstractHamiltonians::test_hamiltonians[ham_mu_y_prime_enc_gray_dvalues_16-16-16-all-to-all] PASSED [  7%]
benchpress/qiskit_gym/abstract_transpile/test_hamiltonians.py::TestWorkoutAbstractHamiltonians::test_hamiltonians[ham_mu_y_prime_enc_gray_dvalues_16-16-16-square] PASSED [  7%]
benchpress/qiskit_gym/abstract_transpile/test_hamiltonians.py::TestWorkoutAbstractHamiltonians::test_hamiltonians[ham_mu_y_prime_enc_gray_dvalues_16-16-16-heavy-hex] PASSED [  7%]
benchpress/qiskit_gym/abstract_transpile/test_hamiltonians.py::TestWorkoutAbstractHamiltonians::test_hamiltonians[ham_mu_y_prime_enc_gray_dvalues_16-16-16-linear] PASSED [  8%]
benchpress/qiskit_gym/abstract_transpile/test_hamiltonians.py::TestWorkoutAbstractHamiltonians::test_hamiltonians[ham_enc_gray_dvalues_d-level-16-all-to-all] PASSED [  8%]
benchpress/qiskit_gym/abstract_transpile/test_hamiltonians.py::TestWorkoutAbstractHamiltonians::test_hamiltonians[ham_enc_gray_dvalues_d-level-16-square] PASSED [  8%]
benchpress/qiskit_gym/abstract_transpile/test_hamiltonians.py::TestWorkoutAbstractHamiltonians::test_hamiltonians[ham_enc_gray_dvalues_d-level-16-heavy-hex] PASSED [  8%]
benchpress/qiskit_gym/abstract_transpile/test_hamiltonians.py::TestWorkoutAbstractHamiltonians::test_hamiltonians[ham_enc_gray_dvalues_d-level-16-linear] PASSED [  9%]
benchpress/qiskit_gym/abstract_transpile/test_hamiltonians.py::TestWorkoutAbstractHamiltonians::test_hamiltonians[ham_mu_y_prime_enc_stdbinary_dvalues_8-8-8-8-8-8-all-to-all] PASSED [  9%]
benchpress/qiskit_gym/abstract_transpile/test_hamiltonians.py::TestWorkoutAbstractHamiltonians::test_hamiltonians[ham_mu_y_prime_enc_stdbinary_dvalues_8-8-8-8-8-8-square] PASSED [  9%]
benchpress/qiskit_gym/abstract_transpile/test_hamiltonians.py::TestWorkoutAbstractHamiltonians::test_hamiltonians[ham_mu_y_prime_enc_stdbinary_dvalues_8-8-8-8-8-8-heavy-hex] PASSED [  9%]
benchpress/qiskit_gym/abstract_transpile/test_hamiltonians.py::TestWorkoutAbstractHamiltonians::test_hamiltonians[ham_mu_y_prime_enc_stdbinary_dvalues_8-8-8-8-8-8-linear] PASSED [ 10%]
benchpress/qiskit_gym/abstract_transpile/test_hamiltonians.py::TestWorkoutAbstractHamiltonians::test_hamiltonians[ham_gnp-k_4_n-6_rinst-15-all-to-all] PASSED [ 10%]
benchpress/qiskit_gym/abstract_transpile/test_hamiltonians.py::TestWorkoutAbstractHamiltonians::test_hamiltonians[ham_gnp-k_4_n-6_rinst-15-square] PASSED [ 10%]
benchpress/qiskit_gym/abstract_transpile/test_hamiltonians.py::TestWorkoutAbstractHamiltonians::test_hamiltonians[ham_gnp-k_4_n-6_rinst-15-heavy-hex] PASSED [ 10%]
benchpress/qiskit_gym/abstract_transpile/test_hamiltonians.py::TestWorkoutAbstractHamiltonians::test_hamiltonians[ham_gnp-k_4_n-6_rinst-15-linear] PASSED [ 11%]
benchpress/qiskit_gym/abstract_transpile/test_hamiltonians.py::TestWorkoutAbstractHamiltonians::test_hamiltonians[ham_ham_JW-6-all-to-all] PASSED [ 11%]
benchpress/qiskit_gym/abstract_transpile/test_hamiltonians.py::TestWorkoutAbstractHamiltonians::test_hamiltonians[ham_ham_JW-6-square] PASSED [ 11%]
benchpress/qiskit_gym/abstract_transpile/test_hamiltonians.py::TestWorkoutAbstractHamiltonians::test_hamiltonians[ham_ham_JW-6-heavy-hex] PASSED [ 11%]
benchpress/qiskit_gym/abstract_transpile/test_hamiltonians.py::TestWorkoutAbstractHamiltonians::test_hamiltonians[ham_ham_JW-6-linear] PASSED [ 12%]
benchpress/qiskit_gym/abstract_transpile/test_hamiltonians.py::TestWorkoutAbstractHamiltonians::test_hamiltonians[ham_mu_y_prime_enc_unary_dvalues_8-8-8-8-8-8-8-all-to-all] PASSED [ 12%]
benchpress/qiskit_gym/abstract_transpile/test_hamiltonians.py::TestWorkoutAbstractHamiltonians::test_hamiltonians[ham_mu_y_prime_enc_unary_dvalues_8-8-8-8-8-8-8-square] PASSED [ 12%]
benchpress/qiskit_gym/abstract_transpile/test_hamiltonians.py::TestWorkoutAbstractHamiltonians::test_hamiltonians[ham_mu_y_prime_enc_unary_dvalues_8-8-8-8-8-8-8-heavy-hex] PASSED [ 12%]
benchpress/qiskit_gym/abstract_transpile/test_hamiltonians.py::TestWorkoutAbstractHamiltonians::test_hamiltonians[ham_mu_y_prime_enc_unary_dvalues_8-8-8-8-8-8-8-linear] PASSED [ 13%]
benchpress/qiskit_gym/abstract_transpile/test_hamiltonians.py::TestWorkoutAbstractHamiltonians::test_hamiltonians[ham_7-uf20-0384.cnf-8-res-all-to-all] PASSED [ 13%]
benchpress/qiskit_gym/abstract_transpile/test_hamiltonians.py::TestWorkoutAbstractHamiltonians::test_hamiltonians[ham_7-uf20-0384.cnf-8-res-square] PASSED [ 13%]
benchpress/qiskit_gym/abstract_transpile/test_hamiltonians.py::TestWorkoutAbstractHamiltonians::test_hamiltonians[ham_7-uf20-0384.cnf-8-res-heavy-hex] PASSED [ 13%]
benchpress/qiskit_gym/abstract_transpile/test_hamiltonians.py::TestWorkoutAbstractHamiltonians::test_hamiltonians[ham_7-uf20-0384.cnf-8-res-linear] PASSED [ 14%]
benchpress/qiskit_gym/abstract_transpile/test_hamiltonians.py::TestWorkoutAbstractHamiltonians::test_hamiltonians[ham_tsp_rand-002_Ncity-4_enc-stdbinary-all-to-all] PASSED [ 14%]
benchpress/qiskit_gym/abstract_transpile/test_hamiltonians.py::TestWorkoutAbstractHamiltonians::test_hamiltonians[ham_tsp_rand-002_Ncity-4_enc-stdbinary-square] PASSED [ 14%]
benchpress/qiskit_gym/abstract_transpile/test_hamiltonians.py::TestWorkoutAbstractHamiltonians::test_hamiltonians[ham_tsp_rand-002_Ncity-4_enc-stdbinary-heavy-hex] PASSED [ 14%]
benchpress/qiskit_gym/abstract_transpile/test_hamiltonians.py::TestWorkoutAbstractHamiltonians::test_hamiltonians[ham_tsp_rand-002_Ncity-4_enc-stdbinary-linear] PASSED [ 15%]
benchpress/qiskit_gym/abstract_transpile/test_hamiltonians.py::TestWorkoutAbstractHamiltonians::test_hamiltonians[ham_ham_JW-8-all-to-all] PASSED [ 15%]
benchpress/qiskit_gym/abstract_transpile/test_hamiltonians.py::TestWorkoutAbstractHamiltonians::test_hamiltonians[ham_ham_JW-8-square] PASSED [ 15%]
benchpress/qiskit_gym/abstract_transpile/test_hamiltonians.py::TestWorkoutAbstractHamiltonians::test_hamiltonians[ham_ham_JW-8-heavy-hex] PASSED [ 15%]
benchpress/qiskit_gym/abstract_transpile/test_hamiltonians.py::TestWorkoutAbstractHamiltonians::test_hamiltonians[ham_ham_JW-8-linear] PASSED [ 16%]
benchpress/qiskit_gym/abstract_transpile/test_hamiltonians.py::TestWorkoutAbstractHamiltonians::test_hamiltonians[ham_enc_gray_dvalues_8-8-8-all-to-all] PASSED [ 16%]
benchpress/qiskit_gym/abstract_transpile/test_hamiltonians.py::TestWorkoutAbstractHamiltonians::test_hamiltonians[ham_enc_gray_dvalues_8-8-8-square] PASSED [ 16%]
benchpress/qiskit_gym/abstract_transpile/test_hamiltonians.py::TestWorkoutAbstractHamiltonians::test_hamiltonians[ham_enc_gray_dvalues_8-8-8-heavy-hex] PASSED [ 16%]
benchpress/qiskit_gym/abstract_transpile/test_hamiltonians.py::TestWorkoutAbstractHamiltonians::test_hamiltonians[ham_enc_gray_dvalues_8-8-8-linear] PASSED [ 17%]
benchpress/qiskit_gym/abstract_transpile/test_hamiltonians.py::TestWorkoutAbstractHamiltonians::test_hamiltonians[ham_complbipart-n-10_a-5_b-5-all-to-all] PASSED [ 17%]
benchpress/qiskit_gym/abstract_transpile/test_hamiltonians.py::TestWorkoutAbstractHamiltonians::test_hamiltonians[ham_complbipart-n-10_a-5_b-5-square] PASSED [ 17%]
benchpress/qiskit_gym/abstract_transpile/test_hamiltonians.py::TestWorkoutAbstractHamiltonians::test_hamiltonians[ham_complbipart-n-10_a-5_b-5-heavy-hex] PASSED [ 17%]
benchpress/qiskit_gym/abstract_transpile/test_hamiltonians.py::TestWorkoutAbstractHamiltonians::test_hamiltonians[ham_complbipart-n-10_a-5_b-5-linear] PASSED [ 18%]
benchpress/qiskit_gym/abstract_transpile/test_hamiltonians.py::TestWorkoutAbstractHamiltonians::test_hamiltonians[ham_ham_JW10-all-to-all] PASSED [ 18%]
benchpress/qiskit_gym/abstract_transpile/test_hamiltonians.py::TestWorkoutAbstractHamiltonians::test_hamiltonians[ham_ham_JW10-square] PASSED [ 18%]
benchpress/qiskit_gym/abstract_transpile/test_hamiltonians.py::TestWorkoutAbstractHamiltonians::test_hamiltonians[ham_ham_JW10-heavy-hex] PASSED [ 18%]
benchpress/qiskit_gym/abstract_transpile/test_hamiltonians.py::TestWorkoutAbstractHamiltonians::test_hamiltonians[ham_ham_JW10-linear] PASSED [ 19%]
benchpress/qiskit_gym/abstract_transpile/test_hamiltonians.py::TestWorkoutAbstractHamiltonians::test_hamiltonians[ham_ham_parity10-all-to-all] PASSED [ 19%]
benchpress/qiskit_gym/abstract_transpile/test_hamiltonians.py::TestWorkoutAbstractHamiltonians::test_hamiltonians[ham_ham_parity10-square] PASSED [ 19%]
benchpress/qiskit_gym/abstract_transpile/test_hamiltonians.py::TestWorkoutAbstractHamiltonians::test_hamiltonians[ham_ham_parity10-heavy-hex] PASSED [ 19%]
benchpress/qiskit_gym/abstract_transpile/test_hamiltonians.py::TestWorkoutAbstractHamiltonians::test_hamiltonians[ham_ham_parity10-linear] PASSED [ 20%]
benchpress/qiskit_gym/abstract_transpile/test_hamiltonians.py::TestWorkoutAbstractHamiltonians::test_hamiltonians[ham_ham_JW-10-all-to-all] PASSED [ 20%]
benchpress/qiskit_gym/abstract_transpile/test_hamiltonians.py::TestWorkoutAbstractHamiltonians::test_hamiltonians[ham_ham_JW-10-square] PASSED [ 20%]
benchpress/qiskit_gym/abstract_transpile/test_hamiltonians.py::TestWorkoutAbstractHamiltonians::test_hamiltonians[ham_ham_JW-10-heavy-hex] PASSED [ 20%]
benchpress/qiskit_gym/abstract_transpile/test_hamiltonians.py::TestWorkoutAbstractHamiltonians::test_hamiltonians[ham_ham_JW-10-linear] PASSED [ 21%]
benchpress/qiskit_gym/abstract_transpile/test_hamiltonians.py::TestWorkoutAbstractHamiltonians::test_hamiltonians[ham_mu_x_prime_enc_stdbinary_dvalues_8-8-8-8-8-8-8-8-8-4-4-4-4-4-4-all-to-all] PASSED [ 21%]
benchpress/qiskit_gym/abstract_transpile/test_hamiltonians.py::TestWorkoutAbstractHamiltonians::test_hamiltonians[ham_mu_x_prime_enc_stdbinary_dvalues_8-8-8-8-8-8-8-8-8-4-4-4-4-4-4-square] PASSED [ 21%]
benchpress/qiskit_gym/abstract_transpile/test_hamiltonians.py::TestWorkoutAbstractHamiltonians::test_hamiltonians[ham_mu_x_prime_enc_stdbinary_dvalues_8-8-8-8-8-8-8-8-8-4-4-4-4-4-4-heavy-hex] PASSED [ 21%]
benchpress/qiskit_gym/abstract_transpile/test_hamiltonians.py::TestWorkoutAbstractHamiltonians::test_hamiltonians[ham_mu_x_prime_enc_stdbinary_dvalues_8-8-8-8-8-8-8-8-8-4-4-4-4-4-4-linear] PASSED [ 22%]
benchpress/qiskit_gym/abstract_transpile/test_hamiltonians.py::TestWorkoutAbstractHamiltonians::test_hamiltonians[ham_mu_x_prime_enc_unary_dvalues_4-4-4-all-to-all] PASSED [ 22%]
benchpress/qiskit_gym/abstract_transpile/test_hamiltonians.py::TestWorkoutAbstractHamiltonians::test_hamiltonians[ham_mu_x_prime_enc_unary_dvalues_4-4-4-square] PASSED [ 22%]
benchpress/qiskit_gym/abstract_transpile/test_hamiltonians.py::TestWorkoutAbstractHamiltonians::test_hamiltonians[ham_mu_x_prime_enc_unary_dvalues_4-4-4-heavy-hex] PASSED [ 22%]
benchpress/qiskit_gym/abstract_transpile/test_hamiltonians.py::TestWorkoutAbstractHamiltonians::test_hamiltonians[ham_mu_x_prime_enc_unary_dvalues_4-4-4-linear] PASSED [ 23%]
benchpress/qiskit_gym/abstract_transpile/test_hamiltonians.py::TestWorkoutAbstractHamiltonians::test_hamiltonians[ham_ham_parity12-all-to-all] PASSED [ 23%]
benchpress/qiskit_gym/abstract_transpile/test_hamiltonians.py::TestWorkoutAbstractHamiltonians::test_hamiltonians[ham_ham_parity12-square] PASSED [ 23%]
benchpress/qiskit_gym/abstract_transpile/test_hamiltonians.py::TestWorkoutAbstractHamiltonians::test_hamiltonians[ham_ham_parity12-heavy-hex] PASSED [ 23%]
benchpress/qiskit_gym/abstract_transpile/test_hamiltonians.py::TestWorkoutAbstractHamiltonians::test_hamiltonians[ham_ham_parity12-linear] PASSED [ 24%]
benchpress/qiskit_gym/abstract_transpile/test_hamiltonians.py::TestWorkoutAbstractHamiltonians::test_hamiltonians[ham_ham_BK12-all-to-all] PASSED [ 24%]
benchpress/qiskit_gym/abstract_transpile/test_hamiltonians.py::TestWorkoutAbstractHamiltonians::test_hamiltonians[ham_ham_BK12-square] PASSED [ 24%]
benchpress/qiskit_gym/abstract_transpile/test_hamiltonians.py::TestWorkoutAbstractHamiltonians::test_hamiltonians[ham_ham_BK12-heavy-hex] PASSED [ 24%]
benchpress/qiskit_gym/abstract_transpile/test_hamiltonians.py::TestWorkoutAbstractHamiltonians::test_hamiltonians[ham_ham_BK12-linear] PASSED [ 25%]
benchpress/qiskit_gym/abstract_transpile/test_hamiltonians.py::TestWorkoutAbstractHamiltonians::test_hamiltonians[ham_ham_JW12-all-to-all] PASSED [ 25%]
benchpress/qiskit_gym/abstract_transpile/test_hamiltonians.py::TestWorkoutAbstractHamiltonians::test_hamiltonians[ham_ham_JW12-square] PASSED [ 25%]
benchpress/qiskit_gym/abstract_transpile/test_hamiltonians.py::TestWorkoutAbstractHamiltonians::test_hamiltonians[ham_ham_JW12-heavy-hex] PASSED [ 25%]
benchpress/qiskit_gym/abstract_transpile/test_hamiltonians.py::TestWorkoutAbstractHamiltonians::test_hamiltonians[ham_ham_JW12-linear] PASSED [ 26%]
benchpress/qiskit_gym/abstract_transpile/test_hamiltonians.py::TestWorkoutAbstractHamiltonians::test_hamiltonians[ham_bh_graph-1D-grid-pbc-qubitnodes_Lx-4_U-40_enc-gray_d-8-all-to-all] PASSED [ 26%]
benchpress/qiskit_gym/abstract_transpile/test_hamiltonians.py::TestWorkoutAbstractHamiltonians::test_hamiltonians[ham_bh_graph-1D-grid-pbc-qubitnodes_Lx-4_U-40_enc-gray_d-8-square] PASSED [ 26%]
benchpress/qiskit_gym/abstract_transpile/test_hamiltonians.py::TestWorkoutAbstractHamiltonians::test_hamiltonians[ham_bh_graph-1D-grid-pbc-qubitnodes_Lx-4_U-40_enc-gray_d-8-heavy-hex] PASSED [ 26%]
benchpress/qiskit_gym/abstract_transpile/test_hamiltonians.py::TestWorkoutAbstractHamiltonians::test_hamiltonians[ham_bh_graph-1D-grid-pbc-qubitnodes_Lx-4_U-40_enc-gray_d-8-linear] PASSED [ 27%]
benchpress/qiskit_gym/abstract_transpile/test_hamiltonians.py::TestWorkoutAbstractHamiltonians::test_hamiltonians[ham_enc_unary_dvalues_4-4-4-all-to-all] PASSED [ 27%]
benchpress/qiskit_gym/abstract_transpile/test_hamiltonians.py::TestWorkoutAbstractHamiltonians::test_hamiltonians[ham_enc_unary_dvalues_4-4-4-square] PASSED [ 27%]
benchpress/qiskit_gym/abstract_transpile/test_hamiltonians.py::TestWorkoutAbstractHamiltonians::test_hamiltonians[ham_enc_unary_dvalues_4-4-4-heavy-hex] PASSED [ 27%]
benchpress/qiskit_gym/abstract_transpile/test_hamiltonians.py::TestWorkoutAbstractHamiltonians::test_hamiltonians[ham_enc_unary_dvalues_4-4-4-linear] PASSED [ 28%]
benchpress/qiskit_gym/abstract_transpile/test_hamiltonians.py::TestWorkoutAbstractHamiltonians::test_hamiltonians[ham_ham_parity-14-all-to-all] PASSED [ 28%]
benchpress/qiskit_gym/abstract_transpile/test_hamiltonians.py::TestWorkoutAbstractHamiltonians::test_hamiltonians[ham_ham_parity-14-square] PASSED [ 28%]
benchpress/qiskit_gym/abstract_transpile/test_hamiltonians.py::TestWorkoutAbstractHamiltonians::test_hamiltonians[ham_ham_parity-14-heavy-hex] PASSED [ 28%]
benchpress/qiskit_gym/abstract_transpile/test_hamiltonians.py::TestWorkoutAbstractHamiltonians::test_hamiltonians[ham_ham_parity-14-linear] PASSED [ 29%]
benchpress/qiskit_gym/abstract_transpile/test_hamiltonians.py::TestWorkoutAbstractHamiltonians::test_hamiltonians[ham_ham_JW14-all-to-all] PASSED [ 29%]
benchpress/qiskit_gym/abstract_transpile/test_hamiltonians.py::TestWorkoutAbstractHamiltonians::test_hamiltonians[ham_ham_JW14-square] PASSED [ 29%]
benchpress/qiskit_gym/abstract_transpile/test_hamiltonians.py::TestWorkoutAbstractHamiltonians::test_hamiltonians[ham_ham_JW14-heavy-hex] PASSED [ 29%]
benchpress/qiskit_gym/abstract_transpile/test_hamiltonians.py::TestWorkoutAbstractHamiltonians::test_hamiltonians[ham_ham_JW14-linear] PASSED [ 30%]
benchpress/qiskit_gym/abstract_transpile/test_hamiltonians.py::TestWorkoutAbstractHamiltonians::test_hamiltonians[ham_enc_gray_dvalues_4-4-4-4-4-4-4-all-to-all] PASSED [ 30%]
benchpress/qiskit_gym/abstract_transpile/test_hamiltonians.py::TestWorkoutAbstractHamiltonians::test_hamiltonians[ham_enc_gray_dvalues_4-4-4-4-4-4-4-square] PASSED [ 30%]
benchpress/qiskit_gym/abstract_transpile/test_hamiltonians.py::TestWorkoutAbstractHamiltonians::test_hamiltonians[ham_enc_gray_dvalues_4-4-4-4-4-4-4-heavy-hex] PASSED [ 30%]
benchpress/qiskit_gym/abstract_transpile/test_hamiltonians.py::TestWorkoutAbstractHamiltonians::test_hamiltonians[ham_enc_gray_dvalues_4-4-4-4-4-4-4-linear] PASSED [ 31%]
benchpress/qiskit_gym/abstract_transpile/test_hamiltonians.py::TestWorkoutAbstractHamiltonians::test_hamiltonians[ham_ham_BK-14-all-to-all] PASSED [ 31%]
benchpress/qiskit_gym/abstract_transpile/test_hamiltonians.py::TestWorkoutAbstractHamiltonians::test_hamiltonians[ham_ham_BK-14-square] PASSED [ 31%]
benchpress/qiskit_gym/abstract_transpile/test_hamiltonians.py::TestWorkoutAbstractHamiltonians::test_hamiltonians[ham_ham_BK-14-heavy-hex] PASSED [ 31%]
benchpress/qiskit_gym/abstract_transpile/test_hamiltonians.py::TestWorkoutAbstractHamiltonians::test_hamiltonians[ham_ham_BK-14-linear] PASSED [ 32%]
benchpress/qiskit_gym/abstract_transpile/test_hamiltonians.py::TestWorkoutAbstractHamiltonians::test_hamiltonians[ham_ham_JW-14-all-to-all] PASSED [ 32%]
benchpress/qiskit_gym/abstract_transpile/test_hamiltonians.py::TestWorkoutAbstractHamiltonians::test_hamiltonians[ham_ham_JW-14-square] PASSED [ 32%]
benchpress/qiskit_gym/abstract_transpile/test_hamiltonians.py::TestWorkoutAbstractHamiltonians::test_hamiltonians[ham_ham_JW-14-heavy-hex] PASSED [ 32%]
benchpress/qiskit_gym/abstract_transpile/test_hamiltonians.py::TestWorkoutAbstractHamiltonians::test_hamiltonians[ham_ham_JW-14-linear] PASSED [ 33%]
benchpress/qiskit_gym/abstract_transpile/test_hamiltonians.py::TestWorkoutAbstractHamiltonians::test_hamiltonians[ham_mu_z_prime_enc_unary_dvalues_16-16-16-16-16-16-16-all-to-all] PASSED [ 33%]
benchpress/qiskit_gym/abstract_transpile/test_hamiltonians.py::TestWorkoutAbstractHamiltonians::test_hamiltonians[ham_mu_z_prime_enc_unary_dvalues_16-16-16-16-16-16-16-square] PASSED [ 33%]
benchpress/qiskit_gym/abstract_transpile/test_hamiltonians.py::TestWorkoutAbstractHamiltonians::test_hamiltonians[ham_mu_z_prime_enc_unary_dvalues_16-16-16-16-16-16-16-heavy-hex] PASSED [ 33%]
benchpress/qiskit_gym/abstract_transpile/test_hamiltonians.py::TestWorkoutAbstractHamiltonians::test_hamiltonians[ham_mu_z_prime_enc_unary_dvalues_16-16-16-16-16-16-16-linear] PASSED [ 34%]
benchpress/qiskit_gym/abstract_transpile/test_hamiltonians.py::TestWorkoutAbstractHamiltonians::test_hamiltonians[ham_graph-1D-grid-pbc-qubitnodes_Lx-16_h-2-all-to-all] PASSED [ 34%]
benchpress/qiskit_gym/abstract_transpile/test_hamiltonians.py::TestWorkoutAbstractHamiltonians::test_hamiltonians[ham_graph-1D-grid-pbc-qubitnodes_Lx-16_h-2-square] PASSED [ 34%]
benchpress/qiskit_gym/abstract_transpile/test_hamiltonians.py::TestWorkoutAbstractHamiltonians::test_hamiltonians[ham_graph-1D-grid-pbc-qubitnodes_Lx-16_h-2-heavy-hex] PASSED [ 34%]
benchpress/qiskit_gym/abstract_transpile/test_hamiltonians.py::TestWorkoutAbstractHamiltonians::test_hamiltonians[ham_graph-1D-grid-pbc-qubitnodes_Lx-16_h-2-linear] PASSED [ 35%]
benchpress/qiskit_gym/abstract_transpile/test_hamiltonians.py::TestWorkoutAbstractHamiltonians::test_hamiltonians[ham_ham_JW-18-all-to-all] PASSED [ 35%]
benchpress/qiskit_gym/abstract_transpile/test_hamiltonians.py::TestWorkoutAbstractHamiltonians::test_hamiltonians[ham_ham_JW-18-square] PASSED [ 35%]
benchpress/qiskit_gym/abstract_transpile/test_hamiltonians.py::TestWorkoutAbstractHamiltonians::test_hamiltonians[ham_ham_JW-18-heavy-hex] PASSED [ 35%]
benchpress/qiskit_gym/abstract_transpile/test_hamiltonians.py::TestWorkoutAbstractHamiltonians::test_hamiltonians[ham_ham_JW-18-linear] PASSED [ 36%]
benchpress/qiskit_gym/abstract_transpile/test_hamiltonians.py::TestWorkoutAbstractHamiltonians::test_hamiltonians[ham_ham_JW-22-all-to-all] PASSED [ 36%]
benchpress/qiskit_gym/abstract_transpile/test_hamiltonians.py::TestWorkoutAbstractHamiltonians::test_hamiltonians[ham_ham_JW-22-square] PASSED [ 36%]
benchpress/qiskit_gym/abstract_transpile/test_hamiltonians.py::TestWorkoutAbstractHamiltonians::test_hamiltonians[ham_ham_JW-22-heavy-hex] PASSED [ 36%]
benchpress/qiskit_gym/abstract_transpile/test_hamiltonians.py::TestWorkoutAbstractHamiltonians::test_hamiltonians[ham_ham_JW-22-linear] PASSED [ 37%]
benchpress/qiskit_gym/abstract_transpile/test_hamiltonians.py::TestWorkoutAbstractHamiltonians::test_hamiltonians[ham_ham_BK22-all-to-all] PASSED [ 37%]
benchpress/qiskit_gym/abstract_transpile/test_hamiltonians.py::TestWorkoutAbstractHamiltonians::test_hamiltonians[ham_ham_BK22-square] PASSED [ 37%]
benchpress/qiskit_gym/abstract_transpile/test_hamiltonians.py::TestWorkoutAbstractHamiltonians::test_hamiltonians[ham_ham_BK22-heavy-hex] PASSED [ 37%]
benchpress/qiskit_gym/abstract_transpile/test_hamiltonians.py::TestWorkoutAbstractHamiltonians::test_hamiltonians[ham_ham_BK22-linear] PASSED [ 38%]
benchpress/qiskit_gym/abstract_transpile/test_hamiltonians.py::TestWorkoutAbstractHamiltonians::test_hamiltonians[ham_mu_y_prime_enc_stdbinary_dvalues_4-4-4-4-4-4-4-4-4-4-4-4-4-4-4-4-4-4-all-to-all] PASSED [ 38%]
benchpress/qiskit_gym/abstract_transpile/test_hamiltonians.py::TestWorkoutAbstractHamiltonians::test_hamiltonians[ham_mu_y_prime_enc_stdbinary_dvalues_4-4-4-4-4-4-4-4-4-4-4-4-4-4-4-4-4-4-square] PASSED [ 38%]
benchpress/qiskit_gym/abstract_transpile/test_hamiltonians.py::TestWorkoutAbstractHamiltonians::test_hamiltonians[ham_mu_y_prime_enc_stdbinary_dvalues_4-4-4-4-4-4-4-4-4-4-4-4-4-4-4-4-4-4-heavy-hex] PASSED [ 38%]
benchpress/qiskit_gym/abstract_transpile/test_hamiltonians.py::TestWorkoutAbstractHamiltonians::test_hamiltonians[ham_mu_y_prime_enc_stdbinary_dvalues_4-4-4-4-4-4-4-4-4-4-4-4-4-4-4-4-4-4-linear] PASSED [ 39%]
benchpress/qiskit_gym/abstract_transpile/test_hamiltonians.py::TestWorkoutAbstractHamiltonians::test_hamiltonians[ham_gnp-k_5_n-24_rinst-04-all-to-all] PASSED [ 39%]
benchpress/qiskit_gym/abstract_transpile/test_hamiltonians.py::TestWorkoutAbstractHamiltonians::test_hamiltonians[ham_gnp-k_5_n-24_rinst-04-square] PASSED [ 39%]
benchpress/qiskit_gym/abstract_transpile/test_hamiltonians.py::TestWorkoutAbstractHamiltonians::test_hamiltonians[ham_gnp-k_5_n-24_rinst-04-heavy-hex] PASSED [ 39%]
benchpress/qiskit_gym/abstract_transpile/test_hamiltonians.py::TestWorkoutAbstractHamiltonians::test_hamiltonians[ham_gnp-k_5_n-24_rinst-04-linear] PASSED [ 40%]
benchpress/qiskit_gym/abstract_transpile/test_hamiltonians.py::TestWorkoutAbstractHamiltonians::test_hamiltonians[ham_tsp_prob-ulysses22_Ncity-8_enc-stdbinary-all-to-all] PASSED [ 40%]
benchpress/qiskit_gym/abstract_transpile/test_hamiltonians.py::TestWorkoutAbstractHamiltonians::test_hamiltonians[ham_tsp_prob-ulysses22_Ncity-8_enc-stdbinary-square] PASSED [ 40%]
benchpress/qiskit_gym/abstract_transpile/test_hamiltonians.py::TestWorkoutAbstractHamiltonians::test_hamiltonians[ham_tsp_prob-ulysses22_Ncity-8_enc-stdbinary-heavy-hex] PASSED [ 40%]
benchpress/qiskit_gym/abstract_transpile/test_hamiltonians.py::TestWorkoutAbstractHamiltonians::test_hamiltonians[ham_tsp_prob-ulysses22_Ncity-8_enc-stdbinary-linear] PASSED [ 41%]
benchpress/qiskit_gym/abstract_transpile/test_hamiltonians.py::TestWorkoutAbstractHamiltonians::test_hamiltonians[ham_ham_JW24-all-to-all] PASSED [ 41%]
benchpress/qiskit_gym/abstract_transpile/test_hamiltonians.py::TestWorkoutAbstractHamiltonians::test_hamiltonians[ham_ham_JW24-square] PASSED [ 41%]
benchpress/qiskit_gym/abstract_transpile/test_hamiltonians.py::TestWorkoutAbstractHamiltonians::test_hamiltonians[ham_ham_JW24-heavy-hex] PASSED [ 41%]
benchpress/qiskit_gym/abstract_transpile/test_hamiltonians.py::TestWorkoutAbstractHamiltonians::test_hamiltonians[ham_ham_JW24-linear] PASSED [ 42%]
benchpress/qiskit_gym/abstract_transpile/test_hamiltonians.py::TestWorkoutAbstractHamiltonians::test_hamiltonians[ham_tsp_prob-ts225_Ncity-5_enc-unary-all-to-all] PASSED [ 42%]
benchpress/qiskit_gym/abstract_transpile/test_hamiltonians.py::TestWorkoutAbstractHamiltonians::test_hamiltonians[ham_tsp_prob-ts225_Ncity-5_enc-unary-square] PASSED [ 42%]
benchpress/qiskit_gym/abstract_transpile/test_hamiltonians.py::TestWorkoutAbstractHamiltonians::test_hamiltonians[ham_tsp_prob-ts225_Ncity-5_enc-unary-heavy-hex] PASSED [ 42%]
benchpress/qiskit_gym/abstract_transpile/test_hamiltonians.py::TestWorkoutAbstractHamiltonians::test_hamiltonians[ham_tsp_prob-ts225_Ncity-5_enc-unary-linear] PASSED [ 43%]
benchpress/qiskit_gym/abstract_transpile/test_hamiltonians.py::TestWorkoutAbstractHamiltonians::test_hamiltonians[ham_graph-1D-grid-pbc-qubitnodes_Lx-26_h-6-all-to-all] PASSED [ 43%]
benchpress/qiskit_gym/abstract_transpile/test_hamiltonians.py::TestWorkoutAbstractHamiltonians::test_hamiltonians[ham_graph-1D-grid-pbc-qubitnodes_Lx-26_h-6-square] PASSED [ 43%]
benchpress/qiskit_gym/abstract_transpile/test_hamiltonians.py::TestWorkoutAbstractHamiltonians::test_hamiltonians[ham_graph-1D-grid-pbc-qubitnodes_Lx-26_h-6-heavy-hex] PASSED [ 43%]
benchpress/qiskit_gym/abstract_transpile/test_hamiltonians.py::TestWorkoutAbstractHamiltonians::test_hamiltonians[ham_graph-1D-grid-pbc-qubitnodes_Lx-26_h-6-linear] PASSED [ 44%]
benchpress/qiskit_gym/abstract_transpile/test_hamiltonians.py::TestWorkoutAbstractHamiltonians::test_hamiltonians[ham_bh_graph-1D-grid-pbc-qubitnodes_Lx-14_U-10_enc-stdbinary_d-4-all-to-all] PASSED [ 44%]
benchpress/qiskit_gym/abstract_transpile/test_hamiltonians.py::TestWorkoutAbstractHamiltonians::test_hamiltonians[ham_bh_graph-1D-grid-pbc-qubitnodes_Lx-14_U-10_enc-stdbinary_d-4-square] PASSED [ 44%]
benchpress/qiskit_gym/abstract_transpile/test_hamiltonians.py::TestWorkoutAbstractHamiltonians::test_hamiltonians[ham_bh_graph-1D-grid-pbc-qubitnodes_Lx-14_U-10_enc-stdbinary_d-4-heavy-hex] PASSED [ 44%]
benchpress/qiskit_gym/abstract_transpile/test_hamiltonians.py::TestWorkoutAbstractHamiltonians::test_hamiltonians[ham_bh_graph-1D-grid-pbc-qubitnodes_Lx-14_U-10_enc-stdbinary_d-4-linear] PASSED [ 45%]
benchpress/qiskit_gym/abstract_transpile/test_hamiltonians.py::TestWorkoutAbstractHamiltonians::test_hamiltonians[ham_bh_graph-2D-triag-nonpbc-qubitnodes_Lx-3_Ly-5_U-30_enc-gray_d-4-all-to-all] PASSED [ 45%]
benchpress/qiskit_gym/abstract_transpile/test_hamiltonians.py::TestWorkoutAbstractHamiltonians::test_hamiltonians[ham_bh_graph-2D-triag-nonpbc-qubitnodes_Lx-3_Ly-5_U-30_enc-gray_d-4-square] PASSED [ 45%]
benchpress/qiskit_gym/abstract_transpile/test_hamiltonians.py::TestWorkoutAbstractHamiltonians::test_hamiltonians[ham_bh_graph-2D-triag-nonpbc-qubitnodes_Lx-3_Ly-5_U-30_enc-gray_d-4-heavy-hex] PASSED [ 45%]
benchpress/qiskit_gym/abstract_transpile/test_hamiltonians.py::TestWorkoutAbstractHamiltonians::test_hamiltonians[ham_bh_graph-2D-triag-nonpbc-qubitnodes_Lx-3_Ly-5_U-30_enc-gray_d-4-linear] PASSED [ 46%]
benchpress/qiskit_gym/abstract_transpile/test_hamiltonians.py::TestWorkoutAbstractHamiltonians::test_hamiltonians[ham_reg-5_n-10_rinst-07-all-to-all] PASSED [ 46%]
benchpress/qiskit_gym/abstract_transpile/test_hamiltonians.py::TestWorkoutAbstractHamiltonians::test_hamiltonians[ham_reg-5_n-10_rinst-07-square] PASSED [ 46%]
benchpress/qiskit_gym/abstract_transpile/test_hamiltonians.py::TestWorkoutAbstractHamiltonians::test_hamiltonians[ham_reg-5_n-10_rinst-07-heavy-hex] PASSED [ 46%]
benchpress/qiskit_gym/abstract_transpile/test_hamiltonians.py::TestWorkoutAbstractHamiltonians::test_hamiltonians[ham_reg-5_n-10_rinst-07-linear] PASSED [ 47%]
benchpress/qiskit_gym/abstract_transpile/test_hamiltonians.py::TestWorkoutAbstractHamiltonians::test_hamiltonians[ham_mu_y_prime_enc_unary_dvalues_16-16-16-16-16-16-all-to-all] PASSED [ 47%]
benchpress/qiskit_gym/abstract_transpile/test_hamiltonians.py::TestWorkoutAbstractHamiltonians::test_hamiltonians[ham_mu_y_prime_enc_unary_dvalues_16-16-16-16-16-16-square] PASSED [ 47%]
benchpress/qiskit_gym/abstract_transpile/test_hamiltonians.py::TestWorkoutAbstractHamiltonians::test_hamiltonians[ham_mu_y_prime_enc_unary_dvalues_16-16-16-16-16-16-heavy-hex] PASSED [ 47%]
benchpress/qiskit_gym/abstract_transpile/test_hamiltonians.py::TestWorkoutAbstractHamiltonians::test_hamiltonians[ham_mu_y_prime_enc_unary_dvalues_16-16-16-16-16-16-linear] PASSED [ 48%]
benchpress/qiskit_gym/abstract_transpile/test_hamiltonians.py::TestWorkoutAbstractHamiltonians::test_hamiltonians[ham_bh_graph-3D-grid-nonpbc-qubitnodes_Lx-2_Ly-2_Lz-2_U-20_enc-unary_d-4-all-to-all] PASSED [ 48%]
benchpress/qiskit_gym/abstract_transpile/test_hamiltonians.py::TestWorkoutAbstractHamiltonians::test_hamiltonians[ham_bh_graph-3D-grid-nonpbc-qubitnodes_Lx-2_Ly-2_Lz-2_U-20_enc-unary_d-4-square] PASSED [ 48%]
benchpress/qiskit_gym/abstract_transpile/test_hamiltonians.py::TestWorkoutAbstractHamiltonians::test_hamiltonians[ham_bh_graph-3D-grid-nonpbc-qubitnodes_Lx-2_Ly-2_Lz-2_U-20_enc-unary_d-4-heavy-hex] PASSED [ 48%]
benchpress/qiskit_gym/abstract_transpile/test_hamiltonians.py::TestWorkoutAbstractHamiltonians::test_hamiltonians[ham_bh_graph-3D-grid-nonpbc-qubitnodes_Lx-2_Ly-2_Lz-2_U-20_enc-unary_d-4-linear] PASSED [ 49%]
benchpress/qiskit_gym/abstract_transpile/test_hamiltonians.py::TestWorkoutAbstractHamiltonians::test_hamiltonians[ham_0-uuf100-0810.cnf-40-res-all-to-all] PASSED [ 49%]
benchpress/qiskit_gym/abstract_transpile/test_hamiltonians.py::TestWorkoutAbstractHamiltonians::test_hamiltonians[ham_0-uuf100-0810.cnf-40-res-square] PASSED [ 49%]
benchpress/qiskit_gym/abstract_transpile/test_hamiltonians.py::TestWorkoutAbstractHamiltonians::test_hamiltonians[ham_0-uuf100-0810.cnf-40-res-heavy-hex] PASSED [ 49%]
benchpress/qiskit_gym/abstract_transpile/test_hamiltonians.py::TestWorkoutAbstractHamiltonians::test_hamiltonians[ham_0-uuf100-0810.cnf-40-res-linear] PASSED [ 50%]
benchpress/qiskit_gym/abstract_transpile/test_hamiltonians.py::TestWorkoutAbstractHamiltonians::test_hamiltonians[ham_8-uuf100-0509.cnf-40-cc-all-to-all] PASSED [ 50%]
benchpress/qiskit_gym/abstract_transpile/test_hamiltonians.py::TestWorkoutAbstractHamiltonians::test_hamiltonians[ham_8-uuf100-0509.cnf-40-cc-square] PASSED [ 50%]
benchpress/qiskit_gym/abstract_transpile/test_hamiltonians.py::TestWorkoutAbstractHamiltonians::test_hamiltonians[ham_8-uuf100-0509.cnf-40-cc-heavy-hex] PASSED [ 50%]
benchpress/qiskit_gym/abstract_transpile/test_hamiltonians.py::TestWorkoutAbstractHamiltonians::test_hamiltonians[ham_8-uuf100-0509.cnf-40-cc-linear] PASSED [ 51%]
benchpress/qiskit_gym/abstract_transpile/test_hamiltonians.py::TestWorkoutAbstractHamiltonians::test_hamiltonians[ham_gnp-k_4_n-40_rinst-07-all-to-all] PASSED [ 51%]
benchpress/qiskit_gym/abstract_transpile/test_hamiltonians.py::TestWorkoutAbstractHamiltonians::test_hamiltonians[ham_gnp-k_4_n-40_rinst-07-square] PASSED [ 51%]
benchpress/qiskit_gym/abstract_transpile/test_hamiltonians.py::TestWorkoutAbstractHamiltonians::test_hamiltonians[ham_gnp-k_4_n-40_rinst-07-heavy-hex] PASSED [ 51%]
benchpress/qiskit_gym/abstract_transpile/test_hamiltonians.py::TestWorkoutAbstractHamiltonians::test_hamiltonians[ham_gnp-k_4_n-40_rinst-07-linear] PASSED [ 52%]
benchpress/qiskit_gym/abstract_transpile/test_hamiltonians.py::TestWorkoutAbstractHamiltonians::test_hamiltonians[ham_2-uf100-0396.cnf-46-res-all-to-all] PASSED [ 52%]
benchpress/qiskit_gym/abstract_transpile/test_hamiltonians.py::TestWorkoutAbstractHamiltonians::test_hamiltonians[ham_2-uf100-0396.cnf-46-res-square] PASSED [ 52%]
benchpress/qiskit_gym/abstract_transpile/test_hamiltonians.py::TestWorkoutAbstractHamiltonians::test_hamiltonians[ham_2-uf100-0396.cnf-46-res-heavy-hex] PASSED [ 52%]
benchpress/qiskit_gym/abstract_transpile/test_hamiltonians.py::TestWorkoutAbstractHamiltonians::test_hamiltonians[ham_2-uf100-0396.cnf-46-res-linear] PASSED [ 53%]
benchpress/qiskit_gym/abstract_transpile/test_hamiltonians.py::TestWorkoutAbstractHamiltonians::test_hamiltonians[ham_2-uf100-0601.cnf-46-res-all-to-all] PASSED [ 53%]
benchpress/qiskit_gym/abstract_transpile/test_hamiltonians.py::TestWorkoutAbstractHamiltonians::test_hamiltonians[ham_2-uf100-0601.cnf-46-res-square] PASSED [ 53%]
benchpress/qiskit_gym/abstract_transpile/test_hamiltonians.py::TestWorkoutAbstractHamiltonians::test_hamiltonians[ham_2-uf100-0601.cnf-46-res-heavy-hex] PASSED [ 53%]
benchpress/qiskit_gym/abstract_transpile/test_hamiltonians.py::TestWorkoutAbstractHamiltonians::test_hamiltonians[ham_2-uf100-0601.cnf-46-res-linear] PASSED [ 54%]
benchpress/qiskit_gym/abstract_transpile/test_hamiltonians.py::TestWorkoutAbstractHamiltonians::test_hamiltonians[ham_bh_graph-1D-grid-nonpbc-qubitnodes_Lx-12_U-40_enc-unary_d-4-all-to-all] PASSED [ 54%]
benchpress/qiskit_gym/abstract_transpile/test_hamiltonians.py::TestWorkoutAbstractHamiltonians::test_hamiltonians[ham_bh_graph-1D-grid-nonpbc-qubitnodes_Lx-12_U-40_enc-unary_d-4-square] PASSED [ 54%]
benchpress/qiskit_gym/abstract_transpile/test_hamiltonians.py::TestWorkoutAbstractHamiltonians::test_hamiltonians[ham_bh_graph-1D-grid-nonpbc-qubitnodes_Lx-12_U-40_enc-unary_d-4-heavy-hex] PASSED [ 54%]
benchpress/qiskit_gym/abstract_transpile/test_hamiltonians.py::TestWorkoutAbstractHamiltonians::test_hamiltonians[ham_bh_graph-1D-grid-nonpbc-qubitnodes_Lx-12_U-40_enc-unary_d-4-linear] PASSED [ 55%]
benchpress/qiskit_gym/abstract_transpile/test_hamiltonians.py::TestWorkoutAbstractHamiltonians::test_hamiltonians[ham_bh_graph-1D-grid-pbc-qubitnodes_Lx-24_U-20_enc-stdbinary_d-4-all-to-all] PASSED [ 55%]
benchpress/qiskit_gym/abstract_transpile/test_hamiltonians.py::TestWorkoutAbstractHamiltonians::test_hamiltonians[ham_bh_graph-1D-grid-pbc-qubitnodes_Lx-24_U-20_enc-stdbinary_d-4-square] PASSED [ 55%]
benchpress/qiskit_gym/abstract_transpile/test_hamiltonians.py::TestWorkoutAbstractHamiltonians::test_hamiltonians[ham_bh_graph-1D-grid-pbc-qubitnodes_Lx-24_U-20_enc-stdbinary_d-4-heavy-hex] PASSED [ 55%]
benchpress/qiskit_gym/abstract_transpile/test_hamiltonians.py::TestWorkoutAbstractHamiltonians::test_hamiltonians[ham_bh_graph-1D-grid-pbc-qubitnodes_Lx-24_U-20_enc-stdbinary_d-4-linear] PASSED [ 56%]
benchpress/qiskit_gym/abstract_transpile/test_hamiltonians.py::TestWorkoutAbstractHamiltonians::test_hamiltonians[ham_tsp_prob-lin105_Ncity-7_enc-unary-all-to-all] PASSED [ 56%]
benchpress/qiskit_gym/abstract_transpile/test_hamiltonians.py::TestWorkoutAbstractHamiltonians::test_hamiltonians[ham_tsp_prob-lin105_Ncity-7_enc-unary-square] PASSED [ 56%]
benchpress/qiskit_gym/abstract_transpile/test_hamiltonians.py::TestWorkoutAbstractHamiltonians::test_hamiltonians[ham_tsp_prob-lin105_Ncity-7_enc-unary-heavy-hex] PASSED [ 56%]
benchpress/qiskit_gym/abstract_transpile/test_hamiltonians.py::TestWorkoutAbstractHamiltonians::test_hamiltonians[ham_tsp_prob-lin105_Ncity-7_enc-unary-linear] PASSED [ 57%]
benchpress/qiskit_gym/abstract_transpile/test_hamiltonians.py::TestWorkoutAbstractHamiltonians::test_hamiltonians[ham_gnp-k_5_n-60_rinst-19-all-to-all] PASSED [ 57%]
benchpress/qiskit_gym/abstract_transpile/test_hamiltonians.py::TestWorkoutAbstractHamiltonians::test_hamiltonians[ham_gnp-k_5_n-60_rinst-19-square] PASSED [ 57%]
benchpress/qiskit_gym/abstract_transpile/test_hamiltonians.py::TestWorkoutAbstractHamiltonians::test_hamiltonians[ham_gnp-k_5_n-60_rinst-19-heavy-hex] PASSED [ 57%]
benchpress/qiskit_gym/abstract_transpile/test_hamiltonians.py::TestWorkoutAbstractHamiltonians::test_hamiltonians[ham_gnp-k_5_n-60_rinst-19-linear] PASSED [ 58%]
benchpress/qiskit_gym/abstract_transpile/test_hamiltonians.py::TestWorkoutAbstractHamiltonians::test_hamiltonians[ham_bh_graph-2D-triag-pbc-qubitnodes_Lx-5_Ly-5_U-30_enc-unary_d-4-all-to-all] PASSED [ 58%]
benchpress/qiskit_gym/abstract_transpile/test_hamiltonians.py::TestWorkoutAbstractHamiltonians::test_hamiltonians[ham_bh_graph-2D-triag-pbc-qubitnodes_Lx-5_Ly-5_U-30_enc-unary_d-4-square] PASSED [ 58%]
benchpress/qiskit_gym/abstract_transpile/test_hamiltonians.py::TestWorkoutAbstractHamiltonians::test_hamiltonians[ham_bh_graph-2D-triag-pbc-qubitnodes_Lx-5_Ly-5_U-30_enc-unary_d-4-heavy-hex] PASSED [ 58%]
benchpress/qiskit_gym/abstract_transpile/test_hamiltonians.py::TestWorkoutAbstractHamiltonians::test_hamiltonians[ham_bh_graph-2D-triag-pbc-qubitnodes_Lx-5_Ly-5_U-30_enc-unary_d-4-linear] PASSED [ 59%]
benchpress/qiskit_gym/abstract_transpile/test_hamiltonians.py::TestWorkoutAbstractHamiltonians::test_hamiltonians[ham_mu_x_prime_enc_unary_dvalues_16-16-16-16-16-16-16-16-16-16-16-16-16-16-16-all-to-all] PASSED [ 59%]
benchpress/qiskit_gym/abstract_transpile/test_hamiltonians.py::TestWorkoutAbstractHamiltonians::test_hamiltonians[ham_mu_x_prime_enc_unary_dvalues_16-16-16-16-16-16-16-16-16-16-16-16-16-16-16-square] PASSED [ 59%]
benchpress/qiskit_gym/abstract_transpile/test_hamiltonians.py::TestWorkoutAbstractHamiltonians::test_hamiltonians[ham_mu_x_prime_enc_unary_dvalues_16-16-16-16-16-16-16-16-16-16-16-16-16-16-16-heavy-hex] PASSED [ 59%]
benchpress/qiskit_gym/abstract_transpile/test_hamiltonians.py::TestWorkoutAbstractHamiltonians::test_hamiltonians[ham_mu_x_prime_enc_unary_dvalues_16-16-16-16-16-16-16-16-16-16-16-16-16-16-16-linear] PASSED [ 60%]
benchpress/qiskit_gym/abstract_transpile/test_hamiltonians.py::TestWorkoutAbstractHamiltonians::test_hamiltonians[ham_tsp_prob-d198_Ncity-8_enc-unary-all-to-all] PASSED [ 60%]
benchpress/qiskit_gym/abstract_transpile/test_hamiltonians.py::TestWorkoutAbstractHamiltonians::test_hamiltonians[ham_tsp_prob-d198_Ncity-8_enc-unary-square] PASSED [ 60%]
benchpress/qiskit_gym/abstract_transpile/test_hamiltonians.py::TestWorkoutAbstractHamiltonians::test_hamiltonians[ham_tsp_prob-d198_Ncity-8_enc-unary-heavy-hex] PASSED [ 60%]
benchpress/qiskit_gym/abstract_transpile/test_hamiltonians.py::TestWorkoutAbstractHamiltonians::test_hamiltonians[ham_tsp_prob-d198_Ncity-8_enc-unary-linear] PASSED [ 61%]
benchpress/qiskit_gym/abstract_transpile/test_hamiltonians.py::TestWorkoutAbstractHamiltonians::test_hamiltonians[ham_tsp_prob-kroD100_Ncity-16_enc-stdbinary-all-to-all] PASSED [ 61%]
benchpress/qiskit_gym/abstract_transpile/test_hamiltonians.py::TestWorkoutAbstractHamiltonians::test_hamiltonians[ham_tsp_prob-kroD100_Ncity-16_enc-stdbinary-square] PASSED [ 61%]
benchpress/qiskit_gym/abstract_transpile/test_hamiltonians.py::TestWorkoutAbstractHamiltonians::test_hamiltonians[ham_tsp_prob-kroD100_Ncity-16_enc-stdbinary-heavy-hex] PASSED [ 61%]
benchpress/qiskit_gym/abstract_transpile/test_hamiltonians.py::TestWorkoutAbstractHamiltonians::test_hamiltonians[ham_tsp_prob-kroD100_Ncity-16_enc-stdbinary-linear] PASSED [ 62%]
benchpress/qiskit_gym/abstract_transpile/test_hamiltonians.py::TestWorkoutAbstractHamiltonians::test_hamiltonians[ham_tsp_prob-fl417_Ncity-16_enc-stdbinary-all-to-all] PASSED [ 62%]
benchpress/qiskit_gym/abstract_transpile/test_hamiltonians.py::TestWorkoutAbstractHamiltonians::test_hamiltonians[ham_tsp_prob-fl417_Ncity-16_enc-stdbinary-square] PASSED [ 62%]
benchpress/qiskit_gym/abstract_transpile/test_hamiltonians.py::TestWorkoutAbstractHamiltonians::test_hamiltonians[ham_tsp_prob-fl417_Ncity-16_enc-stdbinary-heavy-hex] PASSED [ 62%]
benchpress/qiskit_gym/abstract_transpile/test_hamiltonians.py::TestWorkoutAbstractHamiltonians::test_hamiltonians[ham_tsp_prob-fl417_Ncity-16_enc-stdbinary-linear] PASSED [ 63%]
benchpress/qiskit_gym/abstract_transpile/test_hamiltonians.py::TestWorkoutAbstractHamiltonians::test_hamiltonians[ham_4-uf100-0246.cnf-70-res-all-to-all] PASSED [ 63%]
benchpress/qiskit_gym/abstract_transpile/test_hamiltonians.py::TestWorkoutAbstractHamiltonians::test_hamiltonians[ham_4-uf100-0246.cnf-70-res-square] PASSED [ 63%]
benchpress/qiskit_gym/abstract_transpile/test_hamiltonians.py::TestWorkoutAbstractHamiltonians::test_hamiltonians[ham_4-uf100-0246.cnf-70-res-heavy-hex] PASSED [ 63%]
benchpress/qiskit_gym/abstract_transpile/test_hamiltonians.py::TestWorkoutAbstractHamiltonians::test_hamiltonians[ham_4-uf100-0246.cnf-70-res-linear] PASSED [ 64%]
benchpress/qiskit_gym/abstract_transpile/test_hamiltonians.py::TestWorkoutAbstractHamiltonians::test_hamiltonians[ham_dsjc1000.1,n-36,rinst-4-all-to-all] PASSED [ 64%]
benchpress/qiskit_gym/abstract_transpile/test_hamiltonians.py::TestWorkoutAbstractHamiltonians::test_hamiltonians[ham_dsjc1000.1,n-36,rinst-4-square] PASSED [ 64%]
benchpress/qiskit_gym/abstract_transpile/test_hamiltonians.py::TestWorkoutAbstractHamiltonians::test_hamiltonians[ham_dsjc1000.1,n-36,rinst-4-heavy-hex] PASSED [ 64%]
benchpress/qiskit_gym/abstract_transpile/test_hamiltonians.py::TestWorkoutAbstractHamiltonians::test_hamiltonians[ham_dsjc1000.1,n-36,rinst-4-linear] PASSED [ 65%]
benchpress/qiskit_gym/abstract_transpile/test_hamiltonians.py::TestWorkoutAbstractHamiltonians::test_hamiltonians[ham_graph-2D-grid-nonpbc-qubitnodes_Lx-5_Ly-15_h-3-all-to-all] PASSED [ 65%]
benchpress/qiskit_gym/abstract_transpile/test_hamiltonians.py::TestWorkoutAbstractHamiltonians::test_hamiltonians[ham_graph-2D-grid-nonpbc-qubitnodes_Lx-5_Ly-15_h-3-square] PASSED [ 65%]
benchpress/qiskit_gym/abstract_transpile/test_hamiltonians.py::TestWorkoutAbstractHamiltonians::test_hamiltonians[ham_graph-2D-grid-nonpbc-qubitnodes_Lx-5_Ly-15_h-3-heavy-hex] PASSED [ 65%]
benchpress/qiskit_gym/abstract_transpile/test_hamiltonians.py::TestWorkoutAbstractHamiltonians::test_hamiltonians[ham_graph-2D-grid-nonpbc-qubitnodes_Lx-5_Ly-15_h-3-linear] PASSED [ 66%]
benchpress/qiskit_gym/abstract_transpile/test_hamiltonians.py::TestWorkoutAbstractHamiltonians::test_hamiltonians[ham_bh_graph-1D-grid-pbc-qubitnodes_Lx-10_U-30_enc-unary_d-8-all-to-all] PASSED [ 66%]
benchpress/qiskit_gym/abstract_transpile/test_hamiltonians.py::TestWorkoutAbstractHamiltonians::test_hamiltonians[ham_bh_graph-1D-grid-pbc-qubitnodes_Lx-10_U-30_enc-unary_d-8-square] PASSED [ 66%]
benchpress/qiskit_gym/abstract_transpile/test_hamiltonians.py::TestWorkoutAbstractHamiltonians::test_hamiltonians[ham_bh_graph-1D-grid-pbc-qubitnodes_Lx-10_U-30_enc-unary_d-8-heavy-hex] PASSED [ 66%]
benchpress/qiskit_gym/abstract_transpile/test_hamiltonians.py::TestWorkoutAbstractHamiltonians::test_hamiltonians[ham_bh_graph-1D-grid-pbc-qubitnodes_Lx-10_U-30_enc-unary_d-8-linear] PASSED [ 67%]
benchpress/qiskit_gym/abstract_transpile/test_hamiltonians.py::TestWorkoutAbstractHamiltonians::test_hamiltonians[ham_4-flat100-7.cnf-90-cc-all-to-all] PASSED [ 67%]
benchpress/qiskit_gym/abstract_transpile/test_hamiltonians.py::TestWorkoutAbstractHamiltonians::test_hamiltonians[ham_4-flat100-7.cnf-90-cc-square] PASSED [ 67%]
benchpress/qiskit_gym/abstract_transpile/test_hamiltonians.py::TestWorkoutAbstractHamiltonians::test_hamiltonians[ham_4-flat100-7.cnf-90-cc-heavy-hex] PASSED [ 67%]
benchpress/qiskit_gym/abstract_transpile/test_hamiltonians.py::TestWorkoutAbstractHamiltonians::test_hamiltonians[ham_4-flat100-7.cnf-90-cc-linear] PASSED [ 68%]
benchpress/qiskit_gym/abstract_transpile/test_hamiltonians.py::TestWorkoutAbstractHamiltonians::test_hamiltonians[ham_reg-4_n-90_rinst-07-all-to-all] PASSED [ 68%]
benchpress/qiskit_gym/abstract_transpile/test_hamiltonians.py::TestWorkoutAbstractHamiltonians::test_hamiltonians[ham_reg-4_n-90_rinst-07-square] PASSED [ 68%]
benchpress/qiskit_gym/abstract_transpile/test_hamiltonians.py::TestWorkoutAbstractHamiltonians::test_hamiltonians[ham_reg-4_n-90_rinst-07-heavy-hex] PASSED [ 68%]
benchpress/qiskit_gym/abstract_transpile/test_hamiltonians.py::TestWorkoutAbstractHamiltonians::test_hamiltonians[ham_reg-4_n-90_rinst-07-linear] PASSED [ 69%]
benchpress/qiskit_gym/abstract_transpile/test_hamiltonians.py::TestWorkoutAbstractHamiltonians::test_hamiltonians[ham_gnp-k_5_n-90_rinst-02-all-to-all] PASSED [ 69%]
benchpress/qiskit_gym/abstract_transpile/test_hamiltonians.py::TestWorkoutAbstractHamiltonians::test_hamiltonians[ham_gnp-k_5_n-90_rinst-02-square] PASSED [ 69%]
benchpress/qiskit_gym/abstract_transpile/test_hamiltonians.py::TestWorkoutAbstractHamiltonians::test_hamiltonians[ham_gnp-k_5_n-90_rinst-02-heavy-hex] PASSED [ 69%]
benchpress/qiskit_gym/abstract_transpile/test_hamiltonians.py::TestWorkoutAbstractHamiltonians::test_hamiltonians[ham_gnp-k_5_n-90_rinst-02-linear] PASSED [ 70%]
benchpress/qiskit_gym/abstract_transpile/test_hamiltonians.py::TestWorkoutAbstractHamiltonians::test_hamiltonians[ham_graph-2D-triag-pbc-qubitnodes_Lx-13_Ly-13_h-0.1-all-to-all] PASSED [ 70%]
benchpress/qiskit_gym/abstract_transpile/test_hamiltonians.py::TestWorkoutAbstractHamiltonians::test_hamiltonians[ham_graph-2D-triag-pbc-qubitnodes_Lx-13_Ly-13_h-0.1-square] PASSED [ 70%]
benchpress/qiskit_gym/abstract_transpile/test_hamiltonians.py::TestWorkoutAbstractHamiltonians::test_hamiltonians[ham_graph-2D-triag-pbc-qubitnodes_Lx-13_Ly-13_h-0.1-heavy-hex] PASSED [ 70%]
benchpress/qiskit_gym/abstract_transpile/test_hamiltonians.py::TestWorkoutAbstractHamiltonians::test_hamiltonians[ham_graph-2D-triag-pbc-qubitnodes_Lx-13_Ly-13_h-0.1-linear] PASSED [ 71%]
benchpress/qiskit_gym/abstract_transpile/test_hamiltonians.py::TestWorkoutAbstractHamiltonians::test_hamiltonians[ham_bh_graph-1D-grid-pbc-qubitnodes_Lx-46_U-2_enc-gray_d-4-all-to-all] PASSED [ 71%]
benchpress/qiskit_gym/abstract_transpile/test_hamiltonians.py::TestWorkoutAbstractHamiltonians::test_hamiltonians[ham_bh_graph-1D-grid-pbc-qubitnodes_Lx-46_U-2_enc-gray_d-4-square] PASSED [ 71%]
benchpress/qiskit_gym/abstract_transpile/test_hamiltonians.py::TestWorkoutAbstractHamiltonians::test_hamiltonians[ham_bh_graph-1D-grid-pbc-qubitnodes_Lx-46_U-2_enc-gray_d-4-heavy-hex] PASSED [ 71%]
benchpress/qiskit_gym/abstract_transpile/test_hamiltonians.py::TestWorkoutAbstractHamiltonians::test_hamiltonians[ham_bh_graph-1D-grid-pbc-qubitnodes_Lx-46_U-2_enc-gray_d-4-linear] PASSED [ 72%]
benchpress/qiskit_gym/abstract_transpile/test_hamiltonians.py::TestWorkoutAbstractHamiltonians::test_hamiltonians[ham_bh_graph-2D-grid-nonpbc-qubitnodes_Lx-7_Ly-7_U-70_enc-gray_d-4-all-to-all] PASSED [ 72%]
benchpress/qiskit_gym/abstract_transpile/test_hamiltonians.py::TestWorkoutAbstractHamiltonians::test_hamiltonians[ham_bh_graph-2D-grid-nonpbc-qubitnodes_Lx-7_Ly-7_U-70_enc-gray_d-4-square] PASSED [ 72%]
benchpress/qiskit_gym/abstract_transpile/test_hamiltonians.py::TestWorkoutAbstractHamiltonians::test_hamiltonians[ham_bh_graph-2D-grid-nonpbc-qubitnodes_Lx-7_Ly-7_U-70_enc-gray_d-4-heavy-hex] PASSED [ 72%]
benchpress/qiskit_gym/abstract_transpile/test_hamiltonians.py::TestWorkoutAbstractHamiltonians::test_hamiltonians[ham_bh_graph-2D-grid-nonpbc-qubitnodes_Lx-7_Ly-7_U-70_enc-gray_d-4-linear] PASSED [ 73%]
benchpress/qiskit_gym/abstract_transpile/test_hamiltonians.py::TestWorkoutAbstractHamiltonians::test_hamiltonians[ham_fh-graph-1D-grid-pbc-qubitnodes_Lx-50_U-2_enc-jw-all-to-all] PASSED [ 73%]
benchpress/qiskit_gym/abstract_transpile/test_hamiltonians.py::TestWorkoutAbstractHamiltonians::test_hamiltonians[ham_fh-graph-1D-grid-pbc-qubitnodes_Lx-50_U-2_enc-jw-square] PASSED [ 73%]
benchpress/qiskit_gym/abstract_transpile/test_hamiltonians.py::TestWorkoutAbstractHamiltonians::test_hamiltonians[ham_fh-graph-1D-grid-pbc-qubitnodes_Lx-50_U-2_enc-jw-heavy-hex] PASSED [ 73%]
benchpress/qiskit_gym/abstract_transpile/test_hamiltonians.py::TestWorkoutAbstractHamiltonians::test_hamiltonians[ham_fh-graph-1D-grid-pbc-qubitnodes_Lx-50_U-2_enc-jw-linear] PASSED [ 74%]
benchpress/qiskit_gym/abstract_transpile/test_hamiltonians.py::TestWorkoutAbstractHamiltonians::test_hamiltonians[ham_tsp_prob-st70_Ncity-10_enc-unary-all-to-all] PASSED [ 74%]
benchpress/qiskit_gym/abstract_transpile/test_hamiltonians.py::TestWorkoutAbstractHamiltonians::test_hamiltonians[ham_tsp_prob-st70_Ncity-10_enc-unary-square] PASSED [ 74%]
benchpress/qiskit_gym/abstract_transpile/test_hamiltonians.py::TestWorkoutAbstractHamiltonians::test_hamiltonians[ham_tsp_prob-st70_Ncity-10_enc-unary-heavy-hex] PASSED [ 74%]
benchpress/qiskit_gym/abstract_transpile/test_hamiltonians.py::TestWorkoutAbstractHamiltonians::test_hamiltonians[ham_tsp_prob-st70_Ncity-10_enc-unary-linear] PASSED [ 75%]
benchpress/qiskit_gym/abstract_transpile/test_hamiltonians.py::TestWorkoutAbstractHamiltonians::test_hamiltonians[ham_tsp_prob-pr76_Ncity-10_enc-unary-all-to-all] PASSED [ 75%]
benchpress/qiskit_gym/abstract_transpile/test_hamiltonians.py::TestWorkoutAbstractHamiltonians::test_hamiltonians[ham_tsp_prob-pr76_Ncity-10_enc-unary-square] PASSED [ 75%]
benchpress/qiskit_gym/abstract_transpile/test_hamiltonians.py::TestWorkoutAbstractHamiltonians::test_hamiltonians[ham_tsp_prob-pr76_Ncity-10_enc-unary-heavy-hex] PASSED [ 75%]
benchpress/qiskit_gym/abstract_transpile/test_hamiltonians.py::TestWorkoutAbstractHamiltonians::test_hamiltonians[ham_tsp_prob-pr76_Ncity-10_enc-unary-linear] PASSED [ 76%]
benchpress/qiskit_gym/abstract_transpile/test_hamiltonians.py::TestWorkoutAbstractHamiltonians::test_hamiltonians[ham_bh_graph-2D-triag-pbc-qubitnodes_Lx-10_Ly-10_U-30_enc-stdbinary_d-4-all-to-all] PASSED [ 76%]
benchpress/qiskit_gym/abstract_transpile/test_hamiltonians.py::TestWorkoutAbstractHamiltonians::test_hamiltonians[ham_bh_graph-2D-triag-pbc-qubitnodes_Lx-10_Ly-10_U-30_enc-stdbinary_d-4-square] PASSED [ 76%]
benchpress/qiskit_gym/abstract_transpile/test_hamiltonians.py::TestWorkoutAbstractHamiltonians::test_hamiltonians[ham_bh_graph-2D-triag-pbc-qubitnodes_Lx-10_Ly-10_U-30_enc-stdbinary_d-4-heavy-hex] PASSED [ 76%]
benchpress/qiskit_gym/abstract_transpile/test_hamiltonians.py::TestWorkoutAbstractHamiltonians::test_hamiltonians[ham_bh_graph-2D-triag-pbc-qubitnodes_Lx-10_Ly-10_U-30_enc-stdbinary_d-4-linear] PASSED [ 77%]
benchpress/qiskit_gym/abstract_transpile/test_hamiltonians.py::TestWorkoutAbstractHamiltonians::test_hamiltonians[ham_queen13_13,n-28,rinst-0-all-to-all] PASSED [ 77%]
benchpress/qiskit_gym/abstract_transpile/test_hamiltonians.py::TestWorkoutAbstractHamiltonians::test_hamiltonians[ham_queen13_13,n-28,rinst-0-square] PASSED [ 77%]
benchpress/qiskit_gym/abstract_transpile/test_hamiltonians.py::TestWorkoutAbstractHamiltonians::test_hamiltonians[ham_queen13_13,n-28,rinst-0-heavy-hex] PASSED [ 77%]
benchpress/qiskit_gym/abstract_transpile/test_hamiltonians.py::TestWorkoutAbstractHamiltonians::test_hamiltonians[ham_queen13_13,n-28,rinst-0-linear] PASSED [ 78%]
benchpress/qiskit_gym/abstract_transpile/test_hamiltonians.py::TestWorkoutAbstractHamiltonians::test_hamiltonians[ham_will199gpia,n-60,rinst-8-all-to-all] PASSED [ 78%]
benchpress/qiskit_gym/abstract_transpile/test_hamiltonians.py::TestWorkoutAbstractHamiltonians::test_hamiltonians[ham_will199gpia,n-60,rinst-8-square] PASSED [ 78%]
benchpress/qiskit_gym/abstract_transpile/test_hamiltonians.py::TestWorkoutAbstractHamiltonians::test_hamiltonians[ham_will199gpia,n-60,rinst-8-heavy-hex] PASSED [ 78%]
benchpress/qiskit_gym/abstract_transpile/test_hamiltonians.py::TestWorkoutAbstractHamiltonians::test_hamiltonians[ham_will199gpia,n-60,rinst-8-linear] PASSED [ 79%]
benchpress/qiskit_gym/abstract_transpile/test_hamiltonians.py::TestWorkoutAbstractHamiltonians::test_hamiltonians[ham_bh_graph-1D-grid-pbc-qubitnodes_Lx-60_U-10_enc-stdbinary_d-4-all-to-all] PASSED [ 79%]
benchpress/qiskit_gym/abstract_transpile/test_hamiltonians.py::TestWorkoutAbstractHamiltonians::test_hamiltonians[ham_bh_graph-1D-grid-pbc-qubitnodes_Lx-60_U-10_enc-stdbinary_d-4-square] PASSED [ 79%]
benchpress/qiskit_gym/abstract_transpile/test_hamiltonians.py::TestWorkoutAbstractHamiltonians::test_hamiltonians[ham_bh_graph-1D-grid-pbc-qubitnodes_Lx-60_U-10_enc-stdbinary_d-4-heavy-hex] PASSED [ 79%]
benchpress/qiskit_gym/abstract_transpile/test_hamiltonians.py::TestWorkoutAbstractHamiltonians::test_hamiltonians[ham_bh_graph-1D-grid-pbc-qubitnodes_Lx-60_U-10_enc-stdbinary_d-4-linear] PASSED [ 80%]
benchpress/qiskit_gym/abstract_transpile/test_hamiltonians.py::TestWorkoutAbstractHamiltonians::test_hamiltonians[ham_bh_graph-2D-triag-pbc-qubitnodes_Lx-3_Ly-22_U-70_enc-unary_d-4-all-to-all] PASSED [ 80%]
benchpress/qiskit_gym/abstract_transpile/test_hamiltonians.py::TestWorkoutAbstractHamiltonians::test_hamiltonians[ham_bh_graph-2D-triag-pbc-qubitnodes_Lx-3_Ly-22_U-70_enc-unary_d-4-square] PASSED [ 80%]
benchpress/qiskit_gym/abstract_transpile/test_hamiltonians.py::TestWorkoutAbstractHamiltonians::test_hamiltonians[ham_bh_graph-2D-triag-pbc-qubitnodes_Lx-3_Ly-22_U-70_enc-unary_d-4-heavy-hex] PASSED [ 80%]
benchpress/qiskit_gym/abstract_transpile/test_hamiltonians.py::TestWorkoutAbstractHamiltonians::test_hamiltonians[ham_bh_graph-2D-triag-pbc-qubitnodes_Lx-3_Ly-22_U-70_enc-unary_d-4-linear] PASSED [ 81%]
benchpress/qiskit_gym/abstract_transpile/test_hamiltonians.py::TestWorkoutAbstractHamiltonians::test_hamiltonians[ham_1-fullins_5,n-48,rinst-7-all-to-all] PASSED [ 81%]
benchpress/qiskit_gym/abstract_transpile/test_hamiltonians.py::TestWorkoutAbstractHamiltonians::test_hamiltonians[ham_1-fullins_5,n-48,rinst-7-square] PASSED [ 81%]
benchpress/qiskit_gym/abstract_transpile/test_hamiltonians.py::TestWorkoutAbstractHamiltonians::test_hamiltonians[ham_1-fullins_5,n-48,rinst-7-heavy-hex] PASSED [ 81%]
benchpress/qiskit_gym/abstract_transpile/test_hamiltonians.py::TestWorkoutAbstractHamiltonians::test_hamiltonians[ham_1-fullins_5,n-48,rinst-7-linear] PASSED [ 82%]
benchpress/qiskit_gym/abstract_transpile/test_hamiltonians.py::TestWorkoutAbstractHamiltonians::test_hamiltonians[ham_bh_graph-2D-triag-nonpbc-qubitnodes_Lx-11_Ly-11_U-100_enc-gray_d-4-all-to-all] PASSED [ 82%]
benchpress/qiskit_gym/abstract_transpile/test_hamiltonians.py::TestWorkoutAbstractHamiltonians::test_hamiltonians[ham_bh_graph-2D-triag-nonpbc-qubitnodes_Lx-11_Ly-11_U-100_enc-gray_d-4-square] PASSED [ 82%]
benchpress/qiskit_gym/abstract_transpile/test_hamiltonians.py::TestWorkoutAbstractHamiltonians::test_hamiltonians[ham_bh_graph-2D-triag-nonpbc-qubitnodes_Lx-11_Ly-11_U-100_enc-gray_d-4-heavy-hex] PASSED [ 82%]
benchpress/qiskit_gym/abstract_transpile/test_hamiltonians.py::TestWorkoutAbstractHamiltonians::test_hamiltonians[ham_bh_graph-2D-triag-nonpbc-qubitnodes_Lx-11_Ly-11_U-100_enc-gray_d-4-linear] PASSED [ 83%]
benchpress/qiskit_gym/abstract_transpile/test_hamiltonians.py::TestWorkoutAbstractHamiltonians::test_hamiltonians[ham_fh-graph-1D-grid-nonpbc-qubitnodes_Lx-90_U-2_enc-jw-all-to-all] PASSED [ 83%]
benchpress/qiskit_gym/abstract_transpile/test_hamiltonians.py::TestWorkoutAbstractHamiltonians::test_hamiltonians[ham_fh-graph-1D-grid-nonpbc-qubitnodes_Lx-90_U-2_enc-jw-square] PASSED [ 83%]
benchpress/qiskit_gym/abstract_transpile/test_hamiltonians.py::TestWorkoutAbstractHamiltonians::test_hamiltonians[ham_fh-graph-1D-grid-nonpbc-qubitnodes_Lx-90_U-2_enc-jw-heavy-hex] PASSED [ 83%]
benchpress/qiskit_gym/abstract_transpile/test_hamiltonians.py::TestWorkoutAbstractHamiltonians::test_hamiltonians[ham_fh-graph-1D-grid-nonpbc-qubitnodes_Lx-90_U-2_enc-jw-linear] PASSED [ 84%]
benchpress/qiskit_gym/abstract_transpile/test_hamiltonians.py::TestWorkoutAbstractHamiltonians::test_hamiltonians[ham_graph-2D-triag-pbc-qubitnodes_Lx-19_Ly-19_h-0.5-all-to-all] PASSED [ 84%]
benchpress/qiskit_gym/abstract_transpile/test_hamiltonians.py::TestWorkoutAbstractHamiltonians::test_hamiltonians[ham_graph-2D-triag-pbc-qubitnodes_Lx-19_Ly-19_h-0.5-square] PASSED [ 84%]
benchpress/qiskit_gym/abstract_transpile/test_hamiltonians.py::TestWorkoutAbstractHamiltonians::test_hamiltonians[ham_graph-2D-triag-pbc-qubitnodes_Lx-19_Ly-19_h-0.5-heavy-hex] PASSED [ 84%]
benchpress/qiskit_gym/abstract_transpile/test_hamiltonians.py::TestWorkoutAbstractHamiltonians::test_hamiltonians[ham_graph-2D-triag-pbc-qubitnodes_Lx-19_Ly-19_h-0.5-linear] PASSED [ 85%]
benchpress/qiskit_gym/abstract_transpile/test_hamiltonians.py::TestWorkoutAbstractHamiltonians::test_hamiltonians[ham_graph-2D-grid-nonpbc-qubitnodes_Lx-5_Ly-58_h-2-all-to-all] PASSED [ 85%]
benchpress/qiskit_gym/abstract_transpile/test_hamiltonians.py::TestWorkoutAbstractHamiltonians::test_hamiltonians[ham_graph-2D-grid-nonpbc-qubitnodes_Lx-5_Ly-58_h-2-square] PASSED [ 85%]
benchpress/qiskit_gym/abstract_transpile/test_hamiltonians.py::TestWorkoutAbstractHamiltonians::test_hamiltonians[ham_graph-2D-grid-nonpbc-qubitnodes_Lx-5_Ly-58_h-2-heavy-hex] PASSED [ 85%]
benchpress/qiskit_gym/abstract_transpile/test_hamiltonians.py::TestWorkoutAbstractHamiltonians::test_hamiltonians[ham_graph-2D-grid-nonpbc-qubitnodes_Lx-5_Ly-58_h-2-linear] PASSED [ 86%]
benchpress/qiskit_gym/abstract_transpile/test_hamiltonians.py::TestWorkoutAbstractHamiltonians::test_hamiltonians[ham_fh-graph-2D-triag-nonpbc-qubitnodes_Lx-16_Ly-16_U-4_enc-bk-all-to-all] PASSED [ 86%]
benchpress/qiskit_gym/abstract_transpile/test_hamiltonians.py::TestWorkoutAbstractHamiltonians::test_hamiltonians[ham_fh-graph-2D-triag-nonpbc-qubitnodes_Lx-16_Ly-16_U-4_enc-bk-square] PASSED [ 86%]
benchpress/qiskit_gym/abstract_transpile/test_hamiltonians.py::TestWorkoutAbstractHamiltonians::test_hamiltonians[ham_fh-graph-2D-triag-nonpbc-qubitnodes_Lx-16_Ly-16_U-4_enc-bk-heavy-hex] PASSED [ 86%]
benchpress/qiskit_gym/abstract_transpile/test_hamiltonians.py::TestWorkoutAbstractHamiltonians::test_hamiltonians[ham_fh-graph-2D-triag-nonpbc-qubitnodes_Lx-16_Ly-16_U-4_enc-bk-linear] PASSED [ 87%]
benchpress/qiskit_gym/abstract_transpile/test_hamiltonians.py::TestWorkoutAbstractHamiltonians::test_hamiltonians[ham_fh-graph-1D-grid-pbc-qubitnodes_Lx-160_U-12_enc-parity-all-to-all] PASSED [ 87%]
benchpress/qiskit_gym/abstract_transpile/test_hamiltonians.py::TestWorkoutAbstractHamiltonians::test_hamiltonians[ham_fh-graph-1D-grid-pbc-qubitnodes_Lx-160_U-12_enc-parity-square] PASSED [ 87%]
benchpress/qiskit_gym/abstract_transpile/test_hamiltonians.py::TestWorkoutAbstractHamiltonians::test_hamiltonians[ham_fh-graph-1D-grid-pbc-qubitnodes_Lx-160_U-12_enc-parity-heavy-hex] PASSED [ 87%]
benchpress/qiskit_gym/abstract_transpile/test_hamiltonians.py::TestWorkoutAbstractHamiltonians::test_hamiltonians[ham_fh-graph-1D-grid-pbc-qubitnodes_Lx-160_U-12_enc-parity-linear] PASSED [ 88%]
benchpress/qiskit_gym/abstract_transpile/test_hamiltonians.py::TestWorkoutAbstractHamiltonians::test_hamiltonians[ham_graph-2D-triag-nonpbc-qubitnodes_Lx-3_Ly-160_h-0.1-all-to-all] PASSED [ 88%]
benchpress/qiskit_gym/abstract_transpile/test_hamiltonians.py::TestWorkoutAbstractHamiltonians::test_hamiltonians[ham_graph-2D-triag-nonpbc-qubitnodes_Lx-3_Ly-160_h-0.1-square] PASSED [ 88%]
benchpress/qiskit_gym/abstract_transpile/test_hamiltonians.py::TestWorkoutAbstractHamiltonians::test_hamiltonians[ham_graph-2D-triag-nonpbc-qubitnodes_Lx-3_Ly-160_h-0.1-heavy-hex] PASSED [ 88%]
benchpress/qiskit_gym/abstract_transpile/test_hamiltonians.py::TestWorkoutAbstractHamiltonians::test_hamiltonians[ham_graph-2D-triag-nonpbc-qubitnodes_Lx-3_Ly-160_h-0.1-linear] PASSED [ 89%]
benchpress/qiskit_gym/abstract_transpile/test_hamiltonians.py::TestWorkoutAbstractHamiltonians::test_hamiltonians[ham_graph-2D-grid-nonpbc-qubitnodes_Lx-19_Ly-19_h-5-all-to-all] PASSED [ 89%]
benchpress/qiskit_gym/abstract_transpile/test_hamiltonians.py::TestWorkoutAbstractHamiltonians::test_hamiltonians[ham_graph-2D-grid-nonpbc-qubitnodes_Lx-19_Ly-19_h-5-square] PASSED [ 89%]
benchpress/qiskit_gym/abstract_transpile/test_hamiltonians.py::TestWorkoutAbstractHamiltonians::test_hamiltonians[ham_graph-2D-grid-nonpbc-qubitnodes_Lx-19_Ly-19_h-5-heavy-hex] PASSED [ 89%]
benchpress/qiskit_gym/abstract_transpile/test_hamiltonians.py::TestWorkoutAbstractHamiltonians::test_hamiltonians[ham_graph-2D-grid-nonpbc-qubitnodes_Lx-19_Ly-19_h-5-linear] PASSED [ 90%]
benchpress/qiskit_gym/abstract_transpile/test_hamiltonians.py::TestWorkoutAbstractHamiltonians::test_hamiltonians[ham_graph-2D-grid-pbc-qubitnodes_Lx-2_Ly-185_h-0.5-all-to-all] PASSED [ 90%]
benchpress/qiskit_gym/abstract_transpile/test_hamiltonians.py::TestWorkoutAbstractHamiltonians::test_hamiltonians[ham_graph-2D-grid-pbc-qubitnodes_Lx-2_Ly-185_h-0.5-square] PASSED [ 90%]
benchpress/qiskit_gym/abstract_transpile/test_hamiltonians.py::TestWorkoutAbstractHamiltonians::test_hamiltonians[ham_graph-2D-grid-pbc-qubitnodes_Lx-2_Ly-185_h-0.5-heavy-hex] PASSED [ 90%]
benchpress/qiskit_gym/abstract_transpile/test_hamiltonians.py::TestWorkoutAbstractHamiltonians::test_hamiltonians[ham_graph-2D-grid-pbc-qubitnodes_Lx-2_Ly-185_h-0.5-linear] PASSED [ 91%]
benchpress/qiskit_gym/abstract_transpile/test_hamiltonians.py::TestWorkoutAbstractHamiltonians::test_hamiltonians[ham_fh-graph-2D-grid-pbc-qubitnodes_Lx-2_Ly-105_U-8_enc-bk-all-to-all] PASSED [ 91%]
benchpress/qiskit_gym/abstract_transpile/test_hamiltonians.py::TestWorkoutAbstractHamiltonians::test_hamiltonians[ham_fh-graph-2D-grid-pbc-qubitnodes_Lx-2_Ly-105_U-8_enc-bk-square] PASSED [ 91%]
benchpress/qiskit_gym/abstract_transpile/test_hamiltonians.py::TestWorkoutAbstractHamiltonians::test_hamiltonians[ham_fh-graph-2D-grid-pbc-qubitnodes_Lx-2_Ly-105_U-8_enc-bk-heavy-hex] PASSED [ 91%]
benchpress/qiskit_gym/abstract_transpile/test_hamiltonians.py::TestWorkoutAbstractHamiltonians::test_hamiltonians[ham_fh-graph-2D-grid-pbc-qubitnodes_Lx-2_Ly-105_U-8_enc-bk-linear] PASSED [ 92%]
benchpress/qiskit_gym/abstract_transpile/test_hamiltonians.py::TestWorkoutAbstractHamiltonians::test_hamiltonians[ham_ash608gpia,n-160,rinst-1-all-to-all] PASSED [ 92%]
benchpress/qiskit_gym/abstract_transpile/test_hamiltonians.py::TestWorkoutAbstractHamiltonians::test_hamiltonians[ham_ash608gpia,n-160,rinst-1-square] PASSED [ 92%]
benchpress/qiskit_gym/abstract_transpile/test_hamiltonians.py::TestWorkoutAbstractHamiltonians::test_hamiltonians[ham_ash608gpia,n-160,rinst-1-heavy-hex] PASSED [ 92%]
benchpress/qiskit_gym/abstract_transpile/test_hamiltonians.py::TestWorkoutAbstractHamiltonians::test_hamiltonians[ham_ash608gpia,n-160,rinst-1-linear] PASSED [ 93%]
benchpress/qiskit_gym/abstract_transpile/test_hamiltonians.py::TestWorkoutAbstractHamiltonians::test_hamiltonians[ham_graph-2D-grid-nonpbc-qubitnodes_Lx-4_Ly-133_h-0.1-all-to-all] PASSED [ 93%]
benchpress/qiskit_gym/abstract_transpile/test_hamiltonians.py::TestWorkoutAbstractHamiltonians::test_hamiltonians[ham_graph-2D-grid-nonpbc-qubitnodes_Lx-4_Ly-133_h-0.1-square] PASSED [ 93%]
benchpress/qiskit_gym/abstract_transpile/test_hamiltonians.py::TestWorkoutAbstractHamiltonians::test_hamiltonians[ham_graph-2D-grid-nonpbc-qubitnodes_Lx-4_Ly-133_h-0.1-heavy-hex] PASSED [ 93%]
benchpress/qiskit_gym/abstract_transpile/test_hamiltonians.py::TestWorkoutAbstractHamiltonians::test_hamiltonians[ham_graph-2D-grid-nonpbc-qubitnodes_Lx-4_Ly-133_h-0.1-linear] PASSED [ 94%]
benchpress/qiskit_gym/abstract_transpile/test_hamiltonians.py::TestWorkoutAbstractHamiltonians::test_hamiltonians[ham_graph-2D-grid-pbc-qubitnodes_Lx-4_Ly-148_h-6-all-to-all] PASSED [ 94%]
benchpress/qiskit_gym/abstract_transpile/test_hamiltonians.py::TestWorkoutAbstractHamiltonians::test_hamiltonians[ham_graph-2D-grid-pbc-qubitnodes_Lx-4_Ly-148_h-6-square] PASSED [ 94%]
benchpress/qiskit_gym/abstract_transpile/test_hamiltonians.py::TestWorkoutAbstractHamiltonians::test_hamiltonians[ham_graph-2D-grid-pbc-qubitnodes_Lx-4_Ly-148_h-6-heavy-hex] PASSED [ 94%]
benchpress/qiskit_gym/abstract_transpile/test_hamiltonians.py::TestWorkoutAbstractHamiltonians::test_hamiltonians[ham_graph-2D-grid-pbc-qubitnodes_Lx-4_Ly-148_h-6-linear] PASSED [ 95%]
benchpress/qiskit_gym/abstract_transpile/test_hamiltonians.py::TestWorkoutAbstractHamiltonians::test_hamiltonians[ham_fh-graph-2D-grid-pbc-qubitnodes_Lx-5_Ly-72_U-0_enc-parity-all-to-all] PASSED [ 95%]
benchpress/qiskit_gym/abstract_transpile/test_hamiltonians.py::TestWorkoutAbstractHamiltonians::test_hamiltonians[ham_fh-graph-2D-grid-pbc-qubitnodes_Lx-5_Ly-72_U-0_enc-parity-square] PASSED [ 95%]
benchpress/qiskit_gym/abstract_transpile/test_hamiltonians.py::TestWorkoutAbstractHamiltonians::test_hamiltonians[ham_fh-graph-2D-grid-pbc-qubitnodes_Lx-5_Ly-72_U-0_enc-parity-heavy-hex] PASSED [ 95%]
benchpress/qiskit_gym/abstract_transpile/test_hamiltonians.py::TestWorkoutAbstractHamiltonians::test_hamiltonians[ham_fh-graph-2D-grid-pbc-qubitnodes_Lx-5_Ly-72_U-0_enc-parity-linear] PASSED [ 96%]
benchpress/qiskit_gym/abstract_transpile/test_hamiltonians.py::TestWorkoutAbstractHamiltonians::test_hamiltonians[ham_graph-2D-grid-pbc-qubitnodes_Lx-4_Ly-190_h-0-all-to-all] PASSED [ 96%]
benchpress/qiskit_gym/abstract_transpile/test_hamiltonians.py::TestWorkoutAbstractHamiltonians::test_hamiltonians[ham_graph-2D-grid-pbc-qubitnodes_Lx-4_Ly-190_h-0-square] PASSED [ 96%]
benchpress/qiskit_gym/abstract_transpile/test_hamiltonians.py::TestWorkoutAbstractHamiltonians::test_hamiltonians[ham_graph-2D-grid-pbc-qubitnodes_Lx-4_Ly-190_h-0-heavy-hex] PASSED [ 96%]
benchpress/qiskit_gym/abstract_transpile/test_hamiltonians.py::TestWorkoutAbstractHamiltonians::test_hamiltonians[ham_graph-2D-grid-pbc-qubitnodes_Lx-4_Ly-190_h-0-linear] PASSED [ 97%]
benchpress/qiskit_gym/abstract_transpile/test_hamiltonians.py::TestWorkoutAbstractHamiltonians::test_hamiltonians[ham_graph-2D-triag-nonpbc-qubitnodes_Lx-40_Ly-40_h-0.1-all-to-all] PASSED [ 97%]
benchpress/qiskit_gym/abstract_transpile/test_hamiltonians.py::TestWorkoutAbstractHamiltonians::test_hamiltonians[ham_graph-2D-triag-nonpbc-qubitnodes_Lx-40_Ly-40_h-0.1-square] PASSED [ 97%]
benchpress/qiskit_gym/abstract_transpile/test_hamiltonians.py::TestWorkoutAbstractHamiltonians::test_hamiltonians[ham_graph-2D-triag-nonpbc-qubitnodes_Lx-40_Ly-40_h-0.1-heavy-hex] PASSED [ 97%]
benchpress/qiskit_gym/abstract_transpile/test_hamiltonians.py::TestWorkoutAbstractHamiltonians::test_hamiltonians[ham_graph-2D-triag-nonpbc-qubitnodes_Lx-40_Ly-40_h-0.1-linear] PASSED [ 98%]
benchpress/qiskit_gym/abstract_transpile/test_hamiltonians.py::TestWorkoutAbstractHamiltonians::test_hamiltonians[ham_graph-2D-grid-nonpbc-qubitnodes_Lx-5_Ly-186_h-0.5-all-to-all] PASSED [ 98%]
benchpress/qiskit_gym/abstract_transpile/test_hamiltonians.py::TestWorkoutAbstractHamiltonians::test_hamiltonians[ham_graph-2D-grid-nonpbc-qubitnodes_Lx-5_Ly-186_h-0.5-square] PASSED [ 98%]
benchpress/qiskit_gym/abstract_transpile/test_hamiltonians.py::TestWorkoutAbstractHamiltonians::test_hamiltonians[ham_graph-2D-grid-nonpbc-qubitnodes_Lx-5_Ly-186_h-0.5-heavy-hex] PASSED [ 98%]
benchpress/qiskit_gym/abstract_transpile/test_hamiltonians.py::TestWorkoutAbstractHamiltonians::test_hamiltonians[ham_graph-2D-grid-nonpbc-qubitnodes_Lx-5_Ly-186_h-0.5-linear] PASSED [ 99%]
benchpress/qiskit_gym/abstract_transpile/test_hamiltonians.py::TestWorkoutAbstractHamiltonians::test_hamiltonians[ham_graph-2D-grid-pbc-qubitnodes_Lx-5_Ly-186_h-3-all-to-all] PASSED [ 99%]
benchpress/qiskit_gym/abstract_transpile/test_hamiltonians.py::TestWorkoutAbstractHamiltonians::test_hamiltonians[ham_graph-2D-grid-pbc-qubitnodes_Lx-5_Ly-186_h-3-square] PASSED [ 99%]
benchpress/qiskit_gym/abstract_transpile/test_hamiltonians.py::TestWorkoutAbstractHamiltonians::test_hamiltonians[ham_graph-2D-grid-pbc-qubitnodes_Lx-5_Ly-186_h-3-heavy-hex] PASSED [ 99%]
benchpress/qiskit_gym/abstract_transpile/test_hamiltonians.py::TestWorkoutAbstractHamiltonians::test_hamiltonians[ham_graph-2D-grid-pbc-qubitnodes_Lx-5_Ly-186_h-3-linear] PASSED [100%]
Wrote benchmark data in: <_io.BufferedWriter name='/mnt/data/spotter-val/fullsuite_evidence/abstract_hamiltonians/pr.json'>



-------------------------------------------------------------------------------------------------------------------------- benchmark 'Transpile - Abstract': 400 tests ---------------------------------------------------------------------------------------------------------------------------
Name (time in ms)                                                                                                       Min                    Max                   Mean             StdDev                 Median                IQR            Outliers       OPS            Rounds  Iterations
--------------------------------------------------------------------------------------------------------------------------------------------------------------------------------------------------------------------------------------------------------------------------------------------------
test_hamiltonians[ham_mu_z_prime_enc_gray_dvalues_4-4-4-4-square]                                                    1.8778 (1.0)           2.4170 (1.01)          2.0305 (1.0)       0.0736 (inf)           2.0180 (1.0)       0.0733 (inf)         80;23  492.4958 (1.0)         442           1
test_hamiltonians[ham_mu_z_prime_enc_gray_dvalues_4-4-4-4-linear]                                                    1.8879 (1.01)          2.3982 (1.0)           2.0427 (1.01)      0.0764 (inf)           2.0326 (1.01)      0.0823 (inf)         95;20  489.5599 (0.99)        437           1
test_hamiltonians[ham_mu_z_prime_enc_gray_dvalues_4-4-4-4-all-to-all]                                                1.8914 (1.01)          2.4394 (1.02)          2.0643 (1.02)      0.0863 (inf)           2.0423 (1.01)      0.0839 (inf)         94;29  484.4302 (0.98)        443           1
test_hamiltonians[ham_mu_y_prime_enc_unary_dvalues_4-4-4-square]                                                     2.2744 (1.21)          3.1061 (1.30)          2.4356 (1.20)      0.0899 (inf)           2.4205 (1.20)      0.0769 (inf)         60;21  410.5834 (0.83)        385           1
test_hamiltonians[ham_mu_y_prime_enc_unary_dvalues_4-4-4-all-to-all]                                                 2.3222 (1.24)          2.9067 (1.21)          2.4592 (1.21)      0.0760 (inf)           2.4502 (1.21)      0.0759 (inf)         67;16  406.6347 (0.83)        369           1
test_hamiltonians[ham_mu_y_prime_enc_unary_dvalues_4-4-4-linear]                                                     2.3775 (1.27)          2.9985 (1.25)          2.5595 (1.26)      0.0826 (inf)           2.5529 (1.27)      0.0785 (inf)         81;21  390.6991 (0.79)        369           1
test_hamiltonians[ham_mu_z_prime_enc_gray_dvalues_4-4-4-4-heavy-hex]                                                 2.6431 (1.41)          3.4455 (1.44)          2.8564 (1.41)      0.1202 (inf)           2.8421 (1.41)      0.1254 (inf)         69;10  350.0919 (0.71)        324           1
test_hamiltonians[ham_mu_y_prime_enc_unary_dvalues_4-4-4-heavy-hex]                                                  2.9473 (1.57)          3.6953 (1.54)          3.2180 (1.58)      0.1104 (inf)           3.2155 (1.59)      0.1270 (inf)         76;10  310.7567 (0.63)        294           1
test_hamiltonians[ham_gnp-k_2_n-4_rinst-05-all-to-all]                                                               3.2817 (1.75)          3.8889 (1.62)          3.5378 (1.74)      0.1104 (inf)           3.5287 (1.75)      0.1361 (inf)          85;4  282.6636 (0.57)        278           1
test_hamiltonians[ham_mu_y_prime_enc_unary_dvalues_8-8-8-8-8-8-8-linear]                                             3.3063 (1.76)          4.1015 (1.71)          3.6429 (1.79)      0.1283 (inf)           3.6249 (1.80)      0.1536 (inf)          68;9  274.5062 (0.56)        243           1
test_hamiltonians[ham_mu_y_prime_enc_stdbinary_dvalues_8-8-4-4-all-to-all]                                           3.4368 (1.83)          4.2797 (1.78)          3.7080 (1.83)      0.1335 (inf)           3.6951 (1.83)      0.1614 (inf)          56;5  269.6895 (0.55)        218           1
test_hamiltonians[ham_mu_y_prime_enc_unary_dvalues_8-8-8-8-8-8-8-square]                                             3.5147 (1.87)          4.2326 (1.76)          3.8174 (1.88)      0.1348 (inf)           3.8150 (1.89)      0.1826 (inf)          80;2  261.9604 (0.53)        263           1
test_hamiltonians[ham_mu_x_prime_enc_unary_dvalues_4-4-4-linear]                                                     3.8353 (2.04)          4.8909 (2.04)          4.2650 (2.10)      0.1577 (inf)           4.2619 (2.11)      0.1984 (inf)          74;4  234.4690 (0.48)        226           1
test_hamiltonians[ham_mu_y_prime_enc_unary_dvalues_8-8-8-8-8-8-8-heavy-hex]                                          3.8448 (2.05)          5.7218 (2.39)          4.1511 (2.04)      0.1787 (inf)           4.1388 (2.05)      0.1986 (inf)          44;3  240.8983 (0.49)        220           1
test_hamiltonians[ham_mu_y_prime_enc_unary_dvalues_8-8-8-8-8-8-8-all-to-all]                                         4.2066 (2.24)          5.3062 (2.21)          4.5166 (2.22)      0.1423 (inf)           4.5022 (2.23)      0.1778 (inf)          65;5  221.4046 (0.45)        241           1
test_hamiltonians[ham_gnp-k_2_n-4_rinst-05-linear]                                                                   4.2457 (2.26)          5.3680 (2.24)          4.6740 (2.30)      0.1825 (inf)           4.6346 (2.30)      0.2238 (inf)          49;6  213.9487 (0.43)        206           1
test_hamiltonians[ham_mu_y_prime_enc_stdbinary_dvalues_8-8-4-4-linear]                                               4.2915 (2.29)          5.2028 (2.17)          4.5943 (2.26)      0.1465 (inf)           4.5854 (2.27)      0.1972 (inf)          52;4  217.6602 (0.44)        197           1
test_hamiltonians[ham_mu_z_prime_enc_unary_dvalues_16-16-16-16-16-16-16-linear]                                      4.3306 (2.31)          9.1348 (3.81)          4.6764 (2.30)      0.3748 (inf)           4.6362 (2.30)      0.2010 (inf)           6;6  213.8390 (0.43)        207           1
test_hamiltonians[ham_gnp-k_2_n-4_rinst-05-square]                                                                   4.3528 (2.32)          5.3297 (2.22)          4.6701 (2.30)      0.1509 (inf)           4.6556 (2.31)      0.1748 (inf)          50;9  214.1261 (0.43)        199           1
test_hamiltonians[ham_graph-1D-grid-pbc-qubitnodes_Lx-16_h-2-heavy-hex]                                              4.4443 (2.37)          6.1145 (2.55)          4.8777 (2.40)      0.1882 (inf)           4.8532 (2.41)      0.2170 (inf)          52;2  205.0158 (0.42)        216           1
test_hamiltonians[ham_mu_y_prime_enc_gray_dvalues_16-16-16-all-to-all]                                               4.5026 (2.40)          5.8030 (2.42)          4.7943 (2.36)      0.1567 (inf)           4.7716 (2.36)      0.1338 (inf)         35;11  208.5805 (0.42)        197           1
test_hamiltonians[ham_mu_y_prime_enc_stdbinary_dvalues_8-8-4-4-square]                                               4.5626 (2.43)          5.3844 (2.25)          4.8784 (2.40)      0.1504 (inf)           4.8650 (2.41)      0.2127 (inf)          48;1  204.9870 (0.42)        154           1
test_hamiltonians[ham_mu_z_prime_enc_unary_dvalues_16-16-16-16-16-16-16-heavy-hex]                                   4.6120 (2.46)          5.6771 (2.37)          5.0311 (2.48)      0.1960 (inf)           5.0189 (2.49)      0.2582 (inf)          64;1  198.7620 (0.40)        196           1
test_hamiltonians[ham_ham_parity-4-all-to-all]                                                                       4.6377 (2.47)          5.4512 (2.27)          4.9691 (2.45)      0.1352 (inf)           4.9489 (2.45)      0.1333 (inf)         53;17  201.2442 (0.41)        199           1
test_hamiltonians[ham_mu_y_prime_enc_stdbinary_dvalues_8-8-8-8-8-8-all-to-all]                                       4.6646 (2.48)          5.5759 (2.33)          4.9147 (2.42)      0.1245 (inf)           4.8931 (2.42)      0.1523 (inf)          50;4  203.4709 (0.41)        196           1
test_hamiltonians[ham_gnp-k_2_n-4_rinst-05-heavy-hex]                                                                4.8839 (2.60)          7.6943 (3.21)          5.3140 (2.62)      0.2841 (inf)           5.2698 (2.61)      0.2285 (inf)          22;4  188.1827 (0.38)        180           1
test_hamiltonians[ham_mu_y_prime_enc_stdbinary_dvalues_16-16-16-16-8-8-8-all-to-all]                                 4.9624 (2.64)          5.6961 (2.38)          5.2191 (2.57)      0.1380 (inf)           5.1942 (2.57)      0.1709 (inf)          52;5  191.6032 (0.39)        176           1
test_hamiltonians[ham_mu_y_prime_enc_stdbinary_dvalues_8-8-4-4-heavy-hex]                                            5.2438 (2.79)          7.8234 (3.26)          5.5674 (2.74)      0.2939 (inf)           5.5125 (2.73)      0.2522 (inf)          16;6  179.6177 (0.36)        153           1
test_hamiltonians[ham_gnp-k_4_n-6_rinst-15-all-to-all]                                                               5.2733 (2.81)          8.4796 (3.54)          5.5862 (2.75)      0.2652 (inf)           5.5515 (2.75)      0.1691 (inf)          11;4  179.0134 (0.36)        170           1
test_hamiltonians[ham_7-uf20-0384.cnf-8-res-square]                                                                  5.3011 (2.82)          6.3961 (2.67)          5.7183 (2.82)      0.1919 (inf)           5.7105 (2.83)      0.2609 (inf)          56;1  174.8783 (0.36)        161           1
test_hamiltonians[ham_graph-1D-grid-pbc-qubitnodes_Lx-16_h-2-linear]                                                 5.3525 (2.85)          6.7347 (2.81)          5.7331 (2.82)      0.2080 (inf)           5.7108 (2.83)      0.2446 (inf)          39;4  174.4244 (0.35)        175           1
test_hamiltonians[ham_7-uf20-0384.cnf-8-res-linear]                                                                  5.4891 (2.92)          7.2411 (3.02)          5.9740 (2.94)      0.2420 (inf)           5.9406 (2.94)      0.2567 (inf)          35;5  167.3920 (0.34)        154           1
test_hamiltonians[ham_mu_y_prime_enc_stdbinary_dvalues_8-8-8-8-8-8-linear]                                           5.5915 (2.98)         46.7251 (19.48)         6.2208 (3.06)      3.3230 (inf)           5.9261 (2.94)      0.2129 (inf)           1;5  160.7501 (0.33)        151           1
test_hamiltonians[ham_mu_y_prime_enc_gray_dvalues_16-16-16-square]                                                   5.6328 (3.00)          8.7435 (3.65)          6.0014 (2.96)      0.3001 (inf)           5.9609 (2.95)      0.1738 (inf)          11;5  166.6288 (0.34)        127           1
test_hamiltonians[ham_7-uf20-0384.cnf-8-res-heavy-hex]                                                               5.6615 (3.01)          7.0727 (2.95)          6.0126 (2.96)      0.2120 (inf)           5.9797 (2.96)      0.2176 (inf)          36;6  166.3166 (0.34)        164           1
test_hamiltonians[ham_mu_y_prime_enc_stdbinary_dvalues_8-8-8-8-8-8-square]                                           5.6655 (3.02)          6.9202 (2.89)          6.1760 (3.04)      0.2343 (inf)           6.1405 (3.04)      0.2867 (inf)          40;5  161.9180 (0.33)        135           1
test_hamiltonians[ham_ham_parity-4-square]                                                                           5.6929 (3.03)          6.6515 (2.77)          6.0740 (2.99)      0.1488 (inf)           6.0704 (3.01)      0.1729 (inf)          36;8  164.6352 (0.33)        140           1
test_hamiltonians[ham_mu_y_prime_enc_gray_dvalues_16-16-16-linear]                                                   5.7205 (3.05)          6.7465 (2.81)          6.0004 (2.96)      0.1504 (inf)           5.9778 (2.96)      0.1722 (inf)          44;3  166.6547 (0.34)        153           1
test_hamiltonians[ham_ham_parity-4-linear]                                                                           5.7746 (3.08)          6.7025 (2.79)          6.1404 (3.02)      0.1427 (inf)           6.1275 (3.04)      0.1814 (inf)          40;5  162.8562 (0.33)        164           1
test_hamiltonians[ham_mu_y_prime_enc_stdbinary_dvalues_16-16-16-16-8-8-8-square]                                     5.9886 (3.19)          6.9420 (2.89)          6.3427 (3.12)      0.1536 (inf)           6.3471 (3.15)      0.1793 (inf)          48;4  157.6617 (0.32)        161           1
test_hamiltonians[ham_ham_parity-4-heavy-hex]                                                                        6.0721 (3.23)          7.2474 (3.02)          6.5932 (3.25)      0.2202 (inf)           6.5500 (3.25)      0.2372 (inf)          38;6  151.6719 (0.31)        142           1
test_hamiltonians[ham_mu_y_prime_enc_stdbinary_dvalues_8-8-8-8-8-8-heavy-hex]                                        6.1090 (3.25)          7.6267 (3.18)          6.5711 (3.24)      0.2243 (inf)           6.5499 (3.25)      0.2686 (inf)          31;5  152.1825 (0.31)        133           1
test_hamiltonians[ham_mu_y_prime_enc_stdbinary_dvalues_16-16-16-16-8-8-8-linear]                                     6.2203 (3.31)          7.1313 (2.97)          6.5302 (3.22)      0.1722 (inf)           6.4952 (3.22)      0.2028 (inf)          45;4  153.1349 (0.31)        155           1
test_hamiltonians[ham_mu_y_prime_enc_gray_dvalues_16-16-16-heavy-hex]                                                6.3221 (3.37)          7.7224 (3.22)          6.6244 (3.26)      0.1980 (inf)           6.6093 (3.28)      0.2298 (inf)          35;3  150.9563 (0.31)        134           1
test_hamiltonians[ham_gnp-k_4_n-6_rinst-15-square]                                                                   6.3448 (3.38)          7.2851 (3.04)          6.8160 (3.36)      0.1921 (inf)           6.8040 (3.37)      0.2590 (inf)          45;0  146.7141 (0.30)        135           1
test_hamiltonians[ham_mu_y_prime_enc_stdbinary_dvalues_16-16-16-16-8-8-8-heavy-hex]                                  6.4319 (3.43)          7.3374 (3.06)          6.8519 (3.37)      0.1937 (inf)           6.8457 (3.39)      0.2688 (inf)          41;0  145.9439 (0.30)        121           1
test_hamiltonians[ham_mu_y_prime_enc_stdbinary_dvalues_4-4-4-4-4-4-4-4-4-4-4-4-4-4-4-4-4-4-square]                   6.4351 (3.43)          7.8340 (3.27)          6.9038 (3.40)      0.2511 (inf)           6.8537 (3.40)      0.2912 (inf)          40;5  144.8484 (0.29)        140           1
test_hamiltonians[ham_gnp-k_4_n-6_rinst-15-linear]                                                                   6.5083 (3.47)          7.4980 (3.13)          6.8545 (3.38)      0.1600 (inf)           6.8500 (3.39)      0.2098 (inf)          43;1  145.8890 (0.30)        142           1
test_hamiltonians[ham_tsp_rand-002_Ncity-4_enc-stdbinary-square]                                                     6.5426 (3.48)          7.7310 (3.22)          7.0867 (3.49)      0.2267 (inf)           7.0406 (3.49)      0.2879 (inf)          37;3  141.1096 (0.29)        141           1
test_hamiltonians[ham_gnp-k_4_n-6_rinst-15-heavy-hex]                                                                6.6196 (3.53)          7.6326 (3.18)          6.9436 (3.42)      0.1894 (inf)           6.9045 (3.42)      0.2148 (inf)          38;6  144.0180 (0.29)        133           1
test_hamiltonians[ham_mu_x_prime_enc_unary_dvalues_4-4-4-heavy-hex]                                                  6.7515 (3.60)          7.7588 (3.24)          7.2102 (3.55)      0.1813 (inf)           7.2073 (3.57)      0.2417 (inf)          39;1  138.6928 (0.28)        138           1
test_hamiltonians[ham_mu_x_prime_enc_unary_dvalues_4-4-4-square]                                                     6.8310 (3.64)          7.8160 (3.26)          7.1640 (3.53)      0.1680 (inf)           7.1552 (3.55)      0.2163 (inf)          40;3  139.5872 (0.28)        141           1
test_hamiltonians[ham_tsp_rand-002_Ncity-4_enc-stdbinary-linear]                                                     6.9000 (3.67)          8.1513 (3.40)          7.3587 (3.62)      0.2254 (inf)           7.3267 (3.63)      0.2757 (inf)          40;3  135.8937 (0.28)        125           1
test_hamiltonians[ham_mu_y_prime_enc_unary_dvalues_16-16-16-16-16-16-linear]                                         7.0109 (3.73)          8.9050 (3.71)          7.4058 (3.65)      0.2497 (inf)           7.3609 (3.65)      0.2689 (inf)          30;4  135.0289 (0.27)        125           1
test_hamiltonians[ham_graph-1D-grid-pbc-qubitnodes_Lx-16_h-2-square]                                                 7.0443 (3.75)          8.8496 (3.69)          7.4774 (3.68)      0.2126 (inf)           7.4718 (3.70)      0.2498 (inf)          30;1  133.7368 (0.27)        131           1
test_hamiltonians[ham_7-uf20-0384.cnf-8-res-all-to-all]                                                              7.0858 (3.77)          7.8042 (3.25)          7.4178 (3.65)      0.1416 (inf)           7.3851 (3.66)      0.1627 (inf)          40;5  134.8102 (0.27)        138           1
test_hamiltonians[ham_tsp_rand-002_Ncity-4_enc-stdbinary-heavy-hex]                                                  7.1156 (3.79)          8.0180 (3.34)          7.4828 (3.69)      0.1910 (inf)           7.4520 (3.69)      0.2375 (inf)          38;2  133.6398 (0.27)        126           1
test_hamiltonians[ham_graph-1D-grid-pbc-qubitnodes_Lx-26_h-6-linear]                                                 7.1189 (3.79)          8.2381 (3.44)          7.4885 (3.69)      0.2225 (inf)           7.4605 (3.70)      0.2348 (inf)          28;6  133.5383 (0.27)        116           1
test_hamiltonians[ham_mu_x_prime_enc_stdbinary_dvalues_8-8-8-8-8-8-8-8-8-4-4-4-4-4-4-linear]                         7.1583 (3.81)          9.8173 (4.09)          7.6621 (3.77)      0.3158 (inf)           7.6245 (3.78)      0.3201 (inf)          23;3  130.5132 (0.27)        119           1
test_hamiltonians[ham_mu_z_prime_enc_unary_dvalues_16-16-16-16-16-16-16-square]                                      7.3209 (3.90)          9.4173 (3.93)          7.8782 (3.88)      0.2370 (inf)           7.8705 (3.90)      0.2478 (inf)          29;3  126.9328 (0.26)        125           1
test_hamiltonians[ham_mu_x_prime_enc_stdbinary_dvalues_8-8-8-8-8-8-8-8-8-4-4-4-4-4-4-square]                         7.3501 (3.91)         11.7353 (4.89)          7.7921 (3.84)      0.4488 (inf)           7.7250 (3.83)      0.2458 (inf)           5;7  128.3347 (0.26)        106           1
test_hamiltonians[ham_mu_x_prime_enc_unary_dvalues_4-4-4-all-to-all]                                                 7.4121 (3.95)          9.7960 (4.08)          7.8077 (3.85)      0.2390 (inf)           7.7721 (3.85)      0.1717 (inf)          17;7  128.0790 (0.26)        128           1
test_hamiltonians[ham_ham_JW-6-all-to-all]                                                                           7.7649 (4.14)          8.6089 (3.59)          8.0949 (3.99)      0.1907 (inf)           8.0397 (3.98)      0.2628 (inf)          38;0  123.5343 (0.25)        117           1
test_hamiltonians[ham_enc_gray_dvalues_d-level-16-all-to-all]                                                        7.8609 (4.19)          8.9744 (3.74)          8.1833 (4.03)      0.2013 (inf)           8.1370 (4.03)      0.2099 (inf)          23;7  122.1997 (0.25)        114           1
test_hamiltonians[ham_graph-1D-grid-pbc-qubitnodes_Lx-16_h-2-all-to-all]                                             7.9657 (4.24)         10.5442 (4.40)          8.3304 (4.10)      0.2711 (inf)           8.2889 (4.11)      0.2248 (inf)          16;3  120.0417 (0.24)        118           1
test_hamiltonians[ham_complbipart-n-10_a-5_b-5-square]                                                               8.5636 (4.56)         10.6942 (4.46)          9.0163 (4.44)      0.2586 (inf)           8.9917 (4.46)      0.2545 (inf)          20;3  110.9107 (0.23)        104           1
test_hamiltonians[ham_enc_stdbinary_dvalues_d-level-4-linear]                                                        8.5705 (4.56)          9.2411 (3.85)          8.8274 (4.35)      0.1182 (inf)           8.7992 (4.36)      0.1574 (inf)          30;2  113.2842 (0.23)        108           1
test_hamiltonians[ham_enc_stdbinary_dvalues_d-level-4-all-to-all]                                                    8.9218 (4.75)         10.3576 (4.32)          9.3432 (4.60)      0.2586 (inf)           9.3069 (4.61)      0.1828 (inf)          14;7  107.0299 (0.22)         62           1
test_hamiltonians[ham_complbipart-n-10_a-5_b-5-linear]                                                               8.9365 (4.76)         10.0328 (4.18)          9.3927 (4.63)      0.2188 (inf)           9.3731 (4.64)      0.2259 (inf)          28;5  106.4660 (0.22)        103           1
test_hamiltonians[ham_complbipart-n-10_a-5_b-5-heavy-hex]                                                            8.9683 (4.78)         12.9656 (5.41)          9.5492 (4.70)      0.4320 (inf)           9.4943 (4.70)      0.3004 (inf)           9;5  104.7209 (0.21)         98           1
test_hamiltonians[ham_mu_z_prime_enc_unary_dvalues_16-16-16-16-16-16-16-all-to-all]                                  9.0149 (4.80)         14.7106 (6.13)          9.5652 (4.71)      0.5476 (inf)           9.5288 (4.72)      0.2591 (inf)           3;2  104.5452 (0.21)        108           1
test_hamiltonians[ham_enc_stdbinary_dvalues_d-level-4-square]                                                        9.0408 (4.81)          9.9016 (4.13)          9.3908 (4.62)      0.1398 (inf)           9.3871 (4.65)      0.1354 (inf)         26;10  106.4872 (0.22)        105           1
test_hamiltonians[ham_mu_y_prime_enc_unary_dvalues_16-16-16-16-16-16-square]                                         9.0497 (4.82)         10.9139 (4.55)          9.6794 (4.77)      0.3348 (inf)           9.5980 (4.76)      0.4198 (inf)          27;2  103.3118 (0.21)        102           1
test_hamiltonians[ham_enc_gray_dvalues_d-level-16-square]                                                            9.1801 (4.89)         11.0143 (4.59)          9.5900 (4.72)      0.2468 (inf)           9.5477 (4.73)      0.2286 (inf)          19;4  104.2758 (0.21)        100           1
test_hamiltonians[ham_mu_y_prime_enc_stdbinary_dvalues_4-4-4-4-4-4-4-4-4-4-4-4-4-4-4-4-4-4-heavy-hex]                9.3240 (4.97)         10.9136 (4.55)          9.8252 (4.84)      0.2828 (inf)           9.8193 (4.87)      0.4203 (inf)          27;1  101.7796 (0.21)        102           1
test_hamiltonians[ham_ham_JW-6-square]                                                                               9.3755 (4.99)         10.5402 (4.40)          9.8974 (4.87)      0.2382 (inf)           9.8849 (4.90)      0.2574 (inf)          27;5  101.0368 (0.21)         97           1
test_hamiltonians[ham_graph-1D-grid-pbc-qubitnodes_Lx-26_h-6-square]                                                 9.5642 (5.09)         10.4329 (4.35)          9.9566 (4.90)      0.2053 (inf)           9.9468 (4.93)      0.3002 (inf)          32;0  100.4357 (0.20)        100           1
test_hamiltonians[ham_enc_gray_dvalues_d-level-16-linear]                                                            9.5807 (5.10)         10.9733 (4.58)          9.9323 (4.89)      0.2244 (inf)           9.8789 (4.90)      0.2096 (inf)          21;7  100.6821 (0.20)         95           1
test_hamiltonians[ham_enc_stdbinary_dvalues_d-level-4-heavy-hex]                                                     9.6990 (5.16)         10.8764 (4.54)         10.1491 (5.00)      0.1923 (inf)          10.1183 (5.01)      0.2292 (inf)          20;3   98.5309 (0.20)         96           1
test_hamiltonians[ham_ham_JW-6-linear]                                                                               9.7403 (5.19)         10.7276 (4.47)         10.1181 (4.98)      0.1940 (inf)          10.0951 (5.00)      0.1959 (inf)          22;6   98.8332 (0.20)         98           1
test_hamiltonians[ham_mu_y_prime_enc_unary_dvalues_16-16-16-16-16-16-heavy-hex]                                      9.7828 (5.21)         11.1228 (4.64)         10.3415 (5.09)      0.2651 (inf)          10.3407 (5.12)      0.4146 (inf)          30;0   96.6982 (0.20)        103           1
test_hamiltonians[ham_graph-1D-grid-pbc-qubitnodes_Lx-26_h-6-heavy-hex]                                              9.8676 (5.25)         11.0621 (4.61)         10.2703 (5.06)      0.2333 (inf)          10.2405 (5.07)      0.2847 (inf)          24;2   97.3686 (0.20)         92           1
test_hamiltonians[ham_complbipart-n-10_a-5_b-5-all-to-all]                                                          10.0053 (5.33)         51.2334 (21.36)        10.7661 (5.30)      4.3660 (inf)          10.2916 (5.10)      0.2257 (inf)           1;1   92.8844 (0.19)         88           1
test_hamiltonians[ham_enc_gray_dvalues_d-level-16-heavy-hex]                                                        10.0453 (5.35)         11.2634 (4.70)         10.4355 (5.14)      0.2211 (inf)          10.4122 (5.16)      0.2848 (inf)          24;3   95.8263 (0.19)         91           1
test_hamiltonians[ham_ham_JW-6-heavy-hex]                                                                           10.1968 (5.43)         11.4168 (4.76)         10.7252 (5.28)      0.2293 (inf)          10.7039 (5.30)      0.2724 (inf)          22;4   93.2384 (0.19)         84           1
test_hamiltonians[ham_mu_x_prime_enc_stdbinary_dvalues_8-8-8-8-8-8-8-8-8-4-4-4-4-4-4-all-to-all]                    10.2119 (5.44)         13.2641 (5.53)         10.6169 (5.23)      0.4005 (inf)          10.5415 (5.22)      0.2233 (inf)           6;5   94.1892 (0.19)         98           1
test_hamiltonians[ham_tsp_rand-002_Ncity-4_enc-stdbinary-all-to-all]                                                10.2997 (5.48)         11.4463 (4.77)         10.6416 (5.24)      0.2065 (inf)          10.6176 (5.26)      0.2075 (inf)          26;5   93.9705 (0.19)        101           1
test_hamiltonians[ham_mu_y_prime_enc_stdbinary_dvalues_4-4-4-4-4-4-4-4-4-4-4-4-4-4-4-4-4-4-all-to-all]              10.9087 (5.81)         13.1314 (5.48)         11.5045 (5.67)      0.3228 (inf)          11.4850 (5.69)      0.3251 (inf)          23;2   86.9222 (0.18)         82           1
test_hamiltonians[ham_mu_x_prime_enc_unary_dvalues_16-16-16-16-16-16-16-16-16-16-16-16-16-16-16-linear]             11.1366 (5.93)         14.9374 (6.23)         11.5777 (5.70)      0.5518 (inf)          11.4541 (5.68)      0.3422 (inf)           3;3   86.3730 (0.18)         89           1
test_hamiltonians[ham_graph-1D-grid-pbc-qubitnodes_Lx-26_h-6-all-to-all]                                            11.1865 (5.96)         12.6048 (5.26)         11.8867 (5.85)      0.2870 (inf)          11.8460 (5.87)      0.4422 (inf)          28;0   84.1276 (0.17)         82           1
test_hamiltonians[ham_tsp_prob-ts225_Ncity-5_enc-unary-square]                                                      11.4743 (6.11)         14.3207 (5.97)         12.0930 (5.96)      0.3567 (inf)          12.0670 (5.98)      0.3628 (inf)          13;2   82.6925 (0.17)         83           1
test_hamiltonians[ham_tsp_prob-ts225_Ncity-5_enc-unary-linear]                                                      12.8446 (6.84)         14.1160 (5.89)         13.3456 (6.57)      0.2854 (inf)          13.3006 (6.59)      0.3101 (inf)          15;4   74.9312 (0.15)         71           1
test_hamiltonians[ham_mu_x_prime_enc_stdbinary_dvalues_8-8-8-8-8-8-8-8-8-4-4-4-4-4-4-heavy-hex]                     13.3793 (7.12)         17.8672 (7.45)         13.8102 (6.80)      0.5539 (inf)          13.7063 (6.79)      0.2539 (inf)           3;6   72.4101 (0.15)         70           1
test_hamiltonians[ham_mu_y_prime_enc_unary_dvalues_16-16-16-16-16-16-all-to-all]                                    14.5591 (7.75)         20.1598 (8.41)         15.2522 (7.51)      0.7472 (inf)          15.0957 (7.48)      0.6588 (inf)           4;1   65.5644 (0.13)         64           1
test_hamiltonians[ham_tsp_prob-ts225_Ncity-5_enc-unary-heavy-hex]                                                   15.0956 (8.04)         16.4556 (6.86)         15.6306 (7.70)      0.2839 (inf)          15.5903 (7.73)      0.2913 (inf)          20;4   63.9769 (0.13)         62           1
test_hamiltonians[ham_mu_x_prime_enc_unary_dvalues_16-16-16-16-16-16-16-16-16-16-16-16-16-16-16-heavy-hex]          15.1198 (8.05)         17.0946 (7.13)         15.5941 (7.68)      0.3507 (inf)          15.5419 (7.70)      0.3773 (inf)          16;2   64.1266 (0.13)         63           1
test_hamiltonians[ham_gnp-k_5_n-24_rinst-04-square]                                                                 15.7192 (8.37)         18.7533 (7.82)         16.4910 (8.12)      0.5363 (inf)          16.3533 (8.10)      0.5857 (inf)          13;2   60.6393 (0.12)         61           1
test_hamiltonians[ham_tsp_prob-ts225_Ncity-5_enc-unary-all-to-all]                                                  15.9177 (8.48)         18.7471 (7.82)         16.4997 (8.13)      0.4218 (inf)          16.4362 (8.14)      0.4491 (inf)           9;1   60.6072 (0.12)         57           1
test_hamiltonians[ham_gnp-k_5_n-24_rinst-04-linear]                                                                 17.4081 (9.27)         23.0637 (9.62)         17.9224 (8.83)      0.7858 (inf)          17.7508 (8.80)      0.3120 (inf)           2;7   55.7960 (0.11)         54           1
test_hamiltonians[ham_0-uuf100-0810.cnf-40-res-square]                                                              18.5992 (9.90)         25.0959 (10.46)        19.3910 (9.55)      1.0028 (inf)          19.1514 (9.49)      0.3324 (inf)           2;4   51.5704 (0.10)         52           1
test_hamiltonians[ham_gnp-k_5_n-24_rinst-04-heavy-hex]                                                              19.6124 (10.44)        21.4206 (8.93)         20.1082 (9.90)      0.4267 (inf)          19.9434 (9.88)      0.4289 (inf)          12;4   49.7310 (0.10)         51           1
test_hamiltonians[ham_gnp-k_5_n-24_rinst-04-all-to-all]                                                             20.2869 (10.80)        22.4480 (9.36)         21.0161 (10.35)     0.3916 (inf)          21.0126 (10.41)     0.4382 (inf)          13;2   47.5825 (0.10)         46           1
test_hamiltonians[ham_8-uuf100-0509.cnf-40-cc-square]                                                               20.9777 (11.17)        23.2193 (9.68)         21.4889 (10.58)     0.4097 (inf)          21.3803 (10.60)     0.4667 (inf)          13;1   46.5357 (0.09)         47           1
test_hamiltonians[ham_0-uuf100-0810.cnf-40-res-heavy-hex]                                                           21.3304 (11.36)        25.2040 (10.51)        21.8990 (10.79)     0.6085 (inf)          21.7416 (10.77)     0.5221 (inf)           3;1   45.6641 (0.09)         47           1
test_hamiltonians[ham_0-uuf100-0810.cnf-40-res-all-to-all]                                                          22.9255 (12.21)        25.7956 (10.76)        23.6344 (11.64)     0.5176 (inf)          23.5750 (11.68)     0.5237 (inf)          12;1   42.3113 (0.09)         43           1
test_hamiltonians[ham_8-uuf100-0509.cnf-40-cc-heavy-hex]                                                            23.0180 (12.26)        25.3419 (10.57)        23.6218 (11.63)     0.4365 (inf)          23.5240 (11.66)     0.5329 (inf)           9;1   42.3337 (0.09)         42           1
test_hamiltonians[ham_8-uuf100-0509.cnf-40-cc-all-to-all]                                                           23.3489 (12.43)        24.6674 (10.29)        23.9880 (11.81)     0.3353 (inf)          23.9457 (11.87)     0.4096 (inf)          11;0   41.6875 (0.08)         42           1
test_hamiltonians[ham_graph-2D-grid-nonpbc-qubitnodes_Lx-5_Ly-15_h-3-linear]                                        24.0201 (12.79)        26.7052 (11.14)        24.6749 (12.15)     0.5249 (inf)          24.5441 (12.16)     0.7021 (inf)          10;1   40.5271 (0.08)         41           1
test_hamiltonians[ham_tsp_prob-lin105_Ncity-7_enc-unary-square]                                                     24.5185 (13.06)        26.6784 (11.12)        25.1841 (12.40)     0.4932 (inf)          25.0597 (12.42)     0.6200 (inf)          10;1   39.7076 (0.08)         35           1
test_hamiltonians[ham_2-uf100-0396.cnf-46-res-square]                                                               24.8936 (13.26)        31.2603 (13.04)        25.8426 (12.73)     1.0204 (inf)          25.6134 (12.69)     0.5803 (inf)           1;1   38.6958 (0.08)         37           1
test_hamiltonians[ham_0-uuf100-0810.cnf-40-res-linear]                                                              25.7390 (13.71)        27.8359 (11.61)        26.4578 (13.03)     0.4804 (inf)          26.3199 (13.04)     0.6470 (inf)           8;1   37.7961 (0.08)         35           1
test_hamiltonians[ham_ham_JW-8-all-to-all]                                                                          25.8277 (13.75)        27.7697 (11.58)        26.6691 (13.13)     0.4070 (inf)          26.7468 (13.25)     0.5415 (inf)          12;1   37.4966 (0.08)         37           1
test_hamiltonians[ham_ham_JW-8-square]                                                                              25.8925 (13.79)        29.9033 (12.47)        26.6269 (13.11)     0.7422 (inf)          26.4351 (13.10)     0.5352 (inf)           4;2   37.5560 (0.08)         34           1
test_hamiltonians[ham_2-uf100-0396.cnf-46-res-all-to-all]                                                           26.1656 (13.93)        28.9769 (12.08)        26.7441 (13.17)     0.4526 (inf)          26.7019 (13.23)     0.3948 (inf)           4;1   37.3914 (0.08)         37           1
test_hamiltonians[ham_ham_JW-8-linear]                                                                              26.1913 (13.95)        29.5638 (12.33)        26.9249 (13.26)     0.5809 (inf)          26.7952 (13.28)     0.6754 (inf)           6;1   37.1404 (0.08)         38           1
test_hamiltonians[ham_2-uf100-0601.cnf-46-res-square]                                                               26.3401 (14.03)        29.1556 (12.16)        27.3454 (13.47)     0.4984 (inf)          27.3985 (13.58)     0.5569 (inf)           6;2   36.5692 (0.07)         36           1
test_hamiltonians[ham_ham_JW-8-heavy-hex]                                                                           26.9036 (14.33)        30.4019 (12.68)        27.6140 (13.60)     0.6285 (inf)          27.4235 (13.59)     0.5980 (inf)           5;1   36.2136 (0.07)         36           1
test_hamiltonians[ham_tsp_prob-lin105_Ncity-7_enc-unary-heavy-hex]                                                  26.9402 (14.35)        29.9719 (12.50)        28.0791 (13.83)     0.5428 (inf)          28.0184 (13.88)     0.6361 (inf)           6;1   35.6137 (0.07)         35           1
test_hamiltonians[ham_4-flat100-7.cnf-90-cc-heavy-hex]                                                              27.5454 (14.67)        31.7673 (13.25)        28.3803 (13.98)     0.7307 (inf)          28.2400 (13.99)     0.5140 (inf)           4;3   35.2357 (0.07)         35           1
test_hamiltonians[ham_tsp_prob-ulysses22_Ncity-8_enc-stdbinary-square]                                              27.9735 (14.90)        30.8095 (12.85)        28.7688 (14.17)     0.6710 (inf)          28.6432 (14.19)     0.6773 (inf)           7;2   34.7599 (0.07)         34           1
test_hamiltonians[ham_mu_x_prime_enc_unary_dvalues_16-16-16-16-16-16-16-16-16-16-16-16-16-16-16-all-to-all]         28.4875 (15.17)        30.7548 (12.82)        29.3211 (14.44)     0.4268 (inf)          29.3583 (14.55)     0.4132 (inf)           9;2   34.1051 (0.07)         33           1
test_hamiltonians[ham_2-uf100-0396.cnf-46-res-heavy-hex]                                                            28.5404 (15.20)        34.0310 (14.19)        29.2395 (14.40)     0.9632 (inf)          29.0201 (14.38)     0.5696 (inf)           2;2   34.2004 (0.07)         33           1
test_hamiltonians[ham_8-uuf100-0509.cnf-40-cc-linear]                                                               29.3577 (15.63)        31.5115 (13.14)        30.1884 (14.87)     0.5467 (inf)          30.1037 (14.92)     0.6676 (inf)          11;1   33.1253 (0.07)         30           1
test_hamiltonians[ham_2-uf100-0601.cnf-46-res-heavy-hex]                                                            29.7404 (15.84)        33.2887 (13.88)        30.4423 (14.99)     0.7017 (inf)          30.2395 (14.99)     0.5798 (inf)           3;2   32.8491 (0.07)         33           1
test_hamiltonians[ham_tsp_prob-ulysses22_Ncity-8_enc-stdbinary-linear]                                              30.1673 (16.06)        33.5903 (14.01)        31.2159 (15.37)     0.6426 (inf)          31.0549 (15.39)     0.6979 (inf)           4;1   32.0350 (0.07)         31           1
test_hamiltonians[ham_2-uf100-0601.cnf-46-res-all-to-all]                                                           30.4200 (16.20)        32.4118 (13.52)        30.9818 (15.26)     0.4013 (inf)          30.9088 (15.32)     0.4441 (inf)           7;1   32.2770 (0.07)         33           1
test_hamiltonians[ham_bh_graph-1D-grid-pbc-qubitnodes_Lx-14_U-10_enc-stdbinary_d-4-linear]                          30.6376 (16.32)        34.7758 (14.50)        31.5595 (15.54)     0.8851 (inf)          31.3380 (15.53)     0.7472 (inf)           4;2   31.6862 (0.06)         33           1
test_hamiltonians[ham_tsp_prob-ulysses22_Ncity-8_enc-stdbinary-all-to-all]                                          31.3088 (16.67)        33.2002 (13.84)        31.9842 (15.75)     0.4077 (inf)          31.9311 (15.82)     0.4684 (inf)           8;1   31.2654 (0.06)         32           1
test_hamiltonians[ham_tsp_prob-lin105_Ncity-7_enc-unary-all-to-all]                                                 32.2495 (17.17)        33.8129 (14.10)        32.8454 (16.18)     0.4096 (inf)          32.7333 (16.22)     0.5830 (inf)           9;0   30.4457 (0.06)         31           1
test_hamiltonians[ham_tsp_prob-lin105_Ncity-7_enc-unary-linear]                                                     32.7953 (17.46)        35.8547 (14.95)        33.8663 (16.68)     0.6262 (inf)          33.7300 (16.71)     0.5334 (inf)           5;2   29.5279 (0.06)         28           1
test_hamiltonians[ham_tsp_prob-ulysses22_Ncity-8_enc-stdbinary-heavy-hex]                                           33.2909 (17.73)        37.3253 (15.56)        34.3535 (16.92)     0.7973 (inf)          34.2027 (16.95)     0.9360 (inf)           5;1   29.1091 (0.06)         29           1
test_hamiltonians[ham_bh_graph-1D-grid-pbc-qubitnodes_Lx-14_U-10_enc-stdbinary_d-4-all-to-all]                      34.5278 (18.39)        37.3126 (15.56)        35.8412 (17.65)     0.6672 (inf)          35.6773 (17.68)     1.0327 (inf)           7;0   27.9008 (0.06)         27           1
test_hamiltonians[ham_4-flat100-7.cnf-90-cc-square]                                                                 34.7985 (18.53)        39.7653 (16.58)        35.6704 (17.57)     1.0635 (inf)          35.2988 (17.49)     0.8777 (inf)           2;2   28.0345 (0.06)         28           1
test_hamiltonians[ham_tsp_prob-d198_Ncity-8_enc-unary-square]                                                       34.8903 (18.58)        43.1562 (18.00)        35.9376 (17.70)     1.5253 (inf)          35.5998 (17.64)     0.5893 (inf)           2;2   27.8260 (0.06)         29           1
test_hamiltonians[ham_bh_graph-1D-grid-pbc-qubitnodes_Lx-14_U-10_enc-stdbinary_d-4-square]                          35.3099 (18.80)        38.1038 (15.89)        36.4305 (17.94)     0.6926 (inf)          36.2849 (17.98)     0.6301 (inf)           8;2   27.4495 (0.06)         27           1
test_hamiltonians[ham_4-flat100-7.cnf-90-cc-linear]                                                                 35.4711 (18.89)        44.7496 (18.66)        36.8442 (18.15)     1.7280 (inf)          36.4845 (18.08)     0.7989 (inf)           1;3   27.1413 (0.06)         28           1
test_hamiltonians[ham_graph-2D-grid-nonpbc-qubitnodes_Lx-5_Ly-15_h-3-all-to-all]                                    35.7137 (19.02)        38.6495 (16.12)        36.4474 (17.95)     0.7064 (inf)          36.1988 (17.94)     0.4553 (inf)           5;3   27.4368 (0.06)         26           1
test_hamiltonians[ham_fh-graph-1D-grid-pbc-qubitnodes_Lx-50_U-2_enc-jw-linear]                                      36.5925 (19.49)        43.0633 (17.96)        38.1676 (18.80)     1.1900 (inf)          37.9852 (18.82)     0.8074 (inf)           3;2   26.2002 (0.05)         27           1
test_hamiltonians[ham_graph-2D-grid-nonpbc-qubitnodes_Lx-5_Ly-15_h-3-heavy-hex]                                     37.7117 (20.08)        39.8697 (16.63)        38.4911 (18.96)     0.5831 (inf)          38.3315 (19.00)     0.8765 (inf)           8;0   25.9800 (0.05)         25           1
test_hamiltonians[ham_2-uf100-0396.cnf-46-res-linear]                                                               37.9515 (20.21)        42.2193 (17.60)        39.8871 (19.64)     0.8294 (inf)          39.8083 (19.73)     0.6091 (inf)           6;3   25.0708 (0.05)         25           1
test_hamiltonians[ham_queen13_13,n-28,rinst-0-heavy-hex]                                                            38.7913 (20.66)        46.0725 (19.21)        40.0604 (19.73)     1.4513 (inf)          39.7267 (19.69)     0.9886 (inf)           3;2   24.9623 (0.05)         26           1
test_hamiltonians[ham_graph-2D-triag-pbc-qubitnodes_Lx-13_Ly-13_h-0.1-heavy-hex]                                    38.9710 (20.75)        49.0000 (20.43)        40.4662 (19.93)     1.9424 (inf)          39.9330 (19.79)     1.9295 (inf)           1;1   24.7120 (0.05)         26           1
test_hamiltonians[ham_graph-2D-triag-pbc-qubitnodes_Lx-13_Ly-13_h-0.1-square]                                       39.4101 (20.99)        50.8302 (21.20)        41.3343 (20.36)     2.1201 (inf)          41.1089 (20.37)     0.8448 (inf)           1;2   24.1930 (0.05)         25           1
test_hamiltonians[ham_graph-2D-grid-nonpbc-qubitnodes_Lx-5_Ly-15_h-3-square]                                        39.8951 (21.25)        41.6343 (17.36)        40.5716 (19.98)     0.4936 (inf)          40.4688 (20.05)     0.6903 (inf)          10;0   24.6478 (0.05)         24           1
test_hamiltonians[ham_bh_graph-1D-grid-pbc-qubitnodes_Lx-14_U-10_enc-stdbinary_d-4-heavy-hex]                       40.1465 (21.38)        42.7726 (17.84)        41.1114 (20.25)     0.6711 (inf)          40.9655 (20.30)     0.9041 (inf)           8;0   24.3242 (0.05)         26           1
test_hamiltonians[ham_fh-graph-1D-grid-pbc-qubitnodes_Lx-50_U-2_enc-jw-heavy-hex]                                   41.2947 (21.99)        47.0214 (19.61)        42.7512 (21.05)     1.1447 (inf)          42.5887 (21.10)     0.8262 (inf)           3;2   23.3912 (0.05)         23           1
test_hamiltonians[ham_ham_JW-10-square]                                                                             41.3331 (22.01)        46.9225 (19.57)        43.0578 (21.21)     1.3951 (inf)          42.7892 (21.20)     1.4133 (inf)           8;1   23.2246 (0.05)         23           1
test_hamiltonians[ham_2-uf100-0601.cnf-46-res-linear]                                                               41.6713 (22.19)        46.1783 (19.26)        43.6240 (21.48)     1.0185 (inf)          43.5396 (21.58)     1.1001 (inf)           4;2   22.9232 (0.05)         23           1
test_hamiltonians[ham_ham_JW10-square]                                                                              41.9512 (22.34)        45.3454 (18.91)        43.1680 (21.26)     1.0290 (inf)          42.9307 (21.27)     1.6830 (inf)           9;0   23.1653 (0.05)         22           1
test_hamiltonians[ham_ham_JW10-linear]                                                                              42.8299 (22.81)        49.4224 (20.61)        44.7552 (22.04)     1.4367 (inf)          44.7268 (22.16)     1.4192 (inf)           5;1   22.3438 (0.05)         22           1
test_hamiltonians[ham_ham_JW-10-linear]                                                                             42.9224 (22.86)        50.6802 (21.13)        44.4547 (21.89)     1.5613 (inf)          44.1384 (21.87)     1.2573 (inf)           1;1   22.4948 (0.05)         23           1
test_hamiltonians[ham_tsp_prob-d198_Ncity-8_enc-unary-all-to-all]                                                   42.9867 (22.89)        46.4395 (19.36)        43.7848 (21.56)     0.7247 (inf)          43.5913 (21.60)     0.3853 (inf)           3;3   22.8390 (0.05)         23           1
test_hamiltonians[ham_gnp-k_4_n-40_rinst-07-all-to-all]                                                             43.2018 (23.01)        46.5489 (19.41)        44.0294 (21.68)     0.7028 (inf)          43.8384 (21.72)     0.4955 (inf)           4;2   22.7121 (0.05)         23           1
test_hamiltonians[ham_4-flat100-7.cnf-90-cc-all-to-all]                                                             43.2340 (23.02)        45.4333 (18.95)        44.0319 (21.69)     0.5558 (inf)          43.9134 (21.76)     0.4801 (inf)           4;2   22.7108 (0.05)         22           1
test_hamiltonians[ham_ham_parity10-linear]                                                                          45.0580 (23.99)        48.1713 (20.09)        46.6643 (22.98)     0.7074 (inf)          46.6072 (23.10)     0.7500 (inf)           4;2   21.4296 (0.04)         20           1
test_hamiltonians[ham_tsp_prob-d198_Ncity-8_enc-unary-heavy-hex]                                                    45.6023 (24.28)        52.2816 (21.80)        46.7465 (23.02)     1.5607 (inf)          46.1342 (22.86)     1.4273 (inf)           2;1   21.3920 (0.04)         21           1
test_hamiltonians[ham_ham_JW10-all-to-all]                                                                          45.8570 (24.42)        48.3701 (20.17)        46.9253 (23.11)     0.6735 (inf)          46.7923 (23.19)     0.6541 (inf)           6;2   21.3105 (0.04)         20           1
test_hamiltonians[ham_ham_JW-10-all-to-all]                                                                         45.9968 (24.49)        51.6826 (21.55)        47.0538 (23.17)     1.2533 (inf)          46.7753 (23.18)     0.6571 (inf)           2;2   21.2523 (0.04)         22           1
test_hamiltonians[ham_dsjc1000.1,n-36,rinst-4-square]                                                               47.3516 (25.22)        54.4003 (22.68)        48.5448 (23.91)     1.4165 (inf)          48.4702 (24.02)     0.6189 (inf)           1;1   20.5995 (0.04)         21           1
test_hamiltonians[ham_bh_graph-1D-grid-pbc-qubitnodes_Lx-24_U-20_enc-stdbinary_d-4-linear]                          47.7741 (25.44)        51.4656 (21.46)        48.8144 (24.04)     0.8519 (inf)          48.5551 (24.06)     0.9033 (inf)           5;1   20.4857 (0.04)         22           1
test_hamiltonians[ham_ham_parity10-square]                                                                          48.1969 (25.67)        55.2976 (23.06)        49.8064 (24.53)     1.5624 (inf)          49.6832 (24.62)     1.4880 (inf)           2;1   20.0777 (0.04)         19           1
test_hamiltonians[ham_ham_JW-10-heavy-hex]                                                                          49.6064 (26.42)        53.5605 (22.33)        51.1068 (25.17)     1.0555 (inf)          50.8511 (25.20)     1.7304 (inf)           6;0   19.5669 (0.04)         20           1
test_hamiltonians[ham_ham_JW10-heavy-hex]                                                                           49.9253 (26.59)        54.6342 (22.78)        51.1643 (25.20)     1.2438 (inf)          50.6867 (25.12)     1.2419 (inf)           3;2   19.5449 (0.04)         20           1
test_hamiltonians[ham_graph-2D-grid-nonpbc-qubitnodes_Lx-19_Ly-19_h-5-square]                                       50.2165 (26.74)        51.4747 (21.46)        50.7977 (25.02)     0.3840 (inf)          50.7638 (25.16)     0.6893 (inf)           9;0   19.6859 (0.04)         19           1
test_hamiltonians[ham_ham_parity10-heavy-hex]                                                                       50.8479 (27.08)        53.7043 (22.39)        51.9459 (25.58)     0.7963 (inf)          51.8187 (25.68)     1.2703 (inf)           7;0   19.2508 (0.04)         20           1
test_hamiltonians[ham_graph-2D-triag-pbc-qubitnodes_Lx-13_Ly-13_h-0.1-all-to-all]                                   52.0049 (27.69)        55.5516 (23.16)        52.9511 (26.08)     0.9223 (inf)          52.6141 (26.07)     1.0437 (inf)           3;1   18.8853 (0.04)         19           1
test_hamiltonians[ham_bh_graph-1D-grid-pbc-qubitnodes_Lx-24_U-20_enc-stdbinary_d-4-heavy-hex]                       52.0319 (27.71)        94.1529 (39.26)        56.1533 (27.66)     9.2587 (inf)          54.0463 (26.78)     0.8613 (inf)           1;3   17.8084 (0.04)         19           1
test_hamiltonians[ham_tsp_prob-d198_Ncity-8_enc-unary-linear]                                                       52.1430 (27.77)        57.6849 (24.05)        54.0976 (26.64)     1.5785 (inf)          54.1423 (26.83)     2.3866 (inf)           9;0   18.4851 (0.04)         19           1
test_hamiltonians[ham_bh_graph-1D-grid-pbc-qubitnodes_Lx-24_U-20_enc-stdbinary_d-4-square]                          52.5146 (27.97)        57.5657 (24.00)        53.6310 (26.41)     1.1664 (inf)          53.4330 (26.48)     1.2011 (inf)           1;1   18.6459 (0.04)         19           1
test_hamiltonians[ham_ham_parity10-all-to-all]                                                                      52.5890 (28.01)        57.1075 (23.81)        53.9975 (26.59)     1.1013 (inf)          53.9039 (26.71)     1.2994 (inf)           4;1   18.5194 (0.04)         20           1
test_hamiltonians[ham_gnp-k_4_n-40_rinst-07-square]                                                                 52.8448 (28.14)        58.8432 (24.54)        54.9818 (27.08)     1.4341 (inf)          55.2462 (27.38)     1.5099 (inf)           5;1   18.1878 (0.04)         18           1
test_hamiltonians[ham_bh_graph-2D-triag-nonpbc-qubitnodes_Lx-3_Ly-5_U-30_enc-gray_d-4-all-to-all]                   52.9574 (28.20)        57.1916 (23.85)        54.3887 (26.79)     1.0525 (inf)          54.1660 (26.84)     1.0806 (inf)           5;1   18.3862 (0.04)         18           1
test_hamiltonians[ham_reg-4_n-90_rinst-07-heavy-hex]                                                                52.9946 (28.22)        61.3810 (25.60)        54.5560 (26.87)     1.8381 (inf)          54.1098 (26.81)     1.3310 (inf)           1;1   18.3298 (0.04)         19           1
test_hamiltonians[ham_dsjc1000.1,n-36,rinst-4-all-to-all]                                                           53.8257 (28.66)        58.6398 (24.45)        54.6113 (26.90)     1.1010 (inf)          54.2861 (26.90)     0.5936 (inf)           1;1   18.3112 (0.04)         19           1
test_hamiltonians[ham_fh-graph-1D-grid-nonpbc-qubitnodes_Lx-90_U-2_enc-jw-linear]                                   54.2619 (28.90)        60.4138 (25.19)        55.8117 (27.49)     1.4320 (inf)          55.6869 (27.60)     1.4986 (inf)           2;1   17.9174 (0.04)         16           1
test_hamiltonians[ham_bh_graph-1D-grid-pbc-qubitnodes_Lx-24_U-20_enc-stdbinary_d-4-all-to-all]                      54.4852 (29.01)        62.7063 (26.15)        56.2322 (27.69)     1.7855 (inf)          55.7561 (27.63)     0.8155 (inf)           2;2   17.7834 (0.04)         18           1
test_hamiltonians[ham_bh_graph-2D-triag-nonpbc-qubitnodes_Lx-3_Ly-5_U-30_enc-gray_d-4-square]                       54.5532 (29.05)       107.5866 (44.86)        59.5933 (29.35)    12.0705 (inf)          56.2869 (27.89)     1.6053 (inf)           1;2   16.7804 (0.03)         18           1
test_hamiltonians[ham_dsjc1000.1,n-36,rinst-4-heavy-hex]                                                            56.6914 (30.19)        63.1247 (26.32)        58.7193 (28.92)     1.7533 (inf)          58.2843 (28.88)     1.5841 (inf)           4;2   17.0302 (0.03)         18           1
test_hamiltonians[ham_graph-2D-triag-pbc-qubitnodes_Lx-13_Ly-13_h-0.1-linear]                                       57.4251 (30.58)        71.0053 (29.61)        60.1655 (29.63)     3.0526 (inf)          59.1870 (29.33)     1.9732 (inf)           1;1   16.6208 (0.03)         17           1
test_hamiltonians[ham_4-uf100-0246.cnf-70-res-all-to-all]                                                           58.0400 (30.91)        62.3942 (26.02)        58.7470 (28.93)     1.0195 (inf)          58.4536 (28.97)     0.6641 (inf)           1;1   17.0221 (0.03)         17           1
test_hamiltonians[ham_gnp-k_4_n-40_rinst-07-heavy-hex]                                                              59.2776 (31.57)        62.7978 (26.19)        60.9799 (30.03)     1.1435 (inf)          61.0282 (30.24)     2.1247 (inf)           6;0   16.3988 (0.03)         16           1
test_hamiltonians[ham_4-uf100-0246.cnf-70-res-square]                                                               60.0588 (31.98)        68.4017 (28.52)        62.3474 (30.71)     1.9885 (inf)          61.8890 (30.67)     1.9623 (inf)           3;1   16.0392 (0.03)         16           1
test_hamiltonians[ham_fh-graph-1D-grid-nonpbc-qubitnodes_Lx-90_U-2_enc-jw-heavy-hex]                                60.1627 (32.04)        67.8488 (28.29)        61.7946 (30.43)     1.6952 (inf)          61.5561 (30.50)     1.1306 (inf)           1;1   16.1826 (0.03)         17           1
test_hamiltonians[ham_reg-4_n-90_rinst-07-all-to-all]                                                               61.3239 (32.66)        64.7501 (27.00)        62.1094 (30.59)     0.8339 (inf)          61.8932 (30.67)     0.7745 (inf)           2;1   16.1006 (0.03)         16           1
test_hamiltonians[ham_fh-graph-1D-grid-pbc-qubitnodes_Lx-50_U-2_enc-jw-all-to-all]                                  62.8397 (33.46)        67.3966 (28.10)        64.4045 (31.72)     1.1092 (inf)          64.1667 (31.80)     1.2784 (inf)           3;1   15.5269 (0.03)         15           1
test_hamiltonians[ham_bh_graph-2D-triag-nonpbc-qubitnodes_Lx-3_Ly-5_U-30_enc-gray_d-4-heavy-hex]                    62.9834 (33.54)        69.1204 (28.82)        64.7815 (31.90)     1.9662 (inf)          63.8447 (31.64)     2.2855 (inf)           2;1   15.4365 (0.03)         15           1
test_hamiltonians[ham_fh-graph-1D-grid-pbc-qubitnodes_Lx-50_U-2_enc-jw-square]                                      63.5980 (33.87)        70.4726 (29.39)        65.2954 (32.16)     1.5906 (inf)          64.8677 (32.15)     1.4252 (inf)           2;1   15.3150 (0.03)         16           1
test_hamiltonians[ham_enc_gray_dvalues_4-4-4-4-4-4-4-all-to-all]                                                    64.9655 (34.60)       110.3601 (46.02)        69.3010 (34.13)    11.1778 (inf)          66.0026 (32.71)     1.2953 (inf)           1;2   14.4298 (0.03)         16           1
test_hamiltonians[ham_enc_gray_dvalues_4-4-4-4-4-4-4-heavy-hex]                                                     65.6600 (34.97)        70.4106 (29.36)        66.6688 (32.83)     1.1327 (inf)          66.3143 (32.86)     0.9067 (inf)           1;1   14.9995 (0.03)         16           1
test_hamiltonians[ham_tsp_prob-pr76_Ncity-10_enc-unary-square]                                                      65.6907 (34.98)        72.3316 (30.16)        67.6803 (33.33)     1.6202 (inf)          67.3921 (33.40)     1.4070 (inf)           4;1   14.7753 (0.03)         15           1
test_hamiltonians[ham_queen13_13,n-28,rinst-0-linear]                                                               65.7887 (35.03)        75.5447 (31.50)        69.1649 (34.06)     2.2232 (inf)          69.0001 (34.19)     2.2350 (inf)           3;1   14.4582 (0.03)         16           1
test_hamiltonians[ham_bh_graph-2D-triag-nonpbc-qubitnodes_Lx-3_Ly-5_U-30_enc-gray_d-4-linear]                       65.8652 (35.08)        72.6153 (30.28)        67.0376 (33.02)     1.6597 (inf)          66.6697 (33.04)     0.9454 (inf)           1;1   14.9170 (0.03)         15           1
test_hamiltonians[ham_tsp_prob-st70_Ncity-10_enc-unary-square]                                                      66.1250 (35.21)        74.4518 (31.05)        68.8545 (33.91)     2.2832 (inf)          68.5343 (33.96)     2.4934 (inf)           5;1   14.5234 (0.03)         15           1
test_hamiltonians[ham_dsjc1000.1,n-36,rinst-4-linear]                                                               68.5356 (36.50)        73.4341 (30.62)        71.4513 (35.19)     1.4807 (inf)          71.0935 (35.23)     2.5234 (inf)           5;0   13.9955 (0.03)         14           1
test_hamiltonians[ham_reg-5_n-10_rinst-07-all-to-all]                                                               68.7471 (36.61)        76.7268 (31.99)        70.9968 (34.97)     1.7391 (inf)          70.6929 (35.03)     0.5964 (inf)           2;3   14.0851 (0.03)         15           1
test_hamiltonians[ham_bh_graph-1D-grid-nonpbc-qubitnodes_Lx-12_U-40_enc-unary_d-4-linear]                           68.8263 (36.65)        77.8352 (32.46)        70.6625 (34.80)     2.2234 (inf)          70.0080 (34.69)     1.9432 (inf)           1;1   14.1518 (0.03)         15           1
test_hamiltonians[ham_enc_gray_dvalues_4-4-4-4-4-4-4-square]                                                        70.0097 (37.28)        76.4538 (31.88)        72.1540 (35.54)     1.7049 (inf)          71.8019 (35.58)     2.2019 (inf)           2;1   13.8592 (0.03)         13           1
test_hamiltonians[ham_bh_graph-1D-grid-pbc-qubitnodes_Lx-4_U-40_enc-gray_d-8-all-to-all]                            70.0920 (37.33)        79.0671 (32.97)        71.8977 (35.41)     2.2335 (inf)          71.3999 (35.38)     1.2546 (inf)           1;1   13.9087 (0.03)         14           1
test_hamiltonians[ham_bh_graph-1D-grid-nonpbc-qubitnodes_Lx-12_U-40_enc-unary_d-4-square]                           70.5838 (37.59)        77.3342 (32.25)        73.3436 (36.12)     1.9173 (inf)          73.0682 (36.21)     2.4717 (inf)           4;0   13.6344 (0.03)         14           1
test_hamiltonians[ham_bh_graph-3D-grid-nonpbc-qubitnodes_Lx-2_Ly-2_Lz-2_U-20_enc-unary_d-4-all-to-all]              71.6568 (38.16)        78.9299 (32.91)        72.9483 (35.93)     1.8204 (inf)          72.4672 (35.91)     0.8422 (inf)           1;1   13.7083 (0.03)         14           1
test_hamiltonians[ham_bh_graph-1D-grid-nonpbc-qubitnodes_Lx-12_U-40_enc-unary_d-4-all-to-all]                       71.8928 (38.28)       117.6120 (49.04)        76.2962 (37.58)    12.4540 (inf)          72.5974 (35.98)     0.9144 (inf)           1;2   13.1068 (0.03)         13           1
test_hamiltonians[ham_enc_gray_dvalues_4-4-4-4-4-4-4-linear]                                                        72.5645 (38.64)        77.4544 (32.30)        75.0141 (36.94)     1.3314 (inf)          74.8989 (37.12)     2.0438 (inf)           5;0   13.3308 (0.03)         14           1
test_hamiltonians[ham_tsp_prob-pr76_Ncity-10_enc-unary-heavy-hex]                                                   72.7219 (38.73)        79.6135 (33.20)        75.0343 (36.95)     1.7825 (inf)          74.7623 (37.05)     1.5736 (inf)           3;1   13.3272 (0.03)         14           1
test_hamiltonians[ham_tsp_prob-st70_Ncity-10_enc-unary-heavy-hex]                                                   73.0452 (38.90)        78.8166 (32.87)        75.0058 (36.94)     1.7026 (inf)          74.4541 (36.90)     2.7696 (inf)           3;0   13.3323 (0.03)         14           1
test_hamiltonians[ham_reg-5_n-10_rinst-07-square]                                                                   73.3729 (39.07)       116.2189 (48.46)        78.5642 (38.69)    11.3941 (inf)          74.7350 (37.03)     2.2302 (inf)           1;1   12.7284 (0.03)         13           1
test_hamiltonians[ham_bh_graph-1D-grid-nonpbc-qubitnodes_Lx-12_U-40_enc-unary_d-4-heavy-hex]                        73.4805 (39.13)        81.2414 (33.88)        75.4631 (37.17)     2.0198 (inf)          75.0693 (37.20)     2.1067 (inf)           1;1   13.2515 (0.03)         13           1
test_hamiltonians[ham_queen13_13,n-28,rinst-0-all-to-all]                                                           74.8466 (39.86)        77.4142 (32.28)        75.7688 (37.32)     1.0004 (inf)          75.3043 (37.32)     1.4936 (inf)           3;0   13.1980 (0.03)         13           1
test_hamiltonians[ham_ham_BK12-all-to-all]                                                                          75.4365 (40.17)        81.8166 (34.12)        76.8148 (37.83)     1.6702 (inf)          76.2634 (37.79)     1.3472 (inf)           1;1   13.0183 (0.03)         13           1
test_hamiltonians[ham_queen13_13,n-28,rinst-0-square]                                                               75.8219 (40.38)        80.6987 (33.65)        78.0056 (38.42)     1.4604 (inf)          78.3943 (38.85)     2.1942 (inf)           4;0   12.8196 (0.03)         13           1
test_hamiltonians[ham_bh_graph-3D-grid-nonpbc-qubitnodes_Lx-2_Ly-2_Lz-2_U-20_enc-unary_d-4-square]                  76.1301 (40.54)        80.6631 (33.64)        78.1240 (38.48)     1.4844 (inf)          77.8199 (38.56)     2.0822 (inf)           5;0   12.8002 (0.03)         13           1
test_hamiltonians[ham_reg-5_n-10_rinst-07-linear]                                                                   77.3907 (41.21)        83.8133 (34.95)        79.9469 (39.37)     1.7016 (inf)          79.5709 (39.43)     2.1652 (inf)           3;0   12.5083 (0.03)         13           1
test_hamiltonians[ham_gnp-k_4_n-40_rinst-07-linear]                                                                 78.8225 (41.98)       126.6130 (52.80)        85.0641 (41.89)    12.8768 (inf)          80.4065 (39.85)     3.0369 (inf)           1;2   11.7558 (0.02)         13           1
test_hamiltonians[ham_bh_graph-3D-grid-nonpbc-qubitnodes_Lx-2_Ly-2_Lz-2_U-20_enc-unary_d-4-heavy-hex]               79.2940 (42.23)        85.0713 (35.47)        81.1794 (39.98)     1.5930 (inf)          80.7978 (40.04)     1.8169 (inf)           4;1   12.3184 (0.03)         13           1
test_hamiltonians[ham_reg-5_n-10_rinst-07-heavy-hex]                                                                79.9149 (42.56)        84.8209 (35.37)        81.2664 (40.02)     1.4563 (inf)          80.7770 (40.03)     1.3289 (inf)           2;1   12.3052 (0.02)         13           1
test_hamiltonians[ham_reg-4_n-90_rinst-07-square]                                                                   81.7314 (43.52)        86.3026 (35.99)        83.4744 (41.11)     1.2482 (inf)          83.4725 (41.36)     1.6498 (inf)           3;0   11.9797 (0.02)         12           1
test_hamiltonians[ham_4-uf100-0246.cnf-70-res-heavy-hex]                                                            82.6852 (44.03)        98.4879 (41.07)        85.2522 (41.99)     4.2705 (inf)          83.9951 (41.62)     0.5936 (inf)           1;3   11.7299 (0.02)         12           1
test_hamiltonians[ham_reg-4_n-90_rinst-07-linear]                                                                   84.1590 (44.82)        92.0541 (38.39)        86.6554 (42.68)     2.0850 (inf)          86.3457 (42.79)     1.5800 (inf)           3;1   11.5400 (0.02)         12           1
test_hamiltonians[ham_tsp_prob-pr76_Ncity-10_enc-unary-all-to-all]                                                  85.5856 (45.58)        88.4412 (36.88)        86.9117 (42.80)     0.9396 (inf)          86.7053 (42.97)     1.5063 (inf)           5;0   11.5059 (0.02)         12           1
test_hamiltonians[ham_gnp-k_5_n-60_rinst-19-all-to-all]                                                             85.6765 (45.63)       135.8072 (56.63)        91.1176 (44.88)    14.0972 (inf)          87.2525 (43.24)     1.5301 (inf)           1;1   10.9748 (0.02)         12           1
test_hamiltonians[ham_bh_graph-1D-grid-pbc-qubitnodes_Lx-4_U-40_enc-gray_d-8-heavy-hex]                             86.4088 (46.02)        93.9924 (39.19)        89.2540 (43.96)     2.1316 (inf)          88.9484 (44.08)     1.8178 (inf)           4;1   11.2040 (0.02)         11           1
test_hamiltonians[ham_tsp_prob-st70_Ncity-10_enc-unary-all-to-all]                                                  86.4826 (46.05)        92.2279 (38.46)        87.8851 (43.28)     1.4819 (inf)          87.5740 (43.40)     0.7847 (inf)           1;1   11.3785 (0.02)         12           1
test_hamiltonians[ham_bh_graph-1D-grid-pbc-qubitnodes_Lx-4_U-40_enc-gray_d-8-square]                                86.6162 (46.13)        90.4276 (37.71)        88.2752 (43.48)     1.4358 (inf)          87.8422 (43.53)     2.8756 (inf)           6;0   11.3282 (0.02)         11           1
test_hamiltonians[ham_bh_graph-3D-grid-nonpbc-qubitnodes_Lx-2_Ly-2_Lz-2_U-20_enc-unary_d-4-linear]                  86.6911 (46.17)        97.0666 (40.48)        88.9487 (43.81)     3.0509 (inf)          88.1381 (43.68)     2.0530 (inf)           1;1   11.2424 (0.02)         11           1
test_hamiltonians[ham_bh_graph-1D-grid-pbc-qubitnodes_Lx-4_U-40_enc-gray_d-8-linear]                                89.2391 (47.52)        98.3190 (41.00)        92.4043 (45.51)     2.2593 (inf)          92.1885 (45.68)     1.3958 (inf)           2;1   10.8220 (0.02)         11           1
test_hamiltonians[ham_bh_graph-1D-grid-pbc-qubitnodes_Lx-46_U-2_enc-gray_d-4-linear]                                94.2528 (50.19)        98.1071 (40.91)        96.2450 (47.40)     1.3455 (inf)          96.3864 (47.76)     2.0355 (inf)           4;0   10.3901 (0.02)          9           1
test_hamiltonians[ham_graph-2D-triag-pbc-qubitnodes_Lx-19_Ly-19_h-0.5-heavy-hex]                                    94.6657 (50.41)       102.6680 (42.81)        96.6792 (47.61)     2.2295 (inf)          95.8812 (47.51)     2.0825 (inf)           1;1   10.3435 (0.02)         11           1
test_hamiltonians[ham_ham_parity-14-all-to-all]                                                                     97.2088 (51.77)       110.5665 (46.10)       100.2625 (49.38)     3.9178 (inf)          99.0738 (49.10)     3.0269 (inf)           1;1    9.9738 (0.02)         10           1
test_hamiltonians[ham_will199gpia,n-60,rinst-8-square]                                                             103.0666 (54.89)       149.5510 (62.36)       110.4107 (54.38)    13.9794 (inf)         106.2491 (52.65)     1.8823 (inf)           1;2    9.0571 (0.02)         10           1
test_hamiltonians[ham_ham_JW12-linear]                                                                             105.4135 (56.14)       112.5170 (46.92)       108.0805 (53.23)     2.0460 (inf)         108.4516 (53.74)     2.1734 (inf)           3;1    9.2524 (0.02)         10           1
test_hamiltonians[ham_bh_graph-1D-grid-pbc-qubitnodes_Lx-46_U-2_enc-gray_d-4-heavy-hex]                            107.2625 (57.12)       114.1399 (47.59)       110.3025 (54.32)     2.5192 (inf)         109.1842 (54.11)     3.6888 (inf)           4;0    9.0660 (0.02)          9           1
test_hamiltonians[ham_bh_graph-1D-grid-pbc-qubitnodes_Lx-46_U-2_enc-gray_d-4-square]                               108.3846 (57.72)       111.8769 (46.65)       109.6212 (53.99)     1.2602 (inf)         109.1520 (54.09)     2.0677 (inf)           2;0    9.1223 (0.02)          9           1
test_hamiltonians[ham_graph-2D-triag-pbc-qubitnodes_Lx-19_Ly-19_h-0.5-square]                                      108.4087 (57.73)       114.6921 (47.82)       110.4435 (54.39)     2.0729 (inf)         109.4548 (54.24)     3.1641 (inf)           1;0    9.0544 (0.02)         10           1
test_hamiltonians[ham_bh_graph-1D-grid-pbc-qubitnodes_Lx-46_U-2_enc-gray_d-4-all-to-all]                           108.5563 (57.81)       113.3741 (47.28)       109.6537 (54.00)     1.4897 (inf)         109.1441 (54.09)     1.1820 (inf)           1;1    9.1196 (0.02)          9           1
test_hamiltonians[ham_bh_graph-1D-grid-pbc-qubitnodes_Lx-60_U-10_enc-stdbinary_d-4-linear]                         108.8689 (57.98)       112.0998 (46.74)       110.6080 (54.47)     1.0451 (inf)         111.0214 (55.02)     1.7900 (inf)           3;0    9.0409 (0.02)         10           1
test_hamiltonians[ham_ham_BK12-square]                                                                             110.6209 (58.91)       117.7383 (49.10)       113.1040 (55.70)     2.3044 (inf)         112.4894 (55.74)     3.0446 (inf)           3;0    8.8414 (0.02)          9           1
test_hamiltonians[ham_fh-graph-1D-grid-nonpbc-qubitnodes_Lx-90_U-2_enc-jw-square]                                  110.7492 (58.98)       117.8660 (49.15)       113.4395 (55.87)     2.1728 (inf)         113.2278 (56.11)     2.8531 (inf)           2;0    8.8153 (0.02)          9           1
test_hamiltonians[ham_ham_JW12-all-to-all]                                                                         111.3681 (59.31)       119.9598 (50.02)       113.4736 (55.89)     2.7671 (inf)         112.5393 (55.77)     3.1248 (inf)           1;1    8.8126 (0.02)          9           1
test_hamiltonians[ham_tsp_prob-st70_Ncity-10_enc-unary-linear]                                                     112.8629 (60.10)       122.8919 (51.24)       115.9356 (57.10)     3.0151 (inf)         115.4272 (57.20)     2.6133 (inf)           2;1    8.6255 (0.02)          9           1
test_hamiltonians[ham_tsp_prob-pr76_Ncity-10_enc-unary-linear]                                                     113.3910 (60.38)       119.9869 (50.03)       115.7464 (57.00)     2.1465 (inf)         114.6837 (56.83)     3.0106 (inf)           2;0    8.6396 (0.02)          9           1
test_hamiltonians[ham_ham_parity12-all-to-all]                                                                     114.8317 (61.15)       120.4248 (50.22)       117.9172 (58.07)     1.8517 (inf)         117.9020 (58.43)     2.4843 (inf)           3;0    8.4805 (0.02)          8           1
test_hamiltonians[ham_gnp-k_5_n-60_rinst-19-square]                                                                116.6539 (62.12)       131.4030 (54.79)       124.6997 (61.41)     4.3413 (inf)         125.4874 (62.19)     4.2855 (inf)           2;0    8.0193 (0.02)          8           1
test_hamiltonians[ham_ham_BK12-heavy-hex]                                                                          117.1699 (62.40)       123.1616 (51.36)       119.9110 (59.06)     2.1143 (inf)         120.0660 (59.50)     3.3861 (inf)           3;0    8.3395 (0.02)          8           1
test_hamiltonians[ham_bh_graph-1D-grid-pbc-qubitnodes_Lx-60_U-10_enc-stdbinary_d-4-square]                         118.4674 (63.09)       172.8824 (72.09)       125.1190 (61.62)    17.9198 (inf)         119.0097 (58.98)     1.2160 (inf)           1;1    7.9924 (0.02)          9           1
test_hamiltonians[ham_ham_parity12-linear]                                                                         119.6527 (63.72)       127.3292 (53.09)       122.0365 (60.10)     2.3940 (inf)         121.5214 (60.22)     1.9372 (inf)           1;1    8.1943 (0.02)          8           1
test_hamiltonians[ham_ham_BK12-linear]                                                                             122.5204 (65.25)       133.4659 (55.65)       125.4198 (61.77)     3.6401 (inf)         124.3163 (61.60)     3.5820 (inf)           1;1    7.9732 (0.02)          8           1
test_hamiltonians[ham_ham_parity-14-square]                                                                        125.7352 (66.96)       130.7459 (54.52)       127.2450 (62.67)     1.9175 (inf)         126.4592 (62.67)     2.3692 (inf)           2;0    7.8589 (0.02)          8           1
test_hamiltonians[ham_graph-2D-grid-nonpbc-qubitnodes_Lx-5_Ly-58_h-2-heavy-hex]                                    126.2040 (67.21)       135.3989 (56.46)       129.2694 (63.66)     3.0175 (inf)         128.7232 (63.79)     3.3403 (inf)           2;0    7.7358 (0.02)          8           1
test_hamiltonians[ham_will199gpia,n-60,rinst-8-heavy-hex]                                                          130.4865 (69.49)       142.2679 (59.32)       135.0894 (66.53)     3.8895 (inf)         134.6764 (66.74)     4.3426 (inf)           3;0    7.4025 (0.02)          8           1
test_hamiltonians[ham_ham_JW14-linear]                                                                             132.1050 (70.35)       137.9628 (57.53)       135.0606 (66.52)     2.0463 (inf)         135.5444 (67.17)     3.3378 (inf)           2;0    7.4041 (0.02)          8           1
test_hamiltonians[ham_bh_graph-1D-grid-pbc-qubitnodes_Lx-60_U-10_enc-stdbinary_d-4-heavy-hex]                      132.6280 (70.63)       137.7727 (57.45)       135.2827 (66.63)     1.4615 (inf)         135.3595 (67.08)     1.2696 (inf)           2;1    7.3919 (0.02)          8           1
test_hamiltonians[ham_will199gpia,n-60,rinst-8-all-to-all]                                                         133.4091 (71.04)       136.9095 (57.09)       135.2255 (66.60)     1.2649 (inf)         135.3128 (67.05)     2.1519 (inf)           3;0    7.3951 (0.02)          8           1
test_hamiltonians[ham_ham_JW12-square]                                                                             135.7538 (72.29)       145.8161 (60.80)       139.1161 (68.51)     2.9471 (inf)         138.2914 (68.53)     1.0790 (inf)           2;2    7.1882 (0.01)          8           1
test_hamiltonians[ham_enc_unary_dvalues_4-4-4-all-to-all]                                                          136.5705 (72.73)       147.8005 (61.63)       140.2885 (69.09)     3.9434 (inf)         139.4059 (69.08)     2.7680 (inf)           1;1    7.1282 (0.01)          6           1
test_hamiltonians[ham_ham_JW14-all-to-all]                                                                         137.9298 (73.45)       151.3135 (63.10)       140.8199 (69.35)     4.4730 (inf)         139.2280 (68.99)     2.8652 (inf)           1;1    7.1013 (0.01)          8           1
test_hamiltonians[ham_gnp-k_5_n-90_rinst-02-all-to-all]                                                            140.2789 (74.70)       187.9533 (78.37)       148.6548 (73.21)    17.5267 (inf)         141.3546 (70.05)     5.6972 (inf)           1;1    6.7270 (0.01)          7           1
test_hamiltonians[ham_4-uf100-0246.cnf-70-res-linear]                                                              140.5703 (74.86)       156.6203 (65.31)       147.4083 (72.60)     5.0235 (inf)         146.7288 (72.71)     4.7073 (inf)           2;1    6.7839 (0.01)          7           1
test_hamiltonians[ham_ham_parity-14-linear]                                                                        141.2276 (75.21)       148.7848 (62.04)       143.7861 (70.81)     2.4787 (inf)         143.4044 (71.06)     2.2129 (inf)           2;1    6.9548 (0.01)          7           1
test_hamiltonians[ham_ham_parity12-heavy-hex]                                                                      144.5667 (76.99)       149.6167 (62.39)       146.4752 (72.14)     1.8779 (inf)         145.7907 (72.25)     2.8559 (inf)           3;0    6.8271 (0.01)          7           1
test_hamiltonians[ham_ham_parity12-square]                                                                         145.5404 (77.50)       154.4138 (64.39)       148.6114 (73.19)     2.9913 (inf)         147.8155 (73.25)     3.3150 (inf)           2;0    6.7290 (0.01)          7           1
test_hamiltonians[ham_ham_JW12-heavy-hex]                                                                          146.8751 (78.21)       154.4762 (64.41)       150.4742 (74.11)     2.6524 (inf)         151.4575 (75.05)     3.6569 (inf)           2;0    6.6457 (0.01)          7           1
test_hamiltonians[ham_graph-2D-triag-nonpbc-qubitnodes_Lx-3_Ly-160_h-0.1-heavy-hex]                                147.3002 (78.44)       154.5149 (64.43)       149.1562 (73.46)     2.5725 (inf)         147.7916 (73.24)     2.2999 (inf)           1;1    6.7044 (0.01)          7           1
test_hamiltonians[ham_graph-2D-grid-nonpbc-qubitnodes_Lx-5_Ly-58_h-2-linear]                                       150.6026 (80.20)       160.1318 (66.77)       153.9685 (75.83)     3.2545 (inf)         153.9212 (76.28)     3.7546 (inf)           2;0    6.4948 (0.01)          7           1
test_hamiltonians[ham_graph-2D-grid-pbc-qubitnodes_Lx-2_Ly-185_h-0.5-linear]                                       150.6425 (80.22)       199.5084 (83.19)       161.4713 (79.52)    17.2277 (inf)         153.6588 (76.15)     8.2526 (inf)           1;1    6.1931 (0.01)          7           1
test_hamiltonians[ham_graph-2D-grid-pbc-qubitnodes_Lx-2_Ly-185_h-0.5-heavy-hex]                                    150.8289 (80.32)       161.2783 (67.25)       153.7350 (75.71)     3.9959 (inf)         151.9903 (75.32)     5.0901 (inf)           1;0    6.5047 (0.01)          7           1
test_hamiltonians[ham_graph-2D-triag-nonpbc-qubitnodes_Lx-3_Ly-160_h-0.1-square]                                   150.8721 (80.34)       159.7408 (66.61)       154.4817 (76.08)     3.4037 (inf)         153.5045 (76.07)     5.8435 (inf)           4;0    6.4733 (0.01)          7           1
test_hamiltonians[ham_gnp-k_5_n-60_rinst-19-heavy-hex]                                                             151.6851 (80.78)       167.1975 (69.72)       156.6640 (77.16)     5.3239 (inf)         155.5889 (77.10)     5.8354 (inf)           1;0    6.3831 (0.01)          7           1
test_hamiltonians[ham_bh_graph-1D-grid-pbc-qubitnodes_Lx-60_U-10_enc-stdbinary_d-4-all-to-all]                     152.5738 (81.25)       158.1951 (65.97)       154.2761 (75.98)     1.9327 (inf)         153.5192 (76.08)     1.7516 (inf)           1;1    6.4819 (0.01)          7           1
test_hamiltonians[ham_ham_parity-14-heavy-hex]                                                                     154.2272 (82.13)       169.5080 (70.68)       158.7768 (78.20)     5.1508 (inf)         156.8502 (77.73)     3.9519 (inf)           1;1    6.2981 (0.01)          7           1
test_hamiltonians[ham_graph-2D-grid-nonpbc-qubitnodes_Lx-19_Ly-19_h-5-heavy-hex]                                   157.3933 (83.82)       164.8579 (68.74)       160.3953 (78.99)     2.7603 (inf)         159.4600 (79.02)     4.1666 (inf)           3;0    6.2346 (0.01)          7           1
test_hamiltonians[ham_ham_BK-14-all-to-all]                                                                        158.7494 (84.54)       165.7701 (69.12)       160.8789 (79.23)     2.7507 (inf)         159.8249 (79.20)     3.3532 (inf)           1;0    6.2159 (0.01)          6           1
test_hamiltonians[ham_ham_JW14-heavy-hex]                                                                          159.9043 (85.15)       169.2386 (70.57)       163.9287 (80.73)     2.8831 (inf)         163.5366 (81.04)     2.4418 (inf)           2;1    6.1002 (0.01)          7           1
test_hamiltonians[ham_bh_graph-2D-grid-nonpbc-qubitnodes_Lx-7_Ly-7_U-70_enc-gray_d-4-all-to-all]                   167.1905 (89.03)       230.3787 (96.06)       178.7987 (88.06)    25.2825 (inf)         168.5886 (83.54)     1.5228 (inf)           1;1    5.5929 (0.01)          6           1
test_hamiltonians[ham_bh_graph-2D-grid-nonpbc-qubitnodes_Lx-7_Ly-7_U-70_enc-gray_d-4-square]                       167.2217 (89.05)       209.1155 (87.20)       176.4849 (86.92)    16.2735 (inf)         170.0420 (84.26)     7.6782 (inf)           1;1    5.6662 (0.01)          6           1
test_hamiltonians[ham_ham_JW14-square]                                                                             169.8089 (90.43)       176.5797 (73.63)       171.9968 (84.71)     3.0171 (inf)         170.2266 (84.36)     5.0593 (inf)           2;0    5.8141 (0.01)          6           1
test_hamiltonians[ham_fh-graph-1D-grid-nonpbc-qubitnodes_Lx-90_U-2_enc-jw-all-to-all]                              171.8190 (91.50)       174.9353 (72.95)       173.0965 (85.25)     1.2439 (inf)         172.8332 (85.65)     2.0380 (inf)           2;0    5.7771 (0.01)          6           1
test_hamiltonians[ham_enc_unary_dvalues_4-4-4-square]                                                              175.5158 (93.47)       181.6357 (75.74)       178.8953 (88.11)     2.3750 (inf)         179.0009 (88.70)     4.2737 (inf)           2;0    5.5899 (0.01)          6           1
test_hamiltonians[ham_graph-2D-triag-pbc-qubitnodes_Lx-19_Ly-19_h-0.5-linear]                                      176.6020 (94.05)       193.0234 (80.49)       182.7110 (89.98)     6.0228 (inf)         181.2958 (89.84)     8.0657 (inf)           2;0    5.4731 (0.01)          6           1
test_hamiltonians[ham_will199gpia,n-60,rinst-8-linear]                                                             177.5157 (94.53)       186.8388 (77.91)       180.8203 (89.05)     3.2437 (inf)         180.1947 (89.30)     2.5402 (inf)           2;1    5.5304 (0.01)          6           1
test_hamiltonians[ham_bh_graph-2D-grid-nonpbc-qubitnodes_Lx-7_Ly-7_U-70_enc-gray_d-4-heavy-hex]                    187.8947 (100.06)      233.5785 (97.40)       199.9580 (98.48)    17.3318 (inf)         194.7700 (96.52)    12.4752 (inf)           1;1    5.0011 (0.01)          6           1
test_hamiltonians[ham_tsp_prob-fl417_Ncity-16_enc-stdbinary-all-to-all]                                            191.1200 (101.78)      236.8877 (98.78)       205.1796 (101.05)   18.4151 (inf)         196.5352 (97.39)    17.9915 (inf)           1;0    4.8738 (0.01)          5           1
test_hamiltonians[ham_tsp_prob-kroD100_Ncity-16_enc-stdbinary-all-to-all]                                          191.3423 (101.89)      238.0553 (99.27)       205.2278 (101.07)   18.9574 (inf)         197.2990 (97.77)    18.6799 (inf)           1;0    4.8726 (0.01)          5           1
test_hamiltonians[ham_gnp-k_5_n-60_rinst-19-linear]                                                                196.7897 (104.80)      270.8987 (112.96)      218.3868 (107.55)   29.8024 (inf)         207.8285 (102.99)   21.9023 (inf)           1;1    4.5790 (0.01)          5           1
test_hamiltonians[ham_enc_unary_dvalues_4-4-4-heavy-hex]                                                           197.6224 (105.24)      249.6250 (104.09)      209.2994 (103.08)   22.5918 (inf)         200.3474 (99.28)    15.3595 (inf)           1;1    4.7778 (0.01)          5           1
test_hamiltonians[ham_fh-graph-1D-grid-pbc-qubitnodes_Lx-160_U-12_enc-parity-heavy-hex]                            198.8278 (105.88)      218.3103 (91.03)       206.1823 (101.54)    7.9748 (inf)         202.9870 (100.59)   11.7245 (inf)           1;0    4.8501 (0.01)          5           1
test_hamiltonians[ham_gnp-k_5_n-90_rinst-02-square]                                                                199.6827 (106.34)      248.4112 (103.58)      216.6953 (106.72)   18.7878 (inf)         213.4778 (105.79)   18.9149 (inf)           1;0    4.6148 (0.01)          5           1
test_hamiltonians[ham_ham_JW-14-all-to-all]                                                                        201.5293 (107.32)      211.3259 (88.12)       203.8579 (100.40)    4.1921 (inf)         202.2859 (100.24)    2.9962 (inf)           1;1    4.9054 (0.01)          5           1
test_hamiltonians[ham_graph-2D-triag-pbc-qubitnodes_Lx-19_Ly-19_h-0.5-all-to-all]                                  202.8894 (108.04)      209.0240 (87.16)       205.7450 (101.33)    2.8736 (inf)         205.0007 (101.59)    5.4333 (inf)           1;0    4.8604 (0.01)          5           1
test_hamiltonians[ham_bh_graph-2D-triag-pbc-qubitnodes_Lx-5_Ly-5_U-30_enc-unary_d-4-all-to-all]                    208.0950 (110.82)      259.6946 (108.29)      225.1968 (110.91)   21.1142 (inf)         213.6565 (105.88)   25.9050 (inf)           1;0    4.4406 (0.01)          5           1
test_hamiltonians[ham_bh_graph-2D-grid-nonpbc-qubitnodes_Lx-7_Ly-7_U-70_enc-gray_d-4-linear]                       212.2499 (113.03)      272.4466 (113.61)      230.9509 (113.74)   23.8714 (inf)         221.0546 (109.54)   20.5219 (inf)           1;1    4.3299 (0.01)          5           1
test_hamiltonians[ham_enc_unary_dvalues_4-4-4-linear]                                                              219.6687 (116.98)      230.1143 (95.95)       224.6796 (110.65)    4.1866 (inf)         224.9247 (111.46)    6.7440 (inf)           2;0    4.4508 (0.01)          5           1
test_hamiltonians[ham_mu_x_prime_enc_unary_dvalues_16-16-16-16-16-16-16-16-16-16-16-16-16-16-16-square]            221.4714 (117.94)      235.9444 (98.39)       229.7738 (113.16)    6.1048 (inf)         229.2888 (113.62)   10.1916 (inf)           2;0    4.3521 (0.01)          5           1
test_hamiltonians[ham_graph-2D-grid-nonpbc-qubitnodes_Lx-5_Ly-58_h-2-square]                                       222.7680 (118.63)      231.9225 (96.71)       226.9162 (111.76)    3.8175 (inf)         225.1976 (111.60)    6.0684 (inf)           2;0    4.4069 (0.01)          5           1
test_hamiltonians[ham_tsp_prob-kroD100_Ncity-16_enc-stdbinary-square]                                              228.0033 (121.42)      286.7076 (119.55)      247.2162 (121.75)   23.0220 (inf)         240.0496 (118.96)   22.4720 (inf)           1;0    4.0450 (0.01)          5           1
test_hamiltonians[ham_ham_BK-14-square]                                                                            229.4029 (122.16)      239.5886 (99.91)       234.6379 (115.56)    3.9182 (inf)         233.5048 (115.71)    5.3940 (inf)           2;0    4.2619 (0.01)          5           1
test_hamiltonians[ham_tsp_prob-fl417_Ncity-16_enc-stdbinary-square]                                                230.8550 (122.94)      295.2622 (123.12)      249.6208 (122.94)   26.6452 (inf)         237.6286 (117.76)   29.0922 (inf)           1;0    4.0061 (0.01)          5           1
test_hamiltonians[ham_bh_graph-2D-triag-pbc-qubitnodes_Lx-10_Ly-10_U-30_enc-stdbinary_d-4-all-to-all]              245.6676 (130.82)      305.9687 (127.58)      263.3837 (129.72)   28.7135 (inf)         250.9493 (124.36)   34.4420 (inf)           1;0    3.7967 (0.01)          4           1
test_hamiltonians[ham_graph-2D-triag-nonpbc-qubitnodes_Lx-3_Ly-160_h-0.1-linear]                                   252.3376 (134.38)      264.5946 (110.33)      256.4301 (126.29)    5.5857 (inf)         254.3942 (126.07)    7.1036 (inf)           1;0    3.8997 (0.01)          4           1
test_hamiltonians[ham_gnp-k_5_n-90_rinst-02-heavy-hex]                                                             254.2908 (135.42)      299.6323 (124.94)      270.7357 (133.34)   21.0841 (inf)         264.5099 (131.08)   31.3498 (inf)           1;0    3.6936 (0.01)          4           1
test_hamiltonians[ham_ham_JW-14-linear]                                                                            256.8219 (136.76)      268.4863 (111.95)      263.5727 (129.81)    4.9318 (inf)         264.4913 (131.07)    6.7163 (inf)           1;0    3.7940 (0.01)          4           1
test_hamiltonians[ham_graph-2D-grid-nonpbc-qubitnodes_Lx-4_Ly-133_h-0.1-heavy-hex]                                 259.7139 (138.30)      308.4086 (128.60)      276.3254 (136.09)   22.4824 (inf)         268.5896 (133.10)   31.1081 (inf)           1;0    3.6189 (0.01)          4           1
test_hamiltonians[ham_ham_BK-14-heavy-hex]                                                                         260.6651 (138.81)      266.2586 (111.03)      263.2744 (129.66)    2.5423 (inf)         263.0870 (130.37)    4.1395 (inf)           2;0    3.7983 (0.01)          4           1
test_hamiltonians[ham_tsp_prob-fl417_Ncity-16_enc-stdbinary-heavy-hex]                                             261.8792 (139.46)      272.7857 (113.75)      267.5755 (131.78)    5.0499 (inf)         267.8185 (132.72)    8.3509 (inf)           2;0    3.7373 (0.01)          4           1
test_hamiltonians[ham_tsp_prob-kroD100_Ncity-16_enc-stdbinary-heavy-hex]                                           268.3904 (142.93)      327.4946 (136.56)      287.4555 (141.57)   26.9974 (inf)         276.9685 (137.25)   29.6319 (inf)           1;0    3.4788 (0.01)          4           1
test_hamiltonians[ham_bh_graph-2D-triag-pbc-qubitnodes_Lx-5_Ly-5_U-30_enc-unary_d-4-square]                        273.0824 (145.42)      308.7984 (128.76)      283.7204 (139.73)   16.8354 (inf)         276.5004 (137.02)   19.2655 (inf)           1;0    3.5246 (0.01)          4           1
test_hamiltonians[ham_ash608gpia,n-160,rinst-1-square]                                                             278.6022 (148.36)      292.4920 (121.97)      284.5082 (140.12)    5.7961 (inf)         283.4693 (140.47)    6.9864 (inf)           2;0    3.5148 (0.01)          4           1
test_hamiltonians[ham_fh-graph-1D-grid-pbc-qubitnodes_Lx-160_U-12_enc-parity-linear]                               279.1147 (148.64)      307.3573 (128.16)      290.5697 (143.10)   12.0839 (inf)         287.9033 (142.67)   16.4453 (inf)           1;0    3.4415 (0.01)          4           1
test_hamiltonians[ham_bh_graph-1D-grid-pbc-qubitnodes_Lx-10_U-30_enc-unary_d-8-all-to-all]                         279.3833 (148.78)      320.6487 (133.71)      293.6249 (144.61)   18.6831 (inf)         287.2338 (142.34)   24.6560 (inf)           1;0    3.4057 (0.01)          4           1
test_hamiltonians[ham_bh_graph-2D-triag-pbc-qubitnodes_Lx-10_Ly-10_U-30_enc-stdbinary_d-4-square]                  279.6856 (148.94)      335.6350 (139.96)      299.3024 (147.41)   24.9136 (inf)         290.9445 (144.18)   30.9306 (inf)           1;0    3.3411 (0.01)          4           1
test_hamiltonians[ham_bh_graph-2D-triag-pbc-qubitnodes_Lx-5_Ly-5_U-30_enc-unary_d-4-heavy-hex]                     282.4234 (150.40)      333.8284 (139.20)      295.9813 (145.77)   25.2579 (inf)         283.8367 (140.66)   26.8619 (inf)           1;0    3.3786 (0.01)          4           1
test_hamiltonians[ham_tsp_prob-fl417_Ncity-16_enc-stdbinary-linear]                                                286.7647 (152.71)      307.4382 (128.20)      296.6085 (146.08)   10.3720 (inf)         295.6227 (146.50)   15.5052 (inf)           1;0    3.3714 (0.01)          3           1
test_hamiltonians[ham_graph-2D-grid-pbc-qubitnodes_Lx-2_Ly-185_h-0.5-square]                                       288.8083 (153.80)      299.3007 (124.80)      293.1186 (144.36)    4.4746 (inf)         292.1827 (144.79)    6.1171 (inf)           1;0    3.4116 (0.01)          4           1
test_hamiltonians[ham_graph-2D-grid-pbc-qubitnodes_Lx-4_Ly-148_h-6-heavy-hex]                                      290.7166 (154.81)      301.5329 (125.73)      295.7413 (145.65)    4.4640 (inf)         295.3577 (146.36)    5.9991 (inf)           2;0    3.3813 (0.01)          4           1
test_hamiltonians[ham_graph-2D-grid-pbc-qubitnodes_Lx-4_Ly-148_h-6-square]                                         294.5379 (156.85)      307.1613 (128.08)      298.8698 (147.19)    5.6406 (inf)         296.8900 (147.12)    6.5308 (inf)           1;0    3.3459 (0.01)          4           1
test_hamiltonians[ham_tsp_prob-kroD100_Ncity-16_enc-stdbinary-linear]                                              298.8081 (159.12)      333.4809 (139.06)      309.8757 (152.61)   15.9133 (inf)         303.6069 (150.45)   18.1739 (inf)           1;0    3.2271 (0.01)          4           1
test_hamiltonians[ham_bh_graph-2D-triag-pbc-qubitnodes_Lx-10_Ly-10_U-30_enc-stdbinary_d-4-heavy-hex]               301.3356 (160.47)      350.9270 (146.33)      321.3545 (158.27)   23.2336 (inf)         316.5776 (156.88)   37.0121 (inf)           1;0    3.1118 (0.01)          4           1
test_hamiltonians[ham_ham_BK-14-linear]                                                                            303.2084 (161.47)      322.2084 (134.36)      313.1298 (154.22)    7.8042 (inf)         313.5511 (155.38)   10.3677 (inf)           2;0    3.1936 (0.01)          4           1
test_hamiltonians[ham_ash608gpia,n-160,rinst-1-heavy-hex]                                                          306.2000 (163.06)      319.3544 (133.17)      310.8903 (153.11)    5.9685 (inf)         309.0034 (153.13)    8.3248 (inf)           1;0    3.2166 (0.01)          4           1
test_hamiltonians[ham_enc_gray_dvalues_8-8-8-all-to-all]                                                           309.6891 (164.92)      360.3947 (150.28)      325.9847 (160.55)   23.2748 (inf)         316.9274 (157.05)   27.7484 (inf)           1;0    3.0676 (0.01)          4           1
test_hamiltonians[ham_ham_JW-14-heavy-hex]                                                                         309.8826 (165.02)      327.8362 (136.70)      316.9973 (156.12)    7.6410 (inf)         315.1352 (156.17)    9.2203 (inf)           1;0    3.1546 (0.01)          4           1
test_hamiltonians[ham_bh_graph-1D-grid-pbc-qubitnodes_Lx-10_U-30_enc-unary_d-8-heavy-hex]                          314.3142 (167.38)      388.8494 (162.14)      343.2962 (169.07)   39.9353 (inf)         326.7249 (161.91)   55.9013 (inf)           1;0    2.9129 (0.01)          3           1
test_hamiltonians[ham_graph-2D-grid-nonpbc-qubitnodes_Lx-19_Ly-19_h-5-linear]                                      315.0254 (167.76)      322.1038 (134.31)      317.7944 (156.51)    3.7823 (inf)         316.2539 (156.72)    5.3088 (inf)           1;0    3.1467 (0.01)          3           1
test_hamiltonians[ham_bh_graph-1D-grid-pbc-qubitnodes_Lx-10_U-30_enc-unary_d-8-square]                             315.8117 (168.18)      364.2290 (151.88)      331.8725 (163.45)   21.8915 (inf)         323.7247 (160.42)   24.3566 (inf)           1;0    3.0132 (0.01)          4           1
test_hamiltonians[ham_1-fullins_5,n-48,rinst-7-all-to-all]                                                         321.1562 (171.02)      376.3180 (156.92)      338.6606 (166.79)   25.4735 (inf)         328.5840 (162.83)   30.6742 (inf)           1;0    2.9528 (0.01)          4           1
test_hamiltonians[ham_bh_graph-2D-triag-pbc-qubitnodes_Lx-5_Ly-5_U-30_enc-unary_d-4-linear]                        321.8984 (171.42)      381.4857 (159.07)      347.2613 (171.02)   30.7662 (inf)         338.3998 (167.69)   44.6905 (inf)           1;0    2.8797 (0.01)          3           1
test_hamiltonians[ham_1-fullins_5,n-48,rinst-7-square]                                                             330.3342 (175.91)      347.0123 (144.70)      337.5723 (166.25)    8.5543 (inf)         335.3704 (166.19)   12.5085 (inf)           1;0    2.9623 (0.01)          3           1
test_hamiltonians[ham_ham_JW-14-square]                                                                            335.8817 (178.87)      340.3128 (141.91)      337.3588 (166.15)    2.5582 (inf)         335.8820 (166.45)    3.3233 (inf)           1;0    2.9642 (0.01)          3           1
test_hamiltonians[ham_bh_graph-1D-grid-pbc-qubitnodes_Lx-10_U-30_enc-unary_d-8-linear]                             339.1476 (180.61)      373.9888 (155.95)      356.7430 (175.69)   17.4232 (inf)         357.0925 (176.96)   26.1309 (inf)           1;0    2.8031 (0.01)          3           1
test_hamiltonians[ham_graph-2D-grid-nonpbc-qubitnodes_Lx-4_Ly-133_h-0.1-linear]                                    340.2494 (181.19)      386.5091 (161.17)      357.9772 (176.30)   24.9507 (inf)         347.1732 (172.04)   34.6948 (inf)           1;0    2.7935 (0.01)          3           1
test_hamiltonians[ham_enc_gray_dvalues_8-8-8-square]                                                               367.2366 (195.56)      383.1785 (159.78)      374.1523 (184.27)    8.1778 (inf)         372.0417 (184.37)   11.9564 (inf)           1;0    2.6727 (0.01)          3           1
test_hamiltonians[ham_enc_gray_dvalues_8-8-8-linear]                                                               375.0691 (199.73)      394.0853 (164.33)      383.5390 (188.89)    9.6767 (inf)         381.4626 (189.03)   14.2622 (inf)           1;0    2.6073 (0.01)          3           1
test_hamiltonians[ham_graph-2D-grid-pbc-qubitnodes_Lx-4_Ly-148_h-6-linear]                                         399.6718 (212.84)      431.2284 (179.82)      415.4329 (204.60)   15.7783 (inf)         415.3986 (205.85)   23.6675 (inf)           1;0    2.4071 (0.00)          3           1
test_hamiltonians[ham_enc_gray_dvalues_8-8-8-heavy-hex]                                                            401.7762 (213.96)      450.0858 (187.68)      420.3622 (207.03)   26.0094 (inf)         409.2246 (202.79)   36.2322 (inf)           1;0    2.3789 (0.00)          3           1
test_hamiltonians[ham_bh_graph-2D-triag-nonpbc-qubitnodes_Lx-11_Ly-11_U-100_enc-gray_d-4-square]                   404.7668 (215.55)      465.1940 (193.98)      426.4845 (210.04)   33.6066 (inf)         409.4926 (202.92)   45.3204 (inf)           1;0    2.3448 (0.00)          3           1
test_hamiltonians[ham_bh_graph-2D-triag-pbc-qubitnodes_Lx-10_Ly-10_U-30_enc-stdbinary_d-4-linear]                  405.8735 (216.14)      470.7749 (196.31)      428.3608 (210.97)   36.7540 (inf)         408.4340 (202.40)   48.6761 (inf)           1;0    2.3345 (0.00)          3           1
test_hamiltonians[ham_fh-graph-2D-grid-pbc-qubitnodes_Lx-5_Ly-72_U-0_enc-parity-linear]                            407.2882 (216.89)      458.7024 (191.27)      425.8961 (209.75)   28.4965 (inf)         411.6977 (204.02)   38.5606 (inf)           1;0    2.3480 (0.00)          3           1
test_hamiltonians[ham_ham_JW-18-all-to-all]                                                                        411.9431 (219.37)      436.6947 (182.10)      426.3381 (209.97)   12.8605 (inf)         430.3766 (213.27)   18.5637 (inf)           1;0    2.3456 (0.00)          3           1
test_hamiltonians[ham_1-fullins_5,n-48,rinst-7-heavy-hex]                                                          418.6617 (222.95)      446.2955 (186.10)      432.7804 (213.14)   13.8268 (inf)         433.3841 (214.76)   20.7253 (inf)           1;0    2.3106 (0.00)          3           1
test_hamiltonians[ham_bh_graph-2D-triag-nonpbc-qubitnodes_Lx-11_Ly-11_U-100_enc-gray_d-4-all-to-all]               422.6707 (225.08)      497.2439 (207.34)      454.3408 (223.76)   38.5347 (inf)         443.1078 (219.58)   55.9299 (inf)           1;0    2.2010 (0.00)          3           1
test_hamiltonians[ham_fh-graph-2D-grid-pbc-qubitnodes_Lx-2_Ly-105_U-8_enc-bk-square]                               424.5552 (226.09)      430.6932 (179.59)      427.9845 (210.78)    3.1318 (inf)         428.7052 (212.45)    4.6035 (inf)           1;0    2.3365 (0.00)          3           1
test_hamiltonians[ham_fh-graph-1D-grid-pbc-qubitnodes_Lx-160_U-12_enc-parity-square]                               436.2551 (232.32)      446.0285 (185.99)      440.1474 (216.77)    5.1814 (inf)         438.1584 (217.13)    7.3301 (inf)           1;0    2.2720 (0.00)          3           1
test_hamiltonians[ham_bh_graph-2D-triag-nonpbc-qubitnodes_Lx-11_Ly-11_U-100_enc-gray_d-4-heavy-hex]                441.6356 (235.18)      486.4457 (202.84)      464.5684 (228.80)   22.4237 (inf)         465.6238 (230.74)   33.6076 (inf)           1;0    2.1525 (0.00)          3           1
test_hamiltonians[ham_graph-2D-grid-nonpbc-qubitnodes_Lx-5_Ly-58_h-2-all-to-all]                                   470.3112 (250.45)      481.5061 (200.78)      476.8809 (234.86)    5.8453 (inf)         478.8254 (237.28)    8.3962 (inf)           1;0    2.0970 (0.00)          3           1
test_hamiltonians[ham_mu_y_prime_enc_stdbinary_dvalues_4-4-4-4-4-4-4-4-4-4-4-4-4-4-4-4-4-4-linear]                 497.0273 (264.68)      500.9531 (208.89)      498.5729 (245.55)    2.0917 (inf)         497.7383 (246.65)    2.9444 (inf)           1;0    2.0057 (0.00)          3           1
test_hamiltonians[ham_graph-2D-grid-nonpbc-qubitnodes_Lx-4_Ly-133_h-0.1-square]                                    500.7873 (266.68)      513.8741 (214.28)      507.3307 (249.86)    9.2538 (inf)         507.3307 (251.41)   13.0868 (inf)           0;0    1.9711 (0.00)          2           1
test_hamiltonians[ham_gnp-k_5_n-90_rinst-02-linear]                                                                501.0625 (266.83)      512.0096 (213.50)      506.5361 (249.47)    7.7407 (inf)         506.5361 (251.01)   10.9471 (inf)           0;0    1.9742 (0.00)          2           1
test_hamiltonians[ham_fh-graph-2D-grid-pbc-qubitnodes_Lx-2_Ly-105_U-8_enc-bk-heavy-hex]                            510.8726 (272.05)      521.9495 (217.65)      516.4111 (254.33)    7.8325 (inf)         516.4111 (255.91)   11.0768 (inf)           0;0    1.9364 (0.00)          2           1
test_hamiltonians[ham_graph-2D-grid-pbc-qubitnodes_Lx-4_Ly-190_h-0-square]                                         512.0031 (272.66)      519.6257 (216.68)      515.8144 (254.04)    5.3900 (inf)         515.8144 (255.61)    7.6227 (inf)           0;0    1.9387 (0.00)          2           1
test_hamiltonians[ham_graph-2D-grid-pbc-qubitnodes_Lx-4_Ly-190_h-0-heavy-hex]                                      523.7088 (278.89)      532.9747 (222.24)      528.3418 (260.21)    6.5520 (inf)         528.3418 (261.82)    9.2659 (inf)           0;0    1.8927 (0.00)          2           1
test_hamiltonians[ham_bh_graph-2D-triag-pbc-qubitnodes_Lx-3_Ly-22_U-70_enc-unary_d-4-all-to-all]                   532.0136 (283.31)      591.2730 (246.55)      561.6433 (276.61)   41.9027 (inf)         561.6433 (278.32)   59.2594 (inf)           0;0    1.7805 (0.00)          2           1
test_hamiltonians[ham_fh-graph-2D-triag-nonpbc-qubitnodes_Lx-16_Ly-16_U-4_enc-bk-square]                           560.8525 (298.67)      563.3004 (234.89)      562.0764 (276.82)    1.7310 (inf)         562.0764 (278.54)    2.4480 (inf)           0;0    1.7791 (0.00)          2           1
test_hamiltonians[ham_bh_graph-2D-triag-nonpbc-qubitnodes_Lx-11_Ly-11_U-100_enc-gray_d-4-linear]                   571.1511 (304.15)      599.5133 (249.99)      585.3322 (288.27)   20.0551 (inf)         585.3322 (290.06)   28.3622 (inf)           0;0    1.7084 (0.00)          2           1
test_hamiltonians[ham_graph-2D-triag-nonpbc-qubitnodes_Lx-3_Ly-160_h-0.1-all-to-all]                               604.2621 (321.79)      604.7858 (252.19)      604.5239 (297.73)    0.3703 (inf)         604.5239 (299.57)    0.5237 (inf)           0;0    1.6542 (0.00)          2           1
test_hamiltonians[ham_1-fullins_5,n-48,rinst-7-linear]                                                             611.8779 (325.84)      621.2752 (259.06)      616.5766 (303.66)    6.6449 (inf)         616.5766 (305.54)    9.3974 (inf)           0;0    1.6219 (0.00)          2           1
test_hamiltonians[ham_ham_JW-18-linear]                                                                            616.3416 (328.22)      657.8053 (274.30)      637.0734 (313.76)   29.3192 (inf)         637.0734 (315.70)   41.4636 (inf)           0;0    1.5697 (0.00)          2           1
test_hamiltonians[ham_bh_graph-2D-triag-pbc-qubitnodes_Lx-3_Ly-22_U-70_enc-unary_d-4-square]                       622.2408 (331.36)      623.0948 (259.82)      622.6678 (306.66)    0.6039 (inf)         622.6678 (308.56)    0.8540 (inf)           0;0    1.6060 (0.00)          2           1
test_hamiltonians[ham_fh-graph-1D-grid-pbc-qubitnodes_Lx-160_U-12_enc-parity-all-to-all]                           658.1463 (350.48)      670.8343 (279.73)      664.4903 (327.26)    8.9717 (inf)         664.4903 (329.29)   12.6879 (inf)           0;0    1.5049 (0.00)          2           1
test_hamiltonians[ham_bh_graph-2D-triag-pbc-qubitnodes_Lx-3_Ly-22_U-70_enc-unary_d-4-heavy-hex]                    696.5746 (370.94)      769.8461 (321.01)      733.2104 (361.10)   51.8107 (inf)         733.2104 (363.34)   73.2714 (inf)           0;0    1.3639 (0.00)          2           1
test_hamiltonians[ham_graph-2D-grid-pbc-qubitnodes_Lx-4_Ly-190_h-0-linear]                                         713.1524 (379.77)      767.8780 (320.19)      740.5152 (364.70)   38.6969 (inf)         740.5152 (366.96)   54.7256 (inf)           0;0    1.3504 (0.00)          2           1
test_hamiltonians[ham_fh-graph-2D-triag-nonpbc-qubitnodes_Lx-16_Ly-16_U-4_enc-bk-heavy-hex]                        751.9351 (400.43)      756.8857 (315.61)      754.4104 (371.54)    3.5006 (inf)         754.4104 (373.85)    4.9505 (inf)           0;0    1.3255 (0.00)          2           1
test_hamiltonians[ham_graph-2D-grid-nonpbc-qubitnodes_Lx-5_Ly-186_h-0.5-heavy-hex]                                 753.9339 (401.49)      805.2281 (335.77)      779.5810 (383.94)   36.2705 (inf)         779.5810 (386.32)   51.2942 (inf)           0;0    1.2827 (0.00)          2           1
test_hamiltonians[ham_graph-2D-grid-nonpbc-qubitnodes_Lx-19_Ly-19_h-5-all-to-all]                                  783.2858 (417.12)      792.6271 (330.51)      787.9564 (388.07)    6.6053 (inf)         787.9564 (390.47)    9.3413 (inf)           0;0    1.2691 (0.00)          2           1
test_hamiltonians[ham_graph-2D-grid-pbc-qubitnodes_Lx-5_Ly-186_h-3-square]                                         790.6888 (421.06)      809.9135 (337.72)      800.3012 (394.14)   13.5939 (inf)         800.3012 (396.59)   19.2247 (inf)           0;0    1.2495 (0.00)          2           1
test_hamiltonians[ham_graph-2D-grid-pbc-qubitnodes_Lx-5_Ly-186_h-3-heavy-hex]                                      813.8930 (433.42)      854.3472 (356.25)      834.1201 (410.80)   28.6054 (inf)         834.1201 (413.35)   40.4542 (inf)           0;0    1.1989 (0.00)          2           1
test_hamiltonians[ham_ham_JW-18-heavy-hex]                                                                         814.3535 (433.67)      815.7684 (340.16)      815.0609 (401.41)    1.0005 (inf)         815.0609 (403.90)    1.4150 (inf)           0;0    1.2269 (0.00)          2           1
test_hamiltonians[ham_fh-graph-2D-triag-nonpbc-qubitnodes_Lx-16_Ly-16_U-4_enc-bk-all-to-all]                       814.4915 (433.74)      838.3794 (349.59)      826.4355 (407.02)   16.8913 (inf)         826.4355 (409.54)   23.8879 (inf)           0;0    1.2100 (0.00)          2           1
test_hamiltonians[ham_graph-2D-triag-nonpbc-qubitnodes_Lx-40_Ly-40_h-0.1-square]                                   822.3759 (437.94)      870.3897 (362.94)      846.3828 (416.84)   33.9508 (inf)         846.3828 (419.43)   48.0137 (inf)           0;0    1.1815 (0.00)          2           1
test_hamiltonians[ham_ham_JW-18-square]                                                                            826.7385 (440.26)      889.2827 (370.82)      858.0106 (422.57)   44.2255 (inf)         858.0106 (425.19)   62.5443 (inf)           0;0    1.1655 (0.00)          2           1
test_hamiltonians[ham_graph-2D-grid-pbc-qubitnodes_Lx-2_Ly-185_h-0.5-all-to-all]                                   868.5273 (462.51)      870.0523 (362.80)      869.2898 (428.12)    1.0783 (inf)         869.2898 (430.78)    1.5250 (inf)           0;0    1.1504 (0.00)          2           1
test_hamiltonians[ham_graph-2D-triag-nonpbc-qubitnodes_Lx-40_Ly-40_h-0.1-heavy-hex]                                875.2810 (466.11)      877.2961 (365.82)      876.2886 (431.57)    1.4249 (inf)         876.2886 (434.25)    2.0151 (inf)           0;0    1.1412 (0.00)          2           1
test_hamiltonians[ham_bh_graph-2D-triag-pbc-qubitnodes_Lx-3_Ly-22_U-70_enc-unary_d-4-linear]                       935.2782 (498.06)      946.9734 (394.87)      941.1258 (463.50)    8.2697 (inf)         941.1258 (466.38)   11.6952 (inf)           0;0    1.0626 (0.00)          2           1
test_hamiltonians[ham_graph-2D-grid-nonpbc-qubitnodes_Lx-5_Ly-186_h-0.5-linear]                                  1,043.8013 (555.85)    1,043.8013 (435.25)    1,043.8013 (514.07)    0.0000 (1.0)       1,043.8013 (517.26)    0.0000 (1.0)           0;0    0.9580 (0.00)          1           1
test_hamiltonians[ham_ash608gpia,n-160,rinst-1-linear]                                                           1,150.7735 (612.82)    1,150.7735 (479.86)    1,150.7735 (566.75)    0.0000 (1.0)       1,150.7735 (570.27)    0.0000 (1.0)           0;0    0.8690 (0.00)          1           1
test_hamiltonians[ham_graph-2D-grid-pbc-qubitnodes_Lx-5_Ly-186_h-3-linear]                                       1,183.9481 (630.48)    1,183.9481 (493.69)    1,183.9481 (583.09)    0.0000 (1.0)       1,183.9481 (586.71)    0.0000 (1.0)           0;0    0.8446 (0.00)          1           1
test_hamiltonians[ham_ham_BK22-all-to-all]                                                                       1,269.4702 (676.03)    1,269.4702 (529.35)    1,269.4702 (625.21)    0.0000 (1.0)       1,269.4702 (629.09)    0.0000 (1.0)           0;0    0.7877 (0.00)          1           1
test_hamiltonians[ham_graph-2D-grid-nonpbc-qubitnodes_Lx-5_Ly-186_h-0.5-square]                                  1,420.3329 (756.37)    1,420.3329 (592.26)    1,420.3329 (699.51)    0.0000 (1.0)       1,420.3329 (703.85)    0.0000 (1.0)           0;0    0.7041 (0.00)          1           1
test_hamiltonians[ham_fh-graph-2D-grid-pbc-qubitnodes_Lx-2_Ly-105_U-8_enc-bk-linear]                             1,451.0288 (772.71)    1,451.0288 (605.06)    1,451.0288 (714.63)    0.0000 (1.0)       1,451.0288 (719.06)    0.0000 (1.0)           0;0    0.6892 (0.00)          1           1
test_hamiltonians[ham_fh-graph-2D-grid-pbc-qubitnodes_Lx-2_Ly-105_U-8_enc-bk-all-to-all]                         1,516.4928 (807.57)    1,516.4928 (632.36)    1,516.4928 (746.87)    0.0000 (1.0)       1,516.4928 (751.50)    0.0000 (1.0)           0;0    0.6594 (0.00)          1           1
test_hamiltonians[ham_graph-2D-triag-nonpbc-qubitnodes_Lx-40_Ly-40_h-0.1-linear]                                 1,654.4058 (881.02)    1,654.4058 (689.86)    1,654.4058 (814.79)    0.0000 (1.0)       1,654.4058 (819.84)    0.0000 (1.0)           0;0    0.6044 (0.00)          1           1
test_hamiltonians[ham_ham_JW-22-all-to-all]                                                                      1,704.4479 (907.66)    1,704.4479 (710.73)    1,704.4479 (839.43)    0.0000 (1.0)       1,704.4479 (844.64)    0.0000 (1.0)           0;0    0.5867 (0.00)          1           1
test_hamiltonians[ham_ash608gpia,n-160,rinst-1-all-to-all]                                                       1,729.5884 (921.05)    1,729.5884 (721.21)    1,729.5884 (851.82)    0.0000 (1.0)       1,729.5884 (857.10)    0.0000 (1.0)           0;0    0.5782 (0.00)          1           1
test_hamiltonians[ham_fh-graph-2D-triag-nonpbc-qubitnodes_Lx-16_Ly-16_U-4_enc-bk-linear]                         2,080.3205 (>1000.0)   2,080.3205 (867.46)    2,080.3205 (>1000.0)   0.0000 (1.0)       2,080.3205 (>1000.0)   0.0000 (1.0)           0;0    0.4807 (0.00)          1           1
test_hamiltonians[ham_ham_BK22-square]                                                                           2,281.0982 (>1000.0)   2,281.0982 (951.19)    2,281.0982 (>1000.0)   0.0000 (1.0)       2,281.0982 (>1000.0)   0.0000 (1.0)           0;0    0.4384 (0.00)          1           1
test_hamiltonians[ham_graph-2D-grid-nonpbc-qubitnodes_Lx-4_Ly-133_h-0.1-all-to-all]                              2,427.3291 (>1000.0)   2,427.3291 (>1000.0)   2,427.3291 (>1000.0)   0.0000 (1.0)       2,427.3291 (>1000.0)   0.0000 (1.0)           0;0    0.4120 (0.00)          1           1
test_hamiltonians[ham_ham_JW24-all-to-all]                                                                       2,783.7939 (>1000.0)   2,783.7939 (>1000.0)   2,783.7939 (>1000.0)   0.0000 (1.0)       2,783.7939 (>1000.0)   0.0000 (1.0)           0;0    0.3592 (0.00)          1           1
test_hamiltonians[ham_ham_JW-22-square]                                                                          2,985.9597 (>1000.0)   2,985.9597 (>1000.0)   2,985.9597 (>1000.0)   0.0000 (1.0)       2,985.9597 (>1000.0)   0.0000 (1.0)           0;0    0.3349 (0.00)          1           1
test_hamiltonians[ham_ham_BK22-heavy-hex]                                                                        3,172.8235 (>1000.0)   3,172.8235 (>1000.0)   3,172.8235 (>1000.0)   0.0000 (1.0)       3,172.8235 (>1000.0)   0.0000 (1.0)           0;0    0.3152 (0.00)          1           1
test_hamiltonians[ham_graph-2D-grid-pbc-qubitnodes_Lx-4_Ly-148_h-6-all-to-all]                                   3,684.5048 (>1000.0)   3,684.5048 (>1000.0)   3,684.5048 (>1000.0)   0.0000 (1.0)       3,684.5048 (>1000.0)   0.0000 (1.0)           0;0    0.2714 (0.00)          1           1
test_hamiltonians[ham_ham_BK22-linear]                                                                           3,714.0539 (>1000.0)   3,714.0539 (>1000.0)   3,714.0539 (>1000.0)   0.0000 (1.0)       3,714.0539 (>1000.0)   0.0000 (1.0)           0;0    0.2692 (0.00)          1           1
test_hamiltonians[ham_fh-graph-2D-grid-pbc-qubitnodes_Lx-5_Ly-72_U-0_enc-parity-square]                          3,783.4059 (>1000.0)   3,783.4059 (>1000.0)   3,783.4059 (>1000.0)   0.0000 (1.0)       3,783.4059 (>1000.0)   0.0000 (1.0)           0;0    0.2643 (0.00)          1           1
test_hamiltonians[ham_ham_JW-22-heavy-hex]                                                                       3,886.1099 (>1000.0)   3,886.1099 (>1000.0)   3,886.1099 (>1000.0)   0.0000 (1.0)       3,886.1099 (>1000.0)   0.0000 (1.0)           0;0    0.2573 (0.00)          1           1
test_hamiltonians[ham_ham_JW-22-linear]                                                                          4,725.7072 (>1000.0)   4,725.7072 (>1000.0)   4,725.7072 (>1000.0)   0.0000 (1.0)       4,725.7072 (>1000.0)   0.0000 (1.0)           0;0    0.2116 (0.00)          1           1
test_hamiltonians[ham_ham_JW24-linear]                                                                           5,749.7541 (>1000.0)   5,749.7541 (>1000.0)   5,749.7541 (>1000.0)   0.0000 (1.0)       5,749.7541 (>1000.0)   0.0000 (1.0)           0;0    0.1739 (0.00)          1           1
test_hamiltonians[ham_ham_JW24-square]                                                                           6,341.6134 (>1000.0)   6,341.6134 (>1000.0)   6,341.6134 (>1000.0)   0.0000 (1.0)       6,341.6134 (>1000.0)   0.0000 (1.0)           0;0    0.1577 (0.00)          1           1
test_hamiltonians[ham_ham_JW24-heavy-hex]                                                                        6,974.4283 (>1000.0)   6,974.4283 (>1000.0)   6,974.4283 (>1000.0)   0.0000 (1.0)       6,974.4283 (>1000.0)   0.0000 (1.0)           0;0    0.1434 (0.00)          1           1
test_hamiltonians[ham_fh-graph-2D-grid-pbc-qubitnodes_Lx-5_Ly-72_U-0_enc-parity-all-to-all]                      7,206.1656 (>1000.0)   7,206.1656 (>1000.0)   7,206.1656 (>1000.0)   0.0000 (1.0)       7,206.1656 (>1000.0)   0.0000 (1.0)           0;0    0.1388 (0.00)          1           1
test_hamiltonians[ham_graph-2D-grid-pbc-qubitnodes_Lx-4_Ly-190_h-0-all-to-all]                                   8,254.0951 (>1000.0)   8,254.0951 (>1000.0)   8,254.0951 (>1000.0)   0.0000 (1.0)       8,254.0951 (>1000.0)   0.0000 (1.0)           0;0    0.1212 (0.00)          1           1
test_hamiltonians[ham_graph-2D-triag-nonpbc-qubitnodes_Lx-40_Ly-40_h-0.1-all-to-all]                            12,768.1327 (>1000.0)  12,768.1327 (>1000.0)  12,768.1327 (>1000.0)   0.0000 (1.0)      12,768.1327 (>1000.0)   0.0000 (1.0)           0;0    0.0783 (0.00)          1           1
test_hamiltonians[ham_graph-2D-grid-nonpbc-qubitnodes_Lx-5_Ly-186_h-0.5-all-to-all]                             16,639.7416 (>1000.0)  16,639.7416 (>1000.0)  16,639.7416 (>1000.0)   0.0000 (1.0)      16,639.7416 (>1000.0)   0.0000 (1.0)           0;0    0.0601 (0.00)          1           1
test_hamiltonians[ham_fh-graph-2D-grid-pbc-qubitnodes_Lx-5_Ly-72_U-0_enc-parity-heavy-hex]                      16,829.5666 (>1000.0)  16,829.5666 (>1000.0)  16,829.5666 (>1000.0)   0.0000 (1.0)      16,829.5666 (>1000.0)   0.0000 (1.0)           0;0    0.0594 (0.00)          1           1
test_hamiltonians[ham_graph-2D-grid-pbc-qubitnodes_Lx-5_Ly-186_h-3-all-to-all]                                  17,137.7918 (>1000.0)  17,137.7918 (>1000.0)  17,137.7918 (>1000.0)   0.0000 (1.0)      17,137.7918 (>1000.0)   0.0000 (1.0)           0;0    0.0584 (0.00)          1           1
--------------------------------------------------------------------------------------------------------------------------------------------------------------------------------------------------------------------------------------------------------------------------------------------------

Legend:
  Outliers: 1 Standard Deviation from Mean; 1.5 IQR (InterQuartile Range) from 1st Quartile and 3rd Quartile.
  OPS: Operations Per Second, computed as 1 / Mean
======================= 400 passed in 1190.38s (0:19:50) =======================
