abstract_hamiltonians,test_hamiltonians[ham_enc_stdbinary_dvalues_d-level-4-all-to-all],0.009364654880858237,0.009343186213124183
abstract_hamiltonians,test_hamiltonians[ham_enc_stdbinary_dvalues_d-level-4-square],0.009420347833397364,0.009390798441710927
abstract_hamiltonians,test_hamiltonians[ham_enc_stdbinary_dvalues_d-level-4-heavy-hex],0.01005123500761233,0.01014910259982571
abstract_hamiltonians,test_hamiltonians[ham_enc_stdbinary_dvalues_d-level-4-linear],0.009028242465770133,0.008827356449155896
abstract_hamiltonians,test_hamiltonians[ham_mu_y_prime_enc_stdbinary_dvalues_8-8-4-4-all-to-all],0.0037184829428179625,0.00370796788654743
abstract_hamiltonians,test_hamiltonians[ham_mu_y_prime_enc_stdbinary_dvalues_8-8-4-4-square],0.0056455597607758794,0.004878357838984434
abstract_hamiltonians,test_hamiltonians[ham_mu_y_prime_enc_stdbinary_dvalues_8-8-4-4-heavy-hex],0.00552395482858022,0.005567379247129353
abstract_hamiltonians,test_hamiltonians[ham_mu_y_prime_enc_stdbinary_dvalues_8-8-4-4-linear],0.00458084790174056,0.004594317235544249
abstract_hamiltonians,test_hamiltonians[ham_mu_y_prime_enc_unary_dvalues_4-4-4-all-to-all],0.002475302796610581,0.0024592098969269576
abstract_hamiltonians,test_hamiltonians[ham_mu_y_prime_enc_unary_dvalues_4-4-4-square],0.0023983477142709114,0.002435558536029481
abstract_hamiltonians,test_hamiltonians[ham_mu_y_prime_enc_unary_dvalues_4-4-4-heavy-hex],0.003233678404379774,0.0032179520028282186
abstract_hamiltonians,test_hamiltonians[ham_mu_y_prime_enc_unary_dvalues_4-4-4-linear],0.0024105255730712235,0.002559514509307014
abstract_hamiltonians,test_hamiltonians[ham_mu_z_prime_enc_gray_dvalues_4-4-4-4-all-to-all],0.0019966600494099266,0.0020642807753441295
abstract_hamiltonians,test_hamiltonians[ham_mu_z_prime_enc_gray_dvalues_4-4-4-4-square],0.002306059579189756,0.0020304740663634707
abstract_hamiltonians,test_hamiltonians[ham_mu_z_prime_enc_gray_dvalues_4-4-4-4-heavy-hex],0.002837656402871722,0.002856393074501812
abstract_hamiltonians,test_hamiltonians[ham_mu_z_prime_enc_gray_dvalues_4-4-4-4-linear],0.002429008183928279,0.002042650980384726
abstract_hamiltonians,test_hamiltonians[ham_gnp-k_2_n-4_rinst-05-all-to-all],0.00422732729295438,0.0035377746153113653
abstract_hamiltonians,test_hamiltonians[ham_gnp-k_2_n-4_rinst-05-square],0.005433627118111989,0.004670144278724589
abstract_hamiltonians,test_hamiltonians[ham_gnp-k_2_n-4_rinst-05-heavy-hex],0.006212078418363543,0.005313984045965804
abstract_hamiltonians,test_hamiltonians[ham_gnp-k_2_n-4_rinst-05-linear],0.00546739385794095,0.004674016923001669
abstract_hamiltonians,test_hamiltonians[ham_ham_parity-4-all-to-all],0.005769865728135026,0.004969086432501898
abstract_hamiltonians,test_hamiltonians[ham_ham_parity-4-square],0.006126966618467122,0.006074035074561834
abstract_hamiltonians,test_hamiltonians[ham_ham_parity-4-heavy-hex],0.007467322094842445,0.006593181240096898
abstract_hamiltonians,test_hamiltonians[ham_ham_parity-4-linear],0.007005235598679038,0.006140384845799062
abstract_hamiltonians,test_hamiltonians[ham_mu_y_prime_enc_stdbinary_dvalues_16-16-16-16-8-8-8-all-to-all],0.006024499417551412,0.005219119421037083
abstract_hamiltonians,test_hamiltonians[ham_mu_y_prime_enc_stdbinary_dvalues_16-16-16-16-8-8-8-square],0.0071855889203456735,0.00634269350387665
abstract_hamiltonians,test_hamiltonians[ham_mu_y_prime_enc_stdbinary_dvalues_16-16-16-16-8-8-8-heavy-hex],0.006889684833297434,0.006851948320496181
abstract_hamiltonians,test_hamiltonians[ham_mu_y_prime_enc_stdbinary_dvalues_16-16-16-16-8-8-8-linear],0.007443765990604135,0.006530190439474198
abstract_hamiltonians,test_hamiltonians[ham_mu_y_prime_enc_gray_dvalues_16-16-16-all-to-all],0.0048255666492963735,0.0047943125464740746
abstract_hamiltonians,test_hamiltonians[ham_mu_y_prime_enc_gray_dvalues_16-16-16-square],0.006025696742142032,0.006001364337060396
abstract_hamiltonians,test_hamiltonians[ham_mu_y_prime_enc_gray_dvalues_16-16-16-heavy-hex],0.006661587509398277,0.006624432572566751
abstract_hamiltonians,test_hamiltonians[ham_mu_y_prime_enc_gray_dvalues_16-16-16-linear],0.006057604448869824,0.0060004300614392835
abstract_hamiltonians,test_hamiltonians[ham_enc_gray_dvalues_d-level-16-all-to-all],0.009256952316858448,0.00818332513434845
abstract_hamiltonians,test_hamiltonians[ham_enc_gray_dvalues_d-level-16-square],0.010812869809311012,0.009589950703084469
abstract_hamiltonians,test_hamiltonians[ham_enc_gray_dvalues_d-level-16-heavy-hex],0.011710592465084275,0.010435546246858744
abstract_hamiltonians,test_hamiltonians[ham_enc_gray_dvalues_d-level-16-linear],0.01120065889039705,0.009932251313799306
abstract_hamiltonians,test_hamiltonians[ham_mu_y_prime_enc_stdbinary_dvalues_8-8-8-8-8-8-all-to-all],0.0059589955127901505,0.0049147086921243035
abstract_hamiltonians,test_hamiltonians[ham_mu_y_prime_enc_stdbinary_dvalues_8-8-8-8-8-8-square],0.006244742626009823,0.006175966547043235
abstract_hamiltonians,test_hamiltonians[ham_mu_y_prime_enc_stdbinary_dvalues_8-8-8-8-8-8-heavy-hex],0.006613351006544273,0.00657105832395697
abstract_hamiltonians,test_hamiltonians[ham_mu_y_prime_enc_stdbinary_dvalues_8-8-8-8-8-8-linear],0.005966375199106574,0.006220835439910162
abstract_hamiltonians,test_hamiltonians[ham_gnp-k_4_n-6_rinst-15-all-to-all],0.006489179278206494,0.005586172892328571
abstract_hamiltonians,test_hamiltonians[ham_gnp-k_4_n-6_rinst-15-square],0.007944040047396132,0.006815979050265418
abstract_hamiltonians,test_hamiltonians[ham_gnp-k_4_n-6_rinst-15-heavy-hex],0.007023845758775006,0.006943575407665475
abstract_hamiltonians,test_hamiltonians[ham_gnp-k_4_n-6_rinst-15-linear],0.008089566356049174,0.006854525649211776
abstract_hamiltonians,test_hamiltonians[ham_ham_JW-6-all-to-all],0.009354554390644325,0.008094919956902154
abstract_hamiltonians,test_hamiltonians[ham_ham_JW-6-square],0.011336894311449106,0.009897381028870946
abstract_hamiltonians,test_hamiltonians[ham_ham_JW-6-heavy-hex],0.012326912488788366,0.010725190286480245
abstract_hamiltonians,test_hamiltonians[ham_ham_JW-6-linear],0.010250947808706633,0.01011806103039761
abstract_hamiltonians,test_hamiltonians[ham_mu_y_prime_enc_unary_dvalues_8-8-8-8-8-8-8-all-to-all],0.004572922519781516,0.004516618674103155
abstract_hamiltonians,test_hamiltonians[ham_mu_y_prime_enc_unary_dvalues_8-8-8-8-8-8-8-square],0.00382001025084042,0.0038173715141336276
abstract_hamiltonians,test_hamiltonians[ham_mu_y_prime_enc_unary_dvalues_8-8-8-8-8-8-8-heavy-hex],0.004172289074987782,0.004151130179789933
abstract_hamiltonians,test_hamiltonians[ham_mu_y_prime_enc_unary_dvalues_8-8-8-8-8-8-8-linear],0.003650998456578236,0.0036429054958462223
abstract_hamiltonians,test_hamiltonians[ham_7-uf20-0384.cnf-8-res-all-to-all],0.007668837557421692,0.007417834876780061
abstract_hamiltonians,test_hamiltonians[ham_7-uf20-0384.cnf-8-res-square],0.005835488822776824,0.0057182622645397365
abstract_hamiltonians,test_hamiltonians[ham_7-uf20-0384.cnf-8-res-heavy-hex],0.006943962977145069,0.006012628468253263
abstract_hamiltonians,test_hamiltonians[ham_7-uf20-0384.cnf-8-res-linear],0.005925583883243449,0.005974002775143494
abstract_hamiltonians,test_hamiltonians[ham_tsp_rand-002_Ncity-4_enc-stdbinary-all-to-all],0.010826212738681099,0.010641640716112486
abstract_hamiltonians,test_hamiltonians[ham_tsp_rand-002_Ncity-4_enc-stdbinary-square],0.008154195447963091,0.007086688546952626
abstract_hamiltonians,test_hamiltonians[ham_tsp_rand-002_Ncity-4_enc-stdbinary-heavy-hex],0.007574443454070697,0.007482798622241096
abstract_hamiltonians,test_hamiltonians[ham_tsp_rand-002_Ncity-4_enc-stdbinary-linear],0.00833790972828865,0.007358694776892662
abstract_hamiltonians,test_hamiltonians[ham_ham_JW-8-all-to-all],0.02719227923080325,0.026669108031972033
abstract_hamiltonians,test_hamiltonians[ham_ham_JW-8-square],0.027657001984841896,0.026626875295358544
abstract_hamiltonians,test_hamiltonians[ham_ham_JW-8-heavy-hex],0.028903625543332763,0.027613969364513952
abstract_hamiltonians,test_hamiltonians[ham_ham_JW-8-linear],0.027832767095517467,0.026924869927920793
abstract_hamiltonians,test_hamiltonians[ham_enc_gray_dvalues_8-8-8-all-to-all],0.34090523701161146,0.3259846568107605
abstract_hamiltonians,test_hamiltonians[ham_enc_gray_dvalues_8-8-8-square],0.4224814046174288,0.37415227852761745
abstract_hamiltonians,test_hamiltonians[ham_enc_gray_dvalues_8-8-8-heavy-hex],0.43583264263967675,0.4203622043132782
abstract_hamiltonians,test_hamiltonians[ham_enc_gray_dvalues_8-8-8-linear],0.42639519770940143,0.38353899617989856
abstract_hamiltonians,test_hamiltonians[ham_complbipart-n-10_a-5_b-5-all-to-all],0.011647883383557201,0.010766074400056492
abstract_hamiltonians,test_hamiltonians[ham_complbipart-n-10_a-5_b-5-square],0.01056335404753051,0.009016261973346654
abstract_hamiltonians,test_hamiltonians[ham_complbipart-n-10_a-5_b-5-heavy-hex],0.011127212572665442,0.009549190936496064
abstract_hamiltonians,test_hamiltonians[ham_complbipart-n-10_a-5_b-5-linear],0.010909417439456824,0.009392668447882226
abstract_hamiltonians,test_hamiltonians[ham_ham_JW10-all-to-all],0.05504401675180385,0.04692527372390032
abstract_hamiltonians,test_hamiltonians[ham_ham_JW10-square],0.04552890673618425,0.043168035251173104
abstract_hamiltonians,test_hamiltonians[ham_ham_JW10-heavy-hex],0.05967648637791475,0.05116432411596179
abstract_hamiltonians,test_hamiltonians[ham_ham_JW10-linear],0.0478231705725193,0.0447551528499885
abstract_hamiltonians,test_hamiltonians[ham_ham_parity10-all-to-all],0.05656223361276918,0.053997480776160955
abstract_hamiltonians,test_hamiltonians[ham_ham_parity10-square],0.05295178186344473,0.04980641838751341
abstract_hamiltonians,test_hamiltonians[ham_ham_parity10-heavy-hex],0.06012218949549338,0.05194588555023074
abstract_hamiltonians,test_hamiltonians[ham_ham_parity10-linear],0.0555025791335437,0.0466643207706511
abstract_hamiltonians,test_hamiltonians[ham_ham_JW-10-all-to-all],0.05232368474826217,0.04705382290888916
abstract_hamiltonians,test_hamiltonians[ham_ham_JW-10-square],0.04627841914241964,0.04305781869460707
abstract_hamiltonians,test_hamiltonians[ham_ham_JW-10-heavy-hex],0.059514955124434304,0.051106810383498666
abstract_hamiltonians,test_hamiltonians[ham_ham_JW-10-linear],0.046799181295292716,0.044454723110665444
abstract_hamiltonians,test_hamiltonians[ham_mu_x_prime_enc_stdbinary_dvalues_8-8-8-8-8-8-8-8-8-4-4-4-4-4-4-all-to-all],0.01198513772380486,0.010616923131200731
abstract_hamiltonians,test_hamiltonians[ham_mu_x_prime_enc_stdbinary_dvalues_8-8-8-8-8-8-8-8-8-4-4-4-4-4-4-square],0.007903349020385317,0.007792126861805061
abstract_hamiltonians,test_hamiltonians[ham_mu_x_prime_enc_stdbinary_dvalues_8-8-8-8-8-8-8-8-8-4-4-4-4-4-4-heavy-hex],0.014025997498059927,0.013810234224157674
abstract_hamiltonians,test_hamiltonians[ham_mu_x_prime_enc_stdbinary_dvalues_8-8-8-8-8-8-8-8-8-4-4-4-4-4-4-linear],0.008458393344761065,0.007662062822770672
abstract_hamiltonians,test_hamiltonians[ham_mu_x_prime_enc_unary_dvalues_4-4-4-all-to-all],0.008238151258840335,0.007807681773556396
abstract_hamiltonians,test_hamiltonians[ham_mu_x_prime_enc_unary_dvalues_4-4-4-square],0.007264462068376925,0.007163978663953484
abstract_hamiltonians,test_hamiltonians[ham_mu_x_prime_enc_unary_dvalues_4-4-4-heavy-hex],0.007336739008482412,0.007210179569496625
abstract_hamiltonians,test_hamiltonians[ham_mu_x_prime_enc_unary_dvalues_4-4-4-linear],0.004297449753654224,0.004264956298984785
abstract_hamiltonians,test_hamiltonians[ham_ham_parity12-all-to-all],0.12829761253669858,0.1179172343108803
abstract_hamiltonians,test_hamiltonians[ham_ham_parity12-square],0.16156447088966766,0.1486113534442016
abstract_hamiltonians,test_hamiltonians[ham_ham_parity12-heavy-hex],0.1566134566175086,0.1464752038674695
abstract_hamiltonians,test_hamiltonians[ham_ham_parity12-linear],0.1294692731462419,0.12203646334819496
abstract_hamiltonians,test_hamiltonians[ham_ham_BK12-all-to-all],0.08084897295786785,0.07681478574298896
abstract_hamiltonians,test_hamiltonians[ham_ham_BK12-square],0.11631776226891412,0.11310398951172829
abstract_hamiltonians,test_hamiltonians[ham_ham_BK12-heavy-hex],0.1287798793055117,0.11991097894497216
abstract_hamiltonians,test_hamiltonians[ham_ham_BK12-linear],0.1333946413360536,0.12541981460526586
abstract_hamiltonians,test_hamiltonians[ham_ham_JW12-all-to-all],0.13120515830814838,0.113473582184977
abstract_hamiltonians,test_hamiltonians[ham_ham_JW12-square],0.14848464567746436,0.13911610562354326
abstract_hamiltonians,test_hamiltonians[ham_ham_JW12-heavy-hex],0.1743533741682768,0.1504742247717721
abstract_hamiltonians,test_hamiltonians[ham_ham_JW12-linear],0.12109123542904854,0.10808049254119396
abstract_hamiltonians,test_hamiltonians[ham_bh_graph-1D-grid-pbc-qubitnodes_Lx-4_U-40_enc-gray_d-8-all-to-all],0.07580110330421191,0.0718977012272392
abstract_hamiltonians,test_hamiltonians[ham_bh_graph-1D-grid-pbc-qubitnodes_Lx-4_U-40_enc-gray_d-8-square],0.0924465630880811,0.08827522176910531
abstract_hamiltonians,test_hamiltonians[ham_bh_graph-1D-grid-pbc-qubitnodes_Lx-4_U-40_enc-gray_d-8-heavy-hex],0.09400262751362541,0.08925401690331372
abstract_hamiltonians,test_hamiltonians[ham_bh_graph-1D-grid-pbc-qubitnodes_Lx-4_U-40_enc-gray_d-8-linear],0.09719278121536429,0.09240427816456015
abstract_hamiltonians,test_hamiltonians[ham_enc_unary_dvalues_4-4-4-all-to-all],0.15385824947484902,0.14028853395332894
abstract_hamiltonians,test_hamiltonians[ham_enc_unary_dvalues_4-4-4-square],0.19116175454109907,0.17889525275677443
abstract_hamiltonians,test_hamiltonians[ham_enc_unary_dvalues_4-4-4-heavy-hex],0.22032914832234382,0.2092994384467602
abstract_hamiltonians,test_hamiltonians[ham_enc_unary_dvalues_4-4-4-linear],0.23803251907229422,0.22467960678040982
abstract_hamiltonians,test_hamiltonians[ham_ham_parity-14-all-to-all],0.10535935629159213,0.10026251953095197
abstract_hamiltonians,test_hamiltonians[ham_ham_parity-14-square],0.1527610378605979,0.12724501034244895
abstract_hamiltonians,test_hamiltonians[ham_ham_parity-14-heavy-hex],0.175856480995814,0.15877683646976948
abstract_hamiltonians,test_hamiltonians[ham_ham_parity-14-linear],0.15693670803947107,0.1437861275460039
abstract_hamiltonians,test_hamiltonians[ham_ham_JW14-all-to-all],0.1601984543459756,0.14081987901590765
abstract_hamiltonians,test_hamiltonians[ham_ham_JW14-square],0.1878854800015688,0.17199676390737295
abstract_hamiltonians,test_hamiltonians[ham_ham_JW14-heavy-hex],0.1927410407612721,0.1639287301472255
abstract_hamiltonians,test_hamiltonians[ham_ham_JW14-linear],0.15888869230236327,0.13506059674546123
abstract_hamiltonians,test_hamiltonians[ham_enc_gray_dvalues_4-4-4-4-4-4-4-all-to-all],0.07756793711866651,0.06930103548802435
abstract_hamiltonians,test_hamiltonians[ham_enc_gray_dvalues_4-4-4-4-4-4-4-square],0.07516537739762238,0.0721539856436161
abstract_hamiltonians,test_hamiltonians[ham_enc_gray_dvalues_4-4-4-4-4-4-4-heavy-hex],0.07620229299824971,0.06666878471150994
abstract_hamiltonians,test_hamiltonians[ham_enc_gray_dvalues_4-4-4-4-4-4-4-linear],0.0866729508464535,0.07501412169741732
abstract_hamiltonians,test_hamiltonians[ham_ham_BK-14-all-to-all],0.175100886883835,0.16087893769145012
abstract_hamiltonians,test_hamiltonians[ham_ham_BK-14-square],0.28615053044632077,0.23463789075613023
abstract_hamiltonians,test_hamiltonians[ham_ham_BK-14-heavy-hex],0.291859770193696,0.2632744340226054
abstract_hamiltonians,test_hamiltonians[ham_ham_BK-14-linear],0.33801230291525525,0.31312976125627756
abstract_hamiltonians,test_hamiltonians[ham_ham_JW-14-all-to-all],0.21835751049220561,0.2038579151034355
abstract_hamiltonians,test_hamiltonians[ham_ham_JW-14-square],0.3705236315727234,0.33735881311198074
abstract_hamiltonians,test_hamiltonians[ham_ham_JW-14-heavy-hex],0.33729376271367073,0.3169973180629313
abstract_hamiltonians,test_hamiltonians[ham_ham_JW-14-linear],0.28577477438375354,0.26357271196320653
abstract_hamiltonians,test_hamiltonians[ham_mu_z_prime_enc_unary_dvalues_16-16-16-16-16-16-16-all-to-all],0.009984343505974085,0.009565242238480735
abstract_hamiltonians,test_hamiltonians[ham_mu_z_prime_enc_unary_dvalues_16-16-16-16-16-16-16-square],0.008020565624080472,0.007878183349967004
abstract_hamiltonians,test_hamiltonians[ham_mu_z_prime_enc_unary_dvalues_16-16-16-16-16-16-16-heavy-hex],0.0051220985336436166,0.005031143657254929
abstract_hamiltonians,test_hamiltonians[ham_mu_z_prime_enc_unary_dvalues_16-16-16-16-16-16-16-linear],0.004799653734038542,0.0046764160303965855
abstract_hamiltonians,test_hamiltonians[ham_graph-1D-grid-pbc-qubitnodes_Lx-16_h-2-all-to-all],0.008819438151216932,0.008330435539453717
abstract_hamiltonians,test_hamiltonians[ham_graph-1D-grid-pbc-qubitnodes_Lx-16_h-2-square],0.00753568853609837,0.007477372685689053
abstract_hamiltonians,test_hamiltonians[ham_graph-1D-grid-pbc-qubitnodes_Lx-16_h-2-heavy-hex],0.004823254441821968,0.004877672289256696
abstract_hamiltonians,test_hamiltonians[ham_graph-1D-grid-pbc-qubitnodes_Lx-16_h-2-linear],0.005715351169690108,0.0057331433040755135
abstract_hamiltonians,test_hamiltonians[ham_ham_JW-18-all-to-all],0.4872069886575143,0.426338130608201
abstract_hamiltonians,test_hamiltonians[ham_ham_JW-18-square],0.9616186339408159,0.8580105993896723
abstract_hamiltonians,test_hamiltonians[ham_ham_JW-18-heavy-hex],0.8852176200598478,0.815060943365097
abstract_hamiltonians,test_hamiltonians[ham_ham_JW-18-linear],0.7840002244338393,0.6370734414085746
abstract_hamiltonians,test_hamiltonians[ham_ham_JW-22-all-to-all],1.9436800349503756,1.7044479344040155
abstract_hamiltonians,test_hamiltonians[ham_ham_JW-22-square],3.4909253027290106,2.9859597384929657
abstract_hamiltonians,test_hamiltonians[ham_ham_JW-22-heavy-hex],4.68913603387773,3.886109869927168
abstract_hamiltonians,test_hamiltonians[ham_ham_JW-22-linear],5.593273047357798,4.7257071528583765
abstract_hamiltonians,test_hamiltonians[ham_ham_BK22-all-to-all],1.3056828044354916,1.2694702297449112
abstract_hamiltonians,test_hamiltonians[ham_ham_BK22-square],2.5897695403546095,2.281098211184144
abstract_hamiltonians,test_hamiltonians[ham_ham_BK22-heavy-hex],3.6175664011389017,3.172823501750827
abstract_hamiltonians,test_hamiltonians[ham_ham_BK22-linear],4.508393170312047,3.714053900912404
abstract_hamiltonians,test_hamiltonians[ham_mu_y_prime_enc_stdbinary_dvalues_4-4-4-4-4-4-4-4-4-4-4-4-4-4-4-4-4-4-all-to-all],0.013417909839662952,0.0115045403561941
abstract_hamiltonians,test_hamiltonians[ham_mu_y_prime_enc_stdbinary_dvalues_4-4-4-4-4-4-4-4-4-4-4-4-4-4-4-4-4-4-square],0.007818759761304937,0.006903770233371428
abstract_hamiltonians,test_hamiltonians[ham_mu_y_prime_enc_stdbinary_dvalues_4-4-4-4-4-4-4-4-4-4-4-4-4-4-4-4-4-4-heavy-hex],0.010777527485818913,0.00982515046409532
abstract_hamiltonians,test_hamiltonians[ham_mu_y_prime_enc_stdbinary_dvalues_4-4-4-4-4-4-4-4-4-4-4-4-4-4-4-4-4-4-linear],0.5032950369641185,0.49857289219896
abstract_hamiltonians,test_hamiltonians[ham_gnp-k_5_n-24_rinst-04-all-to-all],0.02370250805519348,0.021016138889219448
abstract_hamiltonians,test_hamiltonians[ham_gnp-k_5_n-24_rinst-04-square],0.01911189672178947,0.01649095667678802
abstract_hamiltonians,test_hamiltonians[ham_gnp-k_5_n-24_rinst-04-heavy-hex],0.023671460088069845,0.020108167958610198
abstract_hamiltonians,test_hamiltonians[ham_gnp-k_5_n-24_rinst-04-linear],0.021265331939186737,0.017922443786153087
abstract_hamiltonians,test_hamiltonians[ham_tsp_prob-ulysses22_Ncity-8_enc-stdbinary-all-to-all],0.03593434366796698,0.0319841883610934
abstract_hamiltonians,test_hamiltonians[ham_tsp_prob-ulysses22_Ncity-8_enc-stdbinary-square],0.03375700994261673,0.02876876579488025
abstract_hamiltonians,test_hamiltonians[ham_tsp_prob-ulysses22_Ncity-8_enc-stdbinary-heavy-hex],0.040446352958679196,0.034353528878298296
abstract_hamiltonians,test_hamiltonians[ham_tsp_prob-ulysses22_Ncity-8_enc-stdbinary-linear],0.037712960331528274,0.031215887696992968
abstract_hamiltonians,test_hamiltonians[ham_ham_JW24-all-to-all],3.282326588407159,2.7837939001619816
abstract_hamiltonians,test_hamiltonians[ham_ham_JW24-square],7.030716871842742,6.341613421216607
abstract_hamiltonians,test_hamiltonians[ham_ham_JW24-heavy-hex],8.407551482319832,6.974428318440914
abstract_hamiltonians,test_hamiltonians[ham_ham_JW24-linear],7.3750136867165565,5.749754140153527
abstract_hamiltonians,test_hamiltonians[ham_tsp_prob-ts225_Ncity-5_enc-unary-all-to-all],0.017562927502506185,0.016499676529252737
abstract_hamiltonians,test_hamiltonians[ham_tsp_prob-ts225_Ncity-5_enc-unary-square],0.014110339938529901,0.012092992977564594
abstract_hamiltonians,test_hamiltonians[ham_tsp_prob-ts225_Ncity-5_enc-unary-heavy-hex],0.018179536881771954,0.01563064090066379
abstract_hamiltonians,test_hamiltonians[ham_tsp_prob-ts225_Ncity-5_enc-unary-linear],0.015885010099736974,0.013345575642207978
abstract_hamiltonians,test_hamiltonians[ham_graph-1D-grid-pbc-qubitnodes_Lx-26_h-6-all-to-all],0.012709155224445389,0.011886710255611234
abstract_hamiltonians,test_hamiltonians[ham_graph-1D-grid-pbc-qubitnodes_Lx-26_h-6-square],0.010106241833418607,0.009956621211022138
abstract_hamiltonians,test_hamiltonians[ham_graph-1D-grid-pbc-qubitnodes_Lx-26_h-6-heavy-hex],0.010448733560348812,0.010270253552690796
abstract_hamiltonians,test_hamiltonians[ham_graph-1D-grid-pbc-qubitnodes_Lx-26_h-6-linear],0.007518666500728282,0.007488489600604978
abstract_hamiltonians,test_hamiltonians[ham_bh_graph-1D-grid-pbc-qubitnodes_Lx-14_U-10_enc-stdbinary_d-4-all-to-all],0.039949897676706314,0.03584122319740278
abstract_hamiltonians,test_hamiltonians[ham_bh_graph-1D-grid-pbc-qubitnodes_Lx-14_U-10_enc-stdbinary_d-4-square],0.04114850106028219,0.036430532250691344
abstract_hamiltonians,test_hamiltonians[ham_bh_graph-1D-grid-pbc-qubitnodes_Lx-14_U-10_enc-stdbinary_d-4-heavy-hex],0.04589778007092801,0.041111399921087116
abstract_hamiltonians,test_hamiltonians[ham_bh_graph-1D-grid-pbc-qubitnodes_Lx-14_U-10_enc-stdbinary_d-4-linear],0.036251234489360025,0.03155945286606297
abstract_hamiltonians,test_hamiltonians[ham_bh_graph-2D-triag-nonpbc-qubitnodes_Lx-3_Ly-5_U-30_enc-gray_d-4-all-to-all],0.0596553605488118,0.05438869260251522
abstract_hamiltonians,test_hamiltonians[ham_bh_graph-2D-triag-nonpbc-qubitnodes_Lx-3_Ly-5_U-30_enc-gray_d-4-square],0.06663063366431743,0.05959331233882242
abstract_hamiltonians,test_hamiltonians[ham_bh_graph-2D-triag-nonpbc-qubitnodes_Lx-3_Ly-5_U-30_enc-gray_d-4-heavy-hex],0.07576204019670303,0.06478150735298792
abstract_hamiltonians,test_hamiltonians[ham_bh_graph-2D-triag-nonpbc-qubitnodes_Lx-3_Ly-5_U-30_enc-gray_d-4-linear],0.08104822741678128,0.06703760400414467
abstract_hamiltonians,test_hamiltonians[ham_reg-5_n-10_rinst-07-all-to-all],0.08048738195345952,0.07099677013854186
abstract_hamiltonians,test_hamiltonians[ham_reg-5_n-10_rinst-07-square],0.09463289159942757,0.07856419453254113
abstract_hamiltonians,test_hamiltonians[ham_reg-5_n-10_rinst-07-heavy-hex],0.09868717510253192,0.08126644002130398
abstract_hamiltonians,test_hamiltonians[ham_reg-5_n-10_rinst-07-linear],0.09845421947538853,0.07994688187654202
abstract_hamiltonians,test_hamiltonians[ham_mu_y_prime_enc_unary_dvalues_16-16-16-16-16-16-all-to-all],0.015955622127700235,0.015252182492986321
abstract_hamiltonians,test_hamiltonians[ham_mu_y_prime_enc_unary_dvalues_16-16-16-16-16-16-square],0.009935344049993616,0.00967943598972816
abstract_hamiltonians,test_hamiltonians[ham_mu_y_prime_enc_unary_dvalues_16-16-16-16-16-16-heavy-hex],0.010571296826789254,0.010341455762102766
abstract_hamiltonians,test_hamiltonians[ham_mu_y_prime_enc_unary_dvalues_16-16-16-16-16-16-linear],0.007530021407514167,0.0074058202505111696
abstract_hamiltonians,test_hamiltonians[ham_bh_graph-3D-grid-nonpbc-qubitnodes_Lx-2_Ly-2_Lz-2_U-20_enc-unary_d-4-all-to-all],0.0839711142083009,0.07294834258833102
abstract_hamiltonians,test_hamiltonians[ham_bh_graph-3D-grid-nonpbc-qubitnodes_Lx-2_Ly-2_Lz-2_U-20_enc-unary_d-4-square],0.0921420156955719,0.07812398657775842
abstract_hamiltonians,test_hamiltonians[ham_bh_graph-3D-grid-nonpbc-qubitnodes_Lx-2_Ly-2_Lz-2_U-20_enc-unary_d-4-heavy-hex],0.09562074597924948,0.08117935634576358
abstract_hamiltonians,test_hamiltonians[ham_bh_graph-3D-grid-nonpbc-qubitnodes_Lx-2_Ly-2_Lz-2_U-20_enc-unary_d-4-linear],0.10673821028321981,0.08894873037934303
abstract_hamiltonians,test_hamiltonians[ham_0-uuf100-0810.cnf-40-res-all-to-all],0.026572732646998606,0.023634361796254336
abstract_hamiltonians,test_hamiltonians[ham_0-uuf100-0810.cnf-40-res-square],0.02268839192887147,0.01939097003867993
abstract_hamiltonians,test_hamiltonians[ham_0-uuf100-0810.cnf-40-res-heavy-hex],0.025912685463061698,0.02189902402460575
abstract_hamiltonians,test_hamiltonians[ham_0-uuf100-0810.cnf-40-res-linear],0.03228606587896744,0.02645776229245322
abstract_hamiltonians,test_hamiltonians[ham_8-uuf100-0509.cnf-40-cc-all-to-all],0.027431168568295403,0.023987979095961367
abstract_hamiltonians,test_hamiltonians[ham_8-uuf100-0509.cnf-40-cc-square],0.025001748488881648,0.021488872138743707
abstract_hamiltonians,test_hamiltonians[ham_8-uuf100-0509.cnf-40-cc-heavy-hex],0.024514538167816836,0.02362184856264364
abstract_hamiltonians,test_hamiltonians[ham_8-uuf100-0509.cnf-40-cc-linear],0.03748291205348713,0.030188443884253503
abstract_hamiltonians,test_hamiltonians[ham_gnp-k_4_n-40_rinst-07-all-to-all],0.05178426504135132,0.0440293636334979
abstract_hamiltonians,test_hamiltonians[ham_gnp-k_4_n-40_rinst-07-square],0.065479934339722,0.05498177082174354
abstract_hamiltonians,test_hamiltonians[ham_gnp-k_4_n-40_rinst-07-heavy-hex],0.07604881705572972,0.06097994733136147
abstract_hamiltonians,test_hamiltonians[ham_gnp-k_4_n-40_rinst-07-linear],0.10435445625334978,0.0850641496766072
abstract_hamiltonians,test_hamiltonians[ham_2-uf100-0396.cnf-46-res-all-to-all],0.03061680239625275,0.026744094702440338
abstract_hamiltonians,test_hamiltonians[ham_2-uf100-0396.cnf-46-res-square],0.02993641280089364,0.02584257908165455
abstract_hamiltonians,test_hamiltonians[ham_2-uf100-0396.cnf-46-res-heavy-hex],0.034762176541754834,0.02923945224646366
abstract_hamiltonians,test_hamiltonians[ham_2-uf100-0396.cnf-46-res-linear],0.049463833682239056,0.03988707080483436
abstract_hamiltonians,test_hamiltonians[ham_2-uf100-0601.cnf-46-res-all-to-all],0.03487254647088462,0.030981790048606468
abstract_hamiltonians,test_hamiltonians[ham_2-uf100-0601.cnf-46-res-square],0.031998686492443085,0.027345385092000168
abstract_hamiltonians,test_hamiltonians[ham_2-uf100-0601.cnf-46-res-heavy-hex],0.03763233810397131,0.030442278493534435
abstract_hamiltonians,test_hamiltonians[ham_2-uf100-0601.cnf-46-res-linear],0.05367381204115717,0.04362401973618114
abstract_hamiltonians,test_hamiltonians[ham_bh_graph-1D-grid-nonpbc-qubitnodes_Lx-12_U-40_enc-unary_d-4-all-to-all],0.08335703554061744,0.07629615985430203
abstract_hamiltonians,test_hamiltonians[ham_bh_graph-1D-grid-nonpbc-qubitnodes_Lx-12_U-40_enc-unary_d-4-square],0.08578890096396208,0.07334363447236163
abstract_hamiltonians,test_hamiltonians[ham_bh_graph-1D-grid-nonpbc-qubitnodes_Lx-12_U-40_enc-unary_d-4-heavy-hex],0.08745331627627213,0.07546314898018654
abstract_hamiltonians,test_hamiltonians[ham_bh_graph-1D-grid-nonpbc-qubitnodes_Lx-12_U-40_enc-unary_d-4-linear],0.08280301982393631,0.07066253659625849
abstract_hamiltonians,test_hamiltonians[ham_bh_graph-1D-grid-pbc-qubitnodes_Lx-24_U-20_enc-stdbinary_d-4-all-to-all],0.06279783823993057,0.056232154783275395
abstract_hamiltonians,test_hamiltonians[ham_bh_graph-1D-grid-pbc-qubitnodes_Lx-24_U-20_enc-stdbinary_d-4-square],0.059004476513056195,0.05363103463069389
abstract_hamiltonians,test_hamiltonians[ham_bh_graph-1D-grid-pbc-qubitnodes_Lx-24_U-20_enc-stdbinary_d-4-heavy-hex],0.06014649011194706,0.056153343010105584
abstract_hamiltonians,test_hamiltonians[ham_bh_graph-1D-grid-pbc-qubitnodes_Lx-24_U-20_enc-stdbinary_d-4-linear],0.05583159811794758,0.048814441839402374
abstract_hamiltonians,test_hamiltonians[ham_tsp_prob-lin105_Ncity-7_enc-unary-all-to-all],0.03493811466313641,0.03284539769013082
abstract_hamiltonians,test_hamiltonians[ham_tsp_prob-lin105_Ncity-7_enc-unary-square],0.02958694337443872,0.02518407553434372
abstract_hamiltonians,test_hamiltonians[ham_tsp_prob-lin105_Ncity-7_enc-unary-heavy-hex],0.03392083606412334,0.028079112565943174
abstract_hamiltonians,test_hamiltonians[ham_tsp_prob-lin105_Ncity-7_enc-unary-linear],0.04056727237999439,0.033866311090865305
abstract_hamiltonians,test_hamiltonians[ham_gnp-k_5_n-60_rinst-19-all-to-all],0.1085859078913927,0.09111756070827444
abstract_hamiltonians,test_hamiltonians[ham_gnp-k_5_n-60_rinst-19-square],0.15592640904443605,0.12469966197386384
abstract_hamiltonians,test_hamiltonians[ham_gnp-k_5_n-60_rinst-19-heavy-hex],0.20531910397112368,0.156663963837283
abstract_hamiltonians,test_hamiltonians[ham_gnp-k_5_n-60_rinst-19-linear],0.2637599832378328,0.21838680170476438
abstract_hamiltonians,test_hamiltonians[ham_bh_graph-2D-triag-pbc-qubitnodes_Lx-5_Ly-5_U-30_enc-unary_d-4-all-to-all],0.24771918542683125,0.22519679702818393
abstract_hamiltonians,test_hamiltonians[ham_bh_graph-2D-triag-pbc-qubitnodes_Lx-5_Ly-5_U-30_enc-unary_d-4-square],0.3276179116219282,0.28372044023126364
abstract_hamiltonians,test_hamiltonians[ham_bh_graph-2D-triag-pbc-qubitnodes_Lx-5_Ly-5_U-30_enc-unary_d-4-heavy-hex],0.35248614102602005,0.29598130425438285
abstract_hamiltonians,test_hamiltonians[ham_bh_graph-2D-triag-pbc-qubitnodes_Lx-5_Ly-5_U-30_enc-unary_d-4-linear],0.40828125675519306,0.3472613102446
abstract_hamiltonians,test_hamiltonians[ham_mu_x_prime_enc_unary_dvalues_16-16-16-16-16-16-16-16-16-16-16-16-16-16-16-all-to-all],0.030824070244475647,0.02932113188911568
abstract_hamiltonians,test_hamiltonians[ham_mu_x_prime_enc_unary_dvalues_16-16-16-16-16-16-16-16-16-16-16-16-16-16-16-square],0.23136329241096973,0.22977377399802207
abstract_hamiltonians,test_hamiltonians[ham_mu_x_prime_enc_unary_dvalues_16-16-16-16-16-16-16-16-16-16-16-16-16-16-16-heavy-hex],0.01577507551278799,0.015594141350852119
abstract_hamiltonians,test_hamiltonians[ham_mu_x_prime_enc_unary_dvalues_16-16-16-16-16-16-16-16-16-16-16-16-16-16-16-linear],0.011647670283571056,0.011577691108490645
abstract_hamiltonians,test_hamiltonians[ham_tsp_prob-d198_Ncity-8_enc-unary-all-to-all],0.04609719790856947,0.04378482367357482
abstract_hamiltonians,test_hamiltonians[ham_tsp_prob-d198_Ncity-8_enc-unary-square],0.04167198032761613,0.03593755025288154
abstract_hamiltonians,test_hamiltonians[ham_tsp_prob-d198_Ncity-8_enc-unary-heavy-hex],0.0543826845915694,0.04674649309544336
abstract_hamiltonians,test_hamiltonians[ham_tsp_prob-d198_Ncity-8_enc-unary-linear],0.06569858232978731,0.054097581850854976
abstract_hamiltonians,test_hamiltonians[ham_tsp_prob-kroD100_Ncity-16_enc-stdbinary-all-to-all],0.2200966201722622,0.20522781908512117
abstract_hamiltonians,test_hamiltonians[ham_tsp_prob-kroD100_Ncity-16_enc-stdbinary-square],0.294382572794954,0.2472161792218685
abstract_hamiltonians,test_hamiltonians[ham_tsp_prob-kroD100_Ncity-16_enc-stdbinary-heavy-hex],0.33688467973843217,0.2874555098824203
abstract_hamiltonians,test_hamiltonians[ham_tsp_prob-kroD100_Ncity-16_enc-stdbinary-linear],0.3526537170012792,0.3098757048137486
abstract_hamiltonians,test_hamiltonians[ham_tsp_prob-fl417_Ncity-16_enc-stdbinary-all-to-all],0.2159332312643528,0.20517957210540771
abstract_hamiltonians,test_hamiltonians[ham_tsp_prob-fl417_Ncity-16_enc-stdbinary-square],0.2905712970532477,0.2496207769960165
abstract_hamiltonians,test_hamiltonians[ham_tsp_prob-fl417_Ncity-16_enc-stdbinary-heavy-hex],0.34769698108235997,0.26757545536383986
abstract_hamiltonians,test_hamiltonians[ham_tsp_prob-fl417_Ncity-16_enc-stdbinary-linear],0.3310567610897124,0.2966085113584995
abstract_hamiltonians,test_hamiltonians[ham_4-uf100-0246.cnf-70-res-all-to-all],0.0674095573524634,0.05874701381167945
abstract_hamiltonians,test_hamiltonians[ham_4-uf100-0246.cnf-70-res-square],0.07607708570475762,0.06234742188826203
abstract_hamiltonians,test_hamiltonians[ham_4-uf100-0246.cnf-70-res-heavy-hex],0.10496252197772264,0.08525224464635055
abstract_hamiltonians,test_hamiltonians[ham_4-uf100-0246.cnf-70-res-linear],0.1887245211750269,0.1474083403923682
abstract_hamiltonians,test_hamiltonians[ham_dsjc1000.1,n-36,rinst-4-all-to-all],0.061327198191600686,0.05461126967872444
abstract_hamiltonians,test_hamiltonians[ham_dsjc1000.1,n-36,rinst-4-square],0.05715768948635634,0.04854480638390496
abstract_hamiltonians,test_hamiltonians[ham_dsjc1000.1,n-36,rinst-4-heavy-hex],0.06974479382236799,0.05871928700556358
abstract_hamiltonians,test_hamiltonians[ham_dsjc1000.1,n-36,rinst-4-linear],0.08952794301634033,0.0714512967637607
abstract_hamiltonians,test_hamiltonians[ham_graph-2D-grid-nonpbc-qubitnodes_Lx-5_Ly-15_h-3-all-to-all],0.04003391534090042,0.03644741871036016
abstract_hamiltonians,test_hamiltonians[ham_graph-2D-grid-nonpbc-qubitnodes_Lx-5_Ly-15_h-3-square],0.043974513673911926,0.0405715552624315
abstract_hamiltonians,test_hamiltonians[ham_graph-2D-grid-nonpbc-qubitnodes_Lx-5_Ly-15_h-3-heavy-hex],0.04283606191165745,0.0384911423176527
abstract_hamiltonians,test_hamiltonians[ham_graph-2D-grid-nonpbc-qubitnodes_Lx-5_Ly-15_h-3-linear],0.02961216803107943,0.024674862259771765
abstract_hamiltonians,test_hamiltonians[ham_bh_graph-1D-grid-pbc-qubitnodes_Lx-10_U-30_enc-unary_d-8-all-to-all],0.32644806802272797,0.2936249068006873
abstract_hamiltonians,test_hamiltonians[ham_bh_graph-1D-grid-pbc-qubitnodes_Lx-10_U-30_enc-unary_d-8-square],0.3847310325751702,0.3318725028075278
abstract_hamiltonians,test_hamiltonians[ham_bh_graph-1D-grid-pbc-qubitnodes_Lx-10_U-30_enc-unary_d-8-heavy-hex],0.3996151586373647,0.3432961634049813
abstract_hamiltonians,test_hamiltonians[ham_bh_graph-1D-grid-pbc-qubitnodes_Lx-10_U-30_enc-unary_d-8-linear],0.40556467076142627,0.3567429917554061
abstract_hamiltonians,test_hamiltonians[ham_4-flat100-7.cnf-90-cc-all-to-all],0.0463859982611168,0.04403187478469177
abstract_hamiltonians,test_hamiltonians[ham_4-flat100-7.cnf-90-cc-square],0.03906527361660092,0.0356703983353717
abstract_hamiltonians,test_hamiltonians[ham_4-flat100-7.cnf-90-cc-heavy-hex],0.03211309328194587,0.028380316442676953
abstract_hamiltonians,test_hamiltonians[ham_4-flat100-7.cnf-90-cc-linear],0.042425274926548205,0.03684424376115203
abstract_hamiltonians,test_hamiltonians[ham_reg-4_n-90_rinst-07-all-to-all],0.06962351091206073,0.062109400518238544
abstract_hamiltonians,test_hamiltonians[ham_reg-4_n-90_rinst-07-square],0.09616177867759358,0.08347439688319962
abstract_hamiltonians,test_hamiltonians[ham_reg-4_n-90_rinst-07-heavy-hex],0.06465798744466156,0.05455598068472586
abstract_hamiltonians,test_hamiltonians[ham_reg-4_n-90_rinst-07-linear],0.10554007850587369,0.08665536219875018
abstract_hamiltonians,test_hamiltonians[ham_gnp-k_5_n-90_rinst-02-all-to-all],0.17471310030668974,0.1486548355647496
abstract_hamiltonians,test_hamiltonians[ham_gnp-k_5_n-90_rinst-02-square],0.2608264754526317,0.21669531427323818
abstract_hamiltonians,test_hamiltonians[ham_gnp-k_5_n-90_rinst-02-heavy-hex],0.3248287867754698,0.27073574997484684
abstract_hamiltonians,test_hamiltonians[ham_gnp-k_5_n-90_rinst-02-linear],0.6564978426322341,0.5065360516309738
abstract_hamiltonians,test_hamiltonians[ham_graph-2D-triag-pbc-qubitnodes_Lx-13_Ly-13_h-0.1-all-to-all],0.057753167936907095,0.052951120526382796
abstract_hamiltonians,test_hamiltonians[ham_graph-2D-triag-pbc-qubitnodes_Lx-13_Ly-13_h-0.1-square],0.046390789984302086,0.041334324330091474
abstract_hamiltonians,test_hamiltonians[ham_graph-2D-triag-pbc-qubitnodes_Lx-13_Ly-13_h-0.1-heavy-hex],0.0474745880135081,0.040466160800021425
abstract_hamiltonians,test_hamiltonians[ham_graph-2D-triag-pbc-qubitnodes_Lx-13_Ly-13_h-0.1-linear],0.07428573457790273,0.06016546071452253
abstract_hamiltonians,test_hamiltonians[ham_bh_graph-1D-grid-pbc-qubitnodes_Lx-46_U-2_enc-gray_d-4-all-to-all],0.12050650548189878,0.10965372601317035
abstract_hamiltonians,test_hamiltonians[ham_bh_graph-1D-grid-pbc-qubitnodes_Lx-46_U-2_enc-gray_d-4-square],0.12596182036213577,0.10962119160426988
abstract_hamiltonians,test_hamiltonians[ham_bh_graph-1D-grid-pbc-qubitnodes_Lx-46_U-2_enc-gray_d-4-heavy-hex],0.12972259847447276,0.11030248842305607
abstract_hamiltonians,test_hamiltonians[ham_bh_graph-1D-grid-pbc-qubitnodes_Lx-46_U-2_enc-gray_d-4-linear],0.11349702573248319,0.09624502559502919
abstract_hamiltonians,test_hamiltonians[ham_bh_graph-2D-grid-nonpbc-qubitnodes_Lx-7_Ly-7_U-70_enc-gray_d-4-all-to-all],0.19958664694180092,0.1787987413505713
abstract_hamiltonians,test_hamiltonians[ham_bh_graph-2D-grid-nonpbc-qubitnodes_Lx-7_Ly-7_U-70_enc-gray_d-4-square],0.20538909174501896,0.17648488966127238
abstract_hamiltonians,test_hamiltonians[ham_bh_graph-2D-grid-nonpbc-qubitnodes_Lx-7_Ly-7_U-70_enc-gray_d-4-heavy-hex],0.22871169187128543,0.19995800405740738
abstract_hamiltonians,test_hamiltonians[ham_bh_graph-2D-grid-nonpbc-qubitnodes_Lx-7_Ly-7_U-70_enc-gray_d-4-linear],0.26693420531228185,0.23095087967813016
abstract_hamiltonians,test_hamiltonians[ham_fh-graph-1D-grid-pbc-qubitnodes_Lx-50_U-2_enc-jw-all-to-all],0.07033138629049063,0.06440450871984164
abstract_hamiltonians,test_hamiltonians[ham_fh-graph-1D-grid-pbc-qubitnodes_Lx-50_U-2_enc-jw-square],0.07146325348211187,0.06529543735086918
abstract_hamiltonians,test_hamiltonians[ham_fh-graph-1D-grid-pbc-qubitnodes_Lx-50_U-2_enc-jw-heavy-hex],0.05114492839202285,0.04275120794773102
abstract_hamiltonians,test_hamiltonians[ham_fh-graph-1D-grid-pbc-qubitnodes_Lx-50_U-2_enc-jw-linear],0.044504104101139565,0.03816762242328237
abstract_hamiltonians,test_hamiltonians[ham_tsp_prob-st70_Ncity-10_enc-unary-all-to-all],0.09263431111519987,0.08788510086014867
abstract_hamiltonians,test_hamiltonians[ham_tsp_prob-st70_Ncity-10_enc-unary-square],0.07967719736580665,0.06885447675983111
abstract_hamiltonians,test_hamiltonians[ham_tsp_prob-st70_Ncity-10_enc-unary-heavy-hex],0.08882295091946919,0.07500583798225437
abstract_hamiltonians,test_hamiltonians[ham_tsp_prob-st70_Ncity-10_enc-unary-linear],0.14010506735316344,0.11593557024995486
abstract_hamiltonians,test_hamiltonians[ham_tsp_prob-pr76_Ncity-10_enc-unary-all-to-all],0.09091022847728296,0.08691174847384293
abstract_hamiltonians,test_hamiltonians[ham_tsp_prob-pr76_Ncity-10_enc-unary-square],0.07939588636733018,0.06768033442397912
abstract_hamiltonians,test_hamiltonians[ham_tsp_prob-pr76_Ncity-10_enc-unary-heavy-hex],0.09257829053835435,0.07503429840185813
abstract_hamiltonians,test_hamiltonians[ham_tsp_prob-pr76_Ncity-10_enc-unary-linear],0.14057859778404236,0.11574641408191787
abstract_hamiltonians,test_hamiltonians[ham_bh_graph-2D-triag-pbc-qubitnodes_Lx-10_Ly-10_U-30_enc-stdbinary_d-4-all-to-all],0.29641407495364547,0.2633837112225592
abstract_hamiltonians,test_hamiltonians[ham_bh_graph-2D-triag-pbc-qubitnodes_Lx-10_Ly-10_U-30_enc-stdbinary_d-4-square],0.3518860135227442,0.2993023884482682
abstract_hamiltonians,test_hamiltonians[ham_bh_graph-2D-triag-pbc-qubitnodes_Lx-10_Ly-10_U-30_enc-stdbinary_d-4-heavy-hex],0.3713526036590338,0.3213544674217701
abstract_hamiltonians,test_hamiltonians[ham_bh_graph-2D-triag-pbc-qubitnodes_Lx-10_Ly-10_U-30_enc-stdbinary_d-4-linear],0.5359388357028365,0.4283607875307401
abstract_hamiltonians,test_hamiltonians[ham_queen13_13,n-28,rinst-0-all-to-all],0.07899757517644992,0.07576884372303119
abstract_hamiltonians,test_hamiltonians[ham_queen13_13,n-28,rinst-0-square],0.0829511567329367,0.0780056226425446
abstract_hamiltonians,test_hamiltonians[ham_queen13_13,n-28,rinst-0-heavy-hex],0.045707181662968964,0.040060411064097516
abstract_hamiltonians,test_hamiltonians[ham_queen13_13,n-28,rinst-0-linear],0.07697523930775267,0.06916491209995002
abstract_hamiltonians,test_hamiltonians[ham_will199gpia,n-60,rinst-8-all-to-all],0.14912409840949944,0.13522545853629708
abstract_hamiltonians,test_hamiltonians[ham_will199gpia,n-60,rinst-8-square],0.12546245598544678,0.11041067894548177
abstract_hamiltonians,test_hamiltonians[ham_will199gpia,n-60,rinst-8-heavy-hex],0.16050273552536964,0.13508940837346017
abstract_hamiltonians,test_hamiltonians[ham_will199gpia,n-60,rinst-8-linear],0.22467768825590612,0.1808203107987841
abstract_hamiltonians,test_hamiltonians[ham_bh_graph-1D-grid-pbc-qubitnodes_Lx-60_U-10_enc-stdbinary_d-4-all-to-all],0.16954067007948956,0.154276148549148
abstract_hamiltonians,test_hamiltonians[ham_bh_graph-1D-grid-pbc-qubitnodes_Lx-60_U-10_enc-stdbinary_d-4-square],0.1420842339284718,0.12511901660925812
abstract_hamiltonians,test_hamiltonians[ham_bh_graph-1D-grid-pbc-qubitnodes_Lx-60_U-10_enc-stdbinary_d-4-heavy-hex],0.1588242972003562,0.1352826899383217
abstract_hamiltonians,test_hamiltonians[ham_bh_graph-1D-grid-pbc-qubitnodes_Lx-60_U-10_enc-stdbinary_d-4-linear],0.12474720262818867,0.11060800775885582
abstract_hamiltonians,test_hamiltonians[ham_bh_graph-2D-triag-pbc-qubitnodes_Lx-3_Ly-22_U-70_enc-unary_d-4-all-to-all],0.6102134957909584,0.5616432912647724
abstract_hamiltonians,test_hamiltonians[ham_bh_graph-2D-triag-pbc-qubitnodes_Lx-3_Ly-22_U-70_enc-unary_d-4-square],0.7739741336554289,0.6226678173989058
abstract_hamiltonians,test_hamiltonians[ham_bh_graph-2D-triag-pbc-qubitnodes_Lx-3_Ly-22_U-70_enc-unary_d-4-heavy-hex],0.8913814006373286,0.7332103531807661
abstract_hamiltonians,test_hamiltonians[ham_bh_graph-2D-triag-pbc-qubitnodes_Lx-3_Ly-22_U-70_enc-unary_d-4-linear],1.136482173576951,0.9411257850006223
abstract_hamiltonians,test_hamiltonians[ham_1-fullins_5,n-48,rinst-7-all-to-all],0.3687782281388839,0.3386605544947088
abstract_hamiltonians,test_hamiltonians[ham_1-fullins_5,n-48,rinst-7-square],0.4221052626768748,0.3375722902516524
abstract_hamiltonians,test_hamiltonians[ham_1-fullins_5,n-48,rinst-7-heavy-hex],0.49927337653934956,0.4327804160614808
abstract_hamiltonians,test_hamiltonians[ham_1-fullins_5,n-48,rinst-7-linear],0.7730555478483438,0.6165765626356006
abstract_hamiltonians,test_hamiltonians[ham_bh_graph-2D-triag-nonpbc-qubitnodes_Lx-11_Ly-11_U-100_enc-gray_d-4-all-to-all],0.4846691818286975,0.45434078946709633
abstract_hamiltonians,test_hamiltonians[ham_bh_graph-2D-triag-nonpbc-qubitnodes_Lx-11_Ly-11_U-100_enc-gray_d-4-square],0.5060010300949216,0.42648447925845784
abstract_hamiltonians,test_hamiltonians[ham_bh_graph-2D-triag-nonpbc-qubitnodes_Lx-11_Ly-11_U-100_enc-gray_d-4-heavy-hex],0.540720222517848,0.4645683603982131
abstract_hamiltonians,test_hamiltonians[ham_bh_graph-2D-triag-nonpbc-qubitnodes_Lx-11_Ly-11_U-100_enc-gray_d-4-linear],0.7945567378774285,0.5853322399780154
abstract_hamiltonians,test_hamiltonians[ham_fh-graph-1D-grid-nonpbc-qubitnodes_Lx-90_U-2_enc-jw-all-to-all],0.17907604233672222,0.1730964950596293
abstract_hamiltonians,test_hamiltonians[ham_fh-graph-1D-grid-nonpbc-qubitnodes_Lx-90_U-2_enc-jw-square],0.12061697782741652,0.11343948625855976
abstract_hamiltonians,test_hamiltonians[ham_fh-graph-1D-grid-nonpbc-qubitnodes_Lx-90_U-2_enc-jw-heavy-hex],0.0710866214086612,0.061794587246635384
abstract_hamiltonians,test_hamiltonians[ham_fh-graph-1D-grid-nonpbc-qubitnodes_Lx-90_U-2_enc-jw-linear],0.060333307935959764,0.05581174429971725
abstract_hamiltonians,test_hamiltonians[ham_graph-2D-triag-pbc-qubitnodes_Lx-19_Ly-19_h-0.5-all-to-all],0.20773820243775845,0.20574501492083072
abstract_hamiltonians,test_hamiltonians[ham_graph-2D-triag-pbc-qubitnodes_Lx-19_Ly-19_h-0.5-square],0.12346159604688485,0.11044354550540447
abstract_hamiltonians,test_hamiltonians[ham_graph-2D-triag-pbc-qubitnodes_Lx-19_Ly-19_h-0.5-heavy-hex],0.11302575489713086,0.09667924198914658
abstract_hamiltonians,test_hamiltonians[ham_graph-2D-triag-pbc-qubitnodes_Lx-19_Ly-19_h-0.5-linear],0.21892041452229022,0.18271101421366134
abstract_hamiltonians,test_hamiltonians[ham_graph-2D-grid-nonpbc-qubitnodes_Lx-5_Ly-58_h-2-all-to-all],0.48017439618706703,0.4768808949738741
abstract_hamiltonians,test_hamiltonians[ham_graph-2D-grid-nonpbc-qubitnodes_Lx-5_Ly-58_h-2-square],0.23335642972961068,0.2269162241369486
abstract_hamiltonians,test_hamiltonians[ham_graph-2D-grid-nonpbc-qubitnodes_Lx-5_Ly-58_h-2-heavy-hex],0.13374485448002815,0.12926936615258455
abstract_hamiltonians,test_hamiltonians[ham_graph-2D-grid-nonpbc-qubitnodes_Lx-5_Ly-58_h-2-linear],0.15724511391350202,0.15396849598203385
abstract_hamiltonians,test_hamiltonians[ham_fh-graph-2D-triag-nonpbc-qubitnodes_Lx-16_Ly-16_U-4_enc-bk-all-to-all],0.8380204988643527,0.8264354774728417
abstract_hamiltonians,test_hamiltonians[ham_fh-graph-2D-triag-nonpbc-qubitnodes_Lx-16_Ly-16_U-4_enc-bk-square],0.6538245556876063,0.562076429836452
abstract_hamiltonians,test_hamiltonians[ham_fh-graph-2D-triag-nonpbc-qubitnodes_Lx-16_Ly-16_U-4_enc-bk-heavy-hex],0.8590114284306765,0.7544103944674134
abstract_hamiltonians,test_hamiltonians[ham_fh-graph-2D-triag-nonpbc-qubitnodes_Lx-16_Ly-16_U-4_enc-bk-linear],2.2270036954432726,2.0803204979747534
abstract_hamiltonians,test_hamiltonians[ham_fh-graph-1D-grid-pbc-qubitnodes_Lx-160_U-12_enc-parity-all-to-all],0.6569545697420835,0.6644902918487787
abstract_hamiltonians,test_hamiltonians[ham_fh-graph-1D-grid-pbc-qubitnodes_Lx-160_U-12_enc-parity-square],0.4826726708561182,0.4401473527153333
abstract_hamiltonians,test_hamiltonians[ham_fh-graph-1D-grid-pbc-qubitnodes_Lx-160_U-12_enc-parity-heavy-hex],0.2440706193447113,0.2061822634190321
abstract_hamiltonians,test_hamiltonians[ham_fh-graph-1D-grid-pbc-qubitnodes_Lx-160_U-12_enc-parity-linear],0.34574563677112263,0.2905696895904839
abstract_hamiltonians,test_hamiltonians[ham_graph-2D-triag-nonpbc-qubitnodes_Lx-3_Ly-160_h-0.1-all-to-all],0.6084405910223722,0.6045239418745041
abstract_hamiltonians,test_hamiltonians[ham_graph-2D-triag-nonpbc-qubitnodes_Lx-3_Ly-160_h-0.1-square],0.17243884969502687,0.15448173534657275
abstract_hamiltonians,test_hamiltonians[ham_graph-2D-triag-nonpbc-qubitnodes_Lx-3_Ly-160_h-0.1-heavy-hex],0.17057585002233586,0.14915623436016695
abstract_hamiltonians,test_hamiltonians[ham_graph-2D-triag-nonpbc-qubitnodes_Lx-3_Ly-160_h-0.1-linear],0.30211836751550436,0.2564301467500627
abstract_hamiltonians,test_hamiltonians[ham_graph-2D-grid-nonpbc-qubitnodes_Lx-19_Ly-19_h-5-all-to-all],0.8855159962549806,0.7879564194008708
abstract_hamiltonians,test_hamiltonians[ham_graph-2D-grid-nonpbc-qubitnodes_Lx-19_Ly-19_h-5-square],0.056496786471042365,0.05079773401743487
abstract_hamiltonians,test_hamiltonians[ham_graph-2D-grid-nonpbc-qubitnodes_Lx-19_Ly-19_h-5-heavy-hex],0.18412703399856886,0.1603952611663512
abstract_hamiltonians,test_hamiltonians[ham_graph-2D-grid-nonpbc-qubitnodes_Lx-19_Ly-19_h-5-linear],0.36277335571746033,0.31779439685245353
abstract_hamiltonians,test_hamiltonians[ham_graph-2D-grid-pbc-qubitnodes_Lx-2_Ly-185_h-0.5-all-to-all],0.9524623341858387,0.8692898079752922
abstract_hamiltonians,test_hamiltonians[ham_graph-2D-grid-pbc-qubitnodes_Lx-2_Ly-185_h-0.5-square],0.3012786596082151,0.29311862029135227
abstract_hamiltonians,test_hamiltonians[ham_graph-2D-grid-pbc-qubitnodes_Lx-2_Ly-185_h-0.5-heavy-hex],0.15687106842441217,0.15373502245971135
abstract_hamiltonians,test_hamiltonians[ham_graph-2D-grid-pbc-qubitnodes_Lx-2_Ly-185_h-0.5-linear],0.1665422453411988,0.16147125672016824
abstract_hamiltonians,test_hamiltonians[ham_fh-graph-2D-grid-pbc-qubitnodes_Lx-2_Ly-105_U-8_enc-bk-all-to-all],1.7723626494407654,1.5164927951991558
abstract_hamiltonians,test_hamiltonians[ham_fh-graph-2D-grid-pbc-qubitnodes_Lx-2_Ly-105_U-8_enc-bk-square],0.49594490354259807,0.4279845313479503
abstract_hamiltonians,test_hamiltonians[ham_fh-graph-2D-grid-pbc-qubitnodes_Lx-2_Ly-105_U-8_enc-bk-heavy-hex],0.6012311447411776,0.5164110576733947
abstract_hamiltonians,test_hamiltonians[ham_fh-graph-2D-grid-pbc-qubitnodes_Lx-2_Ly-105_U-8_enc-bk-linear],1.779276717454195,1.4510288033634424
abstract_hamiltonians,test_hamiltonians[ham_ash608gpia,n-160,rinst-1-all-to-all],2.162949988618493,1.7295884378254414
abstract_hamiltonians,test_hamiltonians[ham_ash608gpia,n-160,rinst-1-square],0.3103123353794217,0.2845082050189376
abstract_hamiltonians,test_hamiltonians[ham_ash608gpia,n-160,rinst-1-heavy-hex],0.34679598671694595,0.3108903244137764
abstract_hamiltonians,test_hamiltonians[ham_ash608gpia,n-160,rinst-1-linear],1.3219645656645298,1.1507734972983599
abstract_hamiltonians,test_hamiltonians[ham_graph-2D-grid-nonpbc-qubitnodes_Lx-4_Ly-133_h-0.1-all-to-all],3.2564453445374966,2.4273290652781725
abstract_hamiltonians,test_hamiltonians[ham_graph-2D-grid-nonpbc-qubitnodes_Lx-4_Ly-133_h-0.1-square],0.5239766724407673,0.5073307184502482
abstract_hamiltonians,test_hamiltonians[ham_graph-2D-grid-nonpbc-qubitnodes_Lx-4_Ly-133_h-0.1-heavy-hex],0.28339314088225365,0.27632543817162514
abstract_hamiltonians,test_hamiltonians[ham_graph-2D-grid-nonpbc-qubitnodes_Lx-4_Ly-133_h-0.1-linear],0.36016066186130047,0.3579772499700387
abstract_hamiltonians,test_hamiltonians[ham_graph-2D-grid-pbc-qubitnodes_Lx-4_Ly-148_h-6-all-to-all],4.4976657927036285,3.684504821896553
abstract_hamiltonians,test_hamiltonians[ham_graph-2D-grid-pbc-qubitnodes_Lx-4_Ly-148_h-6-square],0.33120872887472314,0.29886979795992374
abstract_hamiltonians,test_hamiltonians[ham_graph-2D-grid-pbc-qubitnodes_Lx-4_Ly-148_h-6-heavy-hex],0.33058933603266877,0.2957412600517273
abstract_hamiltonians,test_hamiltonians[ham_graph-2D-grid-pbc-qubitnodes_Lx-4_Ly-148_h-6-linear],0.4516530390828848,0.4154329268882672
abstract_hamiltonians,test_hamiltonians[ham_fh-graph-2D-grid-pbc-qubitnodes_Lx-5_Ly-72_U-0_enc-parity-all-to-all],9.156773844733834,7.206165626645088
abstract_hamiltonians,test_hamiltonians[ham_fh-graph-2D-grid-pbc-qubitnodes_Lx-5_Ly-72_U-0_enc-parity-square],3.784971695393324,3.783405914902687
abstract_hamiltonians,test_hamiltonians[ham_fh-graph-2D-grid-pbc-qubitnodes_Lx-5_Ly-72_U-0_enc-parity-heavy-hex],18.194045804440975,16.82956657744944
abstract_hamiltonians,test_hamiltonians[ham_fh-graph-2D-grid-pbc-qubitnodes_Lx-5_Ly-72_U-0_enc-parity-linear],0.49279888067394495,0.425896093249321
abstract_hamiltonians,test_hamiltonians[ham_graph-2D-grid-pbc-qubitnodes_Lx-4_Ly-190_h-0-all-to-all],10.626829089596868,8.254095098003745
abstract_hamiltonians,test_hamiltonians[ham_graph-2D-grid-pbc-qubitnodes_Lx-4_Ly-190_h-0-square],0.5271732900291681,0.515814395621419
abstract_hamiltonians,test_hamiltonians[ham_graph-2D-grid-pbc-qubitnodes_Lx-4_Ly-190_h-0-heavy-hex],0.5427287751808763,0.5283417860046029
abstract_hamiltonians,test_hamiltonians[ham_graph-2D-grid-pbc-qubitnodes_Lx-4_Ly-190_h-0-linear],0.7544319489970803,0.7405151855200529
abstract_hamiltonians,test_hamiltonians[ham_graph-2D-triag-nonpbc-qubitnodes_Lx-40_Ly-40_h-0.1-all-to-all],15.002631571143866,12.768132677301764
abstract_hamiltonians,test_hamiltonians[ham_graph-2D-triag-nonpbc-qubitnodes_Lx-40_Ly-40_h-0.1-square],0.8791004661470652,0.8463827921077609
abstract_hamiltonians,test_hamiltonians[ham_graph-2D-triag-nonpbc-qubitnodes_Lx-40_Ly-40_h-0.1-heavy-hex],0.9090348770841956,0.876288584433496
abstract_hamiltonians,test_hamiltonians[ham_graph-2D-triag-nonpbc-qubitnodes_Lx-40_Ly-40_h-0.1-linear],1.7125168778002262,1.6544057801365852
abstract_hamiltonians,test_hamiltonians[ham_graph-2D-grid-nonpbc-qubitnodes_Lx-5_Ly-186_h-0.5-all-to-all],19.608970722183585,16.63974160887301
abstract_hamiltonians,test_hamiltonians[ham_graph-2D-grid-nonpbc-qubitnodes_Lx-5_Ly-186_h-0.5-square],1.4539010412991047,1.420332945883274
abstract_hamiltonians,test_hamiltonians[ham_graph-2D-grid-nonpbc-qubitnodes_Lx-5_Ly-186_h-0.5-heavy-hex],0.7854865379631519,0.7795810019597411
abstract_hamiltonians,test_hamiltonians[ham_graph-2D-grid-nonpbc-qubitnodes_Lx-5_Ly-186_h-0.5-linear],1.032620757818222,1.0438012965023518
abstract_hamiltonians,test_hamiltonians[ham_graph-2D-grid-pbc-qubitnodes_Lx-5_Ly-186_h-3-all-to-all],19.042998915538192,17.13779181614518
abstract_hamiltonians,test_hamiltonians[ham_graph-2D-grid-pbc-qubitnodes_Lx-5_Ly-186_h-3-square],0.8145928122103214,0.8003011560067534
abstract_hamiltonians,test_hamiltonians[ham_graph-2D-grid-pbc-qubitnodes_Lx-5_Ly-186_h-3-heavy-hex],0.856083651073277,0.8341200882568955
abstract_hamiltonians,test_hamiltonians[ham_graph-2D-grid-pbc-qubitnodes_Lx-5_Ly-186_h-3-linear],1.167379567399621,1.1839481089264154
abstract_large,test_QASMBench_large[100-all-to-all],0.5424274001270533,0.512272291816771
abstract_large,test_QASMBench_large[100-square],1.2933903597295284,1.131842453032732
abstract_large,test_QASMBench_large[100-heavy-hex],1.6688374802470207,1.3847539462149143
abstract_large,test_QASMBench_large[100-linear],5.447698850184679,4.379637898877263
abstract_large,test_QASMBench_large[32-all-to-all],0.06345140479970723,0.06113264954183251
abstract_large,test_QASMBench_large[32-square],0.08719244397555788,0.07478424241500241
abstract_large,test_QASMBench_large[32-heavy-hex],0.10145187042653561,0.08604322119869968
abstract_large,test_QASMBench_large[32-linear],0.14451744992818152,0.12014161712593502
abstract_large,test_QASMBench_large[adder_n118-all-to-all],0.08119662012904882,0.0810408176233371
abstract_large,test_QASMBench_large[adder_n118-square],0.07665353201861892,0.06915614381432533
abstract_large,test_QASMBench_large[adder_n118-heavy-hex],0.0513991410844028,0.04937842142369066
abstract_large,test_QASMBench_large[adder_n118-linear],0.04403102584183216,0.0435993108574463
abstract_large,test_QASMBench_large[adder_n28-all-to-all],0.018635148077078584,0.017274300741442178
abstract_large,test_QASMBench_large[adder_n28-square],0.013954559134112464,0.013526351420559746
abstract_large,test_QASMBench_large[adder_n28-heavy-hex],0.015190756850643083,0.014924617164069787
abstract_large,test_QASMBench_large[adder_n28-linear],0.012150934827513993,0.012004925833119974
abstract_large,test_QASMBench_large[adder_n433-all-to-all],1.674354575574398,1.5512908902019262
abstract_large,test_QASMBench_large[adder_n433-square],0.257054391130805,0.24344557002186776
abstract_large,test_QASMBench_large[adder_n433-heavy-hex],0.2420509397983551,0.23254936002194881
abstract_large,test_QASMBench_large[adder_n433-linear],2.0664565563201904,2.0628905463963747
abstract_large,test_QASMBench_large[adder_n64-all-to-all],0.036446893863655905,0.03526917106605002
abstract_large,test_QASMBench_large[adder_n64-square],0.02733644822964797,0.02620463641850572
abstract_large,test_QASMBench_large[adder_n64-heavy-hex],0.03024905316080108,0.02917507780449731
abstract_large,test_QASMBench_large[adder_n64-linear],0.022813037503510714,0.021901024878025054
abstract_large,test_QASMBench_large[bv_n140-all-to-all],0.3091841200366616,0.35063131464024383
abstract_large,test_QASMBench_large[bv_n140-square],0.039403707577058904,0.03672344936057925
abstract_large,test_QASMBench_large[bv_n140-heavy-hex],0.05482982275517363,0.052775622252374886
abstract_large,test_QASMBench_large[bv_n140-linear],0.023217908505882536,0.023229074296216633
abstract_large,test_QASMBench_large[bv_n280-all-to-all],1.5865689180791378,1.7933422345668077
abstract_large,test_QASMBench_large[bv_n280-square],0.057279676095479064,0.056149063942333065
abstract_large,test_QASMBench_large[bv_n280-heavy-hex],0.06946232529977957,0.06589850888121873
abstract_large,test_QASMBench_large[bv_n280-linear],0.05438826027277269,0.053759668953716755
abstract_large,test_QASMBench_large[bv_n30-all-to-all],0.01804106068782142,0.016002233710084388
abstract_large,test_QASMBench_large[bv_n30-square],0.024475147220783117,0.023296279399547468
abstract_large,test_QASMBench_large[bv_n30-heavy-hex],0.009059940387896441,0.008773936613185986
abstract_large,test_QASMBench_large[bv_n30-linear],0.0063944343781592895,0.006338857628148177
abstract_large,test_QASMBench_large[bv_n70-all-to-all],0.06586331722792238,0.06561049167066813
abstract_large,test_QASMBench_large[bv_n70-square],0.03315016372750203,0.030740868977525017
abstract_large,test_QASMBench_large[bv_n70-heavy-hex],0.033362594433128834,0.03137548512313515
abstract_large,test_QASMBench_large[bv_n70-linear],0.010957965838976881,0.010956360550408953
abstract_large,test_QASMBench_large[bwt_n37-all-to-all],15.105311673134565,14.184367761015892
abstract_large,test_QASMBench_large[bwt_n37-square],32.652768624946475,30.45237799361348
abstract_large,test_QASMBench_large[bwt_n37-heavy-hex],40.49638753943145,37.10833166912198
abstract_large,test_QASMBench_large[bwt_n37-linear],54.63632440380752,49.7299289945513
abstract_large,test_QASMBench_large[cat_n130-all-to-all],0.07809740519867493,0.07934434525668621
abstract_large,test_QASMBench_large[cat_n130-square],0.014664324783328651,0.014146631745540577
abstract_large,test_QASMBench_large[cat_n130-heavy-hex],0.025648688467649314,0.022917730940712824
abstract_large,test_QASMBench_large[cat_n130-linear],0.01057985892681324,0.010384481444600083
abstract_large,test_QASMBench_large[cat_n260-all-to-all],0.3074051784351468,0.31961622554808855
abstract_large,test_QASMBench_large[cat_n260-square],0.022880699658809706,0.022376125264498923
abstract_large,test_QASMBench_large[cat_n260-heavy-hex],8.923488389700651,6.630674144253135
abstract_large,test_QASMBench_large[cat_n260-linear],0.016236757985868697,0.01612558096115078
abstract_large,test_QASMBench_large[cat_n35-all-to-all],0.015427891588346525,0.014051011697926991
abstract_large,test_QASMBench_large[cat_n35-square],0.008315885630555643,0.008216352290695622
abstract_large,test_QASMBench_large[cat_n35-heavy-hex],0.009599392680395948,0.009303413641949495
abstract_large,test_QASMBench_large[cat_n35-linear],0.00499290271024955,0.004952474217352972
abstract_large,test_QASMBench_large[cat_n65-all-to-all],0.02707688158025613,0.026044312129287345
abstract_large,test_QASMBench_large[cat_n65-square],0.012974834452344947,0.012070537294919899
abstract_large,test_QASMBench_large[cat_n65-heavy-hex],0.014482945954399322,0.013651223161390849
abstract_large,test_QASMBench_large[cat_n65-linear],0.0066760043994012015,0.006737691642594163
abstract_large,test_QASMBench_large[cc_n151-all-to-all],1.2811474744230509,1.2861340455710888
abstract_large,test_QASMBench_large[cc_n151-square],1.4570102095603943,1.4489383324980736
abstract_large,test_QASMBench_large[cc_n151-heavy-hex],1.5753814354538918,1.4085370805114508
abstract_large,test_QASMBench_large[cc_n151-linear],1.4553210735321045,1.47382858581841
abstract_large,test_QASMBench_large[cc_n301-all-to-all],5.119953045621514,4.983511790633202
abstract_large,test_QASMBench_large[cc_n301-square],5.696622570976615,5.520559519529343
abstract_large,test_QASMBench_large[cc_n301-heavy-hex],5.85295937769115,5.548821507021785
abstract_large,test_QASMBench_large[cc_n301-linear],5.5475175101310015,5.4825517274439335
abstract_large,test_QASMBench_large[cc_n32-all-to-all],0.09828164097335604,0.09873351827263832
abstract_large,test_QASMBench_large[cc_n32-square],0.13181667091945806,0.12877739034593105
abstract_large,test_QASMBench_large[cc_n32-heavy-hex],0.1234682680418094,0.12391838850453496
abstract_large,test_QASMBench_large[cc_n32-linear],0.11533328476879331,0.1148986021677653
abstract_large,test_QASMBench_large[cc_n64-all-to-all],0.27583659859374166,0.27371743926778436
abstract_large,test_QASMBench_large[cc_n64-square],0.34580792548755807,0.3398333918303251
abstract_large,test_QASMBench_large[cc_n64-heavy-hex],0.38415850202242535,0.3889375987152259
abstract_large,test_QASMBench_large[cc_n64-linear],0.3422986250370741,0.33519868552684784
abstract_large,test_QASMBench_large[dnn_n33-all-to-all],0.033502472757265485,0.031187087413854897
abstract_large,test_QASMBench_large[dnn_n33-square],0.03177667409181595,0.02956353752490352
abstract_large,test_QASMBench_large[dnn_n33-heavy-hex],0.03615591029769608,0.033386151035947186
abstract_large,test_QASMBench_large[dnn_n33-linear],0.03262464168171088,0.029844848603448448
abstract_large,test_QASMBench_large[dnn_n51-all-to-all],0.052385313044253146,0.048656207376292775
abstract_large,test_QASMBench_large[dnn_n51-square],0.06317837634945617,0.0584245449041619
abstract_large,test_QASMBench_large[dnn_n51-heavy-hex],0.04955002443776244,0.045856638042175255
abstract_large,test_QASMBench_large[dnn_n51-linear],0.04766926491125063,0.0440332679806844
abstract_large,test_QASMBench_large[ghz_n127-all-to-all],0.06933723775936025,0.06908390511359487
abstract_large,test_QASMBench_large[ghz_n127-square],0.014928059847052418,0.014244787728608543
abstract_large,test_QASMBench_large[ghz_n127-heavy-hex],0.025800225301048696,0.022524001739091342
abstract_large,test_QASMBench_large[ghz_n127-linear],0.010521192306085773,0.010789370066241213
abstract_large,test_QASMBench_large[ghz_state_n255-all-to-all],0.2877737358212471,0.2933857450261712
abstract_large,test_QASMBench_large[ghz_state_n255-square],0.1276024526450783,0.124651008984074
abstract_large,test_QASMBench_large[ghz_state_n255-heavy-hex],7.126900561153889,6.521595062687993
abstract_large,test_QASMBench_large[ghz_state_n255-linear],0.016003639705605425,0.015661220670792095
abstract_large,test_QASMBench_large[ghz_n40-all-to-all],0.016863291524350642,0.01601024214473982
abstract_large,test_QASMBench_large[ghz_n40-square],0.01014896543656892,0.00965991565117649
abstract_large,test_QASMBench_large[ghz_n40-heavy-hex],0.00982431799401434,0.00954763318101565
abstract_large,test_QASMBench_large[ghz_n40-linear],0.005282464291835796,0.005203695353623983
abstract_large,test_QASMBench_large[ghz_n78-all-to-all],0.03263001811915431,0.03169927758074576
abstract_large,test_QASMBench_large[ghz_n78-square],0.010740499985351992,0.010511543217074612
abstract_large,test_QASMBench_large[ghz_n78-heavy-hex],0.015109402758459891,0.014237929667745317
abstract_large,test_QASMBench_large[ghz_n78-linear],0.007698175611726025,0.007577837850417822
abstract_large,test_QASMBench_large[ising_n34-all-to-all],0.01554873582878799,0.014425893057731615
abstract_large,test_QASMBench_large[ising_n34-square],0.010262147852718229,0.009266428407971506
abstract_large,test_QASMBench_large[ising_n34-heavy-hex],0.011530558640758196,0.01027995027085342
abstract_large,test_QASMBench_large[ising_n34-linear],0.006837803114961077,0.00592629482629914
abstract_large,test_QASMBench_large[ising_n42-all-to-all],0.019129079885103487,0.017180038872977782
abstract_large,test_QASMBench_large[ising_n42-square],0.01208293969821499,0.010713107310808621
abstract_large,test_QASMBench_large[ising_n42-heavy-hex],0.012019254514072314,0.01079976442014123
abstract_large,test_QASMBench_large[ising_n42-linear],0.007527159271581519,0.006556530664331161
abstract_large,test_QASMBench_large[ising_n420-all-to-all],1.3794059343636036,1.3716932870447636
abstract_large,test_QASMBench_large[ising_n420-square],0.04371592353867448,0.03762347002824148
abstract_large,test_QASMBench_large[ising_n420-heavy-hex],0.05667067598551512,0.050778692588210106
abstract_large,test_QASMBench_large[ising_n420-linear],0.036496034158127647,0.03169265727046877
abstract_large,test_QASMBench_large[ising_n66-all-to-all],0.029072892240115573,0.026417886360715598
abstract_large,test_QASMBench_large[ising_n66-square],0.01605409497426728,0.01388513218557489
abstract_large,test_QASMBench_large[ising_n66-heavy-hex],0.017990669588847406,0.015601701210023926
abstract_large,test_QASMBench_large[ising_n66-linear],0.010028261574916542,0.008737294635641466
abstract_large,test_QASMBench_large[ising_n98-all-to-all],0.048103862220332735,0.04557705182759535
abstract_large,test_QASMBench_large[ising_n98-square],0.015581548908504389,0.013707384926037512
abstract_large,test_QASMBench_large[ising_n98-heavy-hex],3.1192984264343977,2.8406682647764683
abstract_large,test_QASMBench_large[ising_n98-linear],0.013462389319919157,0.011911577462584158
abstract_large,test_QASMBench_large[knn_129-all-to-all],0.08455240384986003,0.08353107546766599
abstract_large,test_QASMBench_large[knn_129-square],0.06782379804644734,0.06445982737932354
abstract_large,test_QASMBench_large[knn_129-heavy-hex],0.06766790909071764,0.0647218709345907
abstract_large,test_QASMBench_large[knn_129-linear],0.04417222276653932,0.04045096881687641
abstract_large,test_QASMBench_large[knn_n31-all-to-all],0.014373346739871935,0.013718218367168869
abstract_large,test_QASMBench_large[knn_n31-square],0.012290091346949339,0.012108816924255068
abstract_large,test_QASMBench_large[knn_n31-heavy-hex],0.019280575371036928,0.018644598787123302
abstract_large,test_QASMBench_large[knn_n31-linear],0.01038843946237313,0.01037458564793126
abstract_large,test_QASMBench_large[knn_341-all-to-all],0.7466953108087182,0.7298409175127745
abstract_large,test_QASMBench_large[knn_341-square],0.2014263618737459,0.18027706692616144
abstract_large,test_QASMBench_large[knn_341-heavy-hex],0.18396383182456097,0.17226227776457867
abstract_large,test_QASMBench_large[knn_341-linear],1.7465663719922304,1.7315429095178843
abstract_large,test_QASMBench_large[knn_n41-all-to-all],0.01959498222990363,0.01823066602296689
abstract_large,test_QASMBench_large[knn_n41-square],0.026042608795939264,0.023059358473780545
abstract_large,test_QASMBench_large[knn_n41-heavy-hex],0.017307219063413554,0.016809774464682528
abstract_large,test_QASMBench_large[knn_n41-linear],0.012648757958373466,0.012435966183419352
abstract_large,test_QASMBench_large[knn_n67-all-to-all],0.03230003900825977,0.030268386472016573
abstract_large,test_QASMBench_large[knn_n67-square],0.04550285205583681,0.040511545464396476
abstract_large,test_QASMBench_large[knn_n67-heavy-hex],0.029714169459683554,0.028699990308710507
abstract_large,test_QASMBench_large[knn_n67-linear],0.018746756052352348,0.018591294720492983
abstract_large,test_QASMBench_large[multiplier_n350-all-to-all],4.168531974777579,3.8555172942578793
abstract_large,test_QASMBench_large[multiplier_n350-square],8.344494452700019,7.717428909614682
abstract_large,test_QASMBench_large[multiplier_n350-heavy-hex],10.827933710068464,9.859202306717634
abstract_large,test_QASMBench_large[multiplier_n350-linear],16.287157272920012,12.79682101495564
abstract_large,test_QASMBench_large[multiplier_n400-all-to-all],5.7044359408319,5.3199136182665825
abstract_large,test_QASMBench_large[multiplier_n400-square],11.58762171678245,10.773558216169477
abstract_large,test_QASMBench_large[multiplier_n400-heavy-hex],14.258997665718198,12.95773147419095
abstract_large,test_QASMBench_large[multiplier_n400-linear],21.667367724701762,16.514923360198736
abstract_large,test_QASMBench_large[multiplier_n45-all-to-all],0.060559596051461995,0.057945967268417865
abstract_large,test_QASMBench_large[multiplier_n45-square],0.08090085851458403,0.07939827628433704
abstract_large,test_QASMBench_large[multiplier_n45-heavy-hex],0.08387980810724772,0.08077837584110406
abstract_large,test_QASMBench_large[multiplier_n45-linear],0.09754410369152372,0.09437003494663672
abstract_large,test_QASMBench_large[multiplier_n75-all-to-all],0.14699689831052506,0.1403789860861642
abstract_large,test_QASMBench_large[multiplier_n75-square],0.25912935053929687,0.22226566411554813
abstract_large,test_QASMBench_large[multiplier_n75-heavy-hex],0.2830258794128895,0.2403543759137392
abstract_large,test_QASMBench_large[multiplier_n75-linear],0.29255494102835655,0.2922358294017613
abstract_large,test_QASMBench_large[qft_n160-all-to-all],0.30914672603830695,0.27559301955625415
abstract_large,test_QASMBench_large[qft_n160-square],0.2688178517855704,0.23176922313869
abstract_large,test_QASMBench_large[qft_n160-heavy-hex],0.26697681890800595,0.22495299577713013
abstract_large,test_QASMBench_large[qft_n160-linear],0.505202847532928,0.41189704835414886
abstract_large,test_QASMBench_large[qft_n29-all-to-all],0.03219514526426792,0.02858081060860838
abstract_large,test_QASMBench_large[qft_n29-square],0.03088528524723745,0.02636777428356377
abstract_large,test_QASMBench_large[qft_n29-heavy-hex],0.035013931803405285,0.029620936366193222
abstract_large,test_QASMBench_large[qft_n29-linear],0.030820986977027308,0.02593449807088626
abstract_large,test_QASMBench_large[qft_n320-all-to-all],0.9893310237675905,0.9747463557869196
abstract_large,test_QASMBench_large[qft_n320-square],0.6167518310248852,0.5137732168659568
abstract_large,test_QASMBench_large[qft_n320-heavy-hex],0.6840297495946288,0.5732889454811811
abstract_large,test_QASMBench_large[qft_n320-linear],2.045020392164588,1.8438623696565628
abstract_large,test_QASMBench_large[qft_n63-all-to-all],0.07280986636344876,0.06611525329450767
abstract_large,test_QASMBench_large[qft_n63-square],0.07982716104015708,0.0686059057712555
abstract_large,test_QASMBench_large[qft_n63-heavy-hex],0.10179109759628772,0.08740761953716476
abstract_large,test_QASMBench_large[qft_n63-linear],0.10910490341484547,0.08976687941079338
abstract_large,test_QASMBench_large[qugan_n111-all-to-all],0.1610505354280273,0.15831811322520176
abstract_large,test_QASMBench_large[qugan_n111-square],0.1496768474046673,0.14312531532985823
abstract_large,test_QASMBench_large[qugan_n111-heavy-hex],0.14648667004491603,0.13936438271775842
abstract_large,test_QASMBench_large[qugan_n111-linear],0.13846985782895768,0.1341514466330409
abstract_large,test_QASMBench_large[qugan_n39-all-to-all],0.054849872463627866,0.053442652092168204
abstract_large,test_QASMBench_large[qugan_n39-square],0.05788441116197242,0.05455510435920013
abstract_large,test_QASMBench_large[qugan_n39-heavy-hex],0.05296826036646962,0.05236411169171333
abstract_large,test_QASMBench_large[qugan_n39-linear],0.052823638916015624,0.05035065362850825
abstract_large,test_QASMBench_large[qugan_n395-all-to-all],1.5563684217631817,1.4962819572538137
abstract_large,test_QASMBench_large[qugan_n395-square],0.5927495453506708,0.5513181835412979
abstract_large,test_QASMBench_large[qugan_n395-heavy-hex],0.5874431282281876,0.5472181905061007
abstract_large,test_QASMBench_large[qugan_n395-linear],2.082098364830017,2.056436249986291
abstract_large,test_QASMBench_large[qugan_n71-all-to-all],0.09933373555541039,0.1037709692493081
abstract_large,test_QASMBench_large[qugan_n71-square],0.09600059942088345,0.09181999787688255
abstract_large,test_QASMBench_large[qugan_n71-heavy-hex],0.0976976377889514,0.09321028756147082
abstract_large,test_QASMBench_large[qugan_n71-linear],0.0907230619341135,0.08770331398894389
abstract_large,test_QASMBench_large[square_root_n45-all-to-all],0.9651269596070051,0.9562998265028
abstract_large,test_QASMBench_large[square_root_n45-square],2.748721346259117,2.2641996759921312
abstract_large,test_QASMBench_large[square_root_n45-heavy-hex],2.8078726958483458,2.8309206254780293
abstract_large,test_QASMBench_large[square_root_n45-linear],3.7208536751568317,3.37748659029603
abstract_large,test_QASMBench_large[square_root_n60-all-to-all],9.92861588485539,10.016242418438196
abstract_large,test_QASMBench_large[square_root_n60-square],27.149083176627755,21.82996564731002
abstract_large,test_QASMBench_large[square_root_n60-heavy-hex],34.6018226146698,27.500892026349902
abstract_large,test_QASMBench_large[square_root_n60-linear],48.79940818063915,37.23562711663544
abstract_large,test_QASMBench_large[swap_test_n115-all-to-all],0.07386247720569372,0.0724819179624319
abstract_large,test_QASMBench_large[swap_test_n115-square],0.08383747143670917,0.07060907110571861
abstract_large,test_QASMBench_large[swap_test_n115-heavy-hex],0.053898640957317855,0.047675288367000496
abstract_large,test_QASMBench_large[swap_test_n115-linear],0.037374894583114875,0.03452909917666994
abstract_large,test_QASMBench_large[swap_test_n361-all-to-all],0.8913621352985501,0.8413296397775412
abstract_large,test_QASMBench_large[swap_test_n361-square],0.22372022308409215,0.2100665982812643
abstract_large,test_QASMBench_large[swap_test_n361-heavy-hex],0.1956117240091165,0.18404761453469595
abstract_large,test_QASMBench_large[swap_test_n361-linear],2.0797376334667206,2.0796531829982996
abstract_large,test_QASMBench_large[swap_test_n41-all-to-all],0.01901355227631218,0.01834228835426844
abstract_large,test_QASMBench_large[swap_test_n41-square],0.025903573259711266,0.023366902456727137
abstract_large,test_QASMBench_large[swap_test_n41-heavy-hex],0.017292450381708995,0.01680544201683785
abstract_large,test_QASMBench_large[swap_test_n41-linear],0.012712993286550045,0.012426701565719631
abstract_large,test_QASMBench_large[swap_test_n83-all-to-all],0.042009800591546555,0.04157272485705713
abstract_large,test_QASMBench_large[swap_test_n83-square],0.05152963977307081,0.0469912811267105
abstract_large,test_QASMBench_large[swap_test_n83-heavy-hex],0.03844930245368569,0.03682579672722905
abstract_large,test_QASMBench_large[swap_test_n83-linear],0.02326662674368847,0.022949307098646055
abstract_large,test_QASMBench_large[vqe_uccsd_n28-all-to-all],7.350225714966655,6.637752478942275
abstract_large,test_QASMBench_large[vqe_uccsd_n28-square],14.302029181271791,11.981128171086311
abstract_large,test_QASMBench_large[vqe_uccsd_n28-heavy-hex],19.520393515005708,17.53271127678454
abstract_large,test_QASMBench_large[vqe_uccsd_n28-linear],9.99259920977056,9.296317040920258
abstract_large,test_QASMBench_large[wstate_n118-all-to-all],0.06427481258288026,0.06333359086420387
abstract_large,test_QASMBench_large[wstate_n118-square],0.015251370324265389,0.014747847774715134
abstract_large,test_QASMBench_large[wstate_n118-heavy-hex],0.026017318526282907,0.02393313208594918
abstract_large,test_QASMBench_large[wstate_n118-linear],0.012558317513434917,0.012237164502342543
abstract_large,test_QASMBench_large[wstate_n36-all-to-all],0.016268721705333132,0.015485105864130533
abstract_large,test_QASMBench_large[wstate_n36-square],0.00903150716934491,0.008785197660992188
abstract_large,test_QASMBench_large[wstate_n36-heavy-hex],0.010428682187611752,0.00986722631379962
abstract_large,test_QASMBench_large[wstate_n36-linear],0.00603518259034764,0.005919528188195057
abstract_large,test_QASMBench_large[wstate_n380-all-to-all],0.9845443423837423,0.9260859051719308
abstract_large,test_QASMBench_large[wstate_n380-square],0.03281688783317804,0.03162983053874585
abstract_large,test_QASMBench_large[wstate_n380-heavy-hex],6.825634783133864,6.3312018774449825
abstract_large,test_QASMBench_large[wstate_n380-linear],0.027859966616545405,0.026911039060602587
abstract_large,test_QASMBench_large[wstate_n76-all-to-all],0.033033587038517,0.03161939780693501
abstract_large,test_QASMBench_large[wstate_n76-square],0.012150979106440956,0.0117928919615224
abstract_large,test_QASMBench_large[wstate_n76-heavy-hex],0.015784554688607233,0.014586113308641043
abstract_large,test_QASMBench_large[wstate_n76-linear],0.009345233757048845,0.009061628402698607
abstract_medium,test_QASMBench_medium[bigadder_n18-all-to-all],0.013734565657931705,0.013138982032736142
abstract_medium,test_QASMBench_medium[bigadder_n18-square],0.011188817391585972,0.010922024555101589
abstract_medium,test_QASMBench_medium[bigadder_n18-heavy-hex],0.010005589250637137,0.009875211981125176
abstract_medium,test_QASMBench_medium[bigadder_n18-linear],0.009918563185553802,0.009742577611417561
abstract_medium,test_QASMBench_medium[bv_n14-all-to-all],0.005860227707307786,0.005688916175411298
abstract_medium,test_QASMBench_medium[bv_n14-square],0.005072049153525205,0.005050630454038609
abstract_medium,test_QASMBench_medium[bv_n14-heavy-hex],0.005227335415144063,0.005211521391615723
abstract_medium,test_QASMBench_medium[bv_n14-linear],0.00485911684926976,0.004790483709132555
abstract_medium,test_QASMBench_medium[bv_n19-all-to-all],0.007338961471731846,0.007218653096281218
abstract_medium,test_QASMBench_medium[bv_n19-square],0.013971690540060852,0.013843757593456437
abstract_medium,test_QASMBench_medium[bv_n19-heavy-hex],0.005618599924043967,0.005586309142170414
abstract_medium,test_QASMBench_medium[bv_n19-linear],0.005310291847264444,0.005287317717871206
abstract_medium,test_QASMBench_medium[bwt_n21-all-to-all],5.791783789172769,5.721629627048969
abstract_medium,test_QASMBench_medium[bwt_n21-square],8.037311045452952,7.451552940532565
abstract_medium,test_QASMBench_medium[bwt_n21-heavy-hex],10.502523580566049,9.73432738147676
abstract_medium,test_QASMBench_medium[bwt_n21-linear],12.968449300155044,10.091580776497722
abstract_medium,test_QASMBench_medium[cat_state_n22-all-to-all],0.010599823118272152,0.009759414779103321
abstract_medium,test_QASMBench_medium[cat_state_n22-square],0.007884763396130158,0.007689944586701809
abstract_medium,test_QASMBench_medium[cat_state_n22-heavy-hex],0.008418628847045181,0.008377648126639303
abstract_medium,test_QASMBench_medium[cat_state_n22-linear],0.004170335318266818,0.004108943774000458
abstract_medium,test_QASMBench_medium[cc_n12-all-to-all],0.0266890191031914,0.026386835146695375
abstract_medium,test_QASMBench_medium[cc_n12-square],0.03171635653463102,0.03213492950255221
abstract_medium,test_QASMBench_medium[cc_n12-heavy-hex],0.031514776588389366,0.032056942469242844
abstract_medium,test_QASMBench_medium[cc_n12-linear],0.03207952046068385,0.03257746947929263
abstract_medium,test_QASMBench_medium[dnn_n16-all-to-all],0.012310207389840266,0.011787854972180356
abstract_medium,test_QASMBench_medium[dnn_n16-square],0.011031954549252987,0.010849257554398493
abstract_medium,test_QASMBench_medium[dnn_n16-heavy-hex],0.008944058325141668,0.007742378582949178
abstract_medium,test_QASMBench_medium[dnn_n16-linear],0.011390099853829102,0.009998923803077025
abstract_medium,test_QASMBench_medium[factor247_n15-all-to-all],8.057907104492188,6.77659697830677
abstract_medium,test_QASMBench_medium[factor247_n15-square],11.219453001394868,8.821590134873986
abstract_medium,test_QASMBench_medium[factor247_n15-heavy-hex],11.194686867296696,9.124487552791834
abstract_medium,test_QASMBench_medium[factor247_n15-linear],12.09382813796401,9.448220418766141
abstract_medium,test_QASMBench_medium[gcm_h6-all-to-all],0.07523415091314486,0.07281948812305927
abstract_medium,test_QASMBench_medium[gcm_h6-square],0.07539190205612353,0.07178517915308476
abstract_medium,test_QASMBench_medium[gcm_h6-heavy-hex],0.07515025032418114,0.07210973956223045
abstract_medium,test_QASMBench_medium[gcm_h6-linear],0.07540531469775098,0.07112538181245327
abstract_medium,test_QASMBench_medium[ghz_state_n23-all-to-all],0.010299027836679117,0.00959560310222068
abstract_medium,test_QASMBench_medium[ghz_state_n23-square],0.007871848332066821,0.007727886272864488
abstract_medium,test_QASMBench_medium[ghz_state_n23-heavy-hex],0.008674698727934256,0.008470356693399734
abstract_medium,test_QASMBench_medium[ghz_state_n23-linear],0.00435516366547945,0.004194207977326144
abstract_medium,test_QASMBench_medium[ising_n26-all-to-all],0.01297986979124608,0.011147305013590984
abstract_medium,test_QASMBench_medium[ising_n26-square],0.010912074107262823,0.009790829872501265
abstract_medium,test_QASMBench_medium[ising_n26-heavy-hex],0.010635972125353395,0.009438107141627456
abstract_medium,test_QASMBench_medium[ising_n26-linear],0.006289455028164466,0.005210443266800472
abstract_medium,test_QASMBench_medium[knn_n25-all-to-all],0.012257539517717598,0.011663192793367857
abstract_medium,test_QASMBench_medium[knn_n25-square],0.00940123099358158,0.009240661773386352
abstract_medium,test_QASMBench_medium[knn_n25-heavy-hex],0.02024860505242737,0.019673171471439155
abstract_medium,test_QASMBench_medium[knn_n25-linear],0.009242168979121829,0.009148104994926812
abstract_medium,test_QASMBench_medium[multiplier_n15-all-to-all],0.015112746181705642,0.01463969187303023
abstract_medium,test_QASMBench_medium[multiplier_n15-square],0.01234379303577828,0.012068249611184
abstract_medium,test_QASMBench_medium[multiplier_n15-heavy-hex],0.012848565501994208,0.012440855232759928
abstract_medium,test_QASMBench_medium[multiplier_n15-linear],0.012786384478404925,0.012577987369149923
abstract_medium,test_QASMBench_medium[multiply_n13-all-to-all],0.009792798571288586,0.009379461141569274
abstract_medium,test_QASMBench_medium[multiply_n13-square],0.00654817539218225,0.006449516902261592
abstract_medium,test_QASMBench_medium[multiply_n13-heavy-hex],0.006701394385244284,0.0065663050914156265
abstract_medium,test_QASMBench_medium[multiply_n13-linear],0.006540418615111628,0.0063608249343217235
abstract_medium,test_QASMBench_medium[qec9xz_n17-all-to-all],0.009011141888730161,0.00856802380124552
abstract_medium,test_QASMBench_medium[qec9xz_n17-square],0.0069197487659179244,0.006870310782021239
abstract_medium,test_QASMBench_medium[qec9xz_n17-heavy-hex],0.005854317918419838,0.005860843459922302
abstract_medium,test_QASMBench_medium[qec9xz_n17-linear],0.006190601427922186,0.006102811766322702
abstract_medium,test_QASMBench_medium[qf21_n15-all-to-all],0.01216743232273474,0.011624610329839006
abstract_medium,test_QASMBench_medium[qf21_n15-square],0.00900807685025458,0.008853550385332332
abstract_medium,test_QASMBench_medium[qf21_n15-heavy-hex],0.010751815781825118,0.009248956313563718
abstract_medium,test_QASMBench_medium[qf21_n15-linear],0.010873677871293492,0.009346957740030791
abstract_medium,test_QASMBench_medium[qft_n18-all-to-all],0.0195967560634017,0.01797740080139854
abstract_medium,test_QASMBench_medium[qft_n18-square],0.01650551610208791,0.014336631284095347
abstract_medium,test_QASMBench_medium[qft_n18-heavy-hex],0.0165431981559022,0.014277581514707252
abstract_medium,test_QASMBench_medium[qft_n18-linear],0.015559507472837558,0.0135050558625427
abstract_medium,test_QASMBench_medium[qram_n20-all-to-all],0.013282018076432379,0.012902276972547555
abstract_medium,test_QASMBench_medium[qram_n20-square],0.011809279513825854,0.010391331441009167
abstract_medium,test_QASMBench_medium[qram_n20-heavy-hex],0.01224515073605486,0.0121539822469155
abstract_medium,test_QASMBench_medium[qram_n20-linear],0.011172927832335568,0.011107282498958468
abstract_medium,test_QASMBench_medium[sat_n11-all-to-all],0.012863429414259421,0.012744081449018766
abstract_medium,test_QASMBench_medium[sat_n11-square],0.012511271284893155,0.012345252215470138
abstract_medium,test_QASMBench_medium[sat_n11-heavy-hex],0.012879588011954282,0.012822436324010292
abstract_medium,test_QASMBench_medium[sat_n11-linear],0.013017076321623543,0.013173471788565318
abstract_medium,test_QASMBench_medium[seca_n11-all-to-all],0.009481320494697208,0.009289273017338503
abstract_medium,test_QASMBench_medium[seca_n11-square],0.008858955736187371,0.007853195676580072
abstract_medium,test_QASMBench_medium[seca_n11-heavy-hex],0.00784857526926671,0.007930104340600774
abstract_medium,test_QASMBench_medium[seca_n11-linear],0.007854915304302141,0.007887491895282855
abstract_medium,test_QASMBench_medium[square_root_n18-all-to-all],0.027423839324287005,0.02650819170392222
abstract_medium,test_QASMBench_medium[square_root_n18-square],0.03406925692356059,0.033657405773798624
abstract_medium,test_QASMBench_medium[square_root_n18-heavy-hex],0.03522955114021897,0.034503176487211525
abstract_medium,test_QASMBench_medium[square_root_n18-linear],0.03811354591296269,0.03701183834561595
abstract_medium,test_QASMBench_medium[swap_test_n25-all-to-all],0.01216976046014358,0.011853257327207498
abstract_medium,test_QASMBench_medium[swap_test_n25-square],0.009404205938889867,0.009354916226584464
abstract_medium,test_QASMBench_medium[swap_test_n25-heavy-hex],0.019992216601967813,0.019875845946371554
abstract_medium,test_QASMBench_medium[swap_test_n25-linear],0.009235648154502823,0.009267141174488855
abstract_medium,test_QASMBench_medium[wstate_n27-all-to-all],0.012447200063616038,0.011790082479516665
abstract_medium,test_QASMBench_medium[wstate_n27-square],0.009262427285897965,0.009430758077651263
abstract_medium,test_QASMBench_medium[wstate_n27-heavy-hex],0.009452725821566359,0.0094015725671944
abstract_medium,test_QASMBench_medium[wstate_n27-linear],0.00538040558437267,0.005401257690126923
abstract_small,test_QASMBench_small[adder_n10-all-to-all],0.009495147654125768,0.009228433979054292
abstract_small,test_QASMBench_small[adder_n10-square],0.0074399086646735665,0.0073555586783866575
abstract_small,test_QASMBench_small[adder_n10-heavy-hex],0.007577574097861846,0.007446571342323138
abstract_small,test_QASMBench_small[adder_n10-linear],0.007379606366157532,0.0072932246874904995
abstract_small,test_QASMBench_small[adder_n4-all-to-all],0.0021288806652005813,0.002051812912959101
abstract_small,test_QASMBench_small[adder_n4-square],0.0021226665017993014,0.002101617544187468
abstract_small,test_QASMBench_small[adder_n4-heavy-hex],0.004458344600030354,0.004377385610761355
abstract_small,test_QASMBench_small[adder_n4-linear],0.003800235193921253,0.003727247968197344
abstract_small,test_QASMBench_small[basis_change_n3-all-to-all],0.002097112264622141,0.0020440897497634863
abstract_small,test_QASMBench_small[basis_change_n3-square],0.0021552452882686694,0.0020907730022643473
abstract_small,test_QASMBench_small[basis_change_n3-heavy-hex],0.002921118417621723,0.0028466251787058142
abstract_small,test_QASMBench_small[basis_change_n3-linear],0.002150322562522687,0.002090082543799086
abstract_small,test_QASMBench_small[basis_test_n4-all-to-all],0.001998548204786913,0.0019785295759001975
abstract_small,test_QASMBench_small[basis_test_n4-square],0.001982402717654323,0.0018848523617752137
abstract_small,test_QASMBench_small[basis_test_n4-heavy-hex],0.0028261916663546065,0.002789062900202615
abstract_small,test_QASMBench_small[basis_test_n4-linear],0.0019336247828016418,0.001917293565157725
abstract_small,test_QASMBench_small[basis_trotter_n4-all-to-all],0.010198498168625893,0.008721076093968891
abstract_small,test_QASMBench_small[basis_trotter_n4-square],0.012377972956056948,0.010338649132780814
abstract_small,test_QASMBench_small[basis_trotter_n4-heavy-hex],0.013414964079856873,0.011679140641354025
abstract_small,test_QASMBench_small[basis_trotter_n4-linear],0.012174914096608574,0.010612278123912603
abstract_small,test_QASMBench_small[bb84_n8-all-to-all],0.0016427650202938172,0.0012329857271279531
abstract_small,test_QASMBench_small[bb84_n8-square],0.0016806742240642678,0.0012014279082438212
abstract_small,test_QASMBench_small[bb84_n8-heavy-hex],0.0021830269502937246,0.001509045117667743
abstract_small,test_QASMBench_small[bb84_n8-linear],0.0016068821845190793,0.0011722916952219063
abstract_small,test_QASMBench_small[bell_n4-all-to-all],0.0024496185260170743,0.0020104555077240117
abstract_small,test_QASMBench_small[bell_n4-square],0.0020194463661791368,0.002022059957399103
abstract_small,test_QASMBench_small[bell_n4-heavy-hex],0.0034676080278190627,0.002745798842489034
abstract_small,test_QASMBench_small[bell_n4-linear],0.002429643541574478,0.002010307051710972
abstract_small,test_QASMBench_small[cat_state_n4-all-to-all],0.0014085916989995527,0.0013528433755764845
abstract_small,test_QASMBench_small[cat_state_n4-square],0.0013681200361161522,0.0013321257588020021
abstract_small,test_QASMBench_small[cat_state_n4-heavy-hex],0.0021481944979529948,0.0020847627209550743
abstract_small,test_QASMBench_small[cat_state_n4-linear],0.0013718772121361377,0.001247605408482641
abstract_small,test_QASMBench_small[deutsch_n2-all-to-all],0.0009834367367956374,0.0009205231059042481
abstract_small,test_QASMBench_small[deutsch_n2-square],0.0010996480252398798,0.0010935568483848362
abstract_small,test_QASMBench_small[deutsch_n2-heavy-hex],0.0018279968224449892,0.001783471539675952
abstract_small,test_QASMBench_small[deutsch_n2-linear],0.0009384342545392708,0.0008960179524927386
abstract_small,test_QASMBench_small[dnn_n2-all-to-all],0.0012040050492144808,0.0011493427565975485
abstract_small,test_QASMBench_small[dnn_n2-square],0.0013535233286693115,0.0013161106780806026
abstract_small,test_QASMBench_small[dnn_n2-heavy-hex],0.0020932697458192705,0.0020416698245397163
abstract_small,test_QASMBench_small[dnn_n2-linear],0.001191088271287965,0.0012150841662491381
abstract_small,test_QASMBench_small[dnn_n8-all-to-all],0.007078202674165368,0.006791699598444269
abstract_small,test_QASMBench_small[dnn_n8-square],0.004973089276569817,0.00486464730893392
abstract_small,test_QASMBench_small[dnn_n8-heavy-hex],0.00725288790029784,0.00711003133631128
abstract_small,test_QASMBench_small[dnn_n8-linear],0.00797217484694301,0.006901212049914258
abstract_small,test_QASMBench_small[error_correctiond3_n5-all-to-all],0.003690371863543987,0.003638851265925014
abstract_small,test_QASMBench_small[error_correctiond3_n5-square],0.0052229753949425434,0.00515322514265948
abstract_small,test_QASMBench_small[error_correctiond3_n5-heavy-hex],0.0053256266293631995,0.005252862032854332
abstract_small,test_QASMBench_small[error_correctiond3_n5-linear],0.004899073622765995,0.004827213908235232
abstract_small,test_QASMBench_small[fredkin_n3-all-to-all],0.0018909887197707267,0.0017948550037072816
abstract_small,test_QASMBench_small[fredkin_n3-square],0.003405452083866551,0.0034124539907933885
abstract_small,test_QASMBench_small[fredkin_n3-heavy-hex],0.005112605901627705,0.00418197690424594
abstract_small,test_QASMBench_small[fredkin_n3-linear],0.003325524383731056,0.003255803106231901
abstract_small,test_QASMBench_small[grover_n2-all-to-all],0.001033749843795289,0.0010390587136228458
abstract_small,test_QASMBench_small[grover_n2-square],0.0011798480202552426,0.001163552427005469
abstract_small,test_QASMBench_small[grover_n2-heavy-hex],0.001974050733058349,0.0018947978060415043
abstract_small,test_QASMBench_small[grover_n2-linear],0.0011160886192790214,0.0010551719013326274
abstract_small,test_QASMBench_small[hhl_n7-all-to-all],0.010058166439595975,0.009054504703767228
abstract_small,test_QASMBench_small[hhl_n7-square],0.009597762505400856,0.008069218768339072
abstract_small,test_QASMBench_small[hhl_n7-heavy-hex],0.00988599386218251,0.008534921948676524
abstract_small,test_QASMBench_small[hhl_n7-linear],0.009789707158336934,0.008414092238830483
abstract_small,test_QASMBench_small[hs4_n4-all-to-all],0.0016445931817950874,0.0016059918159788305
abstract_small,test_QASMBench_small[hs4_n4-square],0.0016257998833570304,0.0015748734354308293
abstract_small,test_QASMBench_small[hs4_n4-heavy-hex],0.0024289205856621266,0.0023935796869091453
abstract_small,test_QASMBench_small[hs4_n4-linear],0.001598043959750455,0.0015547618309692131
abstract_small,test_QASMBench_small[inverseqft_n4-all-to-all],0.003513651405676053,0.0034937476216072446
abstract_small,test_QASMBench_small[inverseqft_n4-square],0.003565947094591715,0.003539113190130029
abstract_small,test_QASMBench_small[inverseqft_n4-heavy-hex],0.004397523800740723,0.004380183494270103
abstract_small,test_QASMBench_small[inverseqft_n4-linear],0.0036415108171534444,0.0035793242086447886
abstract_small,test_QASMBench_small[ipea_n2-all-to-all],0.020537852746795635,0.020521255362094665
abstract_small,test_QASMBench_small[ipea_n2-square],0.021285831928253174,0.02149436029139906
abstract_small,test_QASMBench_small[ipea_n2-heavy-hex],0.021474860273301602,0.021745505820338924
abstract_small,test_QASMBench_small[ipea_n2-linear],0.020765224617778088,0.021006170514167522
abstract_small,test_QASMBench_small[ising_n10-all-to-all],0.008206877359670812,0.008355734777475192
abstract_small,test_QASMBench_small[ising_n10-square],0.007896200312595619,0.0068565921623580505
abstract_small,test_QASMBench_small[ising_n10-heavy-hex],0.005666324902664531,0.0054935398005435
abstract_small,test_QASMBench_small[ising_n10-linear],0.006173469918383949,0.0051708412070514105
abstract_small,test_QASMBench_small[iswap_n2-all-to-all],0.0011477587169442568,0.001035150806687323
abstract_small,test_QASMBench_small[iswap_n2-square],0.0013889779641721041,0.0012311203700434315
abstract_small,test_QASMBench_small[iswap_n2-heavy-hex],0.001944244982985815,0.0019365511878345495
abstract_small,test_QASMBench_small[iswap_n2-linear],0.001067774558040016,0.0010312214074537271
abstract_small,test_QASMBench_small[linearsolver_n3-all-to-all],0.0015629144731331521,0.0015229539857645586
abstract_small,test_QASMBench_small[linearsolver_n3-square],0.001619224479362737,0.0015792299004504856
abstract_small,test_QASMBench_small[linearsolver_n3-heavy-hex],0.0024040584318733935,0.0023499791165293776
abstract_small,test_QASMBench_small[linearsolver_n3-linear],0.0015152392660578093,0.001501859327553646
abstract_small,test_QASMBench_small[lpn_n5-all-to-all],0.001347958483398916,0.0013146733157707651
abstract_small,test_QASMBench_small[lpn_n5-square],0.0016114815410708083,0.0015591214950147429
abstract_small,test_QASMBench_small[lpn_n5-heavy-hex],0.0020851243830082434,0.0020384884203580316
abstract_small,test_QASMBench_small[lpn_n5-linear],0.0013326541287448372,0.0013240230518264855
abstract_small,test_QASMBench_small[pea_n5-all-to-all],0.016045700308055647,0.015443590332699172
abstract_small,test_QASMBench_small[pea_n5-square],0.018153802760071672,0.018298246088575144
abstract_small,test_QASMBench_small[pea_n5-heavy-hex],0.0198680941082005,0.018265390613426764
abstract_small,test_QASMBench_small[pea_n5-linear],0.017829872857211,0.017101919482229277
abstract_small,test_QASMBench_small[qaoa_n3-all-to-all],0.0016546120056829883,0.001463061653839323
abstract_small,test_QASMBench_small[qaoa_n3-square],0.0030266904616600846,0.0028988354627980046
abstract_small,test_QASMBench_small[qaoa_n3-heavy-hex],0.0037250066766651665,0.0036603938338261297
abstract_small,test_QASMBench_small[qaoa_n3-linear],0.002748996039445831,0.0028042219235827138
abstract_small,test_QASMBench_small[qaoa_n6-all-to-all],0.004936030774544447,0.004033696748841848
abstract_small,test_QASMBench_small[qaoa_n6-square],0.006635605874988768,0.005736718956333927
abstract_small,test_QASMBench_small[qaoa_n6-heavy-hex],0.006739430735626864,0.0057698360440746835
abstract_small,test_QASMBench_small[qaoa_n6-linear],0.006604432956212097,0.005668666961039612
abstract_small,test_QASMBench_small[qec_en_n5-all-to-all],0.002546825431247446,0.002043412663865814
abstract_small,test_QASMBench_small[qec_en_n5-square],0.0024048948888571895,0.0023184158723406527
abstract_small,test_QASMBench_small[qec_en_n5-heavy-hex],0.0041799121791154,0.004119002160208284
abstract_small,test_QASMBench_small[qec_en_n5-linear],0.00472893598248981,0.004221699433401227
abstract_small,test_QASMBench_small[qec_sm_n5-all-to-all],0.003422276935829171,0.0032474497661871067
abstract_small,test_QASMBench_small[qec_sm_n5-square],0.003823917768165177,0.0036535831133412957
abstract_small,test_QASMBench_small[qec_sm_n5-heavy-hex],0.004666955116729549,0.004346475409308694
abstract_small,test_QASMBench_small[qec_sm_n5-linear],0.003644072696909137,0.003490915408662517
abstract_small,test_QASMBench_small[qft_n4-all-to-all],0.0024386564790816506,0.0023329929088997414
abstract_small,test_QASMBench_small[qft_n4-square],0.004475217615991696,0.0037597312539253596
abstract_small,test_QASMBench_small[qft_n4-heavy-hex],0.004455708537271114,0.004400058522036201
abstract_small,test_QASMBench_small[qft_n4-linear],0.00399659453887186,0.0039473131136406985
abstract_small,test_QASMBench_small[qpe_n9-all-to-all],0.008041881054880158,0.007773531316459634
abstract_small,test_QASMBench_small[qpe_n9-square],0.00748772619664669,0.00649617026573506
abstract_small,test_QASMBench_small[qpe_n9-heavy-hex],0.0067069286442532836,0.006613001834149613
abstract_small,test_QASMBench_small[qpe_n9-linear],0.00661154933375855,0.006505442943218295
abstract_small,test_QASMBench_small[qrng_n4-all-to-all],0.0006952641966378456,0.0006658035654867633
abstract_small,test_QASMBench_small[qrng_n4-square],0.0006908025909861555,0.000644801071747965
abstract_small,test_QASMBench_small[qrng_n4-heavy-hex],0.0012023542863808996,0.0011711533399485744
abstract_small,test_QASMBench_small[qrng_n4-linear],0.0007155965712958025,0.0006572412520855639
abstract_small,test_QASMBench_small[quantumwalks_n2-all-to-all],0.0012845057612798345,0.0012130862006247945
abstract_small,test_QASMBench_small[quantumwalks_n2-square],0.0014139760655301219,0.0013318086249960793
abstract_small,test_QASMBench_small[quantumwalks_n2-heavy-hex],0.002076083070587838,0.002064695685274071
abstract_small,test_QASMBench_small[quantumwalks_n2-linear],0.0013137217891593296,0.0011987178535531452
abstract_small,test_QASMBench_small[sat_n7-all-to-all],0.0066779807438047565,0.0064957110832134886
abstract_small,test_QASMBench_small[sat_n7-square],0.006974291718668408,0.006846434436738491
abstract_small,test_QASMBench_small[sat_n7-heavy-hex],0.0069821754263507,0.006866141155894313
abstract_small,test_QASMBench_small[sat_n7-linear],0.006926077628766533,0.006815741904850664
abstract_small,test_QASMBench_small[shor_n5-all-to-all],0.009486074958528792,0.009378195696762789
abstract_small,test_QASMBench_small[shor_n5-square],0.009828172785301622,0.009831532183074459
abstract_small,test_QASMBench_small[shor_n5-heavy-hex],0.01024360419477074,0.010189105596007973
abstract_small,test_QASMBench_small[shor_n5-linear],0.009273039594849694,0.009311232245831845
abstract_small,test_QASMBench_small[simon_n6-all-to-all],0.0037269652506487596,0.0036414356392979177
abstract_small,test_QASMBench_small[simon_n6-square],0.0054592717720498875,0.005304253123030461
abstract_small,test_QASMBench_small[simon_n6-heavy-hex],0.0056150283794416935,0.005532228609635716
abstract_small,test_QASMBench_small[simon_n6-linear],0.005105176163722553,0.005057292314921762
abstract_small,test_QASMBench_small[teleportation_n3-all-to-all],0.0012720150078913961,0.001221526380242253
abstract_small,test_QASMBench_small[teleportation_n3-square],0.0012647161663122727,0.0012124895449711266
abstract_small,test_QASMBench_small[teleportation_n3-heavy-hex],0.0020137665117105556,0.0019516409327737009
abstract_small,test_QASMBench_small[teleportation_n3-linear],0.0013338933366118346,0.001270724916355209
abstract_small,test_QASMBench_small[toffoli_n3-all-to-all],0.001986105645260027,0.001585488056027612
abstract_small,test_QASMBench_small[toffoli_n3-square],0.003499811550623564,0.002964238765453953
abstract_small,test_QASMBench_small[toffoli_n3-heavy-hex],0.004461575910975837,0.0037693306170765634
abstract_small,test_QASMBench_small[toffoli_n3-linear],0.003151040067958752,0.00276098180809179
abstract_small,test_QASMBench_small[variational_n4-all-to-all],0.0019978805491315922,0.0019388135670990814
abstract_small,test_QASMBench_small[variational_n4-square],0.0019114799914437357,0.0019644409699420906
abstract_small,test_QASMBench_small[variational_n4-heavy-hex],0.002809369787352729,0.002708554018421897
abstract_small,test_QASMBench_small[variational_n4-linear],0.001958699870591212,0.0018715900437902447
abstract_small,test_QASMBench_small[vqe_n4-all-to-all],0.0023447211673705585,0.0024392854670683543
abstract_small,test_QASMBench_small[vqe_n4-square],0.0023124138747944553,0.0022497316864935773
abstract_small,test_QASMBench_small[vqe_n4-heavy-hex],0.003151905189036943,0.0030592152266048947
abstract_small,test_QASMBench_small[vqe_n4-linear],0.0022687422274851924,0.0022769569262970973
abstract_small,test_QASMBench_small[vqe_uccsd_n4-all-to-all],0.004818373158499224,0.0046615314621456785
abstract_small,test_QASMBench_small[vqe_uccsd_n4-square],0.004742272831137898,0.004677501143083959
abstract_small,test_QASMBench_small[vqe_uccsd_n4-heavy-hex],0.005208702525123954,0.005152781964630209
abstract_small,test_QASMBench_small[vqe_uccsd_n4-linear],0.004722958820916358,0.004662382593821911
abstract_small,test_QASMBench_small[vqe_uccsd_n6-all-to-all],0.01686504286798564,0.01622891975076575
abstract_small,test_QASMBench_small[vqe_uccsd_n6-square],0.02293085501810839,0.018618099923644747
abstract_small,test_QASMBench_small[vqe_uccsd_n6-heavy-hex],0.022258119742301376,0.019116279346725114
abstract_small,test_QASMBench_small[vqe_uccsd_n6-linear],0.021600396129424156,0.018385694295700108
abstract_small,test_QASMBench_small[vqe_uccsd_n8-all-to-all],0.07437051560443181,0.06107582396361977
abstract_small,test_QASMBench_small[vqe_uccsd_n8-square],0.08261174724126856,0.06835569986807448
abstract_small,test_QASMBench_small[vqe_uccsd_n8-heavy-hex],0.08472681138664484,0.07113610046605269
abstract_small,test_QASMBench_small[vqe_uccsd_n8-linear],0.08292091979334752,0.06827871004740398
abstract_small,test_QASMBench_small[wstate_n3-all-to-all],0.0037502043968225276,0.0032935470826630517
abstract_small,test_QASMBench_small[wstate_n3-square],0.005507920469556536,0.005428965122713519
abstract_small,test_QASMBench_small[wstate_n3-heavy-hex],0.0060369234532117845,0.006046145805157721
abstract_small,test_QASMBench_small[wstate_n3-linear],0.004928469729195371,0.0049546379304956645
device_hamiltonians,test_hamlib_hamiltonians_transpile[ham_enc_stdbinary_dvalues_d-level-4],0.012036428961437196,0.011973482106001146
device_hamiltonians,test_hamlib_hamiltonians_transpile[ham_mu_y_prime_enc_stdbinary_dvalues_8-8-4-4],0.008133571456979823,0.00805562941564454
device_hamiltonians,test_hamlib_hamiltonians_transpile[ham_mu_y_prime_enc_unary_dvalues_4-4-4],0.004686300402306056,0.004664104254027108
device_hamiltonians,test_hamlib_hamiltonians_transpile[ham_mu_z_prime_enc_gray_dvalues_4-4-4-4],0.005753313019142851,0.005702171356941776
device_hamiltonians,test_hamlib_hamiltonians_transpile[ham_gnp-k_2_n-4_rinst-05],0.008816305722031638,0.00767592351483412
device_hamiltonians,test_hamlib_hamiltonians_transpile[ham_ham_parity-4],0.009169641735680988,0.009103017535222612
device_hamiltonians,test_hamlib_hamiltonians_transpile[ham_mu_y_prime_enc_stdbinary_dvalues_16-16-16-16-8-8-8],0.009444406355156544,0.009408315046215957
device_hamiltonians,test_hamlib_hamiltonians_transpile[ham_mu_y_prime_enc_gray_dvalues_16-16-16],0.010579336414995946,0.009563865088340309
device_hamiltonians,test_hamlib_hamiltonians_transpile[ham_enc_gray_dvalues_d-level-16],0.013664929274941834,0.013498669231517447
device_hamiltonians,test_hamlib_hamiltonians_transpile[ham_mu_y_prime_enc_stdbinary_dvalues_8-8-8-8-8-8],0.014289310087378208,0.013190843819363697
device_hamiltonians,test_hamlib_hamiltonians_transpile[ham_gnp-k_4_n-6_rinst-15],0.010899935325141996,0.009683442857078832
device_hamiltonians,test_hamlib_hamiltonians_transpile[ham_ham_JW-6],0.01554739469337085,0.013594810515642167
device_hamiltonians,test_hamlib_hamiltonians_transpile[ham_mu_y_prime_enc_unary_dvalues_8-8-8-8-8-8-8],0.006165705461937346,0.006125500998817957
device_hamiltonians,test_hamlib_hamiltonians_transpile[ham_7-uf20-0384.cnf-8-res],0.008590502991226682,0.008446932492548959
device_hamiltonians,test_hamlib_hamiltonians_transpile[ham_tsp_rand-002_Ncity-4_enc-stdbinary],0.010209105398860715,0.010115147122026732
device_hamiltonians,test_hamlib_hamiltonians_transpile[ham_ham_JW-8],0.03300872111114962,0.03195284577386995
device_hamiltonians,test_hamlib_hamiltonians_transpile[ham_enc_gray_dvalues_8-8-8],0.4296268243342638,0.40907621073226136
device_hamiltonians,test_hamlib_hamiltonians_transpile[ham_complbipart-n-10_a-5_b-5],0.014287018217146397,0.012552172522729551
device_hamiltonians,test_hamlib_hamiltonians_transpile[ham_ham_JW10],0.07349075310464416,0.06378007854024569
device_hamiltonians,test_hamlib_hamiltonians_transpile[ham_ham_parity10],0.07029419156412284,0.06545249372720718
device_hamiltonians,test_hamlib_hamiltonians_transpile[ham_ham_JW-10],0.0724219534812229,0.06322488817386329
device_hamiltonians,test_hamlib_hamiltonians_transpile[ham_mu_x_prime_enc_stdbinary_dvalues_8-8-8-8-8-8-8-8-8-4-4-4-4-4-4],0.028167609125375748,0.02808346993782941
device_hamiltonians,test_hamlib_hamiltonians_transpile[ham_mu_x_prime_enc_unary_dvalues_4-4-4],0.010236810183241254,0.01057081242477653
device_hamiltonians,test_hamlib_hamiltonians_transpile[ham_ham_parity12],0.17147276550531387,0.14934303425252438
device_hamiltonians,test_hamlib_hamiltonians_transpile[ham_ham_BK12],0.13042415445670485,0.12152209505438805
device_hamiltonians,test_hamlib_hamiltonians_transpile[ham_ham_JW12],0.16767865481475988,0.14622315045978343
device_hamiltonians,test_hamlib_hamiltonians_transpile[ham_bh_graph-1D-grid-pbc-qubitnodes_Lx-4_U-40_enc-gray_d-8],0.09842851537872445,0.09418052113191648
device_hamiltonians,test_hamlib_hamiltonians_transpile[ham_enc_unary_dvalues_4-4-4],0.2214871659874916,0.20592952705919743
device_hamiltonians,test_hamlib_hamiltonians_transpile[ham_ham_parity-14],0.18120567003885904,0.15457890502044133
device_hamiltonians,test_hamlib_hamiltonians_transpile[ham_ham_JW14],0.21152860783040522,0.19240519559631744
device_hamiltonians,test_hamlib_hamiltonians_transpile[ham_enc_gray_dvalues_4-4-4-4-4-4-4],0.08232985499004523,0.08270065257182488
device_hamiltonians,test_hamlib_hamiltonians_transpile[ham_ham_BK-14],0.322814317420125,0.2979690367355943
device_hamiltonians,test_hamlib_hamiltonians_transpile[ham_ham_JW-14],0.3545781833430131,0.3201243784278631
device_hamiltonians,test_hamlib_hamiltonians_transpile[ham_mu_z_prime_enc_unary_dvalues_16-16-16-16-16-16-16],0.009748003183958236,0.009594164555892348
device_hamiltonians,test_hamlib_hamiltonians_transpile[ham_graph-1D-grid-pbc-qubitnodes_Lx-16_h-2],0.02518331187523224,0.02514039221304384
device_hamiltonians,test_hamlib_hamiltonians_transpile[ham_ham_JW-18],0.9534810278564692,0.8711847327649593
device_hamiltonians,test_hamlib_hamiltonians_transpile[ham_ham_JW-22],4.144588503986597,3.696551565080881
device_hamiltonians,test_hamlib_hamiltonians_transpile[ham_ham_BK22],3.50130501575768,3.1997826043516397
device_hamiltonians,test_hamlib_hamiltonians_transpile[ham_mu_y_prime_enc_stdbinary_dvalues_4-4-4-4-4-4-4-4-4-4-4-4-4-4-4-4-4-4],0.01204609959008726,0.011029928450783094
device_hamiltonians,test_hamlib_hamiltonians_transpile[ham_gnp-k_5_n-24_rinst-04],0.022496871260363004,0.022163626356897028
device_hamiltonians,test_hamlib_hamiltonians_transpile[ham_tsp_prob-ulysses22_Ncity-8_enc-stdbinary],0.03777953741761545,0.03614306270277926
device_hamiltonians,test_hamlib_hamiltonians_transpile[ham_ham_JW24],9.539659483358264,7.636929536238313
device_hamiltonians,test_hamlib_hamiltonians_transpile[ham_tsp_prob-ts225_Ncity-5_enc-unary],0.017202540072348883,0.016894469796507446
device_hamiltonians,test_hamlib_hamiltonians_transpile[ham_graph-1D-grid-pbc-qubitnodes_Lx-26_h-6],0.2163473702967167,0.21466709896922112
device_hamiltonians,test_hamlib_hamiltonians_transpile[ham_bh_graph-1D-grid-pbc-qubitnodes_Lx-14_U-10_enc-stdbinary_d-4],0.04391288841989907,0.04215625819304715
device_hamiltonians,test_hamlib_hamiltonians_transpile[ham_bh_graph-2D-triag-nonpbc-qubitnodes_Lx-3_Ly-5_U-30_enc-gray_d-4],0.07821836738059154,0.06662441417574883
device_hamiltonians,test_hamlib_hamiltonians_transpile[ham_reg-5_n-10_rinst-07],0.09146913869137113,0.08991513045674021
device_hamiltonians,test_hamlib_hamiltonians_transpile[ham_mu_y_prime_enc_unary_dvalues_16-16-16-16-16-16],0.012348482083227183,0.012106997225387597
device_hamiltonians,test_hamlib_hamiltonians_transpile[ham_bh_graph-3D-grid-nonpbc-qubitnodes_Lx-2_Ly-2_Lz-2_U-20_enc-unary_d-4],0.10064310226589442,0.08446411493544777
device_hamiltonians,test_hamlib_hamiltonians_transpile[ham_0-uuf100-0810.cnf-40-res],0.02987098784157724,0.02876415795513562
device_hamiltonians,test_hamlib_hamiltonians_transpile[ham_8-uuf100-0509.cnf-40-cc],0.0311132651386839,0.02947693772833137
device_hamiltonians,test_hamlib_hamiltonians_transpile[ham_gnp-k_4_n-40_rinst-07],0.08324785235648353,0.06647435699899991
device_hamiltonians,test_hamlib_hamiltonians_transpile[ham_2-uf100-0396.cnf-46-res],0.03474209194296393,0.033360031832541735
device_hamiltonians,test_hamlib_hamiltonians_transpile[ham_2-uf100-0601.cnf-46-res],0.03715992718935013,0.035641700607435454
device_hamiltonians,test_hamlib_hamiltonians_transpile[ham_bh_graph-1D-grid-nonpbc-qubitnodes_Lx-12_U-40_enc-unary_d-4],0.09828108176589012,0.08262091846420215
device_hamiltonians,test_hamlib_hamiltonians_transpile[ham_bh_graph-1D-grid-pbc-qubitnodes_Lx-24_U-20_enc-stdbinary_d-4],0.07878746994985984,0.0733292281627655
device_hamiltonians,test_hamlib_hamiltonians_transpile[ham_tsp_prob-lin105_Ncity-7_enc-unary],0.033444824538403944,0.032934007816948
device_hamiltonians,test_hamlib_hamiltonians_transpile[ham_gnp-k_5_n-60_rinst-19],0.19113719059775272,0.16010600195399352
device_hamiltonians,test_hamlib_hamiltonians_transpile[ham_bh_graph-2D-triag-pbc-qubitnodes_Lx-5_Ly-5_U-30_enc-unary_d-4],0.33463996400435764,0.3011512034572661
device_hamiltonians,test_hamlib_hamiltonians_transpile[ham_mu_x_prime_enc_unary_dvalues_16-16-16-16-16-16-16-16-16-16-16-16-16-16-16],0.01598017208151898,0.015767571869595296
device_hamiltonians,test_hamlib_hamiltonians_transpile[ham_tsp_prob-d198_Ncity-8_enc-unary],0.04773446113209833,0.04565261473709887
device_hamiltonians,test_hamlib_hamiltonians_transpile[ham_tsp_prob-kroD100_Ncity-16_enc-stdbinary],0.3262109402567148,0.2757452786900103
device_hamiltonians,test_hamlib_hamiltonians_transpile[ham_tsp_prob-fl417_Ncity-16_enc-stdbinary],0.31983385669688386,0.2739725196734071
device_hamiltonians,test_hamlib_hamiltonians_transpile[ham_4-uf100-0246.cnf-70-res],0.0871192670116822,0.0831817799868683
device_hamiltonians,test_hamlib_hamiltonians_transpile[ham_dsjc1000.1,n-36,rinst-4],0.0651905097765848,0.06040951368563315
device_hamiltonians,test_hamlib_hamiltonians_transpile[ham_graph-2D-grid-nonpbc-qubitnodes_Lx-5_Ly-15_h-3],0.04301562858745456,0.041576526050145425
device_hamiltonians,test_hamlib_hamiltonians_transpile[ham_bh_graph-1D-grid-pbc-qubitnodes_Lx-10_U-30_enc-unary_d-8],0.3860189560800791,0.326058325668176
device_hamiltonians,test_hamlib_hamiltonians_transpile[ham_4-flat100-7.cnf-90-cc],0.03301843050867319,0.03199273982533702
device_hamiltonians,test_hamlib_hamiltonians_transpile[ham_reg-4_n-90_rinst-07],0.07035642915538379,0.059765968355350196
device_hamiltonians,test_hamlib_hamiltonians_transpile[ham_gnp-k_5_n-90_rinst-02],0.3136982722207904,0.2506341193802655
device_hamiltonians,test_hamlib_hamiltonians_transpile[ham_graph-2D-triag-pbc-qubitnodes_Lx-13_Ly-13_h-0.1],0.04105617858469486,0.040019072902699314
device_hamiltonians,test_hamlib_hamiltonians_transpile[ham_bh_graph-1D-grid-pbc-qubitnodes_Lx-46_U-2_enc-gray_d-4],0.12593449209816754,0.1281979028135538
device_hamiltonians,test_hamlib_hamiltonians_transpile[ham_bh_graph-2D-grid-nonpbc-qubitnodes_Lx-7_Ly-7_U-70_enc-gray_d-4],0.22683657109737396,0.18163093769301972
device_hamiltonians,test_hamlib_hamiltonians_transpile[ham_fh-graph-1D-grid-pbc-qubitnodes_Lx-50_U-2_enc-jw],0.052989507486161436,0.04527790429578586
device_hamiltonians,test_hamlib_hamiltonians_transpile[ham_tsp_prob-st70_Ncity-10_enc-unary],0.08355517370196489,0.08124526543542743
device_hamiltonians,test_hamlib_hamiltonians_transpile[ham_tsp_prob-pr76_Ncity-10_enc-unary],0.08371245364348094,0.08011196693405509
device_hamiltonians,test_hamlib_hamiltonians_transpile[ham_bh_graph-2D-triag-pbc-qubitnodes_Lx-10_Ly-10_U-30_enc-stdbinary_d-4],0.3129892672101657,0.31264602905139327
device_hamiltonians,test_hamlib_hamiltonians_transpile[ham_queen13_13,n-28,rinst-0],0.05670349041206969,0.05464331941171126
device_hamiltonians,test_hamlib_hamiltonians_transpile[ham_will199gpia,n-60,rinst-8],0.1201236192137003,0.11366384290158749
device_hamiltonians,test_hamlib_hamiltonians_transpile[ham_bh_graph-1D-grid-pbc-qubitnodes_Lx-60_U-10_enc-stdbinary_d-4],0.1320889953058213,0.12307921121828258
device_hamiltonians,test_hamlib_hamiltonians_transpile[ham_bh_graph-2D-triag-pbc-qubitnodes_Lx-3_Ly-22_U-70_enc-unary_d-4],0.7934941463172436,0.638159922324121
feynman,test_feynman_transpile[W-state.qasm],0.008322022171044836,0.008317441221768572
feynman,test_feynman_transpile[adder.qasm],0.010167628796281,0.010202670856923252
feynman,test_feynman_transpile[adder_8.qasm],0.02261382699944079,0.022183621967477456
feynman,test_feynman_transpile[barenco_tof_10.qasm],0.016397017466484524,0.01617379781479637
feynman,test_feynman_transpile[barenco_tof_3.qasm],0.00800667946105418,0.007908534479595847
feynman,test_feynman_transpile[barenco_tof_4.qasm],0.008585867258246805,0.008536522139025771
feynman,test_feynman_transpile[barenco_tof_5.qasm],0.010019847438955794,0.009965402792052677
feynman,test_feynman_transpile[bigadder.qasm],0.014138947268400122,0.014056287316688851
feynman,test_feynman_transpile[csla_mux_3.qasm],0.011209271306735139,0.01113406359218061
feynman,test_feynman_transpile[csum_mux_9.qasm],0.01928307033247418,0.018993783983643407
feynman,test_feynman_transpile[gf2^10_mult.qasm],0.03420826925763062,0.03307738334968172
feynman,test_feynman_transpile[gf2^16_mult.qasm],0.07040349673479795,0.06811144364376863
feynman,test_feynman_transpile[gf2^32_mult.qasm],0.24597656317055225,0.23949815407395364
feynman,test_feynman_transpile[gf2^4_mult.qasm],0.011888884304874186,0.011721395188942552
feynman,test_feynman_transpile[gf2^5_mult.qasm],0.014293718710541725,0.014092689353054848
feynman,test_feynman_transpile[gf2^6_mult.qasm],0.017390594147799306,0.017106644231183774
feynman,test_feynman_transpile[gf2^7_mult.qasm],0.020664789519893628,0.020295675184267264
feynman,test_feynman_transpile[gf2^8_mult.qasm],0.025411241425153535,0.02488168506178914
feynman,test_feynman_transpile[gf2^9_mult.qasm],0.028579007286359284,0.028118863701820374
feynman,test_feynman_transpile[grover_5.qasm],0.01694737368009307,0.016785324005217386
feynman,test_feynman_transpile[ham15-high.qasm],0.07213576577071633,0.07061328951801572
feynman,test_feynman_transpile[ham15-low.qasm],0.018438114907662822,0.01832759752869606
feynman,test_feynman_transpile[ham15-med.qasm],0.02617420448223129,0.025907317226802982
feynman,test_feynman_transpile[hwb10.qasm],1.4588532708585262,1.2234688866883516
feynman,test_feynman_transpile[hwb11.qasm],5.180724184960127,4.22699623554945
feynman,test_feynman_transpile[hwb12.qasm],10.954393891617656,8.847183721140027
feynman,test_feynman_transpile[hwb6.qasm],0.011580143543616148,0.011597728729248047
feynman,test_feynman_transpile[hwb8.qasm],0.2690215236507356,0.22213698737323284
feynman,test_feynman_transpile[inverseqft1.qasm],0.008828992930215758,0.008753940226289175
feynman,test_feynman_transpile[inverseqft2.qasm],0.006067716967194311,0.006016382467791889
feynman,test_feynman_transpile[mod5_4.qasm],0.008198565646874167,0.0080580570819703
feynman,test_feynman_transpile[mod_adder_1024.qasm],0.06334242009772705,0.06094903235926347
feynman,test_feynman_transpile[mod_mult_55.qasm],0.008989792405012643,0.008937997091561557
feynman,test_feynman_transpile[mod_red_21.qasm],0.011458530277013778,0.01131944383748553
feynman,test_feynman_transpile[qcla_adder_10.qasm],0.0257239361317494,0.02513696816749871
feynman,test_feynman_transpile[qcla_com_7.qasm],0.01963646008687861,0.019289728110799424
feynman,test_feynman_transpile[qcla_mod_7.qasm],0.02557301578613428,0.025057803327217697
feynman,test_feynman_transpile[qec.qasm],0.006473515375420965,0.006343507179007027
feynman,test_feynman_transpile[qft.qasm],0.007002651630862941,0.006878258993050882
feynman,test_feynman_transpile[qft_4.qasm],0.009827851504087447,0.008970264819535343
feynman,test_feynman_transpile[qpt.qasm],0.0027825500371296014,0.0027909406724021487
feynman,test_feynman_transpile[rb.qasm],0.0034075799755192556,0.0028177854928848234
feynman,test_feynman_transpile[rc_adder_6.qasm],0.011539220481234439,0.011629296688451654
feynman,test_feynman_transpile[teleport.qasm],0.005724757237152921,0.00578676104884256
feynman,test_feynman_transpile[teleportv2.qasm],0.006521769182290882,0.006611806316937827
feynman,test_feynman_transpile[tof_10.qasm],0.013271843580758735,0.01331867096836076
feynman,test_feynman_transpile[tof_3.qasm],0.007866249298890128,0.007836877778172492
feynman,test_feynman_transpile[tof_4.qasm],0.008136590713994545,0.008227866218705488
feynman,test_feynman_transpile[tof_5.qasm],0.008735256890455881,0.008823968372915101
feynman,test_feynman_transpile[vbe_adder_3.qasm],0.010138373841176327,0.010283573163729725
