group	name	wall_m	wall_p	g2q_m	g2q_p	gt_m	gt_p	d_m	d_p
abstract_hamiltonians	test_hamiltonians[ham_enc_stdbinary_dvalues_d-level-4-all-to-all]	0.009364654880858237	0.009343186213124183	3	3	30	30	19	19
abstract_hamiltonians	test_hamiltonians[ham_enc_stdbinary_dvalues_d-level-4-square]	0.009420347833397364	0.009390798441710927	3	3	30	30	19	19
abstract_hamiltonians	test_hamiltonians[ham_enc_stdbinary_dvalues_d-level-4-heavy-hex]	0.01005123500761233	0.01014910259982571	3	3	29	29	19	19
abstract_hamiltonians	test_hamiltonians[ham_enc_stdbinary_dvalues_d-level-4-linear]	0.009028242465770133	0.008827356449155896	3	3	30	30	19	19
abstract_hamiltonians	test_hamiltonians[ham_mu_y_prime_enc_stdbinary_dvalues_8-8-4-4-all-to-all]	0.0037184829428179625	0.00370796788654743	16	16	85	85	56	56
abstract_hamiltonians	test_hamiltonians[ham_mu_y_prime_enc_stdbinary_dvalues_8-8-4-4-square]	0.0056455597607758794	0.004878357838984434	22	22	117	117	69	69
abstract_hamiltonians	test_hamiltonians[ham_mu_y_prime_enc_stdbinary_dvalues_8-8-4-4-heavy-hex]	0.00552395482858022	0.005567379247129353	18	18	104	104	68	68
abstract_hamiltonians	test_hamiltonians[ham_mu_y_prime_enc_stdbinary_dvalues_8-8-4-4-linear]	0.00458084790174056	0.004594317235544249	18	18	104	104	68	68
abstract_hamiltonians	test_hamiltonians[ham_mu_y_prime_enc_unary_dvalues_4-4-4-all-to-all]	0.002475302796610581	0.0024592098969269576	6	6	58	58	32	32
abstract_hamiltonians	test_hamiltonians[ham_mu_y_prime_enc_unary_dvalues_4-4-4-square]	0.0023983477142709114	0.002435558536029481	6	6	58	58	32	32
abstract_hamiltonians	test_hamiltonians[ham_mu_y_prime_enc_unary_dvalues_4-4-4-heavy-hex]	0.003233678404379774	0.0032179520028282186	6	6	58	58	32	32
abstract_hamiltonians	test_hamiltonians[ham_mu_y_prime_enc_unary_dvalues_4-4-4-linear]	0.0024105255730712235	0.002559514509307014	6	6	58	58	32	32
abstract_hamiltonians	test_hamiltonians[ham_mu_z_prime_enc_gray_dvalues_4-4-4-4-all-to-all]	0.0019966600494099266	0.0020642807753441295	4	4	37	37	11	11
abstract_hamiltonians	test_hamiltonians[ham_mu_z_prime_enc_gray_dvalues_4-4-4-4-square]	0.002306059579189756	0.0020304740663634707	4	4	39	39	14	14
abstract_hamiltonians	test_hamiltonians[ham_mu_z_prime_enc_gray_dvalues_4-4-4-4-heavy-hex]	0.002837656402871722	0.002856393074501812	4	4	38	38	14	14
abstract_hamiltonians	test_hamiltonians[ham_mu_z_prime_enc_gray_dvalues_4-4-4-4-linear]	0.002429008183928279	0.002042650980384726	4	4	38	38	14	14
abstract_hamiltonians	test_hamiltonians[ham_gnp-k_2_n-4_rinst-05-all-to-all]	0.00422732729295438	0.0035377746153113653	21	21	98	98	75	75
abstract_hamiltonians	test_hamiltonians[ham_gnp-k_2_n-4_rinst-05-square]	0.005433627118111989	0.004670144278724589	31	31	161	161	106	106
abstract_hamiltonians	test_hamiltonians[ham_gnp-k_2_n-4_rinst-05-heavy-hex]	0.006212078418363543	0.005313984045965804	22	22	114	114	81	81
abstract_hamiltonians	test_hamiltonians[ham_gnp-k_2_n-4_rinst-05-linear]	0.00546739385794095	0.004674016923001669	33	33	167	167	109	109
abstract_hamiltonians	test_hamiltonians[ham_ham_parity-4-all-to-all]	0.005769865728135026	0.004969086432501898	47	47	196	196	159	159
abstract_hamiltonians	test_hamiltonians[ham_ham_parity-4-square]	0.006126966618467122	0.006074035074561834	66	66	286	286	196	196
abstract_hamiltonians	test_hamiltonians[ham_ham_parity-4-heavy-hex]	0.007467322094842445	0.006593181240096898	62	62	268	268	198	198
abstract_hamiltonians	test_hamiltonians[ham_ham_parity-4-linear]	0.007005235598679038	0.006140384845799062	62	62	320	320	222	222
abstract_hamiltonians	test_hamiltonians[ham_mu_y_prime_enc_stdbinary_dvalues_16-16-16-16-8-8-8-all-to-all]	0.006024499417551412	0.005219119421037083	49	49	246	246	165	165
abstract_hamiltonians	test_hamiltonians[ham_mu_y_prime_enc_stdbinary_dvalues_16-16-16-16-8-8-8-square]	0.0071855889203456735	0.00634269350387665	64	64	305	305	210	210
abstract_hamiltonians	test_hamiltonians[ham_mu_y_prime_enc_stdbinary_dvalues_16-16-16-16-8-8-8-heavy-hex]	0.006889684833297434	0.006851948320496181	72	72	332	332	212	212
abstract_hamiltonians	test_hamiltonians[ham_mu_y_prime_enc_stdbinary_dvalues_16-16-16-16-8-8-8-linear]	0.007443765990604135	0.006530190439474198	72	72	367	367	237	237
abstract_hamiltonians	test_hamiltonians[ham_mu_y_prime_enc_gray_dvalues_16-16-16-all-to-all]	0.0048255666492963735	0.0047943125464740746	58	58	256	256	190	190
abstract_hamiltonians	test_hamiltonians[ham_mu_y_prime_enc_gray_dvalues_16-16-16-square]	0.006025696742142032	0.006001364337060396	83	83	365	365	251	251
abstract_hamiltonians	test_hamiltonians[ham_mu_y_prime_enc_gray_dvalues_16-16-16-heavy-hex]	0.006661587509398277	0.006624432572566751	83	83	387	387	284	284
abstract_hamiltonians	test_hamiltonians[ham_mu_y_prime_enc_gray_dvalues_16-16-16-linear]	0.006057604448869824	0.0060004300614392835	92	92	400	400	265	265
abstract_hamiltonians	test_hamiltonians[ham_enc_gray_dvalues_d-level-16-all-to-all]	0.009256952316858448	0.00818332513434845	128	128	667	667	458	458
abstract_hamiltonians	test_hamiltonians[ham_enc_gray_dvalues_d-level-16-square]	0.010812869809311012	0.009589950703084469	187	187	916	916	597	597
abstract_hamiltonians	test_hamiltonians[ham_enc_gray_dvalues_d-level-16-heavy-hex]	0.011710592465084275	0.010435546246858744	172	172	1003	1003	644	644
abstract_hamiltonians	test_hamiltonians[ham_enc_gray_dvalues_d-level-16-linear]	0.01120065889039705	0.009932251313799306	196	196	1093	1093	680	680
abstract_hamiltonians	test_hamiltonians[ham_mu_y_prime_enc_stdbinary_dvalues_8-8-8-8-8-8-all-to-all]	0.0059589955127901505	0.0049147086921243035	32	32	174	174	58	58
abstract_hamiltonians	test_hamiltonians[ham_mu_y_prime_enc_stdbinary_dvalues_8-8-8-8-8-8-square]	0.006244742626009823	0.006175966547043235	38	38	191	191	71	71
abstract_hamiltonians	test_hamiltonians[ham_mu_y_prime_enc_stdbinary_dvalues_8-8-8-8-8-8-heavy-hex]	0.006613351006544273	0.00657105832395697	36	36	219	219	74	74
abstract_hamiltonians	test_hamiltonians[ham_mu_y_prime_enc_stdbinary_dvalues_8-8-8-8-8-8-linear]	0.005966375199106574	0.006220835439910162	36	36	219	219	74	74
abstract_hamiltonians	test_hamiltonians[ham_gnp-k_4_n-6_rinst-15-all-to-all]	0.006489179278206494	0.005586172892328571	87	87	418	418	263	263
abstract_hamiltonians	test_hamiltonians[ham_gnp-k_4_n-6_rinst-15-square]	0.007944040047396132	0.006815979050265418	111	111	527	527	334	334
abstract_hamiltonians	test_hamiltonians[ham_gnp-k_4_n-6_rinst-15-heavy-hex]	0.007023845758775006	0.006943575407665475	131	131	594	594	403	403
abstract_hamiltonians	test_hamiltonians[ham_gnp-k_4_n-6_rinst-15-linear]	0.008089566356049174	0.006854525649211776	171	171	750	750	436	436
abstract_hamiltonians	test_hamiltonians[ham_ham_JW-6-all-to-all]	0.009354554390644325	0.008094919956902154	225	225	876	876	692	692
abstract_hamiltonians	test_hamiltonians[ham_ham_JW-6-square]	0.011336894311449106	0.009897381028870946	294	294	1182	1182	835	835
abstract_hamiltonians	test_hamiltonians[ham_ham_JW-6-heavy-hex]	0.012326912488788366	0.010725190286480245	329	329	1466	1466	1000	1000
abstract_hamiltonians	test_hamiltonians[ham_ham_JW-6-linear]	0.010250947808706633	0.01011806103039761	378	378	1585	1585	974	974
abstract_hamiltonians	test_hamiltonians[ham_mu_y_prime_enc_unary_dvalues_8-8-8-8-8-8-8-all-to-all]	0.004572922519781516	0.004516618674103155	14	14	134	134	72	72
abstract_hamiltonians	test_hamiltonians[ham_mu_y_prime_enc_unary_dvalues_8-8-8-8-8-8-8-square]	0.00382001025084042	0.0038173715141336276	14	14	134	134	72	72
abstract_hamiltonians	test_hamiltonians[ham_mu_y_prime_enc_unary_dvalues_8-8-8-8-8-8-8-heavy-hex]	0.004172289074987782	0.004151130179789933	14	14	134	134	72	72
abstract_hamiltonians	test_hamiltonians[ham_mu_y_prime_enc_unary_dvalues_8-8-8-8-8-8-8-linear]	0.003650998456578236	0.0036429054958462223	14	14	134	134	72	72
abstract_hamiltonians	test_hamiltonians[ham_7-uf20-0384.cnf-8-res-all-to-all]	0.007668837557421692	0.007417834876780061	44	44	194	194	81	81
abstract_hamiltonians	test_hamiltonians[ham_7-uf20-0384.cnf-8-res-square]	0.005835488822776824	0.0057182622645397365	64	64	282	282	122	122
abstract_hamiltonians	test_hamiltonians[ham_7-uf20-0384.cnf-8-res-heavy-hex]	0.006943962977145069	0.006012628468253263	78	78	347	347	148	148
abstract_hamiltonians	test_hamiltonians[ham_7-uf20-0384.cnf-8-res-linear]	0.005925583883243449	0.005974002775143494	91	91	393	393	163	163
abstract_hamiltonians	test_hamiltonians[ham_tsp_rand-002_Ncity-4_enc-stdbinary-all-to-all]	0.010826212738681099	0.010641640716112486	80	80	351	351	208	208
abstract_hamiltonians	test_hamiltonians[ham_tsp_rand-002_Ncity-4_enc-stdbinary-square]	0.008154195447963091	0.007086688546952626	120	120	520	520	303	303
abstract_hamiltonians	test_hamiltonians[ham_tsp_rand-002_Ncity-4_enc-stdbinary-heavy-hex]	0.007574443454070697	0.007482798622241096	133	133	633	633	337	337
abstract_hamiltonians	test_hamiltonians[ham_tsp_rand-002_Ncity-4_enc-stdbinary-linear]	0.00833790972828865	0.007358694776892662	164	164	710	710	367	367
abstract_hamiltonians	test_hamiltonians[ham_ham_JW-8-all-to-all]	0.02719227923080325	0.026669108031972033	850	850	3144	3144	2572	2572
abstract_hamiltonians	test_hamiltonians[ham_ham_JW-8-square]	0.027657001984841896	0.026626875295358544	1262	1262	5129	5129	3483	3483
abstract_hamiltonians	test_hamiltonians[ham_ham_JW-8-heavy-hex]	0.028903625543332763	0.027613969364513952	1367	1367	5710	5710	3654	3654
abstract_hamiltonians	test_hamiltonians[ham_ham_JW-8-linear]	0.027832767095517467	0.026924869927920793	1370	1370	5695	5695	3629	3629
abstract_hamiltonians	test_hamiltonians[ham_enc_gray_dvalues_8-8-8-all-to-all]	0.34090523701161146	0.3259846568107605	6640	6640	25201	25201	21041	21041
abstract_hamiltonians	test_hamiltonians[ham_enc_gray_dvalues_8-8-8-square]	0.4224814046174288	0.37415227852761745	11709	11709	49080	49080	32935	32935
abstract_hamiltonians	test_hamiltonians[ham_enc_gray_dvalues_8-8-8-heavy-hex]	0.43583264263967675	0.4203622043132782	12635	12635	50247	50247	32482	32482
abstract_hamiltonians	test_hamiltonians[ham_enc_gray_dvalues_8-8-8-linear]	0.42639519770940143	0.38353899617989856	13027	13027	52257	52257	32628	32628
abstract_hamiltonians	test_hamiltonians[ham_complbipart-n-10_a-5_b-5-all-to-all]	0.011647883383557201	0.010766074400056492	150	150	700	700	406	406
abstract_hamiltonians	test_hamiltonians[ham_complbipart-n-10_a-5_b-5-square]	0.01056335404753051	0.009016261973346654	239	239	1030	1030	642	642
abstract_hamiltonians	test_hamiltonians[ham_complbipart-n-10_a-5_b-5-heavy-hex]	0.011127212572665442	0.009549190936496064	290	290	1222	1222	682	682
abstract_hamiltonians	test_hamiltonians[ham_complbipart-n-10_a-5_b-5-linear]	0.010909417439456824	0.009392668447882226	305	305	1410	1410	790	790
abstract_hamiltonians	test_hamiltonians[ham_ham_JW10-all-to-all]	0.05504401675180385	0.04692527372390032	1484	1484	5521	5521	4446	4446
abstract_hamiltonians	test_hamiltonians[ham_ham_JW10-square]	0.04552890673618425	0.043168035251173104	2293	2293	9349	9349	6147	6147
abstract_hamiltonians	test_hamiltonians[ham_ham_JW10-heavy-hex]	0.05967648637791475	0.05116432411596179	2329	2329	9315	9315	6413	6413
abstract_hamiltonians	test_hamiltonians[ham_ham_JW10-linear]	0.0478231705725193	0.0447551528499885	2765	2765	11153	11153	7498	7498
abstract_hamiltonians	test_hamiltonians[ham_ham_parity10-all-to-all]	0.05656223361276918	0.053997480776160955	1573	1573	5725	5725	4801	4801
abstract_hamiltonians	test_hamiltonians[ham_ham_parity10-square]	0.05295178186344473	0.04980641838751341	2273	2273	9350	9350	6434	6434
abstract_hamiltonians	test_hamiltonians[ham_ham_parity10-heavy-hex]	0.06012218949549338	0.05194588555023074	2269	2269	9093	9093	6591	6591
abstract_hamiltonians	test_hamiltonians[ham_ham_parity10-linear]	0.0555025791335437	0.0466643207706511	2810	2810	11159	11159	7642	7642
abstract_hamiltonians	test_hamiltonians[ham_ham_JW-10-all-to-all]	0.05232368474826217	0.04705382290888916	1484	1484	5531	5531	4446	4446
abstract_hamiltonians	test_hamiltonians[ham_ham_JW-10-square]	0.04627841914241964	0.04305781869460707	2293	2293	9322	9322	6128	6128
abstract_hamiltonians	test_hamiltonians[ham_ham_JW-10-heavy-hex]	0.059514955124434304	0.051106810383498666	2329	2329	9291	9291	6400	6400
abstract_hamiltonians	test_hamiltonians[ham_ham_JW-10-linear]	0.046799181295292716	0.044454723110665444	2765	2765	11131	11131	7509	7509
abstract_hamiltonians	test_hamiltonians[ham_mu_x_prime_enc_stdbinary_dvalues_8-8-8-8-8-8-8-8-8-4-4-4-4-4-4-all-to-all]	0.01198513772380486	0.010616923131200731	50	50	286	286	60	60
abstract_hamiltonians	test_hamiltonians[ham_mu_x_prime_enc_stdbinary_dvalues_8-8-8-8-8-8-8-8-8-4-4-4-4-4-4-square]	0.007903349020385317	0.007792126861805061	60	60	336	336	72	72
abstract_hamiltonians	test_hamiltonians[ham_mu_x_prime_enc_stdbinary_dvalues_8-8-8-8-8-8-8-8-8-4-4-4-4-4-4-heavy-hex]	0.014025997498059927	0.013810234224157674	56	56	347	347	74	74
abstract_hamiltonians	test_hamiltonians[ham_mu_x_prime_enc_stdbinary_dvalues_8-8-8-8-8-8-8-8-8-4-4-4-4-4-4-linear]	0.008458393344761065	0.007662062822770672	56	56	353	353	74	74
abstract_hamiltonians	test_hamiltonians[ham_mu_x_prime_enc_unary_dvalues_4-4-4-all-to-all]	0.008238151258840335	0.007807681773556396	18	18	174	174	32	32
abstract_hamiltonians	test_hamiltonians[ham_mu_x_prime_enc_unary_dvalues_4-4-4-square]	0.007264462068376925	0.007163978663953484	18	18	174	174	32	32
abstract_hamiltonians	test_hamiltonians[ham_mu_x_prime_enc_unary_dvalues_4-4-4-heavy-hex]	0.007336739008482412	0.007210179569496625	18	18	174	174	32	32
abstract_hamiltonians	test_hamiltonians[ham_mu_x_prime_enc_unary_dvalues_4-4-4-linear]	0.004297449753654224	0.004264956298984785	18	18	174	174	32	32
abstract_hamiltonians	test_hamiltonians[ham_ham_parity12-all-to-all]	0.12829761253669858	0.1179172343108803	3172	3172	11764	11764	9951	9951
abstract_hamiltonians	test_hamiltonians[ham_ham_parity12-square]	0.16156447088966766	0.1486113534442016	5174	5174	20901	20901	14200	14200
abstract_hamiltonians	test_hamiltonians[ham_ham_parity12-heavy-hex]	0.1566134566175086	0.1464752038674695	5776	5776	23071	23071	15546	15546
abstract_hamiltonians	test_hamiltonians[ham_ham_parity12-linear]	0.1294692731462419	0.12203646334819496	6063	6063	23507	23507	16566	16566
abstract_hamiltonians	test_hamiltonians[ham_ham_BK12-all-to-all]	0.08084897295786785	0.07681478574298896	3123	3123	11492	11492	9587	9587
abstract_hamiltonians	test_hamiltonians[ham_ham_BK12-square]	0.11631776226891412	0.11310398951172829	5791	5791	24303	24303	14197	14197
abstract_hamiltonians	test_hamiltonians[ham_ham_BK12-heavy-hex]	0.1287798793055117	0.11991097894497216	7014	7014	29270	29270	15683	15683
abstract_hamiltonians	test_hamiltonians[ham_ham_BK12-linear]	0.1333946413360536	0.12541981460526586	8145	8145	32884	32884	17946	17946
abstract_hamiltonians	test_hamiltonians[ham_ham_JW12-all-to-all]	0.13120515830814838	0.113473582184977	3029	3029	11118	11118	9193	9193
abstract_hamiltonians	test_hamiltonians[ham_ham_JW12-square]	0.14848464567746436	0.13911610562354326	5372	5372	21539	21539	14496	14496
abstract_hamiltonians	test_hamiltonians[ham_ham_JW12-heavy-hex]	0.1743533741682768	0.1504742247717721	5232	5232	21523	21523	14781	14781
abstract_hamiltonians	test_hamiltonians[ham_ham_JW12-linear]	0.12109123542904854	0.10808049254119396	6008	6008	23414	23414	15830	15830
abstract_hamiltonians	test_hamiltonians[ham_bh_graph-1D-grid-pbc-qubitnodes_Lx-4_U-40_enc-gray_d-8-all-to-all]	0.07580110330421191	0.0718977012272392	2454	2454	9788	9788	7887	7887
abstract_hamiltonians	test_hamiltonians[ham_bh_graph-1D-grid-pbc-qubitnodes_Lx-4_U-40_enc-gray_d-8-square]	0.0924465630880811	0.08827522176910531	4005	4005	17671	17671	11804	11804
abstract_hamiltonians	test_hamiltonians[ham_bh_graph-1D-grid-pbc-qubitnodes_Lx-4_U-40_enc-gray_d-8-heavy-hex]	0.09400262751362541	0.08925401690331372	4726	4726	20481	20481	12665	12665
abstract_hamiltonians	test_hamiltonians[ham_bh_graph-1D-grid-pbc-qubitnodes_Lx-4_U-40_enc-gray_d-8-linear]	0.09719278121536429	0.09240427816456015	5293	5293	22560	22560	14204	14204
abstract_hamiltonians	test_hamiltonians[ham_enc_unary_dvalues_4-4-4-all-to-all]	0.15385824947484902	0.14028853395332894	5002	5002	21582	21582	15835	15835
abstract_hamiltonians	test_hamiltonians[ham_enc_unary_dvalues_4-4-4-square]	0.19116175454109907	0.17889525275677443	8558	8558	37351	37351	22912	22912
abstract_hamiltonians	test_hamiltonians[ham_enc_unary_dvalues_4-4-4-heavy-hex]	0.22032914832234382	0.2092994384467602	12254	12254	50614	50614	28087	28087
abstract_hamiltonians	test_hamiltonians[ham_enc_unary_dvalues_4-4-4-linear]	0.23803251907229422	0.22467960678040982	14255	14255	62158	62158	32245	32245
abstract_hamiltonians	test_hamiltonians[ham_ham_parity-14-all-to-all]	0.10535935629159213	0.10026251953095197	3814	3814	14008	14008	11520	11520
abstract_hamiltonians	test_hamiltonians[ham_ham_parity-14-square]	0.1527610378605979	0.12724501034244895	6259	6259	25680	25680	16403	16403
abstract_hamiltonians	test_hamiltonians[ham_ham_parity-14-heavy-hex]	0.175856480995814	0.15877683646976948	7186	7186	28480	28480	17559	17559
abstract_hamiltonians	test_hamiltonians[ham_ham_parity-14-linear]	0.15693670803947107	0.1437861275460039	8420	8420	32773	32773	20088	20088
abstract_hamiltonians	test_hamiltonians[ham_ham_JW14-all-to-all]	0.1601984543459756	0.14081987901590765	3754	3754	13437	13437	11277	11277
abstract_hamiltonians	test_hamiltonians[ham_ham_JW14-square]	0.1878854800015688	0.17199676390737295	6527	6527	25488	25488	17723	17723
abstract_hamiltonians	test_hamiltonians[ham_ham_JW14-heavy-hex]	0.1927410407612721	0.1639287301472255	7286	7286	27375	27375	18467	18467
abstract_hamiltonians	test_hamiltonians[ham_ham_JW14-linear]	0.15888869230236327	0.13506059674546123	7089	7089	26836	26836	18300	18300
abstract_hamiltonians	test_hamiltonians[ham_enc_gray_dvalues_4-4-4-4-4-4-4-all-to-all]	0.07756793711866651	0.06930103548802435	2064	2064	9393	9393	6491	6491
abstract_hamiltonians	test_hamiltonians[ham_enc_gray_dvalues_4-4-4-4-4-4-4-square]	0.07516537739762238	0.0721539856436161	3347	3347	14640	14640	9028	9028
abstract_hamiltonians	test_hamiltonians[ham_enc_gray_dvalues_4-4-4-4-4-4-4-heavy-hex]	0.07620229299824971	0.06666878471150994	3525	3525	15476	15476	9526	9526
abstract_hamiltonians	test_hamiltonians[ham_enc_gray_dvalues_4-4-4-4-4-4-4-linear]	0.0866729508464535	0.07501412169741732	3953	3953	16912	16912	10211	10211
abstract_hamiltonians	test_hamiltonians[ham_ham_BK-14-all-to-all]	0.175100886883835	0.16087893769145012	6103	6103	22225	22225	18698	18698
abstract_hamiltonians	test_hamiltonians[ham_ham_BK-14-square]	0.28615053044632077	0.23463789075613023	12262	12262	50610	50610	30006	30006
abstract_hamiltonians	test_hamiltonians[ham_ham_BK-14-heavy-hex]	0.291859770193696	0.2632744340226054	14493	14493	58454	58454	33064	33064
abstract_hamiltonians	test_hamiltonians[ham_ham_BK-14-linear]	0.33801230291525525	0.31312976125627756	18213	18213	69977	69977	41594	41594
abstract_hamiltonians	test_hamiltonians[ham_ham_JW-14-all-to-all]	0.21835751049220561	0.2038579151034355	6851	6851	25435	25435	20910	20910
abstract_hamiltonians	test_hamiltonians[ham_ham_JW-14-square]	0.3705236315727234	0.33735881311198074	12697	12697	50714	50714	33112	33112
abstract_hamiltonians	test_hamiltonians[ham_ham_JW-14-heavy-hex]	0.33729376271367073	0.3169973180629313	14013	14013	54974	54974	35664	35664
abstract_hamiltonians	test_hamiltonians[ham_ham_JW-14-linear]	0.28577477438375354	0.26357271196320653	14989	14989	57087	57087	37925	37925
abstract_hamiltonians	test_hamiltonians[ham_mu_z_prime_enc_unary_dvalues_16-16-16-16-16-16-16-all-to-all]	0.009984343505974085	0.009565242238480735	30	30	286	286	152	152
abstract_hamiltonians	test_hamiltonians[ham_mu_z_prime_enc_unary_dvalues_16-16-16-16-16-16-16-square]	0.008020565624080472	0.007878183349967004	30	30	286	286	152	152
abstract_hamiltonians	test_hamiltonians[ham_mu_z_prime_enc_unary_dvalues_16-16-16-16-16-16-16-heavy-hex]	0.0051220985336436166	0.005031143657254929	30	30	286	286	152	152
abstract_hamiltonians	test_hamiltonians[ham_mu_z_prime_enc_unary_dvalues_16-16-16-16-16-16-16-linear]	0.004799653734038542	0.0046764160303965855	30	30	286	286	152	152
abstract_hamiltonians	test_hamiltonians[ham_graph-1D-grid-pbc-qubitnodes_Lx-16_h-2-all-to-all]	0.008819438151216932	0.008330435539453717	32	32	191	191	123	123
abstract_hamiltonians	test_hamiltonians[ham_graph-1D-grid-pbc-qubitnodes_Lx-16_h-2-square]	0.00753568853609837	0.007477372685689053	32	32	186	186	128	128
abstract_hamiltonians	test_hamiltonians[ham_graph-1D-grid-pbc-qubitnodes_Lx-16_h-2-heavy-hex]	0.004823254441821968	0.004877672289256696	32	32	183	183	127	127
abstract_hamiltonians	test_hamiltonians[ham_graph-1D-grid-pbc-qubitnodes_Lx-16_h-2-linear]	0.005715351169690108	0.0057331433040755135	75	75	341	341	208	208
abstract_hamiltonians	test_hamiltonians[ham_ham_JW-18-all-to-all]	0.4872069886575143	0.426338130608201	18092	18092	60675	60675	54239	54239
abstract_hamiltonians	test_hamiltonians[ham_ham_JW-18-square]	0.9616186339408159	0.8580105993896723	30229	30229	116562	116562	76678	76678
abstract_hamiltonians	test_hamiltonians[ham_ham_JW-18-heavy-hex]	0.8852176200598478	0.815060943365097	38192	38192	148214	148214	95330	95330
abstract_hamiltonians	test_hamiltonians[ham_ham_JW-18-linear]	0.7840002244338393	0.6370734414085746	44058	44058	164384	164384	111701	111701
abstract_hamiltonians	test_hamiltonians[ham_ham_JW-22-all-to-all]	1.9436800349503756	1.7044479344040155	55830	55830	189657	189657	169661	169661
abstract_hamiltonians	test_hamiltonians[ham_ham_JW-22-square]	3.4909253027290106	2.9859597384929657	88872	88872	337549	337549	229849	229849
abstract_hamiltonians	test_hamiltonians[ham_ham_JW-22-heavy-hex]	4.68913603387773	3.886109869927168	116833	116833	446193	446193	295689	295689
abstract_hamiltonians	test_hamiltonians[ham_ham_JW-22-linear]	5.593273047357798	4.7257071528583765	140255	140255	501075	501075	335209	335209
abstract_hamiltonians	test_hamiltonians[ham_ham_BK22-all-to-all]	1.3056828044354916	1.2694702297449112	40536	40536	142429	142429	123003	123003
abstract_hamiltonians	test_hamiltonians[ham_ham_BK22-square]	2.5897695403546095	2.281098211184144	90359	90359	355613	355613	206017	206017
abstract_hamiltonians	test_hamiltonians[ham_ham_BK22-heavy-hex]	3.6175664011389017	3.172823501750827	135966	135966	529528	529528	300515	300515
abstract_hamiltonians	test_hamiltonians[ham_ham_BK22-linear]	4.508393170312047	3.714053900912404	205937	205937	733152	733152	420646	420646
abstract_hamiltonians	test_hamiltonians[ham_mu_y_prime_enc_stdbinary_dvalues_4-4-4-4-4-4-4-4-4-4-4-4-4-4-4-4-4-4-all-to-all]	0.013417909839662952	0.0115045403561941	24	24	252	252	13	13
abstract_hamiltonians	test_hamiltonians[ham_mu_y_prime_enc_stdbinary_dvalues_4-4-4-4-4-4-4-4-4-4-4-4-4-4-4-4-4-4-square]	0.007818759761304937	0.006903770233371428	24	24	243	243	13	13
abstract_hamiltonians	test_hamiltonians[ham_mu_y_prime_enc_stdbinary_dvalues_4-4-4-4-4-4-4-4-4-4-4-4-4-4-4-4-4-4-heavy-hex]	0.010777527485818913	0.00982515046409532	24	24	240	240	13	13
abstract_hamiltonians	test_hamiltonians[ham_mu_y_prime_enc_stdbinary_dvalues_4-4-4-4-4-4-4-4-4-4-4-4-4-4-4-4-4-4-linear]	0.5032950369641185	0.49857289219896	24	24	243	243	13	13
abstract_hamiltonians	test_hamiltonians[ham_gnp-k_5_n-24_rinst-04-all-to-all]	0.02370250805519348	0.021016138889219448	376	376	1430	1430	268	268
abstract_hamiltonians	test_hamiltonians[ham_gnp-k_5_n-24_rinst-04-square]	0.01911189672178947	0.01649095667678802	779	779	3061	3061	822	822
abstract_hamiltonians	test_hamiltonians[ham_gnp-k_5_n-24_rinst-04-heavy-hex]	0.023671460088069845	0.020108167958610198	964	964	4018	4018	1042	1042
abstract_hamiltonians	test_hamiltonians[ham_gnp-k_5_n-24_rinst-04-linear]	0.021265331939186737	0.017922443786153087	994	994	4302	4302	772	772
abstract_hamiltonians	test_hamiltonians[ham_tsp_prob-ulysses22_Ncity-8_enc-stdbinary-all-to-all]	0.03593434366796698	0.0319841883610934	848	848	3405	3405	2440	2440
abstract_hamiltonians	test_hamiltonians[ham_tsp_prob-ulysses22_Ncity-8_enc-stdbinary-square]	0.03375700994261673	0.02876876579488025	1613	1613	6596	6596	3935	3935
abstract_hamiltonians	test_hamiltonians[ham_tsp_prob-ulysses22_Ncity-8_enc-stdbinary-heavy-hex]	0.040446352958679196	0.034353528878298296	1868	1868	8098	8098	4400	4400
abstract_hamiltonians	test_hamiltonians[ham_tsp_prob-ulysses22_Ncity-8_enc-stdbinary-linear]	0.037712960331528274	0.031215887696992968	2038	2038	9010	9010	4656	4656
abstract_hamiltonians	test_hamiltonians[ham_ham_JW24-all-to-all]	3.282326588407159	2.7837939001619816	70411	70411	228286	228286	206398	206398
abstract_hamiltonians	test_hamiltonians[ham_ham_JW24-square]	7.030716871842742	6.341613421216607	132903	132903	505435	505435	337988	337988
abstract_hamiltonians	test_hamiltonians[ham_ham_JW24-heavy-hex]	8.407551482319832	6.974428318440914	206068	206068	784880	784880	516407	516407
abstract_hamiltonians	test_hamiltonians[ham_ham_JW24-linear]	7.3750136867165565	5.749754140153527	220785	220785	828334	828334	577849	577849
abstract_hamiltonians	test_hamiltonians[ham_tsp_prob-ts225_Ncity-5_enc-unary-all-to-all]	0.017562927502506185	0.016499676529252737	200	200	799	799	155	155
abstract_hamiltonians	test_hamiltonians[ham_tsp_prob-ts225_Ncity-5_enc-unary-square]	0.014110339938529901	0.012092992977564594	399	399	1627	1627	432	432
abstract_hamiltonians	test_hamiltonians[ham_tsp_prob-ts225_Ncity-5_enc-unary-heavy-hex]	0.018179536881771954	0.01563064090066379	515	515	2080	2080	465	465
abstract_hamiltonians	test_hamiltonians[ham_tsp_prob-ts225_Ncity-5_enc-unary-linear]	0.015885010099736974	0.013345575642207978	595	595	2626	2626	488	488
abstract_hamiltonians	test_hamiltonians[ham_graph-1D-grid-pbc-qubitnodes_Lx-26_h-6-all-to-all]	0.012709155224445389	0.011886710255611234	52	52	306	306	215	215
abstract_hamiltonians	test_hamiltonians[ham_graph-1D-grid-pbc-qubitnodes_Lx-26_h-6-square]	0.010106241833418607	0.009956621211022138	52	52	302	302	218	218
abstract_hamiltonians	test_hamiltonians[ham_graph-1D-grid-pbc-qubitnodes_Lx-26_h-6-heavy-hex]	0.010448733560348812	0.010270253552690796	52	52	298	298	216	216
abstract_hamiltonians	test_hamiltonians[ham_graph-1D-grid-pbc-qubitnodes_Lx-26_h-6-linear]	0.007518666500728282	0.007488489600604978	123	123	560	560	290	290
abstract_hamiltonians	test_hamiltonians[ham_bh_graph-1D-grid-pbc-qubitnodes_Lx-14_U-10_enc-stdbinary_d-4-all-to-all]	0.039949897676706314	0.03584122319740278	890	890	3986	3986	2547	2547
abstract_hamiltonians	test_hamiltonians[ham_bh_graph-1D-grid-pbc-qubitnodes_Lx-14_U-10_enc-stdbinary_d-4-square]	0.04114850106028219	0.036430532250691344	1018	1018	4807	4807	3021	3021
abstract_hamiltonians	test_hamiltonians[ham_bh_graph-1D-grid-pbc-qubitnodes_Lx-14_U-10_enc-stdbinary_d-4-heavy-hex]	0.04589778007092801	0.041111399921087116	1010	1010	4852	4852	3011	3011
abstract_hamiltonians	test_hamiltonians[ham_bh_graph-1D-grid-pbc-qubitnodes_Lx-14_U-10_enc-stdbinary_d-4-linear]	0.036251234489360025	0.03155945286606297	1199	1199	5430	5430	3271	3271
abstract_hamiltonians	test_hamiltonians[ham_bh_graph-2D-triag-nonpbc-qubitnodes_Lx-3_Ly-5_U-30_enc-gray_d-4-all-to-all]	0.0596553605488118	0.05438869260251522	1773	1773	8169	8169	5734	5734
abstract_hamiltonians	test_hamiltonians[ham_bh_graph-2D-triag-nonpbc-qubitnodes_Lx-3_Ly-5_U-30_enc-gray_d-4-square]	0.06663063366431743	0.05959331233882242	2896	2896	13148	13148	8224	8224
abstract_hamiltonians	test_hamiltonians[ham_bh_graph-2D-triag-nonpbc-qubitnodes_Lx-3_Ly-5_U-30_enc-gray_d-4-heavy-hex]	0.07576204019670303	0.06478150735298792	3848	3848	16860	16860	9930	9930
abstract_hamiltonians	test_hamiltonians[ham_bh_graph-2D-triag-nonpbc-qubitnodes_Lx-3_Ly-5_U-30_enc-gray_d-4-linear]	0.08104822741678128	0.06703760400414467	5291	5291	22231	22231	13303	13303
abstract_hamiltonians	test_hamiltonians[ham_reg-5_n-10_rinst-07-all-to-all]	0.08048738195345952	0.07099677013854186	2530	2530	8981	8981	5448	5448
abstract_hamiltonians	test_hamiltonians[ham_reg-5_n-10_rinst-07-square]	0.09463289159942757	0.07856419453254113	5292	5292	22218	22218	10539	10539
abstract_hamiltonians	test_hamiltonians[ham_reg-5_n-10_rinst-07-heavy-hex]	0.09868717510253192	0.08126644002130398	6116	6116	26295	26295	11901	11901
abstract_hamiltonians	test_hamiltonians[ham_reg-5_n-10_rinst-07-linear]	0.09845421947538853	0.07994688187654202	6402	6402	27588	27588	12429	12429
abstract_hamiltonians	test_hamiltonians[ham_mu_y_prime_enc_unary_dvalues_16-16-16-16-16-16-all-to-all]	0.015955622127700235	0.015252182492986321	60	60	572	572	152	152
abstract_hamiltonians	test_hamiltonians[ham_mu_y_prime_enc_unary_dvalues_16-16-16-16-16-16-square]	0.009935344049993616	0.00967943598972816	60	60	572	572	152	152
abstract_hamiltonians	test_hamiltonians[ham_mu_y_prime_enc_unary_dvalues_16-16-16-16-16-16-heavy-hex]	0.010571296826789254	0.010341455762102766	60	60	572	572	152	152
abstract_hamiltonians	test_hamiltonians[ham_mu_y_prime_enc_unary_dvalues_16-16-16-16-16-16-linear]	0.007530021407514167	0.0074058202505111696	60	60	572	572	152	152
abstract_hamiltonians	test_hamiltonians[ham_bh_graph-3D-grid-nonpbc-qubitnodes_Lx-2_Ly-2_Lz-2_U-20_enc-unary_d-4-all-to-all]	0.0839711142083009	0.07294834258833102	3150	3150	12887	12887	8634	8634
abstract_hamiltonians	test_hamiltonians[ham_bh_graph-3D-grid-nonpbc-qubitnodes_Lx-2_Ly-2_Lz-2_U-20_enc-unary_d-4-square]	0.0921420156955719	0.07812398657775842	4811	4811	19988	19988	12077	12077
abstract_hamiltonians	test_hamiltonians[ham_bh_graph-3D-grid-nonpbc-qubitnodes_Lx-2_Ly-2_Lz-2_U-20_enc-unary_d-4-heavy-hex]	0.09562074597924948	0.08117935634576358	5230	5230	21640	21640	13169	13169
abstract_hamiltonians	test_hamiltonians[ham_bh_graph-3D-grid-nonpbc-qubitnodes_Lx-2_Ly-2_Lz-2_U-20_enc-unary_d-4-linear]	0.10673821028321981	0.08894873037934303	7353	7353	29649	29649	17457	17457
abstract_hamiltonians	test_hamiltonians[ham_0-uuf100-0810.cnf-40-res-all-to-all]	0.026572732646998606	0.023634361796254336	300	300	1349	1349	377	377
abstract_hamiltonians	test_hamiltonians[ham_0-uuf100-0810.cnf-40-res-square]	0.02268839192887147	0.01939097003867993	855	855	3428	3428	959	959
abstract_hamiltonians	test_hamiltonians[ham_0-uuf100-0810.cnf-40-res-heavy-hex]	0.025912685463061698	0.02189902402460575	1277	1277	4968	4968	1363	1363
abstract_hamiltonians	test_hamiltonians[ham_0-uuf100-0810.cnf-40-res-linear]	0.03228606587896744	0.02645776229245322	2352	2352	8766	8766	1797	1797
abstract_hamiltonians	test_hamiltonians[ham_8-uuf100-0509.cnf-40-cc-all-to-all]	0.027431168568295403	0.023987979095961367	346	346	1592	1592	409	409
abstract_hamiltonians	test_hamiltonians[ham_8-uuf100-0509.cnf-40-cc-square]	0.025001748488881648	0.021488872138743707	985	985	4011	4011	1046	1046
abstract_hamiltonians	test_hamiltonians[ham_8-uuf100-0509.cnf-40-cc-heavy-hex]	0.024514538167816836	0.02362184856264364	1420	1420	5464	5464	1271	1271
abstract_hamiltonians	test_hamiltonians[ham_8-uuf100-0509.cnf-40-cc-linear]	0.03748291205348713	0.030188443884253503	3039	3039	11148	11148	2524	2524
abstract_hamiltonians	test_hamiltonians[ham_gnp-k_4_n-40_rinst-07-all-to-all]	0.05178426504135132	0.0440293636334979	1602	1602	7721	7721	4123	4123
abstract_hamiltonians	test_hamiltonians[ham_gnp-k_4_n-40_rinst-07-square]	0.065479934339722	0.05498177082174354	4177	4177	17508	17508	8713	8713
abstract_hamiltonians	test_hamiltonians[ham_gnp-k_4_n-40_rinst-07-heavy-hex]	0.07604881705572972	0.06097994733136147	5948	5948	23715	23715	10611	10611
abstract_hamiltonians	test_hamiltonians[ham_gnp-k_4_n-40_rinst-07-linear]	0.10435445625334978	0.0850641496766072	10332	10332	39755	39755	19755	19755
abstract_hamiltonians	test_hamiltonians[ham_2-uf100-0396.cnf-46-res-all-to-all]	0.03061680239625275	0.026744094702440338	454	454	2036	2036	581	581
abstract_hamiltonians	test_hamiltonians[ham_2-uf100-0396.cnf-46-res-square]	0.02993641280089364	0.02584257908165455	1394	1394	5619	5619	1412	1412
abstract_hamiltonians	test_hamiltonians[ham_2-uf100-0396.cnf-46-res-heavy-hex]	0.034762176541754834	0.02923945224646366	2123	2123	8239	8239	1802	1802
abstract_hamiltonians	test_hamiltonians[ham_2-uf100-0396.cnf-46-res-linear]	0.049463833682239056	0.03988707080483436	4402	4402	15737	15737	2993	2993
abstract_hamiltonians	test_hamiltonians[ham_2-uf100-0601.cnf-46-res-all-to-all]	0.03487254647088462	0.030981790048606468	488	488	2150	2150	536	536
abstract_hamiltonians	test_hamiltonians[ham_2-uf100-0601.cnf-46-res-square]	0.031998686492443085	0.027345385092000168	1589	1589	6367	6367	1478	1478
abstract_hamiltonians	test_hamiltonians[ham_2-uf100-0601.cnf-46-res-heavy-hex]	0.03763233810397131	0.030442278493534435	2326	2326	8928	8928	1882	1882
abstract_hamiltonians	test_hamiltonians[ham_2-uf100-0601.cnf-46-res-linear]	0.05367381204115717	0.04362401973618114	5023	5023	17702	17702	3329	3329
abstract_hamiltonians	test_hamiltonians[ham_bh_graph-1D-grid-nonpbc-qubitnodes_Lx-12_U-40_enc-unary_d-4-all-to-all]	0.08335703554061744	0.07629615985430203	2970	2970	12283	12283	8400	8400
abstract_hamiltonians	test_hamiltonians[ham_bh_graph-1D-grid-nonpbc-qubitnodes_Lx-12_U-40_enc-unary_d-4-square]	0.08578890096396208	0.07334363447236163	4293	4293	18152	18152	11303	11303
abstract_hamiltonians	test_hamiltonians[ham_bh_graph-1D-grid-nonpbc-qubitnodes_Lx-12_U-40_enc-unary_d-4-heavy-hex]	0.08745331627627213	0.07546314898018654	4366	4366	19110	19110	12032	12032
abstract_hamiltonians	test_hamiltonians[ham_bh_graph-1D-grid-nonpbc-qubitnodes_Lx-12_U-40_enc-unary_d-4-linear]	0.08280301982393631	0.07066253659625849	4357	4357	18890	18890	12285	12285
abstract_hamiltonians	test_hamiltonians[ham_bh_graph-1D-grid-pbc-qubitnodes_Lx-24_U-20_enc-stdbinary_d-4-all-to-all]	0.06279783823993057	0.056232154783275395	1530	1530	7241	7241	4550	4550
abstract_hamiltonians	test_hamiltonians[ham_bh_graph-1D-grid-pbc-qubitnodes_Lx-24_U-20_enc-stdbinary_d-4-square]	0.059004476513056195	0.05363103463069389	1765	1765	8366	8366	5066	5066
abstract_hamiltonians	test_hamiltonians[ham_bh_graph-1D-grid-pbc-qubitnodes_Lx-24_U-20_enc-stdbinary_d-4-heavy-hex]	0.06014649011194706	0.056153343010105584	1890	1890	8810	8810	5433	5433
abstract_hamiltonians	test_hamiltonians[ham_bh_graph-1D-grid-pbc-qubitnodes_Lx-24_U-20_enc-stdbinary_d-4-linear]	0.05583159811794758	0.048814441839402374	2317	2317	10316	10316	6170	6170
abstract_hamiltonians	test_hamiltonians[ham_tsp_prob-lin105_Ncity-7_enc-unary-all-to-all]	0.03493811466313641	0.03284539769013082	588	588	2195	2195	308	308
abstract_hamiltonians	test_hamiltonians[ham_tsp_prob-lin105_Ncity-7_enc-unary-square]	0.02958694337443872	0.02518407553434372	1284	1284	5278	5278	1116	1116
abstract_hamiltonians	test_hamiltonians[ham_tsp_prob-lin105_Ncity-7_enc-unary-heavy-hex]	0.03392083606412334	0.028079112565943174	1655	1655	6726	6726	1307	1307
abstract_hamiltonians	test_hamiltonians[ham_tsp_prob-lin105_Ncity-7_enc-unary-linear]	0.04056727237999439	0.033866311090865305	2653	2653	10806	10806	1431	1431
abstract_hamiltonians	test_hamiltonians[ham_gnp-k_5_n-60_rinst-19-all-to-all]	0.1085859078913927	0.09111756070827444	3939	3939	18819	18819	9999	9999
abstract_hamiltonians	test_hamiltonians[ham_gnp-k_5_n-60_rinst-19-square]	0.15592640904443605	0.12469966197386384	11674	11674	46930	46930	22088	22088
abstract_hamiltonians	test_hamiltonians[ham_gnp-k_5_n-60_rinst-19-heavy-hex]	0.20531910397112368	0.156663963837283	16265	16265	65073	65073	28289	28289
abstract_hamiltonians	test_hamiltonians[ham_gnp-k_5_n-60_rinst-19-linear]	0.2637599832378328	0.21838680170476438	28091	28091	105933	105933	48540	48540
abstract_hamiltonians	test_hamiltonians[ham_bh_graph-2D-triag-pbc-qubitnodes_Lx-5_Ly-5_U-30_enc-unary_d-4-all-to-all]	0.24771918542683125	0.22519679702818393	11592	11592	48045	48045	31942	31942
abstract_hamiltonians	test_hamiltonians[ham_bh_graph-2D-triag-pbc-qubitnodes_Lx-5_Ly-5_U-30_enc-unary_d-4-square]	0.3276179116219282	0.28372044023126364	19902	19902	82143	82143	45964	45964
abstract_hamiltonians	test_hamiltonians[ham_bh_graph-2D-triag-pbc-qubitnodes_Lx-5_Ly-5_U-30_enc-unary_d-4-heavy-hex]	0.35248614102602005	0.29598130425438285	21937	21937	92097	92097	52476	52476
abstract_hamiltonians	test_hamiltonians[ham_bh_graph-2D-triag-pbc-qubitnodes_Lx-5_Ly-5_U-30_enc-unary_d-4-linear]	0.40828125675519306	0.3472613102446	31271	31271	124001	124001	68854	68854
abstract_hamiltonians	test_hamiltonians[ham_mu_x_prime_enc_unary_dvalues_16-16-16-16-16-16-16-16-16-16-16-16-16-16-16-all-to-all]	0.030824070244475647	0.02932113188911568	120	120	1144	1144	152	152
abstract_hamiltonians	test_hamiltonians[ham_mu_x_prime_enc_unary_dvalues_16-16-16-16-16-16-16-16-16-16-16-16-16-16-16-square]	0.23136329241096973	0.22977377399802207	120	120	1144	1144	152	152
abstract_hamiltonians	test_hamiltonians[ham_mu_x_prime_enc_unary_dvalues_16-16-16-16-16-16-16-16-16-16-16-16-16-16-16-heavy-hex]	0.01577507551278799	0.015594141350852119	120	120	1144	1144	152	152
abstract_hamiltonians	test_hamiltonians[ham_mu_x_prime_enc_unary_dvalues_16-16-16-16-16-16-16-16-16-16-16-16-16-16-16-linear]	0.011647670283571056	0.011577691108490645	120	120	1144	1144	152	152
abstract_hamiltonians	test_hamiltonians[ham_tsp_prob-d198_Ncity-8_enc-unary-all-to-all]	0.04609719790856947	0.04378482367357482	896	896	3473	3473	422	422
abstract_hamiltonians	test_hamiltonians[ham_tsp_prob-d198_Ncity-8_enc-unary-square]	0.04167198032761613	0.03593755025288154	1964	1964	8003	8003	1560	1560
abstract_hamiltonians	test_hamiltonians[ham_tsp_prob-d198_Ncity-8_enc-unary-heavy-hex]	0.0543826845915694	0.04674649309544336	2323	2323	9963	9963	1644	1644
abstract_hamiltonians	test_hamiltonians[ham_tsp_prob-d198_Ncity-8_enc-unary-linear]	0.06569858232978731	0.054097581850854976	4715	4715	19463	19463	2566	2566
abstract_hamiltonians	test_hamiltonians[ham_tsp_prob-kroD100_Ncity-16_enc-stdbinary-all-to-all]	0.2200966201722622	0.20522781908512117	7594	7594	27591	27591	22549	22549
abstract_hamiltonians	test_hamiltonians[ham_tsp_prob-kroD100_Ncity-16_enc-stdbinary-square]	0.294382572794954	0.2472161792218685	15294	15294	63310	63310	38444	38444
abstract_hamiltonians	test_hamiltonians[ham_tsp_prob-kroD100_Ncity-16_enc-stdbinary-heavy-hex]	0.33688467973843217	0.2874555098824203	18802	18802	80914	80914	44221	44221
abstract_hamiltonians	test_hamiltonians[ham_tsp_prob-kroD100_Ncity-16_enc-stdbinary-linear]	0.3526537170012792	0.3098757048137486	20114	20114	85685	85685	44717	44717
abstract_hamiltonians	test_hamiltonians[ham_tsp_prob-fl417_Ncity-16_enc-stdbinary-all-to-all]	0.2159332312643528	0.20517957210540771	7606	7606	27628	27628	22468	22468
abstract_hamiltonians	test_hamiltonians[ham_tsp_prob-fl417_Ncity-16_enc-stdbinary-square]	0.2905712970532477	0.2496207769960165	15294	15294	63325	63325	38454	38454
abstract_hamiltonians	test_hamiltonians[ham_tsp_prob-fl417_Ncity-16_enc-stdbinary-heavy-hex]	0.34769698108235997	0.26757545536383986	18804	18804	80949	80949	44203	44203
abstract_hamiltonians	test_hamiltonians[ham_tsp_prob-fl417_Ncity-16_enc-stdbinary-linear]	0.3310567610897124	0.2966085113584995	20118	20118	85810	85810	44705	44705
abstract_hamiltonians	test_hamiltonians[ham_4-uf100-0246.cnf-70-res-all-to-all]	0.0674095573524634	0.05874701381167945	1262	1262	5499	5499	1798	1798
abstract_hamiltonians	test_hamiltonians[ham_4-uf100-0246.cnf-70-res-square]	0.07607708570475762	0.06234742188826203	5349	5349	20508	20508	5175	5175
abstract_hamiltonians	test_hamiltonians[ham_4-uf100-0246.cnf-70-res-heavy-hex]	0.10496252197772264	0.08525224464635055	8364	8364	31363	31363	6707	6707
abstract_hamiltonians	test_hamiltonians[ham_4-uf100-0246.cnf-70-res-linear]	0.1887245211750269	0.1474083403923682	22179	22179	77307	77307	14681	14681
abstract_hamiltonians	test_hamiltonians[ham_dsjc1000.1,n-36,rinst-4-all-to-all]	0.061327198191600686	0.05461126967872444	1206	1206	5283	5283	1601	1601
abstract_hamiltonians	test_hamiltonians[ham_dsjc1000.1,n-36,rinst-4-square]	0.05715768948635634	0.04854480638390496	2967	2967	12558	12558	3715	3715
abstract_hamiltonians	test_hamiltonians[ham_dsjc1000.1,n-36,rinst-4-heavy-hex]	0.06974479382236799	0.05871928700556358	3717	3717	15654	15654	4525	4525
abstract_hamiltonians	test_hamiltonians[ham_dsjc1000.1,n-36,rinst-4-linear]	0.08952794301634033	0.0714512967637607	7693	7693	30042	30042	7182	7182
abstract_hamiltonians	test_hamiltonians[ham_graph-2D-grid-nonpbc-qubitnodes_Lx-5_Ly-15_h-3-all-to-all]	0.04003391534090042	0.03644741871036016	260	260	1370	1370	292	292
abstract_hamiltonians	test_hamiltonians[ham_graph-2D-grid-nonpbc-qubitnodes_Lx-5_Ly-15_h-3-square]	0.043974513673911926	0.0405715552624315	636	636	2788	2788	568	568
abstract_hamiltonians	test_hamiltonians[ham_graph-2D-grid-nonpbc-qubitnodes_Lx-5_Ly-15_h-3-heavy-hex]	0.04283606191165745	0.0384911423176527	1060	1060	4379	4379	822	822
abstract_hamiltonians	test_hamiltonians[ham_graph-2D-grid-nonpbc-qubitnodes_Lx-5_Ly-15_h-3-linear]	0.02961216803107943	0.024674862259771765	1303	1303	5243	5243	924	924
abstract_hamiltonians	test_hamiltonians[ham_bh_graph-1D-grid-pbc-qubitnodes_Lx-10_U-30_enc-unary_d-8-all-to-all]	0.32644806802272797	0.2936249068006873	14098	14098	56958	56958	39645	39645
abstract_hamiltonians	test_hamiltonians[ham_bh_graph-1D-grid-pbc-qubitnodes_Lx-10_U-30_enc-unary_d-8-square]	0.3847310325751702	0.3318725028075278	23100	23100	97821	97821	57311	57311
abstract_hamiltonians	test_hamiltonians[ham_bh_graph-1D-grid-pbc-qubitnodes_Lx-10_U-30_enc-unary_d-8-heavy-hex]	0.3996151586373647	0.3432961634049813	23807	23807	102268	102268	60626	60626
abstract_hamiltonians	test_hamiltonians[ham_bh_graph-1D-grid-pbc-qubitnodes_Lx-10_U-30_enc-unary_d-8-linear]	0.40556467076142627	0.3567429917554061	26188	26188	112949	112949	65214	65214
abstract_hamiltonians	test_hamiltonians[ham_4-flat100-7.cnf-90-cc-all-to-all]	0.0463859982611168	0.04403187478469177	268	268	1231	1231	89	89
abstract_hamiltonians	test_hamiltonians[ham_4-flat100-7.cnf-90-cc-square]	0.03906527361660092	0.0356703983353717	711	711	2860	2860	264	264
abstract_hamiltonians	test_hamiltonians[ham_4-flat100-7.cnf-90-cc-heavy-hex]	0.03211309328194587	0.028380316442676953	1050	1050	4180	4180	426	426
abstract_hamiltonians	test_hamiltonians[ham_4-flat100-7.cnf-90-cc-linear]	0.042425274926548205	0.03684424376115203	2486	2486	8962	8962	821	821
abstract_hamiltonians	test_hamiltonians[ham_reg-4_n-90_rinst-07-all-to-all]	0.06962351091206073	0.062109400518238544	1008	1008	5150	5150	636	636
abstract_hamiltonians	test_hamiltonians[ham_reg-4_n-90_rinst-07-square]	0.09616177867759358	0.08347439688319962	2683	2683	10987	10987	1830	1830
abstract_hamiltonians	test_hamiltonians[ham_reg-4_n-90_rinst-07-heavy-hex]	0.06465798744466156	0.05455598068472586	3661	3661	14816	14816	2188	2188
abstract_hamiltonians	test_hamiltonians[ham_reg-4_n-90_rinst-07-linear]	0.10554007850587369	0.08665536219875018	9752	9752	35116	35116	4083	4083
abstract_hamiltonians	test_hamiltonians[ham_gnp-k_5_n-90_rinst-02-all-to-all]	0.17471310030668974	0.1486548355647496	5898	5898	27758	27758	14417	14417
abstract_hamiltonians	test_hamiltonians[ham_gnp-k_5_n-90_rinst-02-square]	0.2608264754526317	0.21669531427323818	20423	20423	80771	80771	35557	35557
abstract_hamiltonians	test_hamiltonians[ham_gnp-k_5_n-90_rinst-02-heavy-hex]	0.3248287867754698	0.27073574997484684	29536	29536	114400	114400	45598	45598
abstract_hamiltonians	test_hamiltonians[ham_gnp-k_5_n-90_rinst-02-linear]	0.6564978426322341	0.5065360516309738	70206	70206	257838	257838	101282	101282
abstract_hamiltonians	test_hamiltonians[ham_graph-2D-triag-pbc-qubitnodes_Lx-13_Ly-13_h-0.1-all-to-all]	0.057753167936907095	0.052951120526382796	546	546	2493	2493	525	525
abstract_hamiltonians	test_hamiltonians[ham_graph-2D-triag-pbc-qubitnodes_Lx-13_Ly-13_h-0.1-square]	0.046390789984302086	0.041334324330091474	1817	1817	7149	7149	1674	1674
abstract_hamiltonians	test_hamiltonians[ham_graph-2D-triag-pbc-qubitnodes_Lx-13_Ly-13_h-0.1-heavy-hex]	0.0474745880135081	0.040466160800021425	2716	2716	10497	10497	1981	1981
abstract_hamiltonians	test_hamiltonians[ham_graph-2D-triag-pbc-qubitnodes_Lx-13_Ly-13_h-0.1-linear]	0.07428573457790273	0.06016546071452253	6662	6662	24639	24639	3726	3726
abstract_hamiltonians	test_hamiltonians[ham_bh_graph-1D-grid-pbc-qubitnodes_Lx-46_U-2_enc-gray_d-4-all-to-all]	0.12050650548189878	0.10965372601317035	3077	3077	14190	14190	10531	10531
abstract_hamiltonians	test_hamiltonians[ham_bh_graph-1D-grid-pbc-qubitnodes_Lx-46_U-2_enc-gray_d-4-square]	0.12596182036213577	0.10962119160426988	5025	5025	22927	22927	14923	14923
abstract_hamiltonians	test_hamiltonians[ham_bh_graph-1D-grid-pbc-qubitnodes_Lx-46_U-2_enc-gray_d-4-heavy-hex]	0.12972259847447276	0.11030248842305607	5851	5851	26529	26529	16126	16126
abstract_hamiltonians	test_hamiltonians[ham_bh_graph-1D-grid-pbc-qubitnodes_Lx-46_U-2_enc-gray_d-4-linear]	0.11349702573248319	0.09624502559502919	6136	6136	27677	27677	16830	16830
abstract_hamiltonians	test_hamiltonians[ham_bh_graph-2D-grid-nonpbc-qubitnodes_Lx-7_Ly-7_U-70_enc-gray_d-4-all-to-all]	0.19958664694180092	0.1787987413505713	5378	5378	25028	25028	17759	17759
abstract_hamiltonians	test_hamiltonians[ham_bh_graph-2D-grid-nonpbc-qubitnodes_Lx-7_Ly-7_U-70_enc-gray_d-4-square]	0.20538909174501896	0.17648488966127238	10433	10433	45836	45836	26928	26928
abstract_hamiltonians	test_hamiltonians[ham_bh_graph-2D-grid-nonpbc-qubitnodes_Lx-7_Ly-7_U-70_enc-gray_d-4-heavy-hex]	0.22871169187128543	0.19995800405740738	14225	14225	60563	60563	34273	34273
abstract_hamiltonians	test_hamiltonians[ham_bh_graph-2D-grid-nonpbc-qubitnodes_Lx-7_Ly-7_U-70_enc-gray_d-4-linear]	0.26693420531228185	0.23095087967813016	20557	20557	82571	82571	44703	44703
abstract_hamiltonians	test_hamiltonians[ham_fh-graph-1D-grid-pbc-qubitnodes_Lx-50_U-2_enc-jw-all-to-all]	0.07033138629049063	0.06440450871984164	684	684	3597	3597	1838	1838
abstract_hamiltonians	test_hamiltonians[ham_fh-graph-1D-grid-pbc-qubitnodes_Lx-50_U-2_enc-jw-square]	0.07146325348211187	0.06529543735086918	1726	1726	7419	7419	3275	3275
abstract_hamiltonians	test_hamiltonians[ham_fh-graph-1D-grid-pbc-qubitnodes_Lx-50_U-2_enc-jw-heavy-hex]	0.05114492839202285	0.04275120794773102	3037	3037	12466	12466	5781	5781
abstract_hamiltonians	test_hamiltonians[ham_fh-graph-1D-grid-pbc-qubitnodes_Lx-50_U-2_enc-jw-linear]	0.044504104101139565	0.03816762242328237	2096	2096	8558	8558	4861	4861
abstract_hamiltonians	test_hamiltonians[ham_tsp_prob-st70_Ncity-10_enc-unary-all-to-all]	0.09263431111519987	0.08788510086014867	1800	1800	6826	6826	681	681
abstract_hamiltonians	test_hamiltonians[ham_tsp_prob-st70_Ncity-10_enc-unary-square]	0.07967719736580665	0.06885447675983111	4084	4084	16686	16686	2742	2742
abstract_hamiltonians	test_hamiltonians[ham_tsp_prob-st70_Ncity-10_enc-unary-heavy-hex]	0.08882295091946919	0.07500583798225437	5253	5253	21997	21997	2657	2657
abstract_hamiltonians	test_hamiltonians[ham_tsp_prob-st70_Ncity-10_enc-unary-linear]	0.14010506735316344	0.11593557024995486	11285	11285	44336	44336	5547	5547
abstract_hamiltonians	test_hamiltonians[ham_tsp_prob-pr76_Ncity-10_enc-unary-all-to-all]	0.09091022847728296	0.08691174847384293	1800	1800	6787	6787	675	675
abstract_hamiltonians	test_hamiltonians[ham_tsp_prob-pr76_Ncity-10_enc-unary-square]	0.07939588636733018	0.06768033442397912	4084	4084	16696	16696	2759	2759
abstract_hamiltonians	test_hamiltonians[ham_tsp_prob-pr76_Ncity-10_enc-unary-heavy-hex]	0.09257829053835435	0.07503429840185813	5253	5253	22007	22007	2644	2644
abstract_hamiltonians	test_hamiltonians[ham_tsp_prob-pr76_Ncity-10_enc-unary-linear]	0.14057859778404236	0.11574641408191787	11285	11285	44387	44387	5571	5571
abstract_hamiltonians	test_hamiltonians[ham_bh_graph-2D-triag-pbc-qubitnodes_Lx-10_Ly-10_U-30_enc-stdbinary_d-4-all-to-all]	0.29641407495364547	0.2633837112225592	8794	8794	39591	39591	24136	24136
abstract_hamiltonians	test_hamiltonians[ham_bh_graph-2D-triag-pbc-qubitnodes_Lx-10_Ly-10_U-30_enc-stdbinary_d-4-square]	0.3518860135227442	0.2993023884482682	17755	17755	72817	72817	40565	40565
abstract_hamiltonians	test_hamiltonians[ham_bh_graph-2D-triag-pbc-qubitnodes_Lx-10_Ly-10_U-30_enc-stdbinary_d-4-heavy-hex]	0.3713526036590338	0.3213544674217701	22358	22358	91624	91624	51151	51151
abstract_hamiltonians	test_hamiltonians[ham_bh_graph-2D-triag-pbc-qubitnodes_Lx-10_Ly-10_U-30_enc-stdbinary_d-4-linear]	0.5359388357028365	0.4283607875307401	44006	44006	169890	169890	85403	85403
abstract_hamiltonians	test_hamiltonians[ham_queen13_13,n-28,rinst-0-all-to-all]	0.07899757517644992	0.07576884372303119	600	600	2517	2517	195	195
abstract_hamiltonians	test_hamiltonians[ham_queen13_13,n-28,rinst-0-square]	0.0829511567329367	0.0780056226425446	1567	1567	6429	6429	645	645
abstract_hamiltonians	test_hamiltonians[ham_queen13_13,n-28,rinst-0-heavy-hex]	0.045707181662968964	0.040060411064097516	2130	2130	8548	8548	785	785
abstract_hamiltonians	test_hamiltonians[ham_queen13_13,n-28,rinst-0-linear]	0.07697523930775267	0.06916491209995002	3625	3625	14079	14079	894	894
abstract_hamiltonians	test_hamiltonians[ham_will199gpia,n-60,rinst-8-all-to-all]	0.14912409840949944	0.13522545853629708	2784	2784	11892	11892	3473	3473
abstract_hamiltonians	test_hamiltonians[ham_will199gpia,n-60,rinst-8-square]	0.12546245598544678	0.11041067894548177	7257	7257	30537	30537	8182	8182
abstract_hamiltonians	test_hamiltonians[ham_will199gpia,n-60,rinst-8-heavy-hex]	0.16050273552536964	0.13508940837346017	9533	9533	39347	39347	9759	9759
abstract_hamiltonians	test_hamiltonians[ham_will199gpia,n-60,rinst-8-linear]	0.22467768825590612	0.1808203107987841	21141	21141	78970	78970	16610	16610
abstract_hamiltonians	test_hamiltonians[ham_bh_graph-1D-grid-pbc-qubitnodes_Lx-60_U-10_enc-stdbinary_d-4-all-to-all]	0.16954067007948956	0.154276148549148	3834	3834	17880	17880	11308	11308
abstract_hamiltonians	test_hamiltonians[ham_bh_graph-1D-grid-pbc-qubitnodes_Lx-60_U-10_enc-stdbinary_d-4-square]	0.1420842339284718	0.12511901660925812	4761	4761	22103	22103	13120	13120
abstract_hamiltonians	test_hamiltonians[ham_bh_graph-1D-grid-pbc-qubitnodes_Lx-60_U-10_enc-stdbinary_d-4-heavy-hex]	0.1588242972003562	0.1352826899383217	5036	5036	23330	23330	13528	13528
abstract_hamiltonians	test_hamiltonians[ham_bh_graph-1D-grid-pbc-qubitnodes_Lx-60_U-10_enc-stdbinary_d-4-linear]	0.12474720262818867	0.11060800775885582	5037	5037	22794	22794	13432	13432
abstract_hamiltonians	test_hamiltonians[ham_bh_graph-2D-triag-pbc-qubitnodes_Lx-3_Ly-22_U-70_enc-unary_d-4-all-to-all]	0.6102134957909584	0.5616432912647724	25524	25524	105409	105409	69805	69805
abstract_hamiltonians	test_hamiltonians[ham_bh_graph-2D-triag-pbc-qubitnodes_Lx-3_Ly-22_U-70_enc-unary_d-4-square]	0.7739741336554289	0.6226678173989058	46007	46007	191648	191648	104206	104206
abstract_hamiltonians	test_hamiltonians[ham_bh_graph-2D-triag-pbc-qubitnodes_Lx-3_Ly-22_U-70_enc-unary_d-4-heavy-hex]	0.8913814006373286	0.7332103531807661	54637	54637	225777	225777	115350	115350
abstract_hamiltonians	test_hamiltonians[ham_bh_graph-2D-triag-pbc-qubitnodes_Lx-3_Ly-22_U-70_enc-unary_d-4-linear]	1.136482173576951	0.9411257850006223	95243	95243	368941	368941	160036	160036
abstract_hamiltonians	test_hamiltonians[ham_1-fullins_5,n-48,rinst-7-all-to-all]	0.3687782281388839	0.3386605544947088	10380	10380	39738	39738	15275	15275
abstract_hamiltonians	test_hamiltonians[ham_1-fullins_5,n-48,rinst-7-square]	0.4221052626768748	0.3375722902516524	25147	25147	105071	105071	33190	33190
abstract_hamiltonians	test_hamiltonians[ham_1-fullins_5,n-48,rinst-7-heavy-hex]	0.49927337653934956	0.4327804160614808	33115	33115	137019	137019	37609	37609
abstract_hamiltonians	test_hamiltonians[ham_1-fullins_5,n-48,rinst-7-linear]	0.7730555478483438	0.6165765626356006	63649	63649	247071	247071	61391	61391
abstract_hamiltonians	test_hamiltonians[ham_bh_graph-2D-triag-nonpbc-qubitnodes_Lx-11_Ly-11_U-100_enc-gray_d-4-all-to-all]	0.4846691818286975	0.45434078946709633	12421	12421	57866	57866	40205	40205
abstract_hamiltonians	test_hamiltonians[ham_bh_graph-2D-triag-nonpbc-qubitnodes_Lx-11_Ly-11_U-100_enc-gray_d-4-square]	0.5060010300949216	0.42648447925845784	25622	25622	112500	112500	65243	65243
abstract_hamiltonians	test_hamiltonians[ham_bh_graph-2D-triag-nonpbc-qubitnodes_Lx-11_Ly-11_U-100_enc-gray_d-4-heavy-hex]	0.540720222517848	0.4645683603982131	34421	34421	144596	144596	81720	81720
abstract_hamiltonians	test_hamiltonians[ham_bh_graph-2D-triag-nonpbc-qubitnodes_Lx-11_Ly-11_U-100_enc-gray_d-4-linear]	0.7945567378774285	0.5853322399780154	57341	57341	229409	229409	122452	122452
abstract_hamiltonians	test_hamiltonians[ham_fh-graph-1D-grid-nonpbc-qubitnodes_Lx-90_U-2_enc-jw-all-to-all]	0.17907604233672222	0.1730964950596293	536	536	3868	3868	798	798
abstract_hamiltonians	test_hamiltonians[ham_fh-graph-1D-grid-nonpbc-qubitnodes_Lx-90_U-2_enc-jw-square]	0.12061697782741652	0.11343948625855976	1951	1951	9135	9135	1964	1964
abstract_hamiltonians	test_hamiltonians[ham_fh-graph-1D-grid-nonpbc-qubitnodes_Lx-90_U-2_enc-jw-heavy-hex]	0.0710866214086612	0.061794587246635384	3022	3022	12752	12752	3259	3259
abstract_hamiltonians	test_hamiltonians[ham_fh-graph-1D-grid-nonpbc-qubitnodes_Lx-90_U-2_enc-jw-linear]	0.060333307935959764	0.05581174429971725	1110	1110	6084	6084	1636	1636
abstract_hamiltonians	test_hamiltonians[ham_graph-2D-triag-pbc-qubitnodes_Lx-19_Ly-19_h-0.5-all-to-all]	0.20773820243775845	0.20574501492083072	1140	1140	5393	5393	971	971
abstract_hamiltonians	test_hamiltonians[ham_graph-2D-triag-pbc-qubitnodes_Lx-19_Ly-19_h-0.5-square]	0.12346159604688485	0.11044354550540447	4560	4560	17921	17921	3273	3273
abstract_hamiltonians	test_hamiltonians[ham_graph-2D-triag-pbc-qubitnodes_Lx-19_Ly-19_h-0.5-heavy-hex]	0.11302575489713086	0.09667924198914658	6804	6804	26013	26013	3998	3998
abstract_hamiltonians	test_hamiltonians[ham_graph-2D-triag-pbc-qubitnodes_Lx-19_Ly-19_h-0.5-linear]	0.21892041452229022	0.18271101421366134	21971	21971	80089	80089	10496	10496
abstract_hamiltonians	test_hamiltonians[ham_graph-2D-grid-nonpbc-qubitnodes_Lx-5_Ly-58_h-2-all-to-all]	0.48017439618706703	0.4768808949738741	1551	1551	9185	9185	1503	1503
abstract_hamiltonians	test_hamiltonians[ham_graph-2D-grid-nonpbc-qubitnodes_Lx-5_Ly-58_h-2-square]	0.23335642972961068	0.2269162241369486	5172	5172	22190	22190	3633	3633
abstract_hamiltonians	test_hamiltonians[ham_graph-2D-grid-nonpbc-qubitnodes_Lx-5_Ly-58_h-2-heavy-hex]	0.13374485448002815	0.12926936615258455	7128	7128	29387	29387	4288	4288
abstract_hamiltonians	test_hamiltonians[ham_graph-2D-grid-nonpbc-qubitnodes_Lx-5_Ly-58_h-2-linear]	0.15724511391350202	0.15396849598203385	5805	5805	24528	24528	3213	3213
abstract_hamiltonians	test_hamiltonians[ham_fh-graph-2D-triag-nonpbc-qubitnodes_Lx-16_Ly-16_U-4_enc-bk-all-to-all]	0.8380204988643527	0.8264354774728417	11437	11437	43131	43131	17715	17715
abstract_hamiltonians	test_hamiltonians[ham_fh-graph-2D-triag-nonpbc-qubitnodes_Lx-16_Ly-16_U-4_enc-bk-square]	0.6538245556876063	0.562076429836452	29624	29624	115089	115089	33497	33497
abstract_hamiltonians	test_hamiltonians[ham_fh-graph-2D-triag-nonpbc-qubitnodes_Lx-16_Ly-16_U-4_enc-bk-heavy-hex]	0.8590114284306765	0.7544103944674134	47021	47021	179672	179672	51445	51445
abstract_hamiltonians	test_hamiltonians[ham_fh-graph-2D-triag-nonpbc-qubitnodes_Lx-16_Ly-16_U-4_enc-bk-linear]	2.2270036954432726	2.0803204979747534	156768	156768	573070	573070	148933	148933
abstract_hamiltonians	test_hamiltonians[ham_fh-graph-1D-grid-pbc-qubitnodes_Lx-160_U-12_enc-parity-all-to-all]	0.6569545697420835	0.6644902918487787	3493	3493	14906	14906	11692	11692
abstract_hamiltonians	test_hamiltonians[ham_fh-graph-1D-grid-pbc-qubitnodes_Lx-160_U-12_enc-parity-square]	0.4826726708561182	0.4401473527153333	9950	9950	39758	39758	19773	19773
abstract_hamiltonians	test_hamiltonians[ham_fh-graph-1D-grid-pbc-qubitnodes_Lx-160_U-12_enc-parity-heavy-hex]	0.2440706193447113	0.2061822634190321	17526	17526	67681	67681	30843	30843
abstract_hamiltonians	test_hamiltonians[ham_fh-graph-1D-grid-pbc-qubitnodes_Lx-160_U-12_enc-parity-linear]	0.34574563677112263	0.2905696895904839	31891	31891	115960	115960	45738	45738
abstract_hamiltonians	test_hamiltonians[ham_graph-2D-triag-nonpbc-qubitnodes_Lx-3_Ly-160_h-0.1-all-to-all]	0.6084405910223722	0.6045239418745041	1606	1606	7893	7893	1204	1204
abstract_hamiltonians	test_hamiltonians[ham_graph-2D-triag-nonpbc-qubitnodes_Lx-3_Ly-160_h-0.1-square]	0.17243884969502687	0.15448173534657275	6347	6347	25212	25212	3350	3350
abstract_hamiltonians	test_hamiltonians[ham_graph-2D-triag-nonpbc-qubitnodes_Lx-3_Ly-160_h-0.1-heavy-hex]	0.17057585002233586	0.14915623436016695	8655	8655	33477	33477	4432	4432
abstract_hamiltonians	test_hamiltonians[ham_graph-2D-triag-nonpbc-qubitnodes_Lx-3_Ly-160_h-0.1-linear]	0.30211836751550436	0.2564301467500627	24404	24404	88757	88757	10432	10432
abstract_hamiltonians	test_hamiltonians[ham_graph-2D-grid-nonpbc-qubitnodes_Lx-19_Ly-19_h-5-all-to-all]	0.8855159962549806	0.7879564194008708	1368	1368	7147	7147	677	677
abstract_hamiltonians	test_hamiltonians[ham_graph-2D-grid-nonpbc-qubitnodes_Lx-19_Ly-19_h-5-square]	0.056496786471042365	0.05079773401743487	1368	1368	7128	7128	687	687
abstract_hamiltonians	test_hamiltonians[ham_graph-2D-grid-nonpbc-qubitnodes_Lx-19_Ly-19_h-5-heavy-hex]	0.18412703399856886	0.1603952611663512	10040	10040	38842	38842	3541	3541
abstract_hamiltonians	test_hamiltonians[ham_graph-2D-grid-nonpbc-qubitnodes_Lx-19_Ly-19_h-5-linear]	0.36277335571746033	0.31779439685245353	26897	26897	98154	98154	5101	5101
abstract_hamiltonians	test_hamiltonians[ham_graph-2D-grid-pbc-qubitnodes_Lx-2_Ly-185_h-0.5-all-to-all]	0.9524623341858387	0.8692898079752922	1665	1665	9973	9973	4361	4361
abstract_hamiltonians	test_hamiltonians[ham_graph-2D-grid-pbc-qubitnodes_Lx-2_Ly-185_h-0.5-square]	0.3012786596082151	0.29311862029135227	5295	5295	23026	23026	7052	7052
abstract_hamiltonians	test_hamiltonians[ham_graph-2D-grid-pbc-qubitnodes_Lx-2_Ly-185_h-0.5-heavy-hex]	0.15687106842441217	0.15373502245971135	8367	8367	33935	33935	9118	9118
abstract_hamiltonians	test_hamiltonians[ham_graph-2D-grid-pbc-qubitnodes_Lx-2_Ly-185_h-0.5-linear]	0.1665422453411988	0.16147125672016824	5430	5430	23226	23226	6520	6520
abstract_hamiltonians	test_hamiltonians[ham_fh-graph-2D-grid-pbc-qubitnodes_Lx-2_Ly-105_U-8_enc-bk-all-to-all]	1.7723626494407654	1.5164927951991558	5788	5788	24077	24077	5209	5209
abstract_hamiltonians	test_hamiltonians[ham_fh-graph-2D-grid-pbc-qubitnodes_Lx-2_Ly-105_U-8_enc-bk-square]	0.49594490354259807	0.4279845313479503	21049	21049	82523	82523	13979	13979
abstract_hamiltonians	test_hamiltonians[ham_fh-graph-2D-grid-pbc-qubitnodes_Lx-2_Ly-105_U-8_enc-bk-heavy-hex]	0.6012311447411776	0.5164110576733947	33903	33903	129343	129343	22096	22096
abstract_hamiltonians	test_hamiltonians[ham_fh-graph-2D-grid-pbc-qubitnodes_Lx-2_Ly-105_U-8_enc-bk-linear]	1.779276717454195	1.4510288033634424	113212	113212	409734	409734	83036	83036
abstract_hamiltonians	test_hamiltonians[ham_ash608gpia,n-160,rinst-1-all-to-all]	2.162949988618493	1.7295884378254414	2268	2268	9942	9942	381	381
abstract_hamiltonians	test_hamiltonians[ham_ash608gpia,n-160,rinst-1-square]	0.3103123353794217	0.2845082050189376	10815	10815	41849	41849	3116	3116
abstract_hamiltonians	test_hamiltonians[ham_ash608gpia,n-160,rinst-1-heavy-hex]	0.34679598671694595	0.3108903244137764	17169	17169	64907	64907	4291	4291
abstract_hamiltonians	test_hamiltonians[ham_ash608gpia,n-160,rinst-1-linear]	1.3219645656645298	1.1507734972983599	95983	95983	340761	340761	16215	16215
abstract_hamiltonians	test_hamiltonians[ham_graph-2D-grid-nonpbc-qubitnodes_Lx-4_Ly-133_h-0.1-all-to-all]	3.2564453445374966	2.4273290652781725	2781	2781	16511	16511	3231	3231
abstract_hamiltonians	test_hamiltonians[ham_graph-2D-grid-nonpbc-qubitnodes_Lx-4_Ly-133_h-0.1-square]	0.5239766724407673	0.5073307184502482	11571	11571	47741	47741	7553	7553
abstract_hamiltonians	test_hamiltonians[ham_graph-2D-grid-nonpbc-qubitnodes_Lx-4_Ly-133_h-0.1-heavy-hex]	0.28339314088225365	0.27632543817162514	12150	12150	50308	50308	8255	8255
abstract_hamiltonians	test_hamiltonians[ham_graph-2D-grid-nonpbc-qubitnodes_Lx-4_Ly-133_h-0.1-linear]	0.36016066186130047	0.3579772499700387	8337	8337	36773	36773	5979	5979
abstract_hamiltonians	test_hamiltonians[ham_graph-2D-grid-pbc-qubitnodes_Lx-4_Ly-148_h-6-all-to-all]	4.4976657927036285	3.684504821896553	2368	2368	12060	12060	3153	3153
abstract_hamiltonians	test_hamiltonians[ham_graph-2D-grid-pbc-qubitnodes_Lx-4_Ly-148_h-6-square]	0.33120872887472314	0.29886979795992374	12828	12828	50541	50541	8791	8791
abstract_hamiltonians	test_hamiltonians[ham_graph-2D-grid-pbc-qubitnodes_Lx-4_Ly-148_h-6-heavy-hex]	0.33058933603266877	0.2957412600517273	18164	18164	69590	69590	11770	11770
abstract_hamiltonians	test_hamiltonians[ham_graph-2D-grid-pbc-qubitnodes_Lx-4_Ly-148_h-6-linear]	0.4516530390828848	0.4154329268882672	20958	20958	79596	79596	14013	14013
abstract_hamiltonians	test_hamiltonians[ham_fh-graph-2D-grid-pbc-qubitnodes_Lx-5_Ly-72_U-0_enc-parity-all-to-all]	9.156773844733834	7.206165626645088	28644	28644	100970	100970	89248	89248
abstract_hamiltonians	test_hamiltonians[ham_fh-graph-2D-grid-pbc-qubitnodes_Lx-5_Ly-72_U-0_enc-parity-square]	3.784971695393324	3.783405914902687	28638	28638	101054	101054	89207	89207
abstract_hamiltonians	test_hamiltonians[ham_fh-graph-2D-grid-pbc-qubitnodes_Lx-5_Ly-72_U-0_enc-parity-heavy-hex]	18.194045804440975	16.82956657744944	135554	135554	508419	508419	264691	264691
abstract_hamiltonians	test_hamiltonians[ham_fh-graph-2D-grid-pbc-qubitnodes_Lx-5_Ly-72_U-0_enc-parity-linear]	0.49279888067394495	0.425896093249321	28694	28694	101513	101513	89521	89521
abstract_hamiltonians	test_hamiltonians[ham_graph-2D-grid-pbc-qubitnodes_Lx-4_Ly-190_h-0-all-to-all]	10.626829089596868	8.254095098003745	4560	4560	26675	26675	6653	6653
abstract_hamiltonians	test_hamiltonians[ham_graph-2D-grid-pbc-qubitnodes_Lx-4_Ly-190_h-0-square]	0.5271732900291681	0.515814395621419	19197	19197	79050	79050	14515	14515
abstract_hamiltonians	test_hamiltonians[ham_graph-2D-grid-pbc-qubitnodes_Lx-4_Ly-190_h-0-heavy-hex]	0.5427287751808763	0.5283417860046029	29784	29784	116707	116707	20796	20796
abstract_hamiltonians	test_hamiltonians[ham_graph-2D-grid-pbc-qubitnodes_Lx-4_Ly-190_h-0-linear]	0.7544319489970803	0.7405151855200529	27417	27417	108706	108706	19644	19644
abstract_hamiltonians	test_hamiltonians[ham_graph-2D-triag-nonpbc-qubitnodes_Lx-40_Ly-40_h-0.1-all-to-all]	15.002631571143866	12.768132677301764	7380	7380	43093	43093	3161	3161
abstract_hamiltonians	test_hamiltonians[ham_graph-2D-triag-nonpbc-qubitnodes_Lx-40_Ly-40_h-0.1-square]	0.8791004661470652	0.8463827921077609	31842	31842	130450	130450	14689	14689
abstract_hamiltonians	test_hamiltonians[ham_graph-2D-triag-nonpbc-qubitnodes_Lx-40_Ly-40_h-0.1-heavy-hex]	0.9090348770841956	0.876288584433496	50877	50877	198066	198066	18947	18947
abstract_hamiltonians	test_hamiltonians[ham_graph-2D-triag-nonpbc-qubitnodes_Lx-40_Ly-40_h-0.1-linear]	1.7125168778002262	1.6544057801365852	93627	93627	348241	348241	26091	26091
abstract_hamiltonians	test_hamiltonians[ham_graph-2D-grid-nonpbc-qubitnodes_Lx-5_Ly-186_h-0.5-all-to-all]	19.608970722183585	16.63974160887301	5007	5007	29617	29617	4547	4547
abstract_hamiltonians	test_hamiltonians[ham_graph-2D-grid-nonpbc-qubitnodes_Lx-5_Ly-186_h-0.5-square]	1.4539010412991047	1.420332945883274	25812	25812	104197	104197	13552	13552
abstract_hamiltonians	test_hamiltonians[ham_graph-2D-grid-nonpbc-qubitnodes_Lx-5_Ly-186_h-0.5-heavy-hex]	0.7854865379631519	0.7795810019597411	33282	33282	129749	129749	17782	17782
abstract_hamiltonians	test_hamiltonians[ham_graph-2D-grid-nonpbc-qubitnodes_Lx-5_Ly-186_h-0.5-linear]	1.032620757818222	1.0438012965023518	18066	18066	76897	76897	10007	10007
abstract_hamiltonians	test_hamiltonians[ham_graph-2D-grid-pbc-qubitnodes_Lx-5_Ly-186_h-3-all-to-all]	19.042998915538192	17.13779181614518	5580	5580	32727	32727	6524	6524
abstract_hamiltonians	test_hamiltonians[ham_graph-2D-grid-pbc-qubitnodes_Lx-5_Ly-186_h-3-square]	0.8145928122103214	0.8003011560067534	25557	25557	104618	104618	14976	14976
abstract_hamiltonians	test_hamiltonians[ham_graph-2D-grid-pbc-qubitnodes_Lx-5_Ly-186_h-3-heavy-hex]	0.856083651073277	0.8341200882568955	40311	40311	156127	156127	23529	23529
abstract_hamiltonians	test_hamiltonians[ham_graph-2D-grid-pbc-qubitnodes_Lx-5_Ly-186_h-3-linear]	1.167379567399621	1.1839481089264154	42678	42678	164212	164212	27432	27432
abstract_large	test_QASMBench_large[100-all-to-all]	0.5424274001270533	0.512272291816771	14835	14835	109394	109394	1412	1412
abstract_large	test_QASMBench_large[100-square]	1.2933903597295284	1.131842453032732	67890	67890	301826	301826	28922	28922
abstract_large	test_QASMBench_large[100-heavy-hex]	1.6688374802470207	1.3847539462149143	97404	97404	408621	408621	30286	30286
abstract_large	test_QASMBench_large[100-linear]	5.447698850184679	4.379637898877263	347676	347676	1284601	1284601	58327	58327
abstract_large	test_QASMBench_large[32-all-to-all]	0.06345140479970723	0.06113264954183251	1488	1488	11105	11105	454	454
abstract_large	test_QASMBench_large[32-square]	0.08719244397555788	0.07478424241500241	3633	3633	19165	19165	3235	3235
abstract_large	test_QASMBench_large[32-heavy-hex]	0.10145187042653561	0.08604322119869968	4959	4959	23898	23898	3139	3139
abstract_large	test_QASMBench_large[32-linear]	0.14451744992818152	0.12014161712593502	9870	9870	41132	41132	4746	4746
abstract_large	test_QASMBench_large[adder_n118-all-to-all]	0.08119662012904882	0.0810408176233371	845	845	4104	4104	1128	1128
abstract_large	test_QASMBench_large[adder_n118-square]	0.07665353201861892	0.06915614381432533	1660	1660	7405	7405	1982	1982
abstract_large	test_QASMBench_large[adder_n118-heavy-hex]	0.0513991410844028	0.04937842142369066	2313	2313	9779	9779	2873	2873
abstract_large	test_QASMBench_large[adder_n118-linear]	0.04403102584183216	0.0435993108574463	1579	1579	7176	7176	2246	2246
abstract_large	test_QASMBench_large[adder_n28-all-to-all]	0.018635148077078584	0.017274300741442178	195	195	942	942	355	355
abstract_large	test_QASMBench_large[adder_n28-square]	0.013954559134112464	0.013526351420559746	319	319	1453	1453	551	551
abstract_large	test_QASMBench_large[adder_n28-heavy-hex]	0.015190756850643083	0.014924617164069787	365	365	1638	1638	741	741
abstract_large	test_QASMBench_large[adder_n28-linear]	0.012150934827513993	0.012004925833119974	294	294	1410	1410	533	533
abstract_large	test_QASMBench_large[adder_n433-all-to-all]	1.674354575574398	1.5512908902019262	3120	3120	15322	15322	3900	3900
abstract_large	test_QASMBench_large[adder_n433-square]	0.257054391130805	0.24344557002186776	7270	7270	31725	31725	7719	7719
abstract_large	test_QASMBench_large[adder_n433-heavy-hex]	0.2420509397983551	0.23254936002194881	11546	11546	47692	47692	12925	12925
abstract_large	test_QASMBench_large[adder_n433-linear]	2.0664565563201904	2.0628905463963747	16602	16602	65961	65961	19660	19660
abstract_large	test_QASMBench_large[adder_n64-all-to-all]	0.036446893863655905	0.03526917106605002	455	455	2218	2218	674	674
abstract_large	test_QASMBench_large[adder_n64-square]	0.02733644822964797	0.02620463641850572	843	843	3838	3838	1273	1273
abstract_large	test_QASMBench_large[adder_n64-heavy-hex]	0.03024905316080108	0.02917507780449731	1003	1003	4478	4478	1539	1539
abstract_large	test_QASMBench_large[adder_n64-linear]	0.022813037503510714	0.021901024878025054	691	691	3329	3329	1030	1030
abstract_large	test_QASMBench_large[bv_n140-all-to-all]	0.3091841200366616	0.35063131464024383	72	72	1143	1143	118	118
abstract_large	test_QASMBench_large[bv_n140-square]	0.039403707577058904	0.03672344936057925	362	362	2371	2371	887	887
abstract_large	test_QASMBench_large[bv_n140-heavy-hex]	0.05482982275517363	0.052775622252374886	513	513	2891	2891	1068	1068
abstract_large	test_QASMBench_large[bv_n140-linear]	0.023217908505882536	0.023229074296216633	359	359	2796	2796	1116	1116
abstract_large	test_QASMBench_large[bv_n280-all-to-all]	1.5865689180791378	1.7933422345668077	152	152	2342	2342	219	219
abstract_large	test_QASMBench_large[bv_n280-square]	0.057279676095479064	0.056149063942333065	930	930	5687	5687	2113	2113
abstract_large	test_QASMBench_large[bv_n280-heavy-hex]	0.06946232529977957	0.06589850888121873	1507	1507	7764	7764	2991	2991
abstract_large	test_QASMBench_large[bv_n280-linear]	0.05438826027277269	0.053759668953716755	824	824	6174	6174	2471	2471
abstract_large	test_QASMBench_large[bv_n30-all-to-all]	0.01804106068782142	0.016002233710084388	18	18	257	257	36	36
abstract_large	test_QASMBench_large[bv_n30-square]	0.024475147220783117	0.023296279399547468	46	46	363	363	121	121
abstract_large	test_QASMBench_large[bv_n30-heavy-hex]	0.009059940387896441	0.008773936613185986	75	75	444	444	165	165
abstract_large	test_QASMBench_large[bv_n30-linear]	0.0063944343781592895	0.006338857628148177	62	62	534	534	206	206
abstract_large	test_QASMBench_large[bv_n70-all-to-all]	0.06586331722792238	0.06561049167066813	36	36	559	559	65	65
abstract_large	test_QASMBench_large[bv_n70-square]	0.03315016372750203	0.030740868977525017	137	137	953	953	279	279
abstract_large	test_QASMBench_large[bv_n70-heavy-hex]	0.033362594433128834	0.03137548512313515	164	164	1074	1074	411	411
abstract_large	test_QASMBench_large[bv_n70-linear]	0.010957965838976881	0.010956360550408953	151	151	1256	1256	480	480
abstract_large	test_QASMBench_large[bwt_n37-all-to-all]	15.105311673134565	14.184367761015892	604400	604400	2970897	2970897	1615901	1615901
abstract_large	test_QASMBench_large[bwt_n37-square]	32.652768624946475	30.45237799361348	1537497	1537497	6475385	6475385	2956627	2956627
abstract_large	test_QASMBench_large[bwt_n37-heavy-hex]	40.49638753943145	37.10833166912198	2026813	2026813	8170171	8170171	3631059	3631059
abstract_large	test_QASMBench_large[bwt_n37-linear]	54.63632440380752	49.7299289945513	3279186	3279186	12597888	12597888	5220790	5220790
abstract_large	test_QASMBench_large[cat_n130-all-to-all]	0.07809740519867493	0.07934434525668621	129	129	908	908	391	391
abstract_large	test_QASMBench_large[cat_n130-square]	0.014664324783328651	0.014146631745540577	129	129	908	908	391	391
abstract_large	test_QASMBench_large[cat_n130-heavy-hex]	0.025648688467649314	0.022917730940712824	129	129	908	908	391	391
abstract_large	test_QASMBench_large[cat_n130-linear]	0.01057985892681324	0.010384481444600083	129	129	908	908	391	391
abstract_large	test_QASMBench_large[cat_n260-all-to-all]	0.3074051784351468	0.31961622554808855	259	259	1818	1818	781	781
abstract_large	test_QASMBench_large[cat_n260-square]	0.022880699658809706	0.022376125264498923	259	259	1818	1818	781	781
abstract_large	test_QASMBench_large[cat_n260-heavy-hex]	8.923488389700651	6.630674144253135	3001	3001	11396	11396	5402	5402
abstract_large	test_QASMBench_large[cat_n260-linear]	0.016236757985868697	0.01612558096115078	259	259	1818	1818	781	781
abstract_large	test_QASMBench_large[cat_n35-all-to-all]	0.015427891588346525	0.014051011697926991	34	34	243	243	106	106
abstract_large	test_QASMBench_large[cat_n35-square]	0.008315885630555643	0.008216352290695622	34	34	243	243	106	106
abstract_large	test_QASMBench_large[cat_n35-heavy-hex]	0.009599392680395948	0.009303413641949495	34	34	243	243	106	106
abstract_large	test_QASMBench_large[cat_n35-linear]	0.00499290271024955	0.004952474217352972	34	34	243	243	106	106
abstract_large	test_QASMBench_large[cat_n65-all-to-all]	0.02707688158025613	0.026044312129287345	64	64	453	453	196	196
abstract_large	test_QASMBench_large[cat_n65-square]	0.012974834452344947	0.012070537294919899	64	64	453	453	196	196
abstract_large	test_QASMBench_large[cat_n65-heavy-hex]	0.014482945954399322	0.013651223161390849	64	64	453	453	196	196
abstract_large	test_QASMBench_large[cat_n65-linear]	0.0066760043994012015	0.006737691642594163	64	64	453	453	196	196
abstract_large	test_QASMBench_large[cc_n151-all-to-all]	1.2811474744230509	1.2861340455710888	150	150	1067	1067	462	462
abstract_large	test_QASMBench_large[cc_n151-square]	1.4570102095603943	1.4489383324980736	740	740	3642	3642	2122	2122
abstract_large	test_QASMBench_large[cc_n151-heavy-hex]	1.5753814354538918	1.4085370805114508	1341	1341	5788	5788	3149	3149
abstract_large	test_QASMBench_large[cc_n151-linear]	1.4553210735321045	1.47382858581841	338	338	2300	2300	1365	1365
abstract_large	test_QASMBench_large[cc_n301-all-to-all]	5.119953045621514	4.983511790633202	300	300	2117	2117	912	912
abstract_large	test_QASMBench_large[cc_n301-square]	5.696622570976615	5.520559519529343	1682	1682	8197	8197	4485	4485
abstract_large	test_QASMBench_large[cc_n301-heavy-hex]	5.85295937769115	5.548821507021785	3564	3564	15445	15445	7982	7982
abstract_large	test_QASMBench_large[cc_n301-linear]	5.5475175101310015	5.4825517274439335	665	665	4518	4518	2689	2689
abstract_large	test_QASMBench_large[cc_n32-all-to-all]	0.09828164097335604	0.09873351827263832	31	31	232	232	105	105
abstract_large	test_QASMBench_large[cc_n32-square]	0.13181667091945806	0.12877739034593105	96	96	487	487	287	287
abstract_large	test_QASMBench_large[cc_n32-heavy-hex]	0.1234682680418094	0.12391838850453496	146	146	650	650	393	393
abstract_large	test_QASMBench_large[cc_n32-linear]	0.11533328476879331	0.1148986021677653	64	64	431	431	259	259
abstract_large	test_QASMBench_large[cc_n64-all-to-all]	0.27583659859374166	0.27371743926778436	63	63	456	456	201	201
abstract_large	test_QASMBench_large[cc_n64-square]	0.34580792548755807	0.3398333918303251	227	227	1193	1193	698	698
abstract_large	test_QASMBench_large[cc_n64-heavy-hex]	0.38415850202242535	0.3889375987152259	416	416	1883	1883	1102	1102
abstract_large	test_QASMBench_large[cc_n64-linear]	0.3422986250370741	0.33519868552684784	131	131	923	923	550	550
abstract_large	test_QASMBench_large[dnn_n33-all-to-all]	0.033502472757265485	0.031187087413854897	172	172	1088	1088	312	312
abstract_large	test_QASMBench_large[dnn_n33-square]	0.03177667409181595	0.02956353752490352	292	292	1502	1502	454	454
abstract_large	test_QASMBench_large[dnn_n33-heavy-hex]	0.03615591029769608	0.033386151035947186	382	382	1845	1845	646	646
abstract_large	test_QASMBench_large[dnn_n33-linear]	0.03262464168171088	0.029844848603448448	352	352	1848	1848	567	567
abstract_large	test_QASMBench_large[dnn_n51-all-to-all]	0.052385313044253146	0.048656207376292775	271	271	1740	1740	466	466
abstract_large	test_QASMBench_large[dnn_n51-square]	0.06317837634945617	0.0584245449041619	579	579	2856	2856	854	854
abstract_large	test_QASMBench_large[dnn_n51-heavy-hex]	0.04955002443776244	0.045856638042175255	756	756	3557	3557	1058	1058
abstract_large	test_QASMBench_large[dnn_n51-linear]	0.04766926491125063	0.0440332679806844	571	571	2976	2976	920	920
abstract_large	test_QASMBench_large[ghz_n127-all-to-all]	0.06933723775936025	0.06908390511359487	126	126	887	887	382	382
abstract_large	test_QASMBench_large[ghz_n127-square]	0.014928059847052418	0.014244787728608543	126	126	887	887	382	382
abstract_large	test_QASMBench_large[ghz_n127-heavy-hex]	0.025800225301048696	0.022524001739091342	126	126	887	887	382	382
abstract_large	test_QASMBench_large[ghz_n127-linear]	0.010521192306085773	0.010789370066241213	126	126	887	887	382	382
abstract_large	test_QASMBench_large[ghz_state_n255-all-to-all]	0.2877737358212471	0.2933857450261712	254	254	1783	1783	766	766
abstract_large	test_QASMBench_large[ghz_state_n255-square]	0.1276024526450783	0.124651008984074	254	254	1783	1783	766	766
abstract_large	test_QASMBench_large[ghz_state_n255-heavy-hex]	7.126900561153889	6.521595062687993	2879	2879	10929	10929	5168	5168
abstract_large	test_QASMBench_large[ghz_state_n255-linear]	0.016003639705605425	0.015661220670792095	254	254	1783	1783	766	766
abstract_large	test_QASMBench_large[ghz_n40-all-to-all]	0.016863291524350642	0.01601024214473982	39	39	278	278	121	121
abstract_large	test_QASMBench_large[ghz_n40-square]	0.01014896543656892	0.00965991565117649	39	39	278	278	121	121
abstract_large	test_QASMBench_large[ghz_n40-heavy-hex]	0.00982431799401434	0.00954763318101565	39	39	278	278	121	121
abstract_large	test_QASMBench_large[ghz_n40-linear]	0.005282464291835796	0.005203695353623983	39	39	278	278	121	121
abstract_large	test_QASMBench_large[ghz_n78-all-to-all]	0.03263001811915431	0.03169927758074576	77	77	544	544	235	235
abstract_large	test_QASMBench_large[ghz_n78-square]	0.010740499985351992	0.010511543217074612	77	77	544	544	235	235
abstract_large	test_QASMBench_large[ghz_n78-heavy-hex]	0.015109402758459891	0.014237929667745317	77	77	544	544	235	235
abstract_large	test_QASMBench_large[ghz_n78-linear]	0.007698175611726025	0.007577837850417822	77	77	544	544	235	235
abstract_large	test_QASMBench_large[ising_n34-all-to-all]	0.01554873582878799	0.014425893057731615	66	66	443	443	22	22
abstract_large	test_QASMBench_large[ising_n34-square]	0.010262147852718229	0.009266428407971506	66	66	436	436	21	21
abstract_large	test_QASMBench_large[ising_n34-heavy-hex]	0.011530558640758196	0.01027995027085342	66	66	441	441	22	22
abstract_large	test_QASMBench_large[ising_n34-linear]	0.006837803114961077	0.00592629482629914	66	66	446	446	21	21
abstract_large	test_QASMBench_large[ising_n42-all-to-all]	0.019129079885103487	0.017180038872977782	82	82	550	550	22	22
abstract_large	test_QASMBench_large[ising_n42-square]	0.01208293969821499	0.010713107310808621	82	82	556	556	22	22
abstract_large	test_QASMBench_large[ising_n42-heavy-hex]	0.012019254514072314	0.01079976442014123	82	82	548	548	22	22
abstract_large	test_QASMBench_large[ising_n42-linear]	0.007527159271581519	0.006556530664331161	82	82	556	556	22	22
abstract_large	test_QASMBench_large[ising_n420-all-to-all]	1.3794059343636036	1.3716932870447636	838	838	5632	5632	23	23
abstract_large	test_QASMBench_large[ising_n420-square]	0.04371592353867448	0.03762347002824148	838	838	5587	5587	22	22
abstract_large	test_QASMBench_large[ising_n420-heavy-hex]	0.05667067598551512	0.050778692588210106	838	838	5620	5620	23	23
abstract_large	test_QASMBench_large[ising_n420-linear]	0.036496034158127647	0.03169265727046877	838	838	5598	5598	23	23
abstract_large	test_QASMBench_large[ising_n66-all-to-all]	0.029072892240115573	0.026417886360715598	130	130	870	870	22	22
abstract_large	test_QASMBench_large[ising_n66-square]	0.01605409497426728	0.01388513218557489	130	130	880	880	23	23
abstract_large	test_QASMBench_large[ising_n66-heavy-hex]	0.017990669588847406	0.015601701210023926	130	130	885	885	23	23
abstract_large	test_QASMBench_large[ising_n66-linear]	0.010028261574916542	0.008737294635641466	130	130	874	874	22	22
abstract_large	test_QASMBench_large[ising_n98-all-to-all]	0.048103862220332735	0.04557705182759535	194	194	1307	1307	22	22
abstract_large	test_QASMBench_large[ising_n98-square]	0.015581548908504389	0.013707384926037512	194	194	1294	1294	22	22
abstract_large	test_QASMBench_large[ising_n98-heavy-hex]	3.1192984264343977	2.8406682647764683	590	590	2697	2697	120	120
abstract_large	test_QASMBench_large[ising_n98-linear]	0.013462389319919157	0.011911577462584158	194	194	1312	1312	23	23
abstract_large	test_QASMBench_large[knn_129-all-to-all]	0.08455240384986003	0.08353107546766599	448	448	2541	2541	1092	1092
abstract_large	test_QASMBench_large[knn_129-square]	0.06782379804644734	0.06445982737932354	1307	1307	5606	5606	2506	2506
abstract_large	test_QASMBench_large[knn_129-heavy-hex]	0.06766790909071764	0.0647218709345907	1651	1651	6818	6818	3195	3195
abstract_large	test_QASMBench_large[knn_129-linear]	0.04417222276653932	0.04045096881687641	831	831	4044	4044	2197	2197
abstract_large	test_QASMBench_large[knn_n31-all-to-all]	0.014373346739871935	0.013718218367168869	105	105	602	602	272	272
abstract_large	test_QASMBench_large[knn_n31-square]	0.012290091346949339	0.012108816924255068	210	210	948	948	496	496
abstract_large	test_QASMBench_large[knn_n31-heavy-hex]	0.019280575371036928	0.018644598787123302	269	269	1099	1099	621	621
abstract_large	test_QASMBench_large[knn_n31-linear]	0.01038843946237313	0.01037458564793126	171	171	915	915	479	479
abstract_large	test_QASMBench_large[knn_341-all-to-all]	0.7466953108087182	0.7298409175127745	1190	1190	6890	6890	2988	2988
abstract_large	test_QASMBench_large[knn_341-square]	0.2014263618737459	0.18027706692616144	3495	3495	14862	14862	6591	6591
abstract_large	test_QASMBench_large[knn_341-heavy-hex]	0.18396383182456097	0.17226227776457867	5343	5343	21419	21419	9319	9319
abstract_large	test_QASMBench_large[knn_341-linear]	1.7465663719922304	1.7315429095178843	3615	3615	15717	15717	7747	7747
abstract_large	test_QASMBench_large[knn_n41-all-to-all]	0.01959498222990363	0.01823066602296689	140	140	819	819	357	357
abstract_large	test_QASMBench_large[knn_n41-square]	0.026042608795939264	0.023059358473780545	291	291	1357	1357	642	642
abstract_large	test_QASMBench_large[knn_n41-heavy-hex]	0.017307219063413554	0.016809774464682528	372	372	1630	1630	913	913
abstract_large	test_QASMBench_large[knn_n41-linear]	0.012648757958373466	0.012435966183419352	228	228	1232	1232	620	620
abstract_large	test_QASMBench_large[knn_n67-all-to-all]	0.03230003900825977	0.030268386472016573	231	231	1331	1331	584	584
abstract_large	test_QASMBench_large[knn_n67-square]	0.04550285205583681	0.040511545464396476	578	578	2532	2532	1219	1219
abstract_large	test_QASMBench_large[knn_n67-heavy-hex]	0.029714169459683554	0.028699990308710507	710	710	2963	2963	1532	1532
abstract_large	test_QASMBench_large[knn_n67-linear]	0.018746756052352348	0.018591294720492983	393	393	2046	2046	1052	1052
abstract_large	test_QASMBench_large[multiplier_n350-all-to-all]	4.168531974777579	3.8555172942578793	145880	145880	689915	689915	288935	288935
abstract_large	test_QASMBench_large[multiplier_n350-square]	8.344494452700019	7.717428909614682	431215	431215	1729298	1729298	557166	557166
abstract_large	test_QASMBench_large[multiplier_n350-heavy-hex]	10.827933710068464	9.859202306717634	585014	585014	2297135	2297135	694850	694850
abstract_large	test_QASMBench_large[multiplier_n350-linear]	16.287157272920012	12.79682101495564	1029644	1029644	3851974	3851974	918533	918533
abstract_large	test_QASMBench_large[multiplier_n400-all-to-all]	5.7044359408319	5.3199136182665825	190720	190720	898802	898802	376823	376823
abstract_large	test_QASMBench_large[multiplier_n400-square]	11.58762171678245	10.773558216169477	567778	567778	2287775	2287775	738395	738395
abstract_large	test_QASMBench_large[multiplier_n400-heavy-hex]	14.258997665718198	12.95773147419095	761398	761398	3001942	3001942	900192	900192
abstract_large	test_QASMBench_large[multiplier_n400-linear]	21.667367724701762	16.514923360198736	1357932	1357932	5097344	5097344	1211862	1211862
abstract_large	test_QASMBench_large[multiplier_n45-all-to-all]	0.060559596051461995	0.057945967268417865	2286	2286	10627	10627	4516	4516
abstract_large	test_QASMBench_large[multiplier_n45-square]	0.08090085851458403	0.07939827628433704	5050	5050	21583	21583	7982	7982
abstract_large	test_QASMBench_large[multiplier_n45-heavy-hex]	0.08387980810724772	0.08077837584110406	5995	5995	24751	24751	9285	9285
abstract_large	test_QASMBench_large[multiplier_n45-linear]	0.09754410369152372	0.09437003494663672	7648	7648	31209	31209	9992	9992
abstract_large	test_QASMBench_large[multiplier_n75-all-to-all]	0.14699689831052506	0.1403789860861642	6510	6510	30799	30799	13020	13020
abstract_large	test_QASMBench_large[multiplier_n75-square]	0.25912935053929687	0.22226566411554813	15790	15790	65412	65412	24130	24130
abstract_large	test_QASMBench_large[multiplier_n75-heavy-hex]	0.2830258794128895	0.2403543759137392	18967	18967	77757	77757	27105	27105
abstract_large	test_QASMBench_large[multiplier_n75-linear]	0.29255494102835655	0.2922358294017613	27110	27110	106665	106665	31414	31414
abstract_large	test_QASMBench_large[qft_n160-all-to-all]	0.30914672603830695	0.27559301955625415	4270	4270	19137	19137	2360	2360
abstract_large	test_QASMBench_large[qft_n160-square]	0.2688178517855704	0.23176922313869	12992	12992	54377	54377	9578	9578
abstract_large	test_QASMBench_large[qft_n160-heavy-hex]	0.26697681890800595	0.22495299577713013	14606	14606	65125	65125	7653	7653
abstract_large	test_QASMBench_large[qft_n160-linear]	0.505202847532928	0.41189704835414886	47880	47880	180853	180853	23928	23928
abstract_large	test_QASMBench_large[qft_n29-all-to-all]	0.03219514526426792	0.02858081060860838	602	602	2708	2708	408	408
abstract_large	test_QASMBench_large[qft_n29-square]	0.03088528524723745	0.02636777428356377	1259	1259	5487	5487	1176	1176
abstract_large	test_QASMBench_large[qft_n29-heavy-hex]	0.035013931803405285	0.029620936366193222	1311	1311	6577	6577	908	908
abstract_large	test_QASMBench_large[qft_n29-linear]	0.030820986977027308	0.02593449807088626	1339	1339	6532	6532	935	935
abstract_large	test_QASMBench_large[qft_n320-all-to-all]	0.9893310237675905	0.9747463557869196	8750	8750	38951	38951	4730	4730
abstract_large	test_QASMBench_large[qft_n320-square]	0.6167518310248852	0.5137732168659568	29324	29324	123088	123088	20750	20750
abstract_large	test_QASMBench_large[qft_n320-heavy-hex]	0.6840297495946288	0.5732889454811811	40100	40100	163989	163989	19345	19345
abstract_large	test_QASMBench_large[qft_n320-linear]	2.045020392164588	1.8438623696565628	181247	181247	668810	668810	111921	111921
abstract_large	test_QASMBench_large[qft_n63-all-to-all]	0.07280986636344876	0.06611525329450767	1554	1554	6864	6864	905	905
abstract_large	test_QASMBench_large[qft_n63-square]	0.07982716104015708	0.0686059057712555	4015	4015	16892	16892	3611	3611
abstract_large	test_QASMBench_large[qft_n63-heavy-hex]	0.10179109759628772	0.08740761953716476	4240	4240	19759	19759	2635	2635
abstract_large	test_QASMBench_large[qft_n63-linear]	0.10910490341484547	0.08976687941079338	8052	8052	33023	33023	3231	3231
abstract_large	test_QASMBench_large[qugan_n111-all-to-all]	0.1610505354280273	0.15831811322520176	601	601	3847	3847	979	979
abstract_large	test_QASMBench_large[qugan_n111-square]	0.1496768474046673	0.14312531532985823	1609	1609	7714	7714	2011	2011
abstract_large	test_QASMBench_large[qugan_n111-heavy-hex]	0.14648667004491603	0.13936438271775842	2015	2015	9162	9162	2610	2610
abstract_large	test_QASMBench_large[qugan_n111-linear]	0.13846985782895768	0.1341514466330409	1253	1253	6503	6503	1827	1827
abstract_large	test_QASMBench_large[qugan_n39-all-to-all]	0.054849872463627866	0.053442652092168204	205	205	1317	1317	355	355
abstract_large	test_QASMBench_large[qugan_n39-square]	0.05788441116197242	0.05455510435920013	405	405	2076	2076	704	704
abstract_large	test_QASMBench_large[qugan_n39-heavy-hex]	0.05296826036646962	0.05236411169171333	516	516	2460	2460	821	821
abstract_large	test_QASMBench_large[qugan_n39-linear]	0.052823638916015624	0.05035065362850825	435	435	2253	2253	696	696
abstract_large	test_QASMBench_large[qugan_n395-all-to-all]	1.5563684217631817	1.4962819572538137	2163	2163	13837	13837	3454	3454
abstract_large	test_QASMBench_large[qugan_n395-square]	0.5927495453506708	0.5513181835412979	7593	7593	34237	34237	7886	7886
abstract_large	test_QASMBench_large[qugan_n395-heavy-hex]	0.5874431282281876	0.5472181905061007	11806	11806	49389	49389	10009	10009
abstract_large	test_QASMBench_large[qugan_n395-linear]	2.082098364830017	2.056436249986291	9144	9144	39713	39713	9598	9598
abstract_large	test_QASMBench_large[qugan_n71-all-to-all]	0.09933373555541039	0.1037709692493081	381	381	2451	2451	646	646
abstract_large	test_QASMBench_large[qugan_n71-square]	0.09600059942088345	0.09181999787688255	930	930	4592	4592	1270	1270
abstract_large	test_QASMBench_large[qugan_n71-heavy-hex]	0.0976976377889514	0.09321028756147082	1162	1162	5425	5425	1446	1446
abstract_large	test_QASMBench_large[qugan_n71-linear]	0.0907230619341135	0.08770331398894389	797	797	4145	4145	1157	1157
abstract_large	test_QASMBench_large[square_root_n45-all-to-all]	0.9651269596070051	0.9562998265028	54151	54151	267018	267018	148771	148771
abstract_large	test_QASMBench_large[square_root_n45-square]	2.748721346259117	2.2641996759921312	168177	168177	697627	697627	305108	305108
abstract_large	test_QASMBench_large[square_root_n45-heavy-hex]	2.8078726958483458	2.8309206254780293	220459	220459	875646	875646	380393	380393
abstract_large	test_QASMBench_large[square_root_n45-linear]	3.7208536751568317	3.37748659029603	296286	296286	1160505	1160505	488429	488429
abstract_large	test_QASMBench_large[square_root_n60-all-to-all]	9.92861588485539	10.016242418438196	415123	415123	2066911	2066911	1139186	1139186
abstract_large	test_QASMBench_large[square_root_n60-square]	27.149083176627755	21.82996564731002	1413498	1413498	5713245	5713245	2429432	2429432
abstract_large	test_QASMBench_large[square_root_n60-heavy-hex]	34.6018226146698	27.500892026349902	1962518	1962518	7668073	7668073	3130159	3130159
abstract_large	test_QASMBench_large[square_root_n60-linear]	48.79940818063915	37.23562711663544	3284113	3284113	12111179	12111179	4904648	4904648
abstract_large	test_QASMBench_large[swap_test_n115-all-to-all]	0.07386247720569372	0.0724819179624319	399	399	2572	2572	1014	1014
abstract_large	test_QASMBench_large[swap_test_n115-square]	0.08383747143670917	0.07060907110571861	1008	1008	4608	4608	2118	2118
abstract_large	test_QASMBench_large[swap_test_n115-heavy-hex]	0.053898640957317855	0.047675288367000496	1321	1321	5564	5564	2739	2739
abstract_large	test_QASMBench_large[swap_test_n115-linear]	0.037374894583114875	0.03452909917666994	709	709	3690	3690	1898	1898
abstract_large	test_QASMBench_large[swap_test_n361-all-to-all]	0.8913621352985501	0.8413296397775412	1260	1260	8116	8116	3153	3153
abstract_large	test_QASMBench_large[swap_test_n361-square]	0.22372022308409215	0.2100665982812643	4773	4773	20031	20031	8536	8536
abstract_large	test_QASMBench_large[swap_test_n361-heavy-hex]	0.1956117240091165	0.18404761453469595	6104	6104	24906	24906	10804	10804
abstract_large	test_QASMBench_large[swap_test_n361-linear]	2.0797376334667206	2.0796531829982996	3826	3826	16895	16895	8223	8223
abstract_large	test_QASMBench_large[swap_test_n41-all-to-all]	0.01901355227631218	0.01834228835426844	140	140	897	897	359	359
abstract_large	test_QASMBench_large[swap_test_n41-square]	0.025903573259711266	0.023366902456727137	291	291	1422	1422	644	644
abstract_large	test_QASMBench_large[swap_test_n41-heavy-hex]	0.017292450381708995	0.01680544201683785	372	372	1706	1706	914	914
abstract_large	test_QASMBench_large[swap_test_n41-linear]	0.012712993286550045	0.012426701565719631	228	228	1247	1247	622	622
abstract_large	test_QASMBench_large[swap_test_n83-all-to-all]	0.042009800591546555	0.04157272485705713	287	287	1876	1876	741	741
abstract_large	test_QASMBench_large[swap_test_n83-square]	0.05152963977307081	0.0469912811267105	678	678	3013	3013	1482	1482
abstract_large	test_QASMBench_large[swap_test_n83-heavy-hex]	0.03844930245368569	0.03682579672722905	948	948	4078	4078	2084	2084
abstract_large	test_QASMBench_large[swap_test_n83-linear]	0.02326662674368847	0.022949307098646055	501	501	2620	2620	1340	1340
abstract_large	test_QASMBench_large[vqe_uccsd_n28-all-to-all]	7.350225714966655	6.637752478942275	234574	234574	859777	859777	715272	715272
abstract_large	test_QASMBench_large[vqe_uccsd_n28-square]	14.302029181271791	11.981128171086311	276380	276380	1076057	1076057	803046	803046
abstract_large	test_QASMBench_large[vqe_uccsd_n28-heavy-hex]	19.520393515005708	17.53271127678454	362326	362326	1487677	1487677	1003334	1003334
abstract_large	test_QASMBench_large[vqe_uccsd_n28-linear]	9.99259920977056	9.296317040920258	275504	275504	1014124	1014124	791091	791091
abstract_large	test_QASMBench_large[wstate_n118-all-to-all]	0.06427481258288026	0.06333359086420387	234	234	1739	1739	549	549
abstract_large	test_QASMBench_large[wstate_n118-square]	0.015251370324265389	0.014747847774715134	234	234	1733	1733	545	545
abstract_large	test_QASMBench_large[wstate_n118-heavy-hex]	0.026017318526282907	0.02393313208594918	234	234	1726	1726	541	541
abstract_large	test_QASMBench_large[wstate_n118-linear]	0.012558317513434917	0.012237164502342543	234	234	1736	1736	548	548
abstract_large	test_QASMBench_large[wstate_n36-all-to-all]	0.016268721705333132	0.015485105864130533	70	70	519	519	169	169
abstract_large	test_QASMBench_large[wstate_n36-square]	0.00903150716934491	0.008785197660992188	70	70	517	517	169	169
abstract_large	test_QASMBench_large[wstate_n36-heavy-hex]	0.010428682187611752	0.00986722631379962	70	70	520	520	171	171
abstract_large	test_QASMBench_large[wstate_n36-linear]	0.00603518259034764	0.005919528188195057	70	70	523	523	166	166
abstract_large	test_QASMBench_large[wstate_n380-all-to-all]	0.9845443423837423	0.9260859051719308	758	758	5574	5574	1719	1719
abstract_large	test_QASMBench_large[wstate_n380-square]	0.03281688783317804	0.03162983053874585	758	758	5605	5605	1723	1723
abstract_large	test_QASMBench_large[wstate_n380-heavy-hex]	6.825634783133864	6.3312018774449825	8395	8395	31836	31836	7402	7402
abstract_large	test_QASMBench_large[wstate_n380-linear]	0.027859966616545405	0.026911039060602587	758	758	5599	5599	1723	1723
abstract_large	test_QASMBench_large[wstate_n76-all-to-all]	0.033033587038517	0.03161939780693501	150	150	1109	1109	354	354
abstract_large	test_QASMBench_large[wstate_n76-square]	0.012150979106440956	0.0117928919615224	150	150	1119	1119	353	353
abstract_large	test_QASMBench_large[wstate_n76-heavy-hex]	0.015784554688607233	0.014586113308641043	150	150	1124	1124	356	356
abstract_large	test_QASMBench_large[wstate_n76-linear]	0.009345233757048845	0.009061628402698607	150	150	1123	1123	354	354
abstract_medium	test_QASMBench_medium[bigadder_n18-all-to-all]	0.013734565657931705	0.013138982032736142	130	130	629	629	318	318
abstract_medium	test_QASMBench_medium[bigadder_n18-square]	0.011188817391585972	0.010922024555101589	201	201	932	932	432	432
abstract_medium	test_QASMBench_medium[bigadder_n18-heavy-hex]	0.010005589250637137	0.009875211981125176	218	218	987	987	498	498
abstract_medium	test_QASMBench_medium[bigadder_n18-linear]	0.009918563185553802	0.009742577611417561	228	228	1057	1057	584	584
abstract_medium	test_QASMBench_medium[bv_n14-all-to-all]	0.005860227707307786	0.005688916175411298	13	13	120	120	28	28
abstract_medium	test_QASMBench_medium[bv_n14-square]	0.005072049153525205	0.005050630454038609	27	27	198	198	75	75
abstract_medium	test_QASMBench_medium[bv_n14-heavy-hex]	0.005227335415144063	0.005211521391615723	40	40	219	219	96	96
abstract_medium	test_QASMBench_medium[bv_n14-linear]	0.00485911684926976	0.004790483709132555	24	24	244	244	91	91
abstract_medium	test_QASMBench_medium[bv_n19-all-to-all]	0.007338961471731846	0.007218653096281218	18	18	162	162	33	33
abstract_medium	test_QASMBench_medium[bv_n19-square]	0.013971690540060852	0.013843757593456437	43	43	287	287	105	105
abstract_medium	test_QASMBench_medium[bv_n19-heavy-hex]	0.005618599924043967	0.005586309142170414	72	72	368	368	163	163
abstract_medium	test_QASMBench_medium[bv_n19-linear]	0.005310291847264444	0.005287317717871206	34	34	336	336	118	118
abstract_medium	test_QASMBench_medium[bwt_n21-all-to-all]	5.791783789172769	5.721629627048969	169200	169200	828075	828075	428309	428309
abstract_medium	test_QASMBench_medium[bwt_n21-square]	8.037311045452952	7.451552940532565	395444	395444	1661401	1661401	755106	755106
abstract_medium	test_QASMBench_medium[bwt_n21-heavy-hex]	10.502523580566049	9.73432738147676	527050	527050	2217154	2217154	972598	972598
abstract_medium	test_QASMBench_medium[bwt_n21-linear]	12.968449300155044	10.091580776497722	805890	805890	3135448	3135448	1345578	1345578
abstract_medium	test_QASMBench_medium[cat_state_n22-all-to-all]	0.010599823118272152	0.009759414779103321	21	21	152	152	67	67
abstract_medium	test_QASMBench_medium[cat_state_n22-square]	0.007884763396130158	0.007689944586701809	21	21	152	152	67	67
abstract_medium	test_QASMBench_medium[cat_state_n22-heavy-hex]	0.008418628847045181	0.008377648126639303	21	21	152	152	67	67
abstract_medium	test_QASMBench_medium[cat_state_n22-linear]	0.004170335318266818	0.004108943774000458	21	21	152	152	67	67
abstract_medium	test_QASMBench_medium[cc_n12-all-to-all]	0.0266890191031914	0.026386835146695375	11	11	88	88	43	43
abstract_medium	test_QASMBench_medium[cc_n12-square]	0.03171635653463102	0.03213492950255221	23	23	136	136	78	78
abstract_medium	test_QASMBench_medium[cc_n12-heavy-hex]	0.031514776588389366	0.032056942469242844	30	30	165	165	99	99
abstract_medium	test_QASMBench_medium[cc_n12-linear]	0.03207952046068385	0.03257746947929263	20	20	155	155	93	93
abstract_medium	test_QASMBench_medium[dnn_n16-all-to-all]	0.012310207389840266	0.011787854972180356	128	128	1011	1011	80	80
abstract_medium	test_QASMBench_medium[dnn_n16-square]	0.011031954549252987	0.010849257554398493	128	128	1012	1012	80	80
abstract_medium	test_QASMBench_medium[dnn_n16-heavy-hex]	0.008944058325141668	0.007742378582949178	128	128	1010	1010	80	80
abstract_medium	test_QASMBench_medium[dnn_n16-linear]	0.011390099853829102	0.009998923803077025	233	233	1471	1471	128	128
abstract_medium	test_QASMBench_medium[factor247_n15-all-to-all]	8.057907104492188	6.77659697830677	267223	267223	1259237	1259237	928867	928867
abstract_medium	test_QASMBench_medium[factor247_n15-square]	11.219453001394868	8.821590134873986	392552	392552	1826566	1826566	1203239	1203239
abstract_medium	test_QASMBench_medium[factor247_n15-heavy-hex]	11.194686867296696	9.124487552791834	392914	392914	1762385	1762385	1195588	1195588
abstract_medium	test_QASMBench_medium[factor247_n15-linear]	12.09382813796401	9.448220418766141	422910	422910	2018731	2018731	1248167	1248167
abstract_medium	test_QASMBench_medium[gcm_h6-all-to-all]	0.07523415091314486	0.07281948812305927	528	528	3088	3088	2056	2056
abstract_medium	test_QASMBench_medium[gcm_h6-square]	0.07539190205612353	0.07178517915308476	771	771	4332	4332	2695	2695
abstract_medium	test_QASMBench_medium[gcm_h6-heavy-hex]	0.07515025032418114	0.07210973956223045	764	764	4101	4101	2674	2674
abstract_medium	test_QASMBench_medium[gcm_h6-linear]	0.07540531469775098	0.07112538181245327	834	834	4417	4417	2754	2754
abstract_medium	test_QASMBench_medium[ghz_state_n23-all-to-all]	0.010299027836679117	0.00959560310222068	22	22	159	159	70	70
abstract_medium	test_QASMBench_medium[ghz_state_n23-square]	0.007871848332066821	0.007727886272864488	22	22	159	159	70	70
abstract_medium	test_QASMBench_medium[ghz_state_n23-heavy-hex]	0.008674698727934256	0.008470356693399734	22	22	159	159	70	70
abstract_medium	test_QASMBench_medium[ghz_state_n23-linear]	0.00435516366547945	0.004194207977326144	22	22	159	159	70	70
abstract_medium	test_QASMBench_medium[ising_n26-all-to-all]	0.01297986979124608	0.011147305013590984	50	50	332	332	21	21
abstract_medium	test_QASMBench_medium[ising_n26-square]	0.010912074107262823	0.009790829872501265	50	50	329	329	21	21
abstract_medium	test_QASMBench_medium[ising_n26-heavy-hex]	0.010635972125353395	0.009438107141627456	50	50	335	335	22	22
abstract_medium	test_QASMBench_medium[ising_n26-linear]	0.006289455028164466	0.005210443266800472	50	50	336	336	21	21
abstract_medium	test_QASMBench_medium[knn_n25-all-to-all]	0.012257539517717598	0.011663192793367857	84	84	509	509	227	227
abstract_medium	test_QASMBench_medium[knn_n25-square]	0.00940123099358158	0.009240661773386352	155	155	691	691	372	372
abstract_medium	test_QASMBench_medium[knn_n25-heavy-hex]	0.02024860505242737	0.019673171471439155	209	209	912	912	531	531
abstract_medium	test_QASMBench_medium[knn_n25-linear]	0.009242168979121829	0.009148104994926812	134	134	719	719	374	374
abstract_medium	test_QASMBench_medium[multiplier_n15-all-to-all]	0.015112746181705642	0.01463969187303023	222	222	1049	1049	494	494
abstract_medium	test_QASMBench_medium[multiplier_n15-square]	0.01234379303577828	0.012068249611184	390	390	1735	1735	750	750
abstract_medium	test_QASMBench_medium[multiplier_n15-heavy-hex]	0.012848565501994208	0.012440855232759928	427	427	1908	1908	840	840
abstract_medium	test_QASMBench_medium[multiplier_n15-linear]	0.012786384478404925	0.012577987369149923	482	482	2117	2117	818	818
abstract_medium	test_QASMBench_medium[multiply_n13-all-to-all]	0.009792798571288586	0.009379461141569274	40	40	214	214	99	99
abstract_medium	test_QASMBench_medium[multiply_n13-square]	0.00654817539218225	0.006449516902261592	59	59	314	314	139	139
abstract_medium	test_QASMBench_medium[multiply_n13-heavy-hex]	0.006701394385244284	0.0065663050914156265	79	79	384	384	200	200
abstract_medium	test_QASMBench_medium[multiply_n13-linear]	0.006540418615111628	0.0063608249343217235	101	101	429	429	205	205
abstract_medium	test_QASMBench_medium[qec9xz_n17-all-to-all]	0.009011141888730161	0.00856802380124552	32	32	165	165	28	28
abstract_medium	test_QASMBench_medium[qec9xz_n17-square]	0.0069197487659179244	0.006870310782021239	68	68	309	309	77	77
abstract_medium	test_QASMBench_medium[qec9xz_n17-heavy-hex]	0.005854317918419838	0.005860843459922302	100	100	423	423	132	132
abstract_medium	test_QASMBench_medium[qec9xz_n17-linear]	0.006190601427922186	0.006102811766322702	133	133	573	573	122	122
abstract_medium	test_QASMBench_medium[qf21_n15-all-to-all]	0.01216743232273474	0.011624610329839006	115	115	616	616	386	386
abstract_medium	test_QASMBench_medium[qf21_n15-square]	0.00900807685025458	0.008853550385332332	196	196	983	983	582	582
abstract_medium	test_QASMBench_medium[qf21_n15-heavy-hex]	0.010751815781825118	0.009248956313563718	227	227	1119	1119	714	714
abstract_medium	test_QASMBench_medium[qf21_n15-linear]	0.010873677871293492	0.009346957740030791	270	270	1315	1315	803	803
abstract_medium	test_QASMBench_medium[qft_n18-all-to-all]	0.0195967560634017	0.01797740080139854	294	294	1294	1294	243	243
abstract_medium	test_QASMBench_medium[qft_n18-square]	0.01650551610208791	0.014336631284095347	526	526	2336	2336	669	669
abstract_medium	test_QASMBench_medium[qft_n18-heavy-hex]	0.0165431981559022	0.014277581514707252	576	576	2649	2649	789	789
abstract_medium	test_QASMBench_medium[qft_n18-linear]	0.015559507472837558	0.0135050558625427	501	501	2612	2612	499	499
abstract_medium	test_QASMBench_medium[qram_n20-all-to-all]	0.013282018076432379	0.012902276972547555	130	130	671	671	299	299
abstract_medium	test_QASMBench_medium[qram_n20-square]	0.011809279513825854	0.010391331441009167	224	224	1061	1061	438	438
abstract_medium	test_QASMBench_medium[qram_n20-heavy-hex]	0.01224515073605486	0.0121539822469155	308	308	1298	1298	568	568
abstract_medium	test_QASMBench_medium[qram_n20-linear]	0.011172927832335568	0.011107282498958468	374	374	1665	1665	705	705
abstract_medium	test_QASMBench_medium[sat_n11-all-to-all]	0.012863429414259421	0.012744081449018766	252	252	1289	1289	869	869
abstract_medium	test_QASMBench_medium[sat_n11-square]	0.012511271284893155	0.012345252215470138	408	408	1813	1813	1074	1074
abstract_medium	test_QASMBench_medium[sat_n11-heavy-hex]	0.012879588011954282	0.012822436324010292	457	457	1983	1983	1205	1205
abstract_medium	test_QASMBench_medium[sat_n11-linear]	0.013017076321623543	0.013173471788565318	528	528	2374	2374	1320	1320
abstract_medium	test_QASMBench_medium[seca_n11-all-to-all]	0.009481320494697208	0.009289273017338503	80	80	402	402	154	154
abstract_medium	test_QASMBench_medium[seca_n11-square]	0.008858955736187371	0.007853195676580072	119	119	566	566	258	258
abstract_medium	test_QASMBench_medium[seca_n11-heavy-hex]	0.00784857526926671	0.007930104340600774	124	124	577	577	218	218
abstract_medium	test_QASMBench_medium[seca_n11-linear]	0.007854915304302141	0.007887491895282855	130	130	602	602	240	240
abstract_medium	test_QASMBench_medium[square_root_n18-all-to-all]	0.027423839324287005	0.02650819170392222	898	898	4447	4447	2607	2607
abstract_medium	test_QASMBench_medium[square_root_n18-square]	0.03406925692356059	0.033657405773798624	1925	1925	8268	8268	4173	4173
abstract_medium	test_QASMBench_medium[square_root_n18-heavy-hex]	0.03522955114021897	0.034503176487211525	2235	2235	9522	9522	4994	4994
abstract_medium	test_QASMBench_medium[square_root_n18-linear]	0.03811354591296269	0.03701183834561595	2699	2699	11433	11433	5814	5814
abstract_medium	test_QASMBench_medium[swap_test_n25-all-to-all]	0.01216976046014358	0.011853257327207498	84	84	558	558	229	229
abstract_medium	test_QASMBench_medium[swap_test_n25-square]	0.009404205938889867	0.009354916226584464	155	155	739	739	372	372
abstract_medium	test_QASMBench_medium[swap_test_n25-heavy-hex]	0.019992216601967813	0.019875845946371554	209	209	962	962	533	533
abstract_medium	test_QASMBench_medium[swap_test_n25-linear]	0.009235648154502823	0.009267141174488855	134	134	749	749	376	376
abstract_medium	test_QASMBench_medium[wstate_n27-all-to-all]	0.012447200063616038	0.011790082479516665	52	52	387	387	127	127
abstract_medium	test_QASMBench_medium[wstate_n27-square]	0.009262427285897965	0.009430758077651263	52	52	382	382	126	126
abstract_medium	test_QASMBench_medium[wstate_n27-heavy-hex]	0.009452725821566359	0.0094015725671944	52	52	384	384	127	127
abstract_medium	test_QASMBench_medium[wstate_n27-linear]	0.00538040558437267	0.005401257690126923	52	52	385	385	126	126
abstract_small	test_QASMBench_small[adder_n10-all-to-all]	0.009495147654125768	0.009228433979054292	65	65	312	312	200	200
abstract_small	test_QASMBench_small[adder_n10-square]	0.0074399086646735665	0.0073555586783866575	91	91	451	451	274	274
abstract_small	test_QASMBench_small[adder_n10-heavy-hex]	0.007577574097861846	0.007446571342323138	105	105	490	490	334	334
abstract_small	test_QASMBench_small[adder_n10-linear]	0.007379606366157532	0.0072932246874904995	94	94	452	452	300	300
abstract_small	test_QASMBench_small[adder_n4-all-to-all]	0.0021288806652005813	0.002051812912959101	10	10	54	54	23	23
abstract_small	test_QASMBench_small[adder_n4-square]	0.0021226665017993014	0.002101617544187468	10	10	54	54	23	23
abstract_small	test_QASMBench_small[adder_n4-heavy-hex]	0.004458344600030354	0.004377385610761355	16	16	79	79	33	33
abstract_small	test_QASMBench_small[adder_n4-linear]	0.003800235193921253	0.003727247968197344	16	16	86	86	39	39
abstract_small	test_QASMBench_small[basis_change_n3-all-to-all]	0.002097112264622141	0.0020440897497634863	10	10	96	96	54	54
abstract_small	test_QASMBench_small[basis_change_n3-square]	0.0021552452882686694	0.0020907730022643473	10	10	96	96	54	54
abstract_small	test_QASMBench_small[basis_change_n3-heavy-hex]	0.002921118417621723	0.0028466251787058142	10	10	96	96	54	54
abstract_small	test_QASMBench_small[basis_change_n3-linear]	0.002150322562522687	0.002090082543799086	10	10	96	96	54	54
abstract_small	test_QASMBench_small[basis_test_n4-all-to-all]	0.001998548204786913	0.0019785295759001975	6	6	54	54	19	19
abstract_small	test_QASMBench_small[basis_test_n4-square]	0.001982402717654323	0.0018848523617752137	6	6	56	56	20	20
abstract_small	test_QASMBench_small[basis_test_n4-heavy-hex]	0.0028261916663546065	0.002789062900202615	6	6	56	56	20	20
abstract_small	test_QASMBench_small[basis_test_n4-linear]	0.0019336247828016418	0.001917293565157725	6	6	56	56	20	20
abstract_small	test_QASMBench_small[basis_trotter_n4-all-to-all]	0.010198498168625893	0.008721076093968891	179	179	1152	1152	493	493
abstract_small	test_QASMBench_small[basis_trotter_n4-square]	0.012377972956056948	0.010338649132780814	207	207	1288	1288	513	513
abstract_small	test_QASMBench_small[basis_trotter_n4-heavy-hex]	0.013414964079856873	0.011679140641354025	268	268	1529	1529	956	956
abstract_small	test_QASMBench_small[basis_trotter_n4-linear]	0.012174914096608574	0.010612278123912603	229	229	1400	1400	625	625
abstract_small	test_QASMBench_small[bb84_n8-all-to-all]	0.0016427650202938172	0.0012329857271279531	0	0	39	39	8	8
abstract_small	test_QASMBench_small[bb84_n8-square]	0.0016806742240642678	0.0012014279082438212	0	0	39	39	8	8
abstract_small	test_QASMBench_small[bb84_n8-heavy-hex]	0.0021830269502937246	0.001509045117667743	0	0	39	39	8	8
abstract_small	test_QASMBench_small[bb84_n8-linear]	0.0016068821845190793	0.0011722916952219063	0	0	39	39	8	8
abstract_small	test_QASMBench_small[bell_n4-all-to-all]	0.0024496185260170743	0.0020104555077240117	5	5	43	43	14	14
abstract_small	test_QASMBench_small[bell_n4-square]	0.0020194463661791368	0.002022059957399103	5	5	47	47	17	17
abstract_small	test_QASMBench_small[bell_n4-heavy-hex]	0.0034676080278190627	0.002745798842489034	5	5	44	44	17	17
abstract_small	test_QASMBench_small[bell_n4-linear]	0.002429643541574478	0.002010307051710972	5	5	44	44	15	15
abstract_small	test_QASMBench_small[cat_state_n4-all-to-all]	0.0014085916989995527	0.0013528433755764845	3	3	25	25	13	13
abstract_small	test_QASMBench_small[cat_state_n4-square]	0.0013681200361161522	0.0013321257588020021	3	3	25	25	13	13
abstract_small	test_QASMBench_small[cat_state_n4-heavy-hex]	0.0021481944979529948	0.0020847627209550743	3	3	25	25	13	13
abstract_small	test_QASMBench_small[cat_state_n4-linear]	0.0013718772121361377	0.001247605408482641	3	3	25	25	13	13
abstract_small	test_QASMBench_small[deutsch_n2-all-to-all]	0.0009834367367956374	0.0009205231059042481	1	1	12	12	8	8
abstract_small	test_QASMBench_small[deutsch_n2-square]	0.0010996480252398798	0.0010935568483848362	1	1	12	12	8	8
abstract_small	test_QASMBench_small[deutsch_n2-heavy-hex]	0.0018279968224449892	0.001783471539675952	1	1	12	12	8	8
abstract_small	test_QASMBench_small[deutsch_n2-linear]	0.0009384342545392708	0.0008960179524927386	1	1	12	12	8	8
abstract_small	test_QASMBench_small[dnn_n2-all-to-all]	0.0012040050492144808	0.0011493427565975485	3	3	34	34	20	20
abstract_small	test_QASMBench_small[dnn_n2-square]	0.0013535233286693115	0.0013161106780806026	3	3	34	34	20	20
abstract_small	test_QASMBench_small[dnn_n2-heavy-hex]	0.0020932697458192705	0.0020416698245397163	3	3	34	34	20	20
abstract_small	test_QASMBench_small[dnn_n2-linear]	0.001191088271287965	0.0012150841662491381	3	3	34	34	20	20
abstract_small	test_QASMBench_small[dnn_n8-all-to-all]	0.007078202674165368	0.006791699598444269	64	64	508	508	80	80
abstract_small	test_QASMBench_small[dnn_n8-square]	0.004973089276569817	0.00486464730893392	64	64	506	506	80	80
abstract_small	test_QASMBench_small[dnn_n8-heavy-hex]	0.00725288790029784	0.00711003133631128	94	94	615	615	112	112
abstract_small	test_QASMBench_small[dnn_n8-linear]	0.00797217484694301	0.006901212049914258	109	109	705	705	124	124
abstract_small	test_QASMBench_small[error_correctiond3_n5-all-to-all]	0.003690371863543987	0.003638851265925014	35	35	151	151	102	102
abstract_small	test_QASMBench_small[error_correctiond3_n5-square]	0.0052229753949425434	0.00515322514265948	38	38	171	171	98	98
abstract_small	test_QASMBench_small[error_correctiond3_n5-heavy-hex]	0.0053256266293631995	0.005252862032854332	44	44	177	177	110	110
abstract_small	test_QASMBench_small[error_correctiond3_n5-linear]	0.004899073622765995	0.004827213908235232	53	53	206	206	115	115
abstract_small	test_QASMBench_small[fredkin_n3-all-to-all]	0.0018909887197707267	0.0017948550037072816	8	8	42	42	25	25
abstract_small	test_QASMBench_small[fredkin_n3-square]	0.003405452083866551	0.0034124539907933885	14	14	63	63	37	37
abstract_small	test_QASMBench_small[fredkin_n3-heavy-hex]	0.005112605901627705	0.00418197690424594	14	14	72	72	47	47
abstract_small	test_QASMBench_small[fredkin_n3-linear]	0.003325524383731056	0.003255803106231901	14	14	67	67	42	42
abstract_small	test_QASMBench_small[grover_n2-all-to-all]	0.001033749843795289	0.0010390587136228458	2	2	14	14	10	10
abstract_small	test_QASMBench_small[grover_n2-square]	0.0011798480202552426	0.001163552427005469	2	2	14	14	10	10
abstract_small	test_QASMBench_small[grover_n2-heavy-hex]	0.001974050733058349	0.0018947978060415043	2	2	16	16	9	9
abstract_small	test_QASMBench_small[grover_n2-linear]	0.0011160886192790214	0.0010551719013326274	2	2	14	14	10	10
abstract_small	test_QASMBench_small[hhl_n7-all-to-all]	0.010058166439595975	0.009054504703767228	92	92	489	489	323	323
abstract_small	test_QASMBench_small[hhl_n7-square]	0.009597762505400856	0.008069218768339072	138	138	670	670	403	403
abstract_small	test_QASMBench_small[hhl_n7-heavy-hex]	0.00988599386218251	0.008534921948676524	196	196	888	888	478	478
abstract_small	test_QASMBench_small[hhl_n7-linear]	0.009789707158336934	0.008414092238830483	240	240	1041	1041	534	534
abstract_small	test_QASMBench_small[hs4_n4-all-to-all]	0.0016445931817950874	0.0016059918159788305	4	4	32	32	11	11
abstract_small	test_QASMBench_small[hs4_n4-square]	0.0016257998833570304	0.0015748734354308293	4	4	32	32	10	10
abstract_small	test_QASMBench_small[hs4_n4-heavy-hex]	0.0024289205856621266	0.0023935796869091453	4	4	32	32	10	10
abstract_small	test_QASMBench_small[hs4_n4-linear]	0.001598043959750455	0.0015547618309692131	4	4	30	30	10	10
abstract_small	test_QASMBench_small[inverseqft_n4-all-to-all]	0.003513651405676053	0.0034937476216072446	0	0	35	35	22	22
abstract_small	test_QASMBench_small[inverseqft_n4-square]	0.003565947094591715	0.003539113190130029	0	0	35	35	22	22
abstract_small	test_QASMBench_small[inverseqft_n4-heavy-hex]	0.004397523800740723	0.004380183494270103	0	0	35	35	22	22
abstract_small	test_QASMBench_small[inverseqft_n4-linear]	0.0036415108171534444	0.0035793242086447886	0	0	35	35	22	22
abstract_small	test_QASMBench_small[ipea_n2-all-to-all]	0.020537852746795635	0.020521255362094665	5	5	64	64	56	56
abstract_small	test_QASMBench_small[ipea_n2-square]	0.021285831928253174	0.02149436029139906	5	5	63	63	54	54
abstract_small	test_QASMBench_small[ipea_n2-heavy-hex]	0.021474860273301602	0.021745505820338924	5	5	63	63	54	54
abstract_small	test_QASMBench_small[ipea_n2-linear]	0.020765224617778088	0.021006170514167522	5	5	64	64	56	56
abstract_small	test_QASMBench_small[ising_n10-all-to-all]	0.008206877359670812	0.008355734777475192	90	90	513	513	93	93
abstract_small	test_QASMBench_small[ising_n10-square]	0.007896200312595619	0.0068565921623580505	90	90	556	556	98	98
abstract_small	test_QASMBench_small[ising_n10-heavy-hex]	0.005666324902664531	0.0054935398005435	90	90	535	535	94	94
abstract_small	test_QASMBench_small[ising_n10-linear]	0.006173469918383949	0.0051708412070514105	90	90	552	552	98	98
abstract_small	test_QASMBench_small[iswap_n2-all-to-all]	0.0011477587169442568	0.001035150806687323	2	2	15	15	9	9
abstract_small	test_QASMBench_small[iswap_n2-square]	0.0013889779641721041	0.0012311203700434315	2	2	15	15	9	9
abstract_small	test_QASMBench_small[iswap_n2-heavy-hex]	0.001944244982985815	0.0019365511878345495	2	2	16	16	10	10
abstract_small	test_QASMBench_small[iswap_n2-linear]	0.001067774558040016	0.0010312214074537271	2	2	15	15	9	9
abstract_small	test_QASMBench_small[linearsolver_n3-all-to-all]	0.0015629144731331521	0.0015229539857645586	4	4	31	31	16	16
abstract_small	test_QASMBench_small[linearsolver_n3-square]	0.001619224479362737	0.0015792299004504856	4	4	33	33	18	18
abstract_small	test_QASMBench_small[linearsolver_n3-heavy-hex]	0.0024040584318733935	0.0023499791165293776	4	4	31	31	17	17
abstract_small	test_QASMBench_small[linearsolver_n3-linear]	0.0015152392660578093	0.001501859327553646	4	4	31	31	16	16
abstract_small	test_QASMBench_small[lpn_n5-all-to-all]	0.001347958483398916	0.0013146733157707651	2	2	20	20	8	8
abstract_small	test_QASMBench_small[lpn_n5-square]	0.0016114815410708083	0.0015591214950147429	2	2	21	21	11	11
abstract_small	test_QASMBench_small[lpn_n5-heavy-hex]	0.0020851243830082434	0.0020384884203580316	2	2	21	21	10	10
abstract_small	test_QASMBench_small[lpn_n5-linear]	0.0013326541287448372	0.0013240230518264855	2	2	20	20	8	8
abstract_small	test_QASMBench_small[pea_n5-all-to-all]	0.016045700308055647	0.015443590332699172	17	17	103	103	57	57
abstract_small	test_QASMBench_small[pea_n5-square]	0.018153802760071672	0.018298246088575144	26	26	127	127	85	85
abstract_small	test_QASMBench_small[pea_n5-heavy-hex]	0.0198680941082005	0.018265390613426764	29	29	143	143	96	96
abstract_small	test_QASMBench_small[pea_n5-linear]	0.017829872857211	0.017101919482229277	29	29	150	150	96	96
abstract_small	test_QASMBench_small[qaoa_n3-all-to-all]	0.0016546120056829883	0.001463061653839323	6	6	35	35	27	27
abstract_small	test_QASMBench_small[qaoa_n3-square]	0.0030266904616600846	0.0028988354627980046	9	9	44	44	33	33
abstract_small	test_QASMBench_small[qaoa_n3-heavy-hex]	0.0037250066766651665	0.0036603938338261297	7	7	48	48	34	34
abstract_small	test_QASMBench_small[qaoa_n3-linear]	0.002748996039445831	0.0028042219235827138	7	7	47	47	33	33
abstract_small	test_QASMBench_small[qaoa_n6-all-to-all]	0.004936030774544447	0.004033696748841848	36	36	259	259	87	87
abstract_small	test_QASMBench_small[qaoa_n6-square]	0.006635605874988768	0.005736718956333927	54	54	342	342	176	176
abstract_small	test_QASMBench_small[qaoa_n6-heavy-hex]	0.006739430735626864	0.0057698360440746835	60	60	370	370	186	186
abstract_small	test_QASMBench_small[qaoa_n6-linear]	0.006604432956212097	0.005668666961039612	72	72	410	410	175	175
abstract_small	test_QASMBench_small[qec_en_n5-all-to-all]	0.002546825431247446	0.002043412663865814	10	10	47	47	23	23
abstract_small	test_QASMBench_small[qec_en_n5-square]	0.0024048948888571895	0.0023184158723406527	10	10	58	59	33	33
abstract_small	test_QASMBench_small[qec_en_n5-heavy-hex]	0.0041799121791154	0.004119002160208284	13	13	57	57	27	27
abstract_small	test_QASMBench_small[qec_en_n5-linear]	0.00472893598248981	0.004221699433401227	18	18	94	94	56	56
abstract_small	test_QASMBench_small[qec_sm_n5-all-to-all]	0.003422276935829171	0.0032474497661871067	4	4	24	24	14	14
abstract_small	test_QASMBench_small[qec_sm_n5-square]	0.003823917768165177	0.0036535831133412957	4	4	24	24	14	14
abstract_small	test_QASMBench_small[qec_sm_n5-heavy-hex]	0.004666955116729549	0.004346475409308694	4	4	24	24	14	14
abstract_small	test_QASMBench_small[qec_sm_n5-linear]	0.003644072696909137	0.003490915408662517	4	4	25	25	14	14
abstract_small	test_QASMBench_small[qft_n4-all-to-all]	0.0024386564790816506	0.0023329929088997414	12	12	58	58	37	37
abstract_small	test_QASMBench_small[qft_n4-square]	0.004475217615991696	0.0037597312539253596	16	16	78	78	46	46
abstract_small	test_QASMBench_small[qft_n4-heavy-hex]	0.004455708537271114	0.004400058522036201	18	18	85	85	68	68
abstract_small	test_QASMBench_small[qft_n4-linear]	0.00399659453887186	0.0039473131136406985	19	19	94	94	62	62
abstract_small	test_QASMBench_small[qpe_n9-all-to-all]	0.008041881054880158	0.007773531316459634	43	43	262	262	158	158
abstract_small	test_QASMBench_small[qpe_n9-square]	0.00748772619664669	0.00649617026573506	71	71	377	377	235	235
abstract_small	test_QASMBench_small[qpe_n9-heavy-hex]	0.0067069286442532836	0.006613001834149613	78	78	397	397	240	240
abstract_small	test_QASMBench_small[qpe_n9-linear]	0.00661154933375855	0.006505442943218295	90	90	427	427	271	271
abstract_small	test_QASMBench_small[qrng_n4-all-to-all]	0.0006952641966378456	0.0006658035654867633	0	0	16	16	4	4
abstract_small	test_QASMBench_small[qrng_n4-square]	0.0006908025909861555	0.000644801071747965	0	0	16	16	4	4
abstract_small	test_QASMBench_small[qrng_n4-heavy-hex]	0.0012023542863808996	0.0011711533399485744	0	0	16	16	4	4
abstract_small	test_QASMBench_small[qrng_n4-linear]	0.0007155965712958025	0.0006572412520855639	0	0	16	16	4	4
abstract_small	test_QASMBench_small[quantumwalks_n2-all-to-all]	0.0012845057612798345	0.0012130862006247945	3	3	35	35	22	22
abstract_small	test_QASMBench_small[quantumwalks_n2-square]	0.0014139760655301219	0.0013318086249960793	3	3	35	35	22	22
abstract_small	test_QASMBench_small[quantumwalks_n2-heavy-hex]	0.002076083070587838	0.002064695685274071	3	3	35	35	21	21
abstract_small	test_QASMBench_small[quantumwalks_n2-linear]	0.0013137217891593296	0.0011987178535531452	3	3	35	35	22	22
abstract_small	test_QASMBench_small[sat_n7-all-to-all]	0.0066779807438047565	0.0064957110832134886	60	60	319	319	182	182
abstract_small	test_QASMBench_small[sat_n7-square]	0.006974291718668408	0.006846434436738491	92	92	440	440	276	276
abstract_small	test_QASMBench_small[sat_n7-heavy-hex]	0.0069821754263507	0.006866141155894313	99	99	461	461	275	275
abstract_small	test_QASMBench_small[sat_n7-linear]	0.006926077628766533	0.006815741904850664	110	110	522	522	293	293
abstract_small	test_QASMBench_small[shor_n5-all-to-all]	0.009486074958528792	0.009378195696762789	25	25	157	157	95	95
abstract_small	test_QASMBench_small[shor_n5-square]	0.009828172785301622	0.009831532183074459	43	43	203	203	133	133
abstract_small	test_QASMBench_small[shor_n5-heavy-hex]	0.01024360419477074	0.010189105596007973	46	46	218	218	154	154
abstract_small	test_QASMBench_small[shor_n5-linear]	0.009273039594849694	0.009311232245831845	49	49	239	239	167	167
abstract_small	test_QASMBench_small[simon_n6-all-to-all]	0.0037269652506487596	0.0036414356392979177	14	14	98	98	58	58
abstract_small	test_QASMBench_small[simon_n6-square]	0.0054592717720498875	0.005304253123030461	19	19	121	121	76	76
abstract_small	test_QASMBench_small[simon_n6-heavy-hex]	0.0056150283794416935	0.005532228609635716	22	22	145	145	95	95
abstract_small	test_QASMBench_small[simon_n6-linear]	0.005105176163722553	0.005057292314921762	22	22	122	122	80	80
abstract_small	test_QASMBench_small[teleportation_n3-all-to-all]	0.0012720150078913961	0.001221526380242253	2	2	24	24	11	11
abstract_small	test_QASMBench_small[teleportation_n3-square]	0.0012647161663122727	0.0012124895449711266	2	2	20	20	9	9
abstract_small	test_QASMBench_small[teleportation_n3-heavy-hex]	0.0020137665117105556	0.0019516409327737009	2	2	20	20	9	9
abstract_small	test_QASMBench_small[teleportation_n3-linear]	0.0013338933366118346	0.001270724916355209	2	2	24	24	10	10
abstract_small	test_QASMBench_small[toffoli_n3-all-to-all]	0.001986105645260027	0.001585488056027612	6	6	33	33	23	23
abstract_small	test_QASMBench_small[toffoli_n3-square]	0.003499811550623564	0.002964238765453953	9	9	42	42	29	29
abstract_small	test_QASMBench_small[toffoli_n3-heavy-hex]	0.004461575910975837	0.0037693306170765634	7	7	48	48	32	32
abstract_small	test_QASMBench_small[toffoli_n3-linear]	0.003151040067958752	0.00276098180809179	7	7	43	43	30	30
abstract_small	test_QASMBench_small[variational_n4-all-to-all]	0.0019978805491315922	0.0019388135670990814	8	8	80	80	32	32
abstract_small	test_QASMBench_small[variational_n4-square]	0.0019114799914437357	0.0019644409699420906	8	8	80	80	32	32
abstract_small	test_QASMBench_small[variational_n4-heavy-hex]	0.002809369787352729	0.002708554018421897	8	8	80	80	32	32
abstract_small	test_QASMBench_small[variational_n4-linear]	0.001958699870591212	0.0018715900437902447	8	8	80	80	32	32
abstract_small	test_QASMBench_small[vqe_n4-all-to-all]	0.0023447211673705585	0.0024392854670683543	9	9	93	93	33	33
abstract_small	test_QASMBench_small[vqe_n4-square]	0.0023124138747944553	0.0022497316864935773	9	9	93	93	33	33
abstract_small	test_QASMBench_small[vqe_n4-heavy-hex]	0.003151905189036943	0.0030592152266048947	9	9	93	93	33	33
abstract_small	test_QASMBench_small[vqe_n4-linear]	0.0022687422274851924	0.0022769569262970973	9	9	93	93	33	33
abstract_small	test_QASMBench_small[vqe_uccsd_n4-all-to-all]	0.004818373158499224	0.0046615314621456785	71	71	290	290	224	224
abstract_small	test_QASMBench_small[vqe_uccsd_n4-square]	0.004742272831137898	0.004677501143083959	71	71	290	290	225	225
abstract_small	test_QASMBench_small[vqe_uccsd_n4-heavy-hex]	0.005208702525123954	0.005152781964630209	71	71	293	293	226	226
abstract_small	test_QASMBench_small[vqe_uccsd_n4-linear]	0.004722958820916358	0.004662382593821911	71	71	323	323	231	231
abstract_small	test_QASMBench_small[vqe_uccsd_n6-all-to-all]	0.01686504286798564	0.01622891975076575	923	923	3413	3413	2922	2922
abstract_small	test_QASMBench_small[vqe_uccsd_n6-square]	0.02293085501810839	0.018618099923644747	947	947	3717	3717	2912	2912
abstract_small	test_QASMBench_small[vqe_uccsd_n6-heavy-hex]	0.022258119742301376	0.019116279346725114	987	987	3710	3710	3048	3048
abstract_small	test_QASMBench_small[vqe_uccsd_n6-linear]	0.021600396129424156	0.018385694295700108	987	987	3881	3881	3072	3072
abstract_small	test_QASMBench_small[vqe_uccsd_n8-all-to-all]	0.07437051560443181	0.06107582396361977	4815	4815	17219	17219	15014	15014
abstract_small	test_QASMBench_small[vqe_uccsd_n8-square]	0.08261174724126856	0.06835569986807448	5058	5058	18871	18871	15151	15151
abstract_small	test_QASMBench_small[vqe_uccsd_n8-heavy-hex]	0.08472681138664484	0.07113610046605269	5388	5388	19453	19453	16043	16043
abstract_small	test_QASMBench_small[vqe_uccsd_n8-linear]	0.08292091979334752	0.06827871004740398	5420	5420	19730	19730	16160	16160
abstract_small	test_QASMBench_small[wstate_n3-all-to-all]	0.0037502043968225276	0.0032935470826630517	6	6	40	40	28	28
abstract_small	test_QASMBench_small[wstate_n3-square]	0.005507920469556536	0.005428965122713519	12	12	65	65	37	37
abstract_small	test_QASMBench_small[wstate_n3-heavy-hex]	0.0060369234532117845	0.006046145805157721	10	10	63	63	44	44
abstract_small	test_QASMBench_small[wstate_n3-linear]	0.004928469729195371	0.0049546379304956645	10	10	51	51	36	36
device_hamiltonians	test_hamlib_hamiltonians_transpile[ham_enc_stdbinary_dvalues_d-level-4]	0.012036428961437196	0.011973482106001146	3	3	30	30	19	19
device_hamiltonians	test_hamlib_hamiltonians_transpile[ham_mu_y_prime_enc_stdbinary_dvalues_8-8-4-4]	0.008133571456979823	0.00805562941564454	18	18	111	111	72	72
device_hamiltonians	test_hamlib_hamiltonians_transpile[ham_mu_y_prime_enc_unary_dvalues_4-4-4]	0.004686300402306056	0.004664104254027108	6	6	58	58	32	32
device_hamiltonians	test_hamlib_hamiltonians_transpile[ham_mu_z_prime_enc_gray_dvalues_4-4-4-4]	0.005753313019142851	0.005702171356941776	4	4	37	37	11	11
device_hamiltonians	test_hamlib_hamiltonians_transpile[ham_gnp-k_2_n-4_rinst-05]	0.008816305722031638	0.00767592351483412	22	22	119	119	83	83
device_hamiltonians	test_hamlib_hamiltonians_transpile[ham_ham_parity-4]	0.009169641735680988	0.009103017535222612	62	62	269	269	194	194
device_hamiltonians	test_hamlib_hamiltonians_transpile[ham_mu_y_prime_enc_stdbinary_dvalues_16-16-16-16-8-8-8]	0.009444406355156544	0.009408315046215957	72	72	327	327	209	209
device_hamiltonians	test_hamlib_hamiltonians_transpile[ham_mu_y_prime_enc_gray_dvalues_16-16-16]	0.010579336414995946	0.009563865088340309	92	92	406	406	269	269
device_hamiltonians	test_hamlib_hamiltonians_transpile[ham_enc_gray_dvalues_d-level-16]	0.013664929274941834	0.013498669231517447	196	196	1000	1000	646	646
device_hamiltonians	test_hamlib_hamiltonians_transpile[ham_mu_y_prime_enc_stdbinary_dvalues_8-8-8-8-8-8]	0.014289310087378208	0.013190843819363697	36	36	222	222	72	72
device_hamiltonians	test_hamlib_hamiltonians_transpile[ham_gnp-k_4_n-6_rinst-15]	0.010899935325141996	0.009683442857078832	136	136	590	590	404	404
device_hamiltonians	test_hamlib_hamiltonians_transpile[ham_ham_JW-6]	0.01554739469337085	0.013594810515642167	351	351	1519	1519	1015	1015
device_hamiltonians	test_hamlib_hamiltonians_transpile[ham_mu_y_prime_enc_unary_dvalues_8-8-8-8-8-8-8]	0.006165705461937346	0.006125500998817957	14	14	134	134	72	72
device_hamiltonians	test_hamlib_hamiltonians_transpile[ham_7-uf20-0384.cnf-8-res]	0.008590502991226682	0.008446932492548959	78	78	326	326	160	160
device_hamiltonians	test_hamlib_hamiltonians_transpile[ham_tsp_rand-002_Ncity-4_enc-stdbinary]	0.010209105398860715	0.010115147122026732	137	137	597	597	330	330
device_hamiltonians	test_hamlib_hamiltonians_transpile[ham_ham_JW-8]	0.03300872111114962	0.03195284577386995	1374	1374	5570	5570	3566	3566
device_hamiltonians	test_hamlib_hamiltonians_transpile[ham_enc_gray_dvalues_8-8-8]	0.4296268243342638	0.40907621073226136	12551	12551	49264	49264	31460	31460
device_hamiltonians	test_hamlib_hamiltonians_transpile[ham_complbipart-n-10_a-5_b-5]	0.014287018217146397	0.012552172522729551	287	287	1242	1242	685	685
device_hamiltonians	test_hamlib_hamiltonians_transpile[ham_ham_JW10]	0.07349075310464416	0.06378007854024569	2407	2407	9437	9437	6344	6344
device_hamiltonians	test_hamlib_hamiltonians_transpile[ham_ham_parity10]	0.07029419156412284	0.06545249372720718	2440	2440	9547	9547	6634	6634
device_hamiltonians	test_hamlib_hamiltonians_transpile[ham_ham_JW-10]	0.0724219534812229	0.06322488817386329	2407	2407	9438	9438	6341	6341
device_hamiltonians	test_hamlib_hamiltonians_transpile[ham_mu_x_prime_enc_stdbinary_dvalues_8-8-8-8-8-8-8-8-8-4-4-4-4-4-4]	0.028167609125375748	0.02808346993782941	56	56	351	351	73	73
device_hamiltonians	test_hamlib_hamiltonians_transpile[ham_mu_x_prime_enc_unary_dvalues_4-4-4]	0.010236810183241254	0.01057081242477653	18	18	174	174	32	32
device_hamiltonians	test_hamlib_hamiltonians_transpile[ham_ham_parity12]	0.17147276550531387	0.14934303425252438	4740	4740	18595	18595	13321	13321
device_hamiltonians	test_hamlib_hamiltonians_transpile[ham_ham_BK12]	0.13042415445670485	0.12152209505438805	7063	7063	27549	27549	15320	15320
device_hamiltonians	test_hamlib_hamiltonians_transpile[ham_ham_JW12]	0.16767865481475988	0.14622315045978343	4630	4630	17871	17871	12371	12371
device_hamiltonians	test_hamlib_hamiltonians_transpile[ham_bh_graph-1D-grid-pbc-qubitnodes_Lx-4_U-40_enc-gray_d-8]	0.09842851537872445	0.09418052113191648	4158	4158	18917	18917	12684	12684
device_hamiltonians	test_hamlib_hamiltonians_transpile[ham_enc_unary_dvalues_4-4-4]	0.2214871659874916	0.20592952705919743	12070	12070	51071	51071	27916	27916
device_hamiltonians	test_hamlib_hamiltonians_transpile[ham_ham_parity-14]	0.18120567003885904	0.15457890502044133	7159	7159	27700	27700	17017	17017
device_hamiltonians	test_hamlib_hamiltonians_transpile[ham_ham_JW14]	0.21152860783040522	0.19240519559631744	6267	6267	23289	23289	15625	15625
device_hamiltonians	test_hamlib_hamiltonians_transpile[ham_enc_gray_dvalues_4-4-4-4-4-4-4]	0.08232985499004523	0.08270065257182488	3667	3667	15520	15520	9385	9385
device_hamiltonians	test_hamlib_hamiltonians_transpile[ham_ham_BK-14]	0.322814317420125	0.2979690367355943	15524	15524	58684	58684	34192	34192
device_hamiltonians	test_hamlib_hamiltonians_transpile[ham_ham_JW-14]	0.3545781833430131	0.3201243784278631	12221	12221	45804	45804	30474	30474
device_hamiltonians	test_hamlib_hamiltonians_transpile[ham_mu_z_prime_enc_unary_dvalues_16-16-16-16-16-16-16]	0.009748003183958236	0.009594164555892348	30	30	286	286	152	152
device_hamiltonians	test_hamlib_hamiltonians_transpile[ham_graph-1D-grid-pbc-qubitnodes_Lx-16_h-2]	0.02518331187523224	0.02514039221304384	71	71	307	307	170	170
device_hamiltonians	test_hamlib_hamiltonians_transpile[ham_ham_JW-18]	0.9534810278564692	0.8711847327649593	37239	37239	135530	135530	88794	88794
device_hamiltonians	test_hamlib_hamiltonians_transpile[ham_ham_JW-22]	4.144588503986597	3.696551565080881	110022	110022	402605	402605	268040	268040
device_hamiltonians	test_hamlib_hamiltonians_transpile[ham_ham_BK22]	3.50130501575768	3.1997826043516397	135268	135268	502280	502280	279934	279934
device_hamiltonians	test_hamlib_hamiltonians_transpile[ham_mu_y_prime_enc_stdbinary_dvalues_4-4-4-4-4-4-4-4-4-4-4-4-4-4-4-4-4-4]	0.01204609959008726	0.011029928450783094	24	24	264	264	13	13
device_hamiltonians	test_hamlib_hamiltonians_transpile[ham_gnp-k_5_n-24_rinst-04]	0.022496871260363004	0.022163626356897028	1007	1007	3868	3868	884	884
device_hamiltonians	test_hamlib_hamiltonians_transpile[ham_tsp_prob-ulysses22_Ncity-8_enc-stdbinary]	0.03777953741761545	0.03614306270277926	1864	1864	7863	7863	4253	4253
device_hamiltonians	test_hamlib_hamiltonians_transpile[ham_ham_JW24]	9.539659483358264	7.636929536238313	187285	187285	691734	691734	447466	447466
device_hamiltonians	test_hamlib_hamiltonians_transpile[ham_tsp_prob-ts225_Ncity-5_enc-unary]	0.017202540072348883	0.016894469796507446	474	474	1905	1905	407	407
device_hamiltonians	test_hamlib_hamiltonians_transpile[ham_graph-1D-grid-pbc-qubitnodes_Lx-26_h-6]	0.2163473702967167	0.21466709896922112	109	109	467	467	275	275
device_hamiltonians	test_hamlib_hamiltonians_transpile[ham_bh_graph-1D-grid-pbc-qubitnodes_Lx-14_U-10_enc-stdbinary_d-4]	0.04391288841989907	0.04215625819304715	1067	1067	4935	4935	3048	3048
device_hamiltonians	test_hamlib_hamiltonians_transpile[ham_bh_graph-2D-triag-nonpbc-qubitnodes_Lx-3_Ly-5_U-30_enc-gray_d-4]	0.07821836738059154	0.06662441417574883	3707	3707	15689	15689	9233	9233
device_hamiltonians	test_hamlib_hamiltonians_transpile[ham_reg-5_n-10_rinst-07]	0.09146913869137113	0.08991513045674021	6155	6155	25324	25324	11185	11185
device_hamiltonians	test_hamlib_hamiltonians_transpile[ham_mu_y_prime_enc_unary_dvalues_16-16-16-16-16-16]	0.012348482083227183	0.012106997225387597	60	60	572	572	152	152
device_hamiltonians	test_hamlib_hamiltonians_transpile[ham_bh_graph-3D-grid-nonpbc-qubitnodes_Lx-2_Ly-2_Lz-2_U-20_enc-unary_d-4]	0.10064310226589442	0.08446411493544777	5201	5201	20986	20986	12696	12696
device_hamiltonians	test_hamlib_hamiltonians_transpile[ham_0-uuf100-0810.cnf-40-res]	0.02987098784157724	0.02876415795513562	1341	1341	4793	4793	1176	1176
device_hamiltonians	test_hamlib_hamiltonians_transpile[ham_8-uuf100-0509.cnf-40-cc]	0.0311132651386839	0.02947693772833137	1546	1546	5562	5562	1330	1330
device_hamiltonians	test_hamlib_hamiltonians_transpile[ham_gnp-k_4_n-40_rinst-07]	0.08324785235648353	0.06647435699899991	6028	6028	22693	22693	9916	9916
device_hamiltonians	test_hamlib_hamiltonians_transpile[ham_2-uf100-0396.cnf-46-res]	0.03474209194296393	0.033360031832541735	2213	2213	7794	7794	1712	1712
device_hamiltonians	test_hamlib_hamiltonians_transpile[ham_2-uf100-0601.cnf-46-res]	0.03715992718935013	0.035641700607435454	2511	2511	8752	8752	1913	1913
device_hamiltonians	test_hamlib_hamiltonians_transpile[ham_bh_graph-1D-grid-nonpbc-qubitnodes_Lx-12_U-40_enc-unary_d-4]	0.09828108176589012	0.08262091846420215	4545	4545	18873	18873	11704	11704
device_hamiltonians	test_hamlib_hamiltonians_transpile[ham_bh_graph-1D-grid-pbc-qubitnodes_Lx-24_U-20_enc-stdbinary_d-4]	0.07878746994985984	0.0733292281627655	1781	1781	8410	8410	5182	5182
device_hamiltonians	test_hamlib_hamiltonians_transpile[ham_tsp_prob-lin105_Ncity-7_enc-unary]	0.033444824538403944	0.032934007816948	1650	1650	6419	6419	1212	1212
device_hamiltonians	test_hamlib_hamiltonians_transpile[ham_gnp-k_5_n-60_rinst-19]	0.19113719059775272	0.16010600195399352	16063	16063	60704	60704	27012	27012
device_hamiltonians	test_hamlib_hamiltonians_transpile[ham_bh_graph-2D-triag-pbc-qubitnodes_Lx-5_Ly-5_U-30_enc-unary_d-4]	0.33463996400435764	0.3011512034572661	21933	21933	87264	87264	48769	48769
device_hamiltonians	test_hamlib_hamiltonians_transpile[ham_mu_x_prime_enc_unary_dvalues_16-16-16-16-16-16-16-16-16-16-16-16-16-16-16]	0.01598017208151898	0.015767571869595296	120	120	1144	1144	152	152
device_hamiltonians	test_hamlib_hamiltonians_transpile[ham_tsp_prob-d198_Ncity-8_enc-unary]	0.04773446113209833	0.04565261473709887	2679	2679	10298	10298	1811	1811
device_hamiltonians	test_hamlib_hamiltonians_transpile[ham_tsp_prob-kroD100_Ncity-16_enc-stdbinary]	0.3262109402567148	0.2757452786900103	19013	19013	77729	77729	41423	41423
device_hamiltonians	test_hamlib_hamiltonians_transpile[ham_tsp_prob-fl417_Ncity-16_enc-stdbinary]	0.31983385669688386	0.2739725196734071	19015	19015	77530	77530	41292	41292
device_hamiltonians	test_hamlib_hamiltonians_transpile[ham_4-uf100-0246.cnf-70-res]	0.0871192670116822	0.0831817799868683	8566	8566	29098	29098	6347	6347
device_hamiltonians	test_hamlib_hamiltonians_transpile[ham_dsjc1000.1,n-36,rinst-4]	0.0651905097765848	0.06040951368563315	3912	3912	15245	15245	4110	4110
device_hamiltonians	test_hamlib_hamiltonians_transpile[ham_graph-2D-grid-nonpbc-qubitnodes_Lx-5_Ly-15_h-3]	0.04301562858745456	0.041576526050145425	1027	1027	3891	3891	815	815
device_hamiltonians	test_hamlib_hamiltonians_transpile[ham_bh_graph-1D-grid-pbc-qubitnodes_Lx-10_U-30_enc-unary_d-8]	0.3860189560800791	0.326058325668176	23507	23507	96893	96893	58257	58257
device_hamiltonians	test_hamlib_hamiltonians_transpile[ham_4-flat100-7.cnf-90-cc]	0.03301843050867319	0.03199273982533702	1166	1166	4089	4089	473	473
device_hamiltonians	test_hamlib_hamiltonians_transpile[ham_reg-4_n-90_rinst-07]	0.07035642915538379	0.059765968355350196	3830	3830	14327	14327	2032	2032
device_hamiltonians	test_hamlib_hamiltonians_transpile[ham_gnp-k_5_n-90_rinst-02]	0.3136982722207904	0.2506341193802655	29444	29444	107521	107521	43612	43612
device_hamiltonians	test_hamlib_hamiltonians_transpile[ham_graph-2D-triag-pbc-qubitnodes_Lx-13_Ly-13_h-0.1]	0.04105617858469486	0.040019072902699314	2556	2556	9054	9054	1780	1780
device_hamiltonians	test_hamlib_hamiltonians_transpile[ham_bh_graph-1D-grid-pbc-qubitnodes_Lx-46_U-2_enc-gray_d-4]	0.12593449209816754	0.1281979028135538	5367	5367	24219	24219	15475	15475
device_hamiltonians	test_hamlib_hamiltonians_transpile[ham_bh_graph-2D-grid-nonpbc-qubitnodes_Lx-7_Ly-7_U-70_enc-gray_d-4]	0.22683657109737396	0.18163093769301972	14411	14411	57155	57155	32706	32706
device_hamiltonians	test_hamlib_hamiltonians_transpile[ham_fh-graph-1D-grid-pbc-qubitnodes_Lx-50_U-2_enc-jw]	0.052989507486161436	0.04527790429578586	3224	3224	12094	12094	5709	5709
device_hamiltonians	test_hamlib_hamiltonians_transpile[ham_tsp_prob-st70_Ncity-10_enc-unary]	0.08355517370196489	0.08124526543542743	5220	5220	20464	20464	2879	2879
device_hamiltonians	test_hamlib_hamiltonians_transpile[ham_tsp_prob-pr76_Ncity-10_enc-unary]	0.08371245364348094	0.08011196693405509	5220	5220	20371	20371	2854	2854
device_hamiltonians	test_hamlib_hamiltonians_transpile[ham_bh_graph-2D-triag-pbc-qubitnodes_Lx-10_Ly-10_U-30_enc-stdbinary_d-4]	0.3129892672101657	0.31264602905139327	21309	21309	82923	82923	44190	44190
device_hamiltonians	test_hamlib_hamiltonians_transpile[ham_queen13_13,n-28,rinst-0]	0.05670349041206969	0.05464331941171126	2343	2343	8507	8507	594	594
device_hamiltonians	test_hamlib_hamiltonians_transpile[ham_will199gpia,n-60,rinst-8]	0.1201236192137003	0.11366384290158749	9510	9510	36386	36386	9578	9578
device_hamiltonians	test_hamlib_hamiltonians_transpile[ham_bh_graph-1D-grid-pbc-qubitnodes_Lx-60_U-10_enc-stdbinary_d-4]	0.1320889953058213	0.12307921121828258	4488	4488	20896	20896	12751	12751
device_hamiltonians	test_hamlib_hamiltonians_transpile[ham_bh_graph-2D-triag-pbc-qubitnodes_Lx-3_Ly-22_U-70_enc-unary_d-4]	0.7934941463172436	0.638159922324121	52899	52899	207408	207408	110189	110189
feynman	test_feynman_transpile[W-state.qasm]	0.008322022171044836	0.008317441221768572	10	10	51	51	36	36
feynman	test_feynman_transpile[adder.qasm]	0.010167628796281	0.010202670856923252	94	94	430	430	288	288
feynman	test_feynman_transpile[adder_8.qasm]	0.02261382699944079	0.022183621967477456	760	760	3179	3179	994	994
feynman	test_feynman_transpile[barenco_tof_10.qasm]	0.016397017466484524	0.01617379781479637	319	319	1468	1468	889	889
feynman	test_feynman_transpile[barenco_tof_3.qasm]	0.00800667946105418	0.007908534479595847	36	36	164	164	124	124
feynman	test_feynman_transpile[barenco_tof_4.qasm]	0.008585867258246805	0.008536522139025771	78	78	350	350	230	230
feynman	test_feynman_transpile[barenco_tof_5.qasm]	0.010019847438955794	0.009965402792052677	119	119	552	552	341	341
feynman	test_feynman_transpile[bigadder.qasm]	0.014138947268400122	0.014056287316688851	240	240	1047	1047	497	497
feynman	test_feynman_transpile[csla_mux_3.qasm]	0.011209271306735139	0.01113406359218061	153	153	641	641	246	246
feynman	test_feynman_transpile[csum_mux_9.qasm]	0.01928307033247418	0.018993783983643407	411	411	1643	1643	324	324
feynman	test_feynman_transpile[gf2^10_mult.qasm]	0.03420826925763062	0.03307738334968172	1804	1804	6968	6968	1786	1786
feynman	test_feynman_transpile[gf2^16_mult.qasm]	0.07040349673479795	0.06811144364376863	4690	4690	17973	17973	3600	3600
feynman	test_feynman_transpile[gf2^32_mult.qasm]	0.24597656317055225	0.23949815407395364	18246	18246	69230	69230	9183	9183
feynman	test_feynman_transpile[gf2^4_mult.qasm]	0.011888884304874186	0.011721395188942552	225	225	912	912	446	446
feynman	test_feynman_transpile[gf2^5_mult.qasm]	0.014293718710541725	0.014092689353054848	361	361	1493	1493	608	608
feynman	test_feynman_transpile[gf2^6_mult.qasm]	0.017390594147799306	0.017106644231183774	543	543	2182	2182	790	790
feynman	test_feynman_transpile[gf2^7_mult.qasm]	0.020664789519893628	0.020295675184267264	785	785	3125	3125	1020	1020
feynman	test_feynman_transpile[gf2^8_mult.qasm]	0.025411241425153535	0.02488168506178914	1139	1139	4407	4407	1424	1424
feynman	test_feynman_transpile[gf2^9_mult.qasm]	0.028579007286359284	0.028118863701820374	1436	1436	5511	5511	1634	1634
feynman	test_feynman_transpile[grover_5.qasm]	0.01694737368009307	0.016785324005217386	470	470	2138	2138	1383	1383
feynman	test_feynman_transpile[ham15-high.qasm]	0.07213576577071633	0.07061328951801572	4925	4925	19592	19592	11253	11253
feynman	test_feynman_transpile[ham15-low.qasm]	0.018438114907662822	0.01832759752869606	781	781	2937	2937	1207	1207
feynman	test_feynman_transpile[ham15-med.qasm]	0.02617420448223129	0.025907317226802982	1220	1220	4919	4919	2684	2684
feynman	test_feynman_transpile[hwb10.qasm]	1.4588532708585262	1.2234688866883516	109341	109341	414424	414424	183344	183344
feynman	test_feynman_transpile[hwb11.qasm]	5.180724184960127	4.22699623554945	331684	331684	1241550	1241550	557210	557210
feynman	test_feynman_transpile[hwb12.qasm]	10.954393891617656	8.847183721140027	644148	644148	2409405	2409405	1066858	1066858
feynman	test_feynman_transpile[hwb6.qasm]	0.011580143543616148	0.011597728729248047	210	210	927	927	564	564
feynman	test_feynman_transpile[hwb8.qasm]	0.2690215236507356	0.22213698737323284	18229	18229	72596	72596	36534	36534
feynman	test_feynman_transpile[inverseqft1.qasm]	0.008828992930215758	0.008753940226289175	0	0	40	40	30	30
feynman	test_feynman_transpile[inverseqft2.qasm]	0.006067716967194311	0.006016382467791889	0	0	35	35	22	22
feynman	test_feynman_transpile[mod5_4.qasm]	0.008198565646874167	0.0080580570819703	45	45	189	189	154	154
feynman	test_feynman_transpile[mod_adder_1024.qasm]	0.06334242009772705	0.06094903235926347	3961	3961	15876	15876	8813	8813
feynman	test_feynman_transpile[mod_mult_55.qasm]	0.008989792405012643	0.008937997091561557	85	85	373	373	167	167
feynman	test_feynman_transpile[mod_red_21.qasm]	0.011458530277013778	0.01131944383748553	199	199	841	841	511	511
feynman	test_feynman_transpile[qcla_adder_10.qasm]	0.0257239361317494	0.02513696816749871	485	485	2032	2032	442	442
feynman	test_feynman_transpile[qcla_com_7.qasm]	0.01963646008687861	0.019289728110799424	355	355	1540	1540	334	334
feynman	test_feynman_transpile[qcla_mod_7.qasm]	0.02557301578613428	0.025057803327217697	915	915	3645	3645	890	890
feynman	test_feynman_transpile[qec.qasm]	0.006473515375420965	0.006343507179007027	4	4	24	24	14	14
feynman	test_feynman_transpile[qft.qasm]	0.007002651630862941	0.006878258993050882	16	16	81	81	61	61
feynman	test_feynman_transpile[qft_4.qasm]	0.009827851504087447	0.008970264819535343	83	83	352	352	243	243
feynman	test_feynman_transpile[qpt.qasm]	0.0027825500371296014	0.0027909406724021487	0	0	6	6	4	4
feynman	test_feynman_transpile[rb.qasm]	0.0034075799755192556	0.0028177854928848234	2	2	14	14	9	9
feynman	test_feynman_transpile[rc_adder_6.qasm]	0.011539220481234439	0.011629296688451654	157	157	664	664	320	320
feynman	test_feynman_transpile[teleport.qasm]	0.005724757237152921	0.00578676104884256	2	2	29	29	17	17
feynman	test_feynman_transpile[teleportv2.qasm]	0.006521769182290882	0.006611806316937827	2	2	30	30	18	18
feynman	test_feynman_transpile[tof_10.qasm]	0.013271843580758735	0.01331867096836076	145	145	717	717	473	473
feynman	test_feynman_transpile[tof_3.qasm]	0.007866249298890128	0.007836877778172492	24	24	118	118	84	84
feynman	test_feynman_transpile[tof_4.qasm]	0.008136590713994545	0.008227866218705488	41	41	206	206	146	146
feynman	test_feynman_transpile[tof_5.qasm]	0.008735256890455881	0.008823968372915101	58	58	290	290	194	194
feynman	test_feynman_transpile[vbe_adder_3.qasm]	0.010138373841176327	0.010283573163729725	98	98	425	425	245	245
