group	name	iter	m_wall	p_wall	m_2q	p_2q	m_1q	p_1q	m_depth	p_depth
feynman	test_feynman_transpile[W-state.qasm]	iter_1	0.009065694239889753	0.008330705623000355	10	10	41	41	36	36
feynman	test_feynman_transpile[adder.qasm]	iter_1	0.010140593929947176	0.010143661155150486	94	94	336	336	288	288
feynman	test_feynman_transpile[adder_8.qasm]	iter_1	0.022696340968832374	0.02211002774891399	760	760	2419	2419	994	994
feynman	test_feynman_transpile[barenco_tof_10.qasm]	iter_1	0.016300736468727307	0.016173091701279254	319	319	1149	1149	889	889
feynman	test_feynman_transpile[barenco_tof_3.qasm]	iter_1	0.007875794850167681	0.007876330396024192	36	36	128	128	124	124
feynman	test_feynman_transpile[barenco_tof_4.qasm]	iter_1	0.00852249459973697	0.008511617882262677	78	78	272	272	230	230
feynman	test_feynman_transpile[barenco_tof_5.qasm]	iter_1	0.010018235680704214	0.010039096429329557	119	119	433	433	341	341
feynman	test_feynman_transpile[bigadder.qasm]	iter_1	0.01407334123573759	0.013994581187548845	240	240	807	807	497	497
feynman	test_feynman_transpile[csla_mux_3.qasm]	iter_1	0.011276387775109874	0.011109813331411434	153	153	488	488	246	246
feynman	test_feynman_transpile[csum_mux_9.qasm]	iter_1	0.019224262040741038	0.019026077495744594	411	411	1232	1232	324	324
feynman	test_feynman_transpile[gf2^10_mult.qasm]	iter_1	0.03392663797629731	0.032804080188788214	1804	1804	5164	5164	1786	1786
feynman	test_feynman_transpile[gf2^16_mult.qasm]	iter_1	0.06990722790360451	0.06920373179018498	4690	4690	13283	13283	3600	3600
feynman	test_feynman_transpile[gf2^32_mult.qasm]	iter_1	0.24643903002142906	0.23683105781674385	18246	18246	50984	50984	9183	9183
feynman	test_feynman_transpile[gf2^4_mult.qasm]	iter_1	0.011840416019161542	0.011726540041627822	225	225	687	687	446	446
feynman	test_feynman_transpile[gf2^5_mult.qasm]	iter_1	0.014343671719817555	0.014175099123951415	361	361	1132	1132	608	608
feynman	test_feynman_transpile[gf2^6_mult.qasm]	iter_1	0.01737815936628197	0.017122560812692558	543	543	1639	1639	790	790
feynman	test_feynman_transpile[gf2^7_mult.qasm]	iter_1	0.02066812349949032	0.02036580943968147	785	785	2340	2340	1020	1020
feynman	test_feynman_transpile[gf2^8_mult.qasm]	iter_1	0.02512926897034049	0.0248049147045001	1139	1139	3268	3268	1424	1424
feynman	test_feynman_transpile[gf2^9_mult.qasm]	iter_1	0.02872701087856994	0.02801370548291339	1436	1436	4075	4075	1634	1634
feynman	test_feynman_transpile[grover_5.qasm]	iter_1	0.01709243341314572	0.017087612707506528	470	470	1668	1668	1383	1383
feynman	test_feynman_transpile[ham15-high.qasm]	iter_1	0.07193375738071543	0.07037946781409639	4925	4925	14667	14667	11253	11253
feynman	test_feynman_transpile[ham15-low.qasm]	iter_1	0.018468519848472666	0.018177616568106524	781	781	2156	2156	1207	1207
feynman	test_feynman_transpile[ham15-med.qasm]	iter_1	0.026172231490674772	0.025586990114205923	1220	1220	3699	3699	2684	2684
feynman	test_feynman_transpile[hwb10.qasm]	iter_1	1.5273555722087622	1.1547929681837559	109341	109341	305083	305083	183344	183344
feynman	test_feynman_transpile[hwb11.qasm]	iter_1	5.199240382760763	3.9402236826717854	331684	331684	909866	909866	557210	557210
feynman	test_feynman_transpile[hwb12.qasm]	iter_1	10.69913507066667	8.349799001589417	644148	644148	1765257	1765257	1066858	1066858
feynman	test_feynman_transpile[hwb6.qasm]	iter_1	0.011569640683856878	0.011500368789805994	210	210	717	717	564	564
feynman	test_feynman_transpile[hwb8.qasm]	iter_1	0.2699341834522784	0.2221234802156687	18229	18229	54367	54367	36534	36534
feynman	test_feynman_transpile[inverseqft1.qasm]	iter_1	0.008886797014962543	0.008825072557280917	0	0	40	40	30	30
feynman	test_feynman_transpile[inverseqft2.qasm]	iter_1	0.006099016352117747	0.0060189836008777454	0	0	35	35	22	22
feynman	test_feynman_transpile[mod5_4.qasm]	iter_1	0.008191761807823668	0.007983636885749556	45	45	144	144	154	154
feynman	test_feynman_transpile[mod_adder_1024.qasm]	iter_1	0.06360443599987775	0.06193689082283527	3961	3961	11915	11915	8813	8813
feynman	test_feynman_transpile[mod_mult_55.qasm]	iter_1	0.009079611328031336	0.008923699092119932	85	85	288	288	167	167
feynman	test_feynman_transpile[mod_red_21.qasm]	iter_1	0.011521171866094365	0.011310137622058392	199	199	642	642	511	511
feynman	test_feynman_transpile[qcla_adder_10.qasm]	iter_1	0.025904774763866475	0.025055366372199434	485	485	1547	1547	442	442
feynman	test_feynman_transpile[qcla_com_7.qasm]	iter_1	0.01977095395034435	0.019387852982617915	355	355	1185	1185	334	334
feynman	test_feynman_transpile[qcla_mod_7.qasm]	iter_1	0.025643517478154257	0.025040718651301152	915	915	2730	2730	890	890
feynman	test_feynman_transpile[qec.qasm]	iter_1	0.0065063028744641385	0.006434550893212121	4	4	20	20	14	14
feynman	test_feynman_transpile[qft.qasm]	iter_1	0.0069217512866965045	0.006853148367413333	16	16	65	65	61	61
feynman	test_feynman_transpile[qft_4.qasm]	iter_1	0.009880420956760646	0.008948433961320137	83	83	269	269	243	243
feynman	test_feynman_transpile[qpt.qasm]	iter_1	0.0028136268417750087	0.0027907432763484017	0	0	6	6	4	4
feynman	test_feynman_transpile[rb.qasm]	iter_1	0.003433583343916751	0.0027817458969851337	2	2	12	12	9	9
feynman	test_feynman_transpile[rc_adder_6.qasm]	iter_1	0.011551634940717901	0.011503611794776387	157	157	507	507	320	320
feynman	test_feynman_transpile[teleport.qasm]	iter_1	0.005774058075876184	0.005790663283993626	2	2	27	27	17	17
feynman	test_feynman_transpile[teleportv2.qasm]	iter_1	0.006631469604774163	0.0067164133439158525	2	2	28	28	18	18
feynman	test_feynman_transpile[tof_10.qasm]	iter_1	0.013363879484434923	0.013367245931710516	145	145	572	572	473	473
feynman	test_feynman_transpile[tof_3.qasm]	iter_1	0.007808300573378802	0.007867274485284188	24	24	94	94	84	84
feynman	test_feynman_transpile[tof_4.qasm]	iter_1	0.00812480775149245	0.008160210879785674	41	41	165	165	146	146
feynman	test_feynman_transpile[tof_5.qasm]	iter_1	0.008739701377512035	0.008799628568215107	58	58	232	232	194	194
feynman	test_feynman_transpile[vbe_adder_3.qasm]	iter_1	0.01014263949059334	0.010200092782421658	98	98	327	327	245	245
device_hamiltonians	test_hamlib_hamiltonians_transpile[ham_enc_stdbinary_dvalues_d-level-4]	iter_1	0.012000186368823051	0.011943352541753225	3	3	27	27	19	19
device_hamiltonians	test_hamlib_hamiltonians_transpile[ham_mu_y_prime_enc_stdbinary_dvalues_8-8-4-4]	iter_1	0.008123493844234362	0.008079924218264627	18	18	93	93	72	72
device_hamiltonians	test_hamlib_hamiltonians_transpile[ham_mu_y_prime_enc_unary_dvalues_4-4-4]	iter_1	0.004680232395159516	0.004640349956680106	6	6	52	52	32	32
device_hamiltonians	test_hamlib_hamiltonians_transpile[ham_mu_z_prime_enc_gray_dvalues_4-4-4-4]	iter_1	0.005731925860131055	0.005694122430397554	4	4	33	33	11	11
device_hamiltonians	test_hamlib_hamiltonians_transpile[ham_gnp-k_2_n-4_rinst-05]	iter_1	0.008756861194140382	0.007678124234080315	22	22	97	97	83	83
device_hamiltonians	test_hamlib_hamiltonians_transpile[ham_ham_parity-4]	iter_1	0.009168926073790907	0.009070930692056814	62	62	207	207	194	194
device_hamiltonians	test_hamlib_hamiltonians_transpile[ham_mu_y_prime_enc_stdbinary_dvalues_16-16-16-16-8-8-8]	iter_1	0.009759558278515382	0.009423221969469027	72	72	255	255	209	209
device_hamiltonians	test_hamlib_hamiltonians_transpile[ham_mu_y_prime_enc_gray_dvalues_16-16-16]	iter_1	0.010229387377597848	0.009197866442528638	92	92	314	314	269	269
device_hamiltonians	test_hamlib_hamiltonians_transpile[ham_enc_gray_dvalues_d-level-16]	iter_1	0.013512439311367192	0.013309202118687434	196	196	804	804	646	646
device_hamiltonians	test_hamlib_hamiltonians_transpile[ham_mu_y_prime_enc_stdbinary_dvalues_8-8-8-8-8-8]	iter_1	0.01426319656611392	0.013187163164966728	36	36	186	186	72	72
device_hamiltonians	test_hamlib_hamiltonians_transpile[ham_gnp-k_4_n-6_rinst-15]	iter_1	0.01084359557751347	0.00974321669827287	136	136	454	454	404	404
device_hamiltonians	test_hamlib_hamiltonians_transpile[ham_ham_JW-6]	iter_1	0.015533030004007742	0.013649995219619834	351	351	1168	1168	1015	1015
device_hamiltonians	test_hamlib_hamiltonians_transpile[ham_mu_y_prime_enc_unary_dvalues_8-8-8-8-8-8-8]	iter_1	0.006175710156170371	0.006117994182863119	14	14	120	120	72	72
device_hamiltonians	test_hamlib_hamiltonians_transpile[ham_7-uf20-0384.cnf-8-res]	iter_1	0.008491923702897223	0.008497952643009994	78	78	248	248	160	160
device_hamiltonians	test_hamlib_hamiltonians_transpile[ham_tsp_rand-002_Ncity-4_enc-stdbinary]	iter_1	0.010126392245292664	0.01006295516936466	137	137	460	460	330	330
device_hamiltonians	test_hamlib_hamiltonians_transpile[ham_ham_JW-8]	iter_1	0.03322455712727138	0.031956642183164755	1374	1374	4196	4196	3566	3566
device_hamiltonians	test_hamlib_hamiltonians_transpile[ham_enc_gray_dvalues_8-8-8]	iter_1	0.4320171984533469	0.4131976179778576	12551	12551	36713	36713	31460	31460
device_hamiltonians	test_hamlib_hamiltonians_transpile[ham_complbipart-n-10_a-5_b-5]	iter_1	0.014297335700535062	0.012565387568126122	287	287	955	955	685	685
device_hamiltonians	test_hamlib_hamiltonians_transpile[ham_ham_JW10]	iter_1	0.07305458813373532	0.06549686647485942	2407	2407	7030	7030	6344	6344
device_hamiltonians	test_hamlib_hamiltonians_transpile[ham_ham_parity10]	iter_1	0.07052435340980688	0.06545297515889009	2440	2440	7107	7107	6634	6634
device_hamiltonians	test_hamlib_hamiltonians_transpile[ham_ham_JW-10]	iter_1	0.07229547508593116	0.062069047023268306	2407	2407	7031	7031	6341	6341
device_hamiltonians	test_hamlib_hamiltonians_transpile[ham_mu_x_prime_enc_stdbinary_dvalues_8-8-8-8-8-8-8-8-8-4-4-4-4-4-4]	iter_1	0.028016658765929087	0.027839373632827225	56	56	295	295	73	73
device_hamiltonians	test_hamlib_hamiltonians_transpile[ham_mu_x_prime_enc_unary_dvalues_4-4-4]	iter_1	0.01018870122871309	0.010162632586886582	18	18	156	156	32	32
device_hamiltonians	test_hamlib_hamiltonians_transpile[ham_ham_parity12]	iter_1	0.16849979075292745	0.15048897399434022	4740	4740	13855	13855	13321	13321
device_hamiltonians	test_hamlib_hamiltonians_transpile[ham_ham_BK12]	iter_1	0.12975703878328204	0.12170580381320582	7063	7063	20486	20486	15320	15320
device_hamiltonians	test_hamlib_hamiltonians_transpile[ham_ham_JW12]	iter_1	0.16841101801643768	0.14584102827523435	4630	4630	13241	13241	12371	12371
device_hamiltonians	test_hamlib_hamiltonians_transpile[ham_bh_graph-1D-grid-pbc-qubitnodes_Lx-4_U-40_enc-gray_d-8]	iter_1	0.09797914363443852	0.09347406791692431	4158	4158	14759	14759	12684	12684
device_hamiltonians	test_hamlib_hamiltonians_transpile[ham_enc_unary_dvalues_4-4-4]	iter_1	0.2210379045456648	0.21099263578653335	12070	12070	39001	39001	27916	27916
device_hamiltonians	test_hamlib_hamiltonians_transpile[ham_ham_parity-14]	iter_1	0.17986534163355827	0.15472608299127646	7159	7159	20541	20541	17017	17017
device_hamiltonians	test_hamlib_hamiltonians_transpile[ham_ham_JW14]	iter_1	0.20969609767198563	0.19180371767530838	6267	6267	17022	17022	15625	15625
device_hamiltonians	test_hamlib_hamiltonians_transpile[ham_enc_gray_dvalues_4-4-4-4-4-4-4]	iter_1	0.08310239461178963	0.08198255601410682	3667	3667	11853	11853	9385	9385
device_hamiltonians	test_hamlib_hamiltonians_transpile[ham_ham_BK-14]	iter_1	0.3167403438128531	0.29837938118726015	15524	15524	43160	43160	34192	34192
device_hamiltonians	test_hamlib_hamiltonians_transpile[ham_ham_JW-14]	iter_1	0.3486957897742589	0.3208570317365229	12221	12221	33583	33583	30474	30474
device_hamiltonians	test_hamlib_hamiltonians_transpile[ham_mu_z_prime_enc_unary_dvalues_16-16-16-16-16-16-16]	iter_1	0.009747516646078138	0.009656226654586039	30	30	256	256	152	152
device_hamiltonians	test_hamlib_hamiltonians_transpile[ham_graph-1D-grid-pbc-qubitnodes_Lx-16_h-2]	iter_1	0.02526166392046781	0.02521963461878754	71	71	236	236	170	170
device_hamiltonians	test_hamlib_hamiltonians_transpile[ham_ham_JW-18]	iter_1	0.9622238390147686	0.889880939386785	37239	37239	98291	98291	88794	88794
device_hamiltonians	test_hamlib_hamiltonians_transpile[ham_ham_JW-22]	iter_1	4.007603637874126	3.7198229152709246	110022	110022	292583	292583	268040	268040
device_hamiltonians	test_hamlib_hamiltonians_transpile[ham_ham_BK22]	iter_1	3.329944984987378	3.025254363194108	135268	135268	367012	367012	279934	279934
device_hamiltonians	test_hamlib_hamiltonians_transpile[ham_mu_y_prime_enc_stdbinary_dvalues_4-4-4-4-4-4-4-4-4-4-4-4-4-4-4-4-4-4]	iter_1	0.0120272699277848	0.010974872757991154	24	24	240	240	13	13
device_hamiltonians	test_hamlib_hamiltonians_transpile[ham_gnp-k_5_n-24_rinst-04]	iter_1	0.022379315034909683	0.02201507007703185	1007	1007	2861	2861	884	884
device_hamiltonians	test_hamlib_hamiltonians_transpile[ham_tsp_prob-ulysses22_Ncity-8_enc-stdbinary]	iter_1	0.03770442529080006	0.036505178858836494	1864	1864	5999	5999	4253	4253
device_hamiltonians	test_hamlib_hamiltonians_transpile[ham_ham_JW24]	iter_1	9.301972342655063	7.716718310490251	187285	187285	504449	504449	447466	447466
device_hamiltonians	test_hamlib_hamiltonians_transpile[ham_tsp_prob-ts225_Ncity-5_enc-unary]	iter_1	0.01717125741695916	0.016896820454685775	474	474	1431	1431	407	407
device_hamiltonians	test_hamlib_hamiltonians_transpile[ham_graph-1D-grid-pbc-qubitnodes_Lx-26_h-6]	iter_1	0.21788015998899937	0.21479212157428265	109	109	358	358	275	275
device_hamiltonians	test_hamlib_hamiltonians_transpile[ham_bh_graph-1D-grid-pbc-qubitnodes_Lx-14_U-10_enc-stdbinary_d-4]	iter_1	0.0440135524486718	0.044570346646334816	1067	1067	3868	3868	3048	3048
device_hamiltonians	test_hamlib_hamiltonians_transpile[ham_bh_graph-2D-triag-nonpbc-qubitnodes_Lx-3_Ly-5_U-30_enc-gray_d-4]	iter_1	0.07861101183180626	0.06482972751837224	3707	3707	11982	11982	9233	9233
device_hamiltonians	test_hamlib_hamiltonians_transpile[ham_reg-5_n-10_rinst-07]	iter_1	0.09030997566878796	0.08467970788478851	6155	6155	19169	19169	11185	11185
device_hamiltonians	test_hamlib_hamiltonians_transpile[ham_mu_y_prime_enc_unary_dvalues_16-16-16-16-16-16]	iter_1	0.012359937970958105	0.012153447419404984	60	60	512	512	152	152
device_hamiltonians	test_hamlib_hamiltonians_transpile[ham_bh_graph-3D-grid-nonpbc-qubitnodes_Lx-2_Ly-2_Lz-2_U-20_enc-unary_d-4]	iter_1	0.1008935084566474	0.08533908069754641	5201	5201	15785	15785	12696	12696
device_hamiltonians	test_hamlib_hamiltonians_transpile[ham_0-uuf100-0810.cnf-40-res]	iter_1	0.02985758881903056	0.02883447499738799	1341	1341	3452	3452	1176	1176
device_hamiltonians	test_hamlib_hamiltonians_transpile[ham_8-uuf100-0509.cnf-40-cc]	iter_1	0.03215844449446057	0.02994375287422112	1546	1546	4016	4016	1330	1330
device_hamiltonians	test_hamlib_hamiltonians_transpile[ham_gnp-k_4_n-40_rinst-07]	iter_1	0.08057767944410443	0.0674034836391608	6028	6028	16665	16665	9916	9916
device_hamiltonians	test_hamlib_hamiltonians_transpile[ham_2-uf100-0396.cnf-46-res]	iter_1	0.03442476972423751	0.033538485566775	2213	2213	5581	5581	1712	1712
device_hamiltonians	test_hamlib_hamiltonians_transpile[ham_2-uf100-0601.cnf-46-res]	iter_1	0.03691549379644649	0.035798537648386426	2511	2511	6241	6241	1913	1913
device_hamiltonians	test_hamlib_hamiltonians_transpile[ham_bh_graph-1D-grid-nonpbc-qubitnodes_Lx-12_U-40_enc-unary_d-4]	iter_1	0.09662957303225994	0.0844365581870079	4545	4545	14328	14328	11704	11704
device_hamiltonians	test_hamlib_hamiltonians_transpile[ham_bh_graph-1D-grid-pbc-qubitnodes_Lx-24_U-20_enc-stdbinary_d-4]	iter_1	0.07572577201894351	0.07356612371014697	1781	1781	6629	6629	5182	5182
device_hamiltonians	test_hamlib_hamiltonians_transpile[ham_tsp_prob-lin105_Ncity-7_enc-unary]	iter_1	0.03373439727971951	0.03294737136055683	1650	1650	4769	4769	1212	1212
device_hamiltonians	test_hamlib_hamiltonians_transpile[ham_gnp-k_5_n-60_rinst-19]	iter_1	0.18956200703978537	0.1611955759248563	16063	16063	44641	44641	27012	27012
device_hamiltonians	test_hamlib_hamiltonians_transpile[ham_bh_graph-2D-triag-pbc-qubitnodes_Lx-5_Ly-5_U-30_enc-unary_d-4]	iter_1	0.3538625066479047	0.29985800571739674	21933	21933	65331	65331	48769	48769
device_hamiltonians	test_hamlib_hamiltonians_transpile[ham_mu_x_prime_enc_unary_dvalues_16-16-16-16-16-16-16-16-16-16-16-16-16-16-16]	iter_1	0.015886845557313217	0.015779165861507256	120	120	1024	1024	152	152
device_hamiltonians	test_hamlib_hamiltonians_transpile[ham_tsp_prob-d198_Ncity-8_enc-unary]	iter_1	0.047305119968950746	0.04562787262892181	2679	2679	7619	7619	1811	1811
device_hamiltonians	test_hamlib_hamiltonians_transpile[ham_tsp_prob-kroD100_Ncity-16_enc-stdbinary]	iter_1	0.3295491859316826	0.27689174143597484	19013	19013	58716	58716	41423	41423
device_hamiltonians	test_hamlib_hamiltonians_transpile[ham_tsp_prob-fl417_Ncity-16_enc-stdbinary]	iter_1	0.3289001449011266	0.27390820160508156	19015	19015	58515	58515	41292	41292
device_hamiltonians	test_hamlib_hamiltonians_transpile[ham_4-uf100-0246.cnf-70-res]	iter_1	0.08656306141479449	0.08280817590033014	8566	8566	20532	20532	6347	6347
device_hamiltonians	test_hamlib_hamiltonians_transpile[ham_dsjc1000.1,n-36,rinst-4]	iter_1	0.06213045085314661	0.06084654721267083	3912	3912	11333	11333	4110	4110
device_hamiltonians	test_hamlib_hamiltonians_transpile[ham_graph-2D-grid-nonpbc-qubitnodes_Lx-5_Ly-15_h-3]	iter_1	0.04290843769907951	0.04177103463249902	1027	1027	2864	2864	815	815
device_hamiltonians	test_hamlib_hamiltonians_transpile[ham_bh_graph-1D-grid-pbc-qubitnodes_Lx-10_U-30_enc-unary_d-8]	iter_1	0.38985713322957355	0.33143857680261135	23507	23507	73386	73386	58257	58257
device_hamiltonians	test_hamlib_hamiltonians_transpile[ham_4-flat100-7.cnf-90-cc]	iter_1	0.03241129536181688	0.03237142122040192	1166	1166	2923	2923	473	473
device_hamiltonians	test_hamlib_hamiltonians_transpile[ham_reg-4_n-90_rinst-07]	iter_1	0.07056675265942301	0.0628461035735467	3830	3830	10497	10497	2032	2032
device_hamiltonians	test_hamlib_hamiltonians_transpile[ham_gnp-k_5_n-90_rinst-02]	iter_1	0.3054391127079725	0.24280415028333663	29444	29444	78077	78077	43612	43612
device_hamiltonians	test_hamlib_hamiltonians_transpile[ham_graph-2D-triag-pbc-qubitnodes_Lx-13_Ly-13_h-0.1]	iter_1	0.04088446840643883	0.040185870379209516	2556	2556	6498	6498	1780	1780
device_hamiltonians	test_hamlib_hamiltonians_transpile[ham_bh_graph-1D-grid-pbc-qubitnodes_Lx-46_U-2_enc-gray_d-4]	iter_1	0.1257186031434685	0.12370271678082645	5367	5367	18852	18852	15475	15475
device_hamiltonians	test_hamlib_hamiltonians_transpile[ham_bh_graph-2D-grid-nonpbc-qubitnodes_Lx-7_Ly-7_U-70_enc-gray_d-4]	iter_1	0.22593144215643407	0.19186973789085945	14411	14411	42744	42744	32706	32706
device_hamiltonians	test_hamlib_hamiltonians_transpile[ham_fh-graph-1D-grid-pbc-qubitnodes_Lx-50_U-2_enc-jw]	iter_1	0.05284831114113331	0.044485955837775364	3224	3224	8870	8870	5709	5709
device_hamiltonians	test_hamlib_hamiltonians_transpile[ham_tsp_prob-st70_Ncity-10_enc-unary]	iter_1	0.0830858892832811	0.08177145756781101	5220	5220	15244	15244	2879	2879
device_hamiltonians	test_hamlib_hamiltonians_transpile[ham_tsp_prob-pr76_Ncity-10_enc-unary]	iter_1	0.08351250505074859	0.08376455622223708	5220	5220	15151	15151	2854	2854
device_hamiltonians	test_hamlib_hamiltonians_transpile[ham_bh_graph-2D-triag-pbc-qubitnodes_Lx-10_Ly-10_U-30_enc-stdbinary_d-4]	iter_1	0.32025870215147734	0.3079727301374078	21309	21309	61614	61614	44190	44190
device_hamiltonians	test_hamlib_hamiltonians_transpile[ham_queen13_13,n-28,rinst-0]	iter_1	0.056943738005227514	0.05567080299887392	2343	2343	6164	6164	594	594
device_hamiltonians	test_hamlib_hamiltonians_transpile[ham_will199gpia,n-60,rinst-8]	iter_1	0.11888708546757698	0.11619025344649951	9510	9510	26876	26876	9578	9578
device_hamiltonians	test_hamlib_hamiltonians_transpile[ham_bh_graph-1D-grid-pbc-qubitnodes_Lx-60_U-10_enc-stdbinary_d-4]	iter_1	0.12705885828472674	0.12219430940846603	4488	4488	16408	16408	12751	12751
device_hamiltonians	test_hamlib_hamiltonians_transpile[ham_bh_graph-2D-triag-pbc-qubitnodes_Lx-3_Ly-22_U-70_enc-unary_d-4]	iter_1	0.7699702186509967	0.6580224791541696	52899	52899	154509	154509	110189	110189
abstract_small	test_QASMBench_small[adder_n10-all-to-all]	iter_1	0.009546755675653943	0.009236761628360044	65	65	247	247	200	200
abstract_small	test_QASMBench_small[adder_n10-square]	iter_1	0.007384782827769717	0.007356796479016019	91	91	360	360	274	274
abstract_small	test_QASMBench_small[adder_n10-heavy-hex]	iter_1	0.007477092225167711	0.007419588429660633	105	105	385	385	334	334
abstract_small	test_QASMBench_small[adder_n10-linear]	iter_1	0.0072965613316471984	0.007309560358646463	94	94	358	358	300	300
abstract_small	test_QASMBench_small[adder_n4-all-to-all]	iter_1	0.002136201341892337	0.002104649746804747	10	10	44	44	23	23
abstract_small	test_QASMBench_small[adder_n4-square]	iter_1	0.0021453345524599567	0.002083405285236149	10	10	44	44	23	23
abstract_small	test_QASMBench_small[adder_n4-heavy-hex]	iter_1	0.004453596100211144	0.004381409136896924	16	16	63	63	33	33
abstract_small	test_QASMBench_small[adder_n4-linear]	iter_1	0.0037289785599350033	0.0036773416452963834	16	16	70	70	39	39
abstract_small	test_QASMBench_small[basis_change_n3-all-to-all]	iter_1	0.0020953464367381345	0.0020516450321364887	10	10	86	86	54	54
abstract_small	test_QASMBench_small[basis_change_n3-square]	iter_1	0.002152950168502602	0.002072962380088536	10	10	86	86	54	54
abstract_small	test_QASMBench_small[basis_change_n3-heavy-hex]	iter_1	0.002910330845759465	0.0028380354359426995	10	10	86	86	54	54
abstract_small	test_QASMBench_small[basis_change_n3-linear]	iter_1	0.0020826241808346887	0.002041193903626307	10	10	86	86	54	54
abstract_small	test_QASMBench_small[basis_test_n4-all-to-all]	iter_1	0.001963198184967041	0.0019387050695922976	6	6	48	48	19	19
abstract_small	test_QASMBench_small[basis_test_n4-square]	iter_1	0.0019022427094032574	0.0018911505270213004	6	6	50	50	20	20
abstract_small	test_QASMBench_small[basis_test_n4-heavy-hex]	iter_1	0.0028087116221374854	0.002785789967653738	6	6	50	50	20	20
abstract_small	test_QASMBench_small[basis_test_n4-linear]	iter_1	0.0020967920808571167	0.0019894019918032155	6	6	50	50	20	20
abstract_small	test_QASMBench_small[basis_trotter_n4-all-to-all]	iter_1	0.009952855899053462	0.008720837859916933	179	179	973	973	493	493
abstract_small	test_QASMBench_small[basis_trotter_n4-square]	iter_1	0.011638731864022922	0.010336049982616979	207	207	1081	1081	513	513
abstract_small	test_QASMBench_small[basis_trotter_n4-heavy-hex]	iter_1	0.013311912518526826	0.011645552313214616	268	268	1261	1261	956	956
abstract_small	test_QASMBench_small[basis_trotter_n4-linear]	iter_1	0.012047437031143977	0.010670344147117847	229	229	1171	1171	625	625
abstract_small	test_QASMBench_small[bb84_n8-all-to-all]	iter_1	0.0016463073287793773	0.0012063519890340236	0	0	39	39	8	8
abstract_small	test_QASMBench_small[bb84_n8-square]	iter_1	0.001653153324658986	0.0011990585716793666	0	0	39	39	8	8
abstract_small	test_QASMBench_small[bb84_n8-heavy-hex]	iter_1	0.002159613966590391	0.0014727722325833556	0	0	39	39	8	8
abstract_small	test_QASMBench_small[bb84_n8-linear]	iter_1	0.0014843492721349507	0.001136469773270867	0	0	39	39	8	8
abstract_small	test_QASMBench_small[bell_n4-all-to-all]	iter_1	0.002263530980645105	0.0019503109148915922	5	5	38	38	14	14
abstract_small	test_QASMBench_small[bell_n4-square]	iter_1	0.0019916889961353523	0.001994010925825153	5	5	42	42	17	17
abstract_small	test_QASMBench_small[bell_n4-heavy-hex]	iter_1	0.003433051639377411	0.002743544198203365	5	5	39	39	17	17
abstract_small	test_QASMBench_small[bell_n4-linear]	iter_1	0.002394941887712177	0.0019753291582067806	5	5	39	39	15	15
abstract_small	test_QASMBench_small[cat_state_n4-all-to-all]	iter_1	0.001412956464675165	0.0013474881820953809	3	3	22	22	13	13
abstract_small	test_QASMBench_small[cat_state_n4-square]	iter_1	0.0013884920257193443	0.0013199232238217849	3	3	22	22	13	13
abstract_small	test_QASMBench_small[cat_state_n4-heavy-hex]	iter_1	0.0021243412841232797	0.0020572230792962587	3	3	22	22	13	13
abstract_small	test_QASMBench_small[cat_state_n4-linear]	iter_1	0.0012602515292730924	0.0013098023838042816	3	3	22	22	13	13
abstract_small	test_QASMBench_small[deutsch_n2-all-to-all]	iter_1	0.0009599680822618582	0.0009405561276441495	1	1	11	11	8	8
abstract_small	test_QASMBench_small[deutsch_n2-square]	iter_1	0.0011327656741343842	0.0011075685214399526	1	1	11	11	8	8
abstract_small	test_QASMBench_small[deutsch_n2-heavy-hex]	iter_1	0.001819430068316101	0.0017688162238795524	1	1	11	11	8	8
abstract_small	test_QASMBench_small[deutsch_n2-linear]	iter_1	0.0009793647233097033	0.0008764320027005833	1	1	11	11	8	8
abstract_small	test_QASMBench_small[dnn_n2-all-to-all]	iter_1	0.0013004150598231751	0.0011450957847694493	3	3	31	31	20	20
abstract_small	test_QASMBench_small[dnn_n2-square]	iter_1	0.0013892443039628308	0.0012933629052885344	3	3	31	31	20	20
abstract_small	test_QASMBench_small[dnn_n2-heavy-hex]	iter_1	0.0020865294524930657	0.0020308854940256716	3	3	31	31	20	20
abstract_small	test_QASMBench_small[dnn_n2-linear]	iter_1	0.0012377090444249555	0.0012078445707299527	3	3	31	31	20	20
abstract_small	test_QASMBench_small[dnn_n8-all-to-all]	iter_1	0.007089658342819247	0.006863884696805918	64	64	444	444	80	80
abstract_small	test_QASMBench_small[dnn_n8-square]	iter_1	0.004986599712124603	0.004859660877972035	64	64	442	442	80	80
abstract_small	test_QASMBench_small[dnn_n8-heavy-hex]	iter_1	0.00725244448448603	0.007111755207180977	94	94	521	521	112	112
abstract_small	test_QASMBench_small[dnn_n8-linear]	iter_1	0.007890553932970132	0.006873264163732529	109	109	596	596	124	124
abstract_small	test_QASMBench_small[error_correctiond3_n5-all-to-all]	iter_1	0.003675180476547208	0.0036247484089131374	35	35	116	116	102	102
abstract_small	test_QASMBench_small[error_correctiond3_n5-square]	iter_1	0.005160505200425784	0.005096913425204082	38	38	133	133	98	98
abstract_small	test_QASMBench_small[error_correctiond3_n5-heavy-hex]	iter_1	0.005288012043544741	0.00526366013984539	44	44	133	133	110	110
abstract_small	test_QASMBench_small[error_correctiond3_n5-linear]	iter_1	0.004870315361241836	0.004841559931781946	53	53	153	153	115	115
abstract_small	test_QASMBench_small[fredkin_n3-all-to-all]	iter_1	0.0017841810749160301	0.0017802031798055395	8	8	34	34	25	25
abstract_small	test_QASMBench_small[fredkin_n3-square]	iter_1	0.0034974889162014116	0.003344072331674397	14	14	49	49	37	37
abstract_small	test_QASMBench_small[fredkin_n3-heavy-hex]	iter_1	0.005027614012746613	0.004181625676672842	14	14	58	58	47	47
abstract_small	test_QASMBench_small[fredkin_n3-linear]	iter_1	0.003281451885464725	0.0032654370137509083	14	14	53	53	42	42
abstract_small	test_QASMBench_small[grover_n2-all-to-all]	iter_1	0.0010892746379836597	0.0009965030404810722	2	2	12	12	10	10
abstract_small	test_QASMBench_small[grover_n2-square]	iter_1	0.0011909531561565528	0.001186407928665479	2	2	12	12	10	10
abstract_small	test_QASMBench_small[grover_n2-heavy-hex]	iter_1	0.0019129191569248493	0.0018798299588081314	2	2	14	14	9	9
abstract_small	test_QASMBench_small[grover_n2-linear]	iter_1	0.0010846768999496577	0.001014105254825415	2	2	12	12	10	10
abstract_small	test_QASMBench_small[hhl_n7-all-to-all]	iter_1	0.010076830080813831	0.00901580539208894	92	92	397	397	323	323
abstract_small	test_QASMBench_small[hhl_n7-square]	iter_1	0.00916502903224808	0.008031275771234346	138	138	532	532	403	403
abstract_small	test_QASMBench_small[hhl_n7-heavy-hex]	iter_1	0.009823761299572966	0.008529460346959169	196	196	692	692	478	478
abstract_small	test_QASMBench_small[hhl_n7-linear]	iter_1	0.009710346923229541	0.00849090471991107	240	240	801	801	534	534
abstract_small	test_QASMBench_small[hs4_n4-all-to-all]	iter_1	0.0016125518213204633	0.0016041296933378493	4	4	28	28	11	11
abstract_small	test_QASMBench_small[hs4_n4-square]	iter_1	0.0016069530490886886	0.0015646808249482386	4	4	28	28	10	10
abstract_small	test_QASMBench_small[hs4_n4-heavy-hex]	iter_1	0.00243574720948483	0.002376911569482241	4	4	28	28	10	10
abstract_small	test_QASMBench_small[hs4_n4-linear]	iter_1	0.001577015001075873	0.0015597845688078865	4	4	26	26	10	10
abstract_small	test_QASMBench_small[inverseqft_n4-all-to-all]	iter_1	0.003546462482994511	0.0034973287897170054	0	0	35	35	22	22
abstract_small	test_QASMBench_small[inverseqft_n4-square]	iter_1	0.0035751506762757694	0.003570246746412654	0	0	35	35	22	22
abstract_small	test_QASMBench_small[inverseqft_n4-heavy-hex]	iter_1	0.004356131006620433	0.004405584249995712	0	0	35	35	22	22
abstract_small	test_QASMBench_small[inverseqft_n4-linear]	iter_1	0.0035936261402137243	0.0035337283103554335	0	0	35	35	22	22
abstract_small	test_QASMBench_small[ipea_n2-all-to-all]	iter_1	0.020444949632700608	0.020301674065801006	5	5	59	59	56	56
abstract_small	test_QASMBench_small[ipea_n2-square]	iter_1	0.021354677490890026	0.02132342634152393	5	5	58	58	54	54
abstract_small	test_QASMBench_small[ipea_n2-heavy-hex]	iter_1	0.02157996381477763	0.02147229705005884	5	5	58	58	54	54
abstract_small	test_QASMBench_small[ipea_n2-linear]	iter_1	0.0205902576368923	0.02109555828761547	5	5	59	59	56	56
abstract_small	test_QASMBench_small[ising_n10-all-to-all]	iter_1	0.008655613761336084	0.00787159473500179	90	90	423	423	93	93
abstract_small	test_QASMBench_small[ising_n10-square]	iter_1	0.007939326276225367	0.006842740858308703	90	90	466	466	98	98
abstract_small	test_QASMBench_small[ising_n10-heavy-hex]	iter_1	0.005635293471163877	0.005552256847926956	90	90	445	445	94	94
abstract_small	test_QASMBench_small[ising_n10-linear]	iter_1	0.006044752930539735	0.005165207549614251	90	90	462	462	98	98
abstract_small	test_QASMBench_small[iswap_n2-all-to-all]	iter_1	0.0010625284508652452	0.0010736234480509528	2	2	13	13	9	9
abstract_small	test_QASMBench_small[iswap_n2-square]	iter_1	0.0012330587660627705	0.0012968779097028086	2	2	13	13	9	9
abstract_small	test_QASMBench_small[iswap_n2-heavy-hex]	iter_1	0.0019293427949442583	0.0019014794139441142	2	2	14	14	10	10
abstract_small	test_QASMBench_small[iswap_n2-linear]	iter_1	0.0011223827013856337	0.0011270633622865436	2	2	13	13	9	9
abstract_small	test_QASMBench_small[linearsolver_n3-all-to-all]	iter_1	0.001537790345653199	0.001514721406917823	4	4	27	27	16	16
abstract_small	test_QASMBench_small[linearsolver_n3-square]	iter_1	0.001595961206781489	0.001556003190538559	4	4	29	29	18	18
abstract_small	test_QASMBench_small[linearsolver_n3-heavy-hex]	iter_1	0.002378188112139394	0.0023272724719203297	4	4	27	27	17	17
abstract_small	test_QASMBench_small[linearsolver_n3-linear]	iter_1	0.0015672995884726932	0.0014971555168546776	4	4	27	27	16	16
abstract_small	test_QASMBench_small[lpn_n5-all-to-all]	iter_1	0.00132998169731482	0.0012878425542945057	2	2	18	18	8	8
abstract_small	test_QASMBench_small[lpn_n5-square]	iter_1	0.0015689041465520859	0.0015566624565108696	2	2	19	19	11	11
abstract_small	test_QASMBench_small[lpn_n5-heavy-hex]	iter_1	0.002023630061654875	0.0020302672739745233	2	2	19	18	10	8
abstract_small	test_QASMBench_small[lpn_n5-linear]	iter_1	0.00140604701485144	0.0012927747403199857	2	2	18	18	8	8
abstract_small	test_QASMBench_small[pea_n5-all-to-all]	iter_1	0.016264080360997468	0.015300926912043775	17	17	86	86	57	57
abstract_small	test_QASMBench_small[pea_n5-square]	iter_1	0.01905052112252043	0.017463432441725105	26	26	101	101	85	85
abstract_small	test_QASMBench_small[pea_n5-heavy-hex]	iter_1	0.019152218409414803	0.01891381555568364	29	29	114	114	96	96
abstract_small	test_QASMBench_small[pea_n5-linear]	iter_1	0.018047460023376902	0.017120568832803156	29	29	121	121	96	96
abstract_small	test_QASMBench_small[qaoa_n3-all-to-all]	iter_1	0.0014910276062324527	0.0014875794982327176	6	6	29	29	27	27
abstract_small	test_QASMBench_small[qaoa_n3-square]	iter_1	0.003033327408708059	0.0029849092587360044	9	9	35	35	33	33
abstract_small	test_QASMBench_small[qaoa_n3-heavy-hex]	iter_1	0.0036809748319322115	0.00364527578921045	7	7	41	41	34	34
abstract_small	test_QASMBench_small[qaoa_n3-linear]	iter_1	0.002768855063275918	0.0027674570784602366	7	7	40	40	33	33
abstract_small	test_QASMBench_small[qaoa_n6-all-to-all]	iter_1	0.004916250053793192	0.004049851589890058	36	36	223	223	87	87
abstract_small	test_QASMBench_small[qaoa_n6-square]	iter_1	0.006583298278960171	0.005697689083574703	54	54	288	288	176	176
abstract_small	test_QASMBench_small[qaoa_n6-heavy-hex]	iter_1	0.006698862824123353	0.005797876032349998	60	60	310	310	186	186
abstract_small	test_QASMBench_small[qaoa_n6-linear]	iter_1	0.0065094013605883575	0.005638068937964138	72	72	338	338	175	175
abstract_small	test_QASMBench_small[qec_en_n5-all-to-all]	iter_1	0.0025185080475464304	0.0020333980918273947	10	10	37	37	23	23
abstract_small	test_QASMBench_small[qec_en_n5-square]	iter_1	0.0024241297375458193	0.002347914396092225	10	10	47	48	33	33
abstract_small	test_QASMBench_small[qec_en_n5-heavy-hex]	iter_1	0.004181612059473991	0.004121098034786728	13	13	44	44	27	27
abstract_small	test_QASMBench_small[qec_en_n5-linear]	iter_1	0.004613106193256031	0.003973741045693144	18	18	76	76	56	56
abstract_small	test_QASMBench_small[qec_sm_n5-all-to-all]	iter_1	0.003325539629678337	0.0033308365295699983	4	4	20	20	14	14
abstract_small	test_QASMBench_small[qec_sm_n5-square]	iter_1	0.0038363377803541493	0.0038923744398813983	4	4	20	20	14	14
abstract_small	test_QASMBench_small[qec_sm_n5-heavy-hex]	iter_1	0.004344466620081447	0.004298573069054366	4	4	20	20	14	14
abstract_small	test_QASMBench_small[qec_sm_n5-linear]	iter_1	0.0035586194475976433	0.0034836998273586406	4	4	21	21	14	14
abstract_small	test_QASMBench_small[qft_n4-all-to-all]	iter_1	0.00235537446415949	0.0023140570726887934	12	12	46	46	37	37
abstract_small	test_QASMBench_small[qft_n4-square]	iter_1	0.004445872635447553	0.0037333211299800683	16	16	62	62	46	46
abstract_small	test_QASMBench_small[qft_n4-heavy-hex]	iter_1	0.004449592737471246	0.004421778467543628	18	18	67	67	68	68
abstract_small	test_QASMBench_small[qft_n4-linear]	iter_1	0.003948697072425575	0.003957485639122853	19	19	75	75	62	62
abstract_small	test_QASMBench_small[qpe_n9-all-to-all]	iter_1	0.008047626077313907	0.007870068875490688	43	43	219	219	158	158
abstract_small	test_QASMBench_small[qpe_n9-square]	iter_1	0.00742114982008934	0.006527784496348425	71	71	306	306	235	235
abstract_small	test_QASMBench_small[qpe_n9-heavy-hex]	iter_1	0.006668218772630303	0.006600603408424567	78	78	319	319	240	240
abstract_small	test_QASMBench_small[qpe_n9-linear]	iter_1	0.006452484949919823	0.006530511928232093	90	90	337	337	271	271
abstract_small	test_QASMBench_small[qrng_n4-all-to-all]	iter_1	0.000722648497474821	0.0006576837775226421	0	0	16	16	4	4
abstract_small	test_QASMBench_small[qrng_n4-square]	iter_1	0.0006878483252684951	0.0006448069075671305	0	0	16	16	4	4
abstract_small	test_QASMBench_small[qrng_n4-heavy-hex]	iter_1	0.0012160432448137318	0.0011784769042774482	0	0	16	16	4	4
abstract_small	test_QASMBench_small[qrng_n4-linear]	iter_1	0.0006757348286333422	0.0006501856744022352	0	0	16	16	4	4
abstract_small	test_QASMBench_small[quantumwalks_n2-all-to-all]	iter_1	0.0012277406624348712	0.0012166204198711254	3	3	32	32	22	22
abstract_small	test_QASMBench_small[quantumwalks_n2-square]	iter_1	0.0014068847089636805	0.001323498566528313	3	3	32	32	22	22
abstract_small	test_QASMBench_small[quantumwalks_n2-heavy-hex]	iter_1	0.0020856445867976385	0.002038542394681523	3	3	32	32	21	21
abstract_small	test_QASMBench_small[quantumwalks_n2-linear]	iter_1	0.0012439372053536725	0.0012635017878242902	3	3	32	32	22	22
abstract_small	test_QASMBench_small[sat_n7-all-to-all]	iter_1	0.006655553368838517	0.006551960970731389	60	60	259	259	182	182
abstract_small	test_QASMBench_small[sat_n7-square]	iter_1	0.00689801725005745	0.006858499786278731	92	92	348	348	276	276
abstract_small	test_QASMBench_small[sat_n7-heavy-hex]	iter_1	0.006865548641710985	0.006823383169830777	99	99	362	362	275	275
abstract_small	test_QASMBench_small[sat_n7-linear]	iter_1	0.006806420444928366	0.006816548420816449	110	110	412	412	293	293
abstract_small	test_QASMBench_small[shor_n5-all-to-all]	iter_1	0.009335057009185585	0.009386404112984355	25	25	132	132	95	95
abstract_small	test_QASMBench_small[shor_n5-square]	iter_1	0.00968051161251816	0.009724047261281548	43	43	160	160	133	133
abstract_small	test_QASMBench_small[shor_n5-heavy-hex]	iter_1	0.010012657035674367	0.010065193266861817	46	46	172	172	154	154
abstract_small	test_QASMBench_small[shor_n5-linear]	iter_1	0.009259600309772534	0.009224784840802544	49	49	190	190	167	167
abstract_small	test_QASMBench_small[simon_n6-all-to-all]	iter_1	0.0036824132675088747	0.0036252352638521056	14	14	84	84	58	58
abstract_small	test_QASMBench_small[simon_n6-square]	iter_1	0.00540365832252691	0.005277371396207147	19	19	102	102	76	76
abstract_small	test_QASMBench_small[simon_n6-heavy-hex]	iter_1	0.005514373913585783	0.0054275630462554195	22	22	123	123	95	95
abstract_small	test_QASMBench_small[simon_n6-linear]	iter_1	0.005013677964989955	0.005019476098306288	22	22	100	100	80	80
abstract_small	test_QASMBench_small[teleportation_n3-all-to-all]	iter_1	0.0013127569225073602	0.00125693566630066	2	2	22	22	11	11
abstract_small	test_QASMBench_small[teleportation_n3-square]	iter_1	0.001241867632860275	0.0012140246840386555	2	2	18	18	9	9
abstract_small	test_QASMBench_small[teleportation_n3-heavy-hex]	iter_1	0.0020031610821011807	0.0019660899818588337	2	2	18	18	9	9
abstract_small	test_QASMBench_small[teleportation_n3-linear]	iter_1	0.0013197246229364758	0.0012123263830195587	2	2	22	22	10	10
abstract_small	test_QASMBench_small[toffoli_n3-all-to-all]	iter_1	0.0019952007297820715	0.0015725499871087835	6	6	27	27	23	23
abstract_small	test_QASMBench_small[toffoli_n3-square]	iter_1	0.0033961608696518545	0.002893929629792254	9	9	33	33	29	29
abstract_small	test_QASMBench_small[toffoli_n3-heavy-hex]	iter_1	0.004439784223452593	0.0037463062504927316	7	7	41	41	32	32
abstract_small	test_QASMBench_small[toffoli_n3-linear]	iter_1	0.0031276783627119794	0.002683814800635646	7	7	36	36	30	30
abstract_small	test_QASMBench_small[variational_n4-all-to-all]	iter_1	0.001963610010048778	0.0019221818093629458	8	8	72	72	32	32
abstract_small	test_QASMBench_small[variational_n4-square]	iter_1	0.0019185465822104087	0.0018553167028585449	8	8	72	72	32	32
abstract_small	test_QASMBench_small[variational_n4-heavy-hex]	iter_1	0.0027647988280393387	0.002710440799019225	8	8	72	72	32	32
abstract_small	test_QASMBench_small[variational_n4-linear]	iter_1	0.0019223113186084308	0.001903153340350082	8	8	72	72	32	32
abstract_small	test_QASMBench_small[vqe_n4-all-to-all]	iter_1	0.0023288138736255225	0.002317455236709887	9	9	84	84	33	33
abstract_small	test_QASMBench_small[vqe_n4-square]	iter_1	0.0023103889220496684	0.0022621915632880284	9	9	84	84	33	33
abstract_small	test_QASMBench_small[vqe_n4-heavy-hex]	iter_1	0.0031153787457883753	0.0030531283041948447	9	9	84	84	33	33
abstract_small	test_QASMBench_small[vqe_n4-linear]	iter_1	0.002299847068186377	0.0023043650149736764	9	9	84	84	33	33
abstract_small	test_QASMBench_small[vqe_uccsd_n4-all-to-all]	iter_1	0.0047572521109353096	0.004671496177851821	71	71	219	219	224	224
abstract_small	test_QASMBench_small[vqe_uccsd_n4-square]	iter_1	0.004720625712188205	0.004680443800947993	71	71	219	219	225	225
abstract_small	test_QASMBench_small[vqe_uccsd_n4-heavy-hex]	iter_1	0.005135457047037572	0.005162321901010288	71	71	222	222	226	226
abstract_small	test_QASMBench_small[vqe_uccsd_n4-linear]	iter_1	0.004909324558236851	0.004911849470365615	71	71	252	252	231	231
abstract_small	test_QASMBench_small[vqe_uccsd_n6-all-to-all]	iter_1	0.016559315879236567	0.016155706914631945	923	923	2490	2490	2922	2922
abstract_small	test_QASMBench_small[vqe_uccsd_n6-square]	iter_1	0.021754086821932684	0.018637931047409188	947	947	2770	2770	2912	2912
abstract_small	test_QASMBench_small[vqe_uccsd_n6-heavy-hex]	iter_1	0.021987458442648253	0.019069555500636295	987	987	2723	2723	3048	3048
abstract_small	test_QASMBench_small[vqe_uccsd_n6-linear]	iter_1	0.021163063876806422	0.018329716770461312	987	987	2894	2894	3072	3072
abstract_small	test_QASMBench_small[vqe_uccsd_n8-all-to-all]	iter_1	0.072642284946946	0.060618509600559874	4815	4815	12404	12404	15014	15014
abstract_small	test_QASMBench_small[vqe_uccsd_n8-square]	iter_1	0.0816620437738796	0.06856162088612715	5058	5058	13813	13813	15151	15151
abstract_small	test_QASMBench_small[vqe_uccsd_n8-heavy-hex]	iter_1	0.0849543691358783	0.07063452564179898	5388	5388	14065	14065	16043	16043
abstract_small	test_QASMBench_small[vqe_uccsd_n8-linear]	iter_1	0.0822793406744798	0.0682802077382803	5420	5420	14310	14310	16160	16160
abstract_small	test_QASMBench_small[wstate_n3-all-to-all]	iter_1	0.0037442590213484232	0.0032872285486923326	6	6	34	34	28	28
abstract_small	test_QASMBench_small[wstate_n3-square]	iter_1	0.005416425291535466	0.005440655739499572	12	12	53	53	37	37
abstract_small	test_QASMBench_small[wstate_n3-heavy-hex]	iter_1	0.005995695190635366	0.006003761301851935	10	10	53	53	44	44
abstract_small	test_QASMBench_small[wstate_n3-linear]	iter_1	0.004940977867911844	0.004870218422669203	10	10	41	41	36	36
abstract_medium	test_QASMBench_medium[bigadder_n18-all-to-all]	iter_1	0.013911060165873793	0.01318133816950851	130	130	499	499	318	318
abstract_medium	test_QASMBench_medium[bigadder_n18-square]	iter_1	0.01117364897259644	0.011021371685752743	201	201	731	731	432	432
abstract_medium	test_QASMBench_medium[bigadder_n18-heavy-hex]	iter_1	0.009915374608321504	0.009770022829373677	218	218	769	769	498	498
abstract_medium	test_QASMBench_medium[bigadder_n18-linear]	iter_1	0.009922762607273303	0.009726915275678039	228	228	829	829	584	584
abstract_medium	test_QASMBench_medium[bv_n14-all-to-all]	iter_1	0.005852099541111811	0.005682673513451043	13	13	107	107	28	28
abstract_medium	test_QASMBench_medium[bv_n14-square]	iter_1	0.005123602590088309	0.0050916602409890165	27	27	171	171	75	75
abstract_medium	test_QASMBench_medium[bv_n14-heavy-hex]	iter_1	0.0052076695449274	0.005243470049684956	40	40	179	179	96	96
abstract_medium	test_QASMBench_medium[bv_n14-linear]	iter_1	0.004794446538958773	0.004771079358399211	24	24	220	220	91	91
abstract_medium	test_QASMBench_medium[bv_n19-all-to-all]	iter_1	0.007384410583310657	0.00721393443950235	18	18	144	144	33	33
abstract_medium	test_QASMBench_medium[bv_n19-square]	iter_1	0.013970380092957127	0.013854182155972177	43	43	244	244	105	105
abstract_medium	test_QASMBench_medium[bv_n19-heavy-hex]	iter_1	0.005605587549507618	0.005528953423102697	72	72	296	296	163	163
abstract_medium	test_QASMBench_medium[bv_n19-linear]	iter_1	0.005341840550843916	0.005346996741274656	34	34	302	302	118	118
abstract_medium	test_QASMBench_medium[bwt_n21-all-to-all]	iter_1	5.668640477582812	5.770839082077146	169200	169200	658875	658875	428309	428309
abstract_medium	test_QASMBench_medium[bwt_n21-square]	iter_1	7.830801224336028	7.465613069012761	395444	395444	1265957	1265957	755106	755106
abstract_medium	test_QASMBench_medium[bwt_n21-heavy-hex]	iter_1	11.210434760898352	9.85953925177455	527050	527050	1690104	1690104	972598	972598
abstract_medium	test_QASMBench_medium[bwt_n21-linear]	iter_1	12.918283242732286	10.125001918524504	805890	805890	2329558	2329558	1345578	1345578
abstract_medium	test_QASMBench_medium[cat_state_n22-all-to-all]	iter_1	0.010370315191732055	0.009831311071620268	21	21	131	131	67	67
abstract_medium	test_QASMBench_medium[cat_state_n22-square]	iter_1	0.007749233394861221	0.0077202515822136775	21	21	131	131	67	67
abstract_medium	test_QASMBench_medium[cat_state_n22-heavy-hex]	iter_1	0.008504830837502317	0.008404871811513353	21	21	131	131	67	67
abstract_medium	test_QASMBench_medium[cat_state_n22-linear]	iter_1	0.004182510392646811	0.004124114039914433	21	21	131	131	67	67
abstract_medium	test_QASMBench_medium[cc_n12-all-to-all]	iter_1	0.028096088932620153	0.02676629988210542	11	11	77	77	43	43
abstract_medium	test_QASMBench_medium[cc_n12-square]	iter_1	0.03295796667225659	0.03173130684562268	23	23	113	113	78	78
abstract_medium	test_QASMBench_medium[cc_n12-heavy-hex]	iter_1	0.033081680818489105	0.03185720392502844	30	30	135	135	99	99
abstract_medium	test_QASMBench_medium[cc_n12-linear]	iter_1	0.03358134110608409	0.03247628138670998	20	20	135	135	93	93
abstract_medium	test_QASMBench_medium[dnn_n16-all-to-all]	iter_1	0.012361777457408607	0.011790137423808316	128	128	883	883	80	80
abstract_medium	test_QASMBench_medium[dnn_n16-square]	iter_1	0.01077270411540953	0.011139603098854423	128	128	884	884	80	80
abstract_medium	test_QASMBench_medium[dnn_n16-heavy-hex]	iter_1	0.008990035951137542	0.007785726338624954	128	128	882	882	80	80
abstract_medium	test_QASMBench_medium[dnn_n16-linear]	iter_1	0.01149746180040601	0.01001135276241617	233	233	1238	1238	128	128
abstract_medium	test_QASMBench_medium[factor247_n15-all-to-all]	iter_1	8.146737279370427	6.466526901349425	267223	267223	992014	992014	928867	928867
abstract_medium	test_QASMBench_medium[factor247_n15-square]	iter_1	11.20447357930243	9.108915463089943	392552	392552	1434014	1434014	1203239	1203239
abstract_medium	test_QASMBench_medium[factor247_n15-heavy-hex]	iter_1	11.032269420102239	9.002411346882582	392914	392914	1369471	1369471	1195588	1195588
abstract_medium	test_QASMBench_medium[factor247_n15-linear]	iter_1	11.91605974547565	9.639508113265038	422910	422910	1595821	1595821	1248167	1248167
abstract_medium	test_QASMBench_medium[gcm_h6-all-to-all]	iter_1	0.07496889560882534	0.07211483522717442	528	528	2560	2560	2056	2056
abstract_medium	test_QASMBench_medium[gcm_h6-square]	iter_1	0.07482739484735898	0.07285362345476945	771	771	3561	3561	2695	2695
abstract_medium	test_QASMBench_medium[gcm_h6-heavy-hex]	iter_1	0.07512216562671321	0.07189075874962977	764	764	3337	3337	2674	2674
abstract_medium	test_QASMBench_medium[gcm_h6-linear]	iter_1	0.07466704504830497	0.07259310806790988	834	834	3583	3583	2754	2754
abstract_medium	test_QASMBench_medium[ghz_state_n23-all-to-all]	iter_1	0.010323272937017939	0.009725511623989968	22	22	137	137	70	70
abstract_medium	test_QASMBench_medium[ghz_state_n23-square]	iter_1	0.007884581283223434	0.007734317050287218	22	22	137	137	70	70
abstract_medium	test_QASMBench_medium[ghz_state_n23-heavy-hex]	iter_1	0.008708724585760916	0.008510238079874366	22	22	137	137	70	70
abstract_medium	test_QASMBench_medium[ghz_state_n23-linear]	iter_1	0.0044117061188444495	0.004272683110138226	22	22	137	137	70	70
abstract_medium	test_QASMBench_medium[ising_n26-all-to-all]	iter_1	0.01285946871595163	0.011178600590895205	50	50	282	282	21	21
abstract_medium	test_QASMBench_medium[ising_n26-square]	iter_1	0.01095086266542529	0.009714057796872129	50	50	279	279	21	21
abstract_medium	test_QASMBench_medium[ising_n26-heavy-hex]	iter_1	0.010559254786470434	0.009472717083990573	50	50	285	285	22	22
abstract_medium	test_QASMBench_medium[ising_n26-linear]	iter_1	0.006146293758308586	0.005162054594762311	50	50	286	286	21	21
abstract_medium	test_QASMBench_medium[knn_n25-all-to-all]	iter_1	0.012314731140195587	0.01174694902183097	84	84	425	425	227	227
abstract_medium	test_QASMBench_medium[knn_n25-square]	iter_1	0.009399235986246922	0.009304221062099232	155	155	536	536	372	372
abstract_medium	test_QASMBench_medium[knn_n25-heavy-hex]	iter_1	0.02004967488348484	0.019652922824025153	209	209	703	703	531	531
abstract_medium	test_QASMBench_medium[knn_n25-linear]	iter_1	0.009413974450051207	0.009086391681598293	134	134	585	585	374	374
abstract_medium	test_QASMBench_medium[multiplier_n15-all-to-all]	iter_1	0.015047294539258335	0.014566556550562382	222	222	827	827	494	494
abstract_medium	test_QASMBench_medium[multiplier_n15-square]	iter_1	0.012479109664077628	0.012194611109429744	390	390	1345	1345	750	750
abstract_medium	test_QASMBench_medium[multiplier_n15-heavy-hex]	iter_1	0.012783657163381576	0.01237938312192758	427	427	1481	1481	840	840
abstract_medium	test_QASMBench_medium[multiplier_n15-linear]	iter_1	0.012878258511222698	0.012590528969225046	482	482	1635	1635	818	818
abstract_medium	test_QASMBench_medium[multiply_n13-all-to-all]	iter_1	0.009690335392951966	0.009413650113603343	40	40	174	174	99	99
abstract_medium	test_QASMBench_medium[multiply_n13-square]	iter_1	0.006674024502210545	0.006446686978249446	59	59	255	255	139	139
abstract_medium	test_QASMBench_medium[multiply_n13-heavy-hex]	iter_1	0.006629204463879794	0.00662816477607387	79	79	305	305	200	200
abstract_medium	test_QASMBench_medium[multiply_n13-linear]	iter_1	0.00643517538803081	0.006363972883067421	101	101	328	328	205	205
abstract_medium	test_QASMBench_medium[qec9xz_n17-all-to-all]	iter_1	0.008754042677779114	0.008539784094716748	32	32	133	133	28	28
abstract_medium	test_QASMBench_medium[qec9xz_n17-square]	iter_1	0.00691753455127279	0.006832424592949561	68	68	241	241	77	77
abstract_medium	test_QASMBench_medium[qec9xz_n17-heavy-hex]	iter_1	0.005927732012358056	0.005880244098295122	100	100	323	323	132	132
abstract_medium	test_QASMBench_medium[qec9xz_n17-linear]	iter_1	0.006218785214443486	0.006169749938088692	133	133	440	440	122	122
abstract_medium	test_QASMBench_medium[qf21_n15-all-to-all]	iter_1	0.01201915665574017	0.011707383711105105	115	115	501	501	386	386
abstract_medium	test_QASMBench_medium[qf21_n15-square]	iter_1	0.009018726309850102	0.0088997563363704	196	196	787	787	582	582
abstract_medium	test_QASMBench_medium[qf21_n15-heavy-hex]	iter_1	0.010790025501438741	0.00929904612712562	227	227	892	892	714	714
abstract_medium	test_QASMBench_medium[qf21_n15-linear]	iter_1	0.010881781166549339	0.009327524341642857	270	270	1045	1045	803	803
abstract_medium	test_QASMBench_medium[qft_n18-all-to-all]	iter_1	0.019672806337475778	0.0179144066448013	294	294	1000	1000	243	243
abstract_medium	test_QASMBench_medium[qft_n18-square]	iter_1	0.016419909155831254	0.014301484281366522	526	526	1810	1810	669	669
abstract_medium	test_QASMBench_medium[qft_n18-heavy-hex]	iter_1	0.016388719333177905	0.0139906360531476	576	576	2073	2073	789	789
abstract_medium	test_QASMBench_medium[qft_n18-linear]	iter_1	0.015406604766124678	0.013382931498603689	501	501	2111	2111	499	499
abstract_medium	test_QASMBench_medium[qram_n20-all-to-all]	iter_1	0.013112878277897835	0.012880130695473207	130	130	541	541	299	299
abstract_medium	test_QASMBench_medium[qram_n20-square]	iter_1	0.01181146578300138	0.010392370143084115	224	224	837	837	438	438
abstract_medium	test_QASMBench_medium[qram_n20-heavy-hex]	iter_1	0.012374208075925708	0.012214952614158392	308	308	990	990	568	568
abstract_medium	test_QASMBench_medium[qram_n20-linear]	iter_1	0.01115517272205835	0.011072971781387048	374	374	1291	1291	705	705
abstract_medium	test_QASMBench_medium[sat_n11-all-to-all]	iter_1	0.01305768055220445	0.01250532285982295	252	252	1037	1037	869	869
abstract_medium	test_QASMBench_medium[sat_n11-square]	iter_1	0.012587987401179578	0.01247442960228822	408	408	1405	1405	1074	1074
abstract_medium	test_QASMBench_medium[sat_n11-heavy-hex]	iter_1	0.012938799189501688	0.012811732797385894	457	457	1526	1526	1205	1205
abstract_medium	test_QASMBench_medium[sat_n11-linear]	iter_1	0.013050651079729983	0.012944598883591793	528	528	1846	1846	1320	1320
abstract_medium	test_QASMBench_medium[seca_n11-all-to-all]	iter_1	0.009428258062828154	0.009338602155017165	80	80	322	322	154	154
abstract_medium	test_QASMBench_medium[seca_n11-square]	iter_1	0.008899509906768799	0.007896579176065375	119	119	447	447	258	258
abstract_medium	test_QASMBench_medium[seca_n11-heavy-hex]	iter_1	0.007924783028041322	0.007903412332743163	124	124	453	453	218	218
abstract_medium	test_QASMBench_medium[seca_n11-linear]	iter_1	0.007817526324844557	0.007816454768180848	130	130	472	472	240	240
abstract_medium	test_QASMBench_medium[square_root_n18-all-to-all]	iter_1	0.02724755129643849	0.026808431423786614	898	898	3549	3549	2607	2607
abstract_medium	test_QASMBench_medium[square_root_n18-square]	iter_1	0.033871265706317176	0.034104738011956216	1925	1925	6343	6343	4173	4173
abstract_medium	test_QASMBench_medium[square_root_n18-heavy-hex]	iter_1	0.035237113679093976	0.034758541134319136	2235	2235	7287	7287	4994	4994
abstract_medium	test_QASMBench_medium[square_root_n18-linear]	iter_1	0.038086045533418655	0.03737983894017008	2699	2699	8734	8734	5814	5814
abstract_medium	test_QASMBench_medium[swap_test_n25-all-to-all]	iter_1	0.012293671018993244	0.01180256917141378	84	84	474	474	229	229
abstract_medium	test_QASMBench_medium[swap_test_n25-square]	iter_1	0.009474592175907813	0.009408639923024636	155	155	584	584	372	372
abstract_medium	test_QASMBench_medium[swap_test_n25-heavy-hex]	iter_1	0.02008065078407526	0.019821277838580464	209	209	753	753	533	533
abstract_medium	test_QASMBench_medium[swap_test_n25-linear]	iter_1	0.009263102802524873	0.00922104749688	134	134	615	615	376	376
abstract_medium	test_QASMBench_medium[wstate_n27-all-to-all]	iter_1	0.012390398361449	0.011880314897700965	52	52	335	335	127	127
abstract_medium	test_QASMBench_medium[wstate_n27-square]	iter_1	0.009403546926440652	0.009410944648404071	52	52	330	330	126	126
abstract_medium	test_QASMBench_medium[wstate_n27-heavy-hex]	iter_1	0.009468630227504425	0.009279171918641846	52	52	332	332	127	127
abstract_medium	test_QASMBench_medium[wstate_n27-linear]	iter_1	0.005408230541463204	0.00548429105338859	52	52	333	333	126	126
abstract_large	test_QASMBench_large[100-all-to-all]	iter_1	0.5439654011279345	0.5159565713256598	14835	14835	94559	94559	1412	1412
abstract_large	test_QASMBench_large[100-square]	iter_1	1.2952041812241077	1.1231856420636177	67890	67890	233936	233936	28922	28922
abstract_large	test_QASMBench_large[100-heavy-hex]	iter_1	1.623623013496399	1.4066928643733263	97404	97404	311217	311217	30286	30286
abstract_large	test_QASMBench_large[100-linear]	iter_1	5.609269505366683	4.429018771275878	347676	347676	936925	936925	58327	58327
abstract_large	test_QASMBench_large[32-all-to-all]	iter_1	0.0638718318194151	0.05949023552238941	1488	1488	9617	9617	454	454
abstract_large	test_QASMBench_large[32-square]	iter_1	0.08710124188413222	0.07387487696749824	3633	3633	15532	15532	3235	3235
abstract_large	test_QASMBench_large[32-heavy-hex]	iter_1	0.10250726323574781	0.08492847578600049	4959	4959	18939	18939	3139	3139
abstract_large	test_QASMBench_large[32-linear]	iter_1	0.145148227257388	0.12262523401942518	9870	9870	31262	31262	4746	4746
abstract_large	test_QASMBench_large[adder_n118-all-to-all]	iter_1	0.08624226491277416	0.07915640436112881	845	845	3259	3259	1128	1128
abstract_large	test_QASMBench_large[adder_n118-square]	iter_1	0.0713620080302159	0.06933037098497152	1660	1660	5745	5745	1982	1982
abstract_large	test_QASMBench_large[adder_n118-heavy-hex]	iter_1	0.05124139720574021	0.04974694700822944	2313	2313	7466	7466	2873	2873
abstract_large	test_QASMBench_large[adder_n118-linear]	iter_1	0.04395967665249887	0.04333745161800281	1579	1579	5597	5597	2246	2246
abstract_large	test_QASMBench_large[adder_n28-all-to-all]	iter_1	0.018107314594089985	0.017245847635484975	195	195	747	747	355	355
abstract_large	test_QASMBench_large[adder_n28-square]	iter_1	0.013764393878065877	0.01363555019987481	319	319	1134	1134	551	551
abstract_large	test_QASMBench_large[adder_n28-heavy-hex]	iter_1	0.015103424419507835	0.014939685747253172	365	365	1273	1273	741	741
abstract_large	test_QASMBench_large[adder_n28-linear]	iter_1	0.012036879849620163	0.012018752766840429	294	294	1116	1116	533	533
abstract_large	test_QASMBench_large[adder_n433-all-to-all]	iter_1	1.6427477672696114	1.66676639392972	3120	3120	12202	12202	3900	3900
abstract_large	test_QASMBench_large[adder_n433-square]	iter_1	0.25120636597275736	0.24466148279607297	7270	7270	24455	24455	7719	7719
abstract_large	test_QASMBench_large[adder_n433-heavy-hex]	iter_1	0.24047103188931943	0.23467583656311036	11546	11546	36146	36146	12925	12925
abstract_large	test_QASMBench_large[adder_n433-linear]	iter_1	2.0947304517030716	2.0001009609550238	16602	16602	49359	49359	19660	19660
abstract_large	test_QASMBench_large[adder_n64-all-to-all]	iter_1	0.037209872639289605	0.03474973268540842	455	455	1763	1763	674	674
abstract_large	test_QASMBench_large[adder_n64-square]	iter_1	0.026914574154135253	0.026286668471387914	843	843	2995	2995	1273	1273
abstract_large	test_QASMBench_large[adder_n64-heavy-hex]	iter_1	0.029888192082152647	0.028946549179298536	1003	1003	3475	3475	1539	1539
abstract_large	test_QASMBench_large[adder_n64-linear]	iter_1	0.022429684456437827	0.021846107085761818	691	691	2638	2638	1030	1030
abstract_large	test_QASMBench_large[bv_n140-all-to-all]	iter_1	0.35932481102645397	0.3570723546048005	72	72	1071	1071	118	118
abstract_large	test_QASMBench_large[bv_n140-square]	iter_1	0.03867832046967966	0.03679686998603521	362	362	2009	2009	887	887
abstract_large	test_QASMBench_large[bv_n140-heavy-hex]	iter_1	0.05228967797011137	0.050522510521113874	513	513	2378	2378	1068	1068
abstract_large	test_QASMBench_large[bv_n140-linear]	iter_1	0.02304650390182029	0.022935373496941545	359	359	2437	2437	1116	1116
abstract_large	test_QASMBench_large[bv_n280-all-to-all]	iter_1	1.7729767262935638	1.7072330359369516	152	152	2190	2190	219	219
abstract_large	test_QASMBench_large[bv_n280-square]	iter_1	0.05732099970595704	0.05616836798273855	930	930	4757	4757	2113	2113
abstract_large	test_QASMBench_large[bv_n280-heavy-hex]	iter_1	0.06829450006286303	0.06612232362385839	1507	1507	6257	6257	2991	2991
abstract_large	test_QASMBench_large[bv_n280-linear]	iter_1	0.05459352504265936	0.05394215862217702	824	824	5350	5350	2471	2471
abstract_large	test_QASMBench_large[bv_n30-all-to-all]	iter_1	0.01743087882839017	0.01601043916237888	18	18	239	239	36	36
abstract_large	test_QASMBench_large[bv_n30-square]	iter_1	0.02375053772702813	0.023298035460439594	46	46	317	317	121	121
abstract_large	test_QASMBench_large[bv_n30-heavy-hex]	iter_1	0.008956749081754914	0.008776818798935932	75	75	369	369	165	165
abstract_large	test_QASMBench_large[bv_n30-linear]	iter_1	0.006359420301523178	0.006306163411332954	62	62	472	472	206	206
abstract_large	test_QASMBench_large[bv_n70-all-to-all]	iter_1	0.07080054966111977	0.06925731673836708	36	36	523	523	65	65
abstract_large	test_QASMBench_large[bv_n70-square]	iter_1	0.03173472703201696	0.03089427614979672	137	137	816	816	279	279
abstract_large	test_QASMBench_large[bv_n70-heavy-hex]	iter_1	0.031964819005224854	0.031466905085835606	164	164	910	910	411	411
abstract_large	test_QASMBench_large[bv_n70-linear]	iter_1	0.010804642198814286	0.01078614787582089	151	151	1105	1105	480	480
abstract_large	test_QASMBench_large[bwt_n37-all-to-all]	iter_1	14.882055297493935	13.988344617187977	604400	604400	2366497	2366497	1615901	1615901
abstract_large	test_QASMBench_large[bwt_n37-square]	iter_1	32.775671461597085	29.948089506477118	1537497	1537497	4937888	4937888	2956627	2956627
abstract_large	test_QASMBench_large[bwt_n37-heavy-hex]	iter_1	39.940646167844534	36.6725340411067	2026813	2026813	6143358	6143358	3631059	3631059
abstract_large	test_QASMBench_large[bwt_n37-linear]	iter_1	54.98248088173568	49.58443707227707	3279186	3279186	9318702	9318702	5220790	5220790
abstract_large	test_QASMBench_large[cat_n130-all-to-all]	iter_1	0.08143782902222413	0.08038416375907567	129	129	779	779	391	391
abstract_large	test_QASMBench_large[cat_n130-square]	iter_1	0.014739067037252413	0.013990733066968845	129	129	779	779	391	391
abstract_large	test_QASMBench_large[cat_n130-heavy-hex]	iter_1	0.02409806423820555	0.023268741741776466	129	129	779	779	391	391
abstract_large	test_QASMBench_large[cat_n130-linear]	iter_1	0.010548063334119454	0.010463854086331346	129	129	779	779	391	391
abstract_large	test_QASMBench_large[cat_n260-all-to-all]	iter_1	0.31529650557786226	0.3102258983999491	259	259	1559	1559	781	781
abstract_large	test_QASMBench_large[cat_n260-square]	iter_1	0.022957548414441673	0.0224477658894929	259	259	1559	1559	781	781
abstract_large	test_QASMBench_large[cat_n260-heavy-hex]	iter_1	6.627793647348881	6.67687857709825	3001	3001	8395	8395	5402	5402
abstract_large	test_QASMBench_large[cat_n260-linear]	iter_1	0.016309383243583796	0.016184841887208454	259	259	1559	1559	781	781
abstract_large	test_QASMBench_large[cat_n35-all-to-all]	iter_1	0.015458696070268299	0.01439002830096904	34	34	209	209	106	106
abstract_large	test_QASMBench_large[cat_n35-square]	iter_1	0.00821535824201046	0.008138219817219494	34	34	209	209	106	106
abstract_large	test_QASMBench_large[cat_n35-heavy-hex]	iter_1	0.009460241235089753	0.009391195674255056	34	34	209	209	106	106
abstract_large	test_QASMBench_large[cat_n35-linear]	iter_1	0.005034659550057174	0.004954093891299433	34	34	209	209	106	106
abstract_large	test_QASMBench_large[cat_n65-all-to-all]	iter_1	0.02751923171389434	0.026089835195587233	64	64	389	389	196	196
abstract_large	test_QASMBench_large[cat_n65-square]	iter_1	0.012211695926763662	0.012055156706475917	64	64	389	389	196	196
abstract_large	test_QASMBench_large[cat_n65-heavy-hex]	iter_1	0.0139369861516234	0.013658687393640128	64	64	389	389	196	196
abstract_large	test_QASMBench_large[cat_n65-linear]	iter_1	0.006659080418164298	0.006645533053771309	64	64	389	389	196	196
abstract_large	test_QASMBench_large[cc_n151-all-to-all]	iter_1	1.2716153655201197	1.2936932854354382	150	150	917	917	462	462
abstract_large	test_QASMBench_large[cc_n151-square]	iter_1	1.4479129426181316	1.5099248420447111	740	740	2902	2902	2122	2122
abstract_large	test_QASMBench_large[cc_n151-heavy-hex]	iter_1	1.4727621879428625	1.5011722762137651	1341	1341	4447	4447	3149	3149
abstract_large	test_QASMBench_large[cc_n151-linear]	iter_1	1.4420461393892765	1.4268120788037777	338	338	1962	1962	1365	1365
abstract_large	test_QASMBench_large[cc_n301-all-to-all]	iter_1	5.001013595610857	4.862759362906218	300	300	1817	1817	912	912
abstract_large	test_QASMBench_large[cc_n301-square]	iter_1	5.512268342077732	5.579786969348788	1682	1682	6515	6515	4485	4485
abstract_large	test_QASMBench_large[cc_n301-heavy-hex]	iter_1	5.60566077567637	5.736155131831765	3564	3564	11881	11881	7982	7982
abstract_large	test_QASMBench_large[cc_n301-linear]	iter_1	5.468358911573887	5.586466757580638	665	665	3853	3853	2689	2689
abstract_large	test_QASMBench_large[cc_n32-all-to-all]	iter_1	0.09846615232527256	0.09725292064249516	31	31	201	201	105	105
abstract_large	test_QASMBench_large[cc_n32-square]	iter_1	0.11366907424396938	0.12910236770080197	96	96	391	391	287	287
abstract_large	test_QASMBench_large[cc_n32-heavy-hex]	iter_1	0.12465686281211674	0.12349540693685412	146	146	504	504	393	393
abstract_large	test_QASMBench_large[cc_n32-linear]	iter_1	0.11945018135011196	0.11415305195583238	64	64	367	367	259	259
abstract_large	test_QASMBench_large[cc_n64-all-to-all]	iter_1	0.2911585448309779	0.2726833429187536	63	63	393	393	201	201
abstract_large	test_QASMBench_large[cc_n64-square]	iter_1	0.3368476250519355	0.3382148016244173	227	227	966	966	698	698
abstract_large	test_QASMBench_large[cc_n64-heavy-hex]	iter_1	0.37209396871427697	0.3782052733004093	416	416	1467	1467	1102	1102
abstract_large	test_QASMBench_large[cc_n64-linear]	iter_1	0.33141241657237214	0.33638452924788	131	131	792	792	550	550
abstract_large	test_QASMBench_large[dnn_n33-all-to-all]	iter_1	0.034430762063022015	0.03141175786731765	172	172	916	916	312	312
abstract_large	test_QASMBench_large[dnn_n33-square]	iter_1	0.03230629615004985	0.02964201580513926	292	292	1210	1210	454	454
abstract_large	test_QASMBench_large[dnn_n33-heavy-hex]	iter_1	0.036637112963944674	0.03379910209526618	382	382	1463	1463	646	646
abstract_large	test_QASMBench_large[dnn_n33-linear]	iter_1	0.03310722419090809	0.03019201761168061	352	352	1496	1496	567	567
abstract_large	test_QASMBench_large[dnn_n51-all-to-all]	iter_1	0.0532403590255662	0.04909113014028186	271	271	1469	1469	466	466
abstract_large	test_QASMBench_large[dnn_n51-square]	iter_1	0.0670126109616831	0.058258911698228784	579	579	2277	2277	854	854
abstract_large	test_QASMBench_large[dnn_n51-heavy-hex]	iter_1	0.050571035859840255	0.04598710262639956	756	756	2801	2801	1058	1058
abstract_large	test_QASMBench_large[dnn_n51-linear]	iter_1	0.04799437988549471	0.04450817519555921	571	571	2405	2405	920	920
abstract_large	test_QASMBench_large[ghz_n127-all-to-all]	iter_1	0.07140417729637452	0.07091117996190276	126	126	761	761	382	382
abstract_large	test_QASMBench_large[ghz_n127-square]	iter_1	0.014446609598748824	0.014301987364888191	126	126	761	761	382	382
abstract_large	test_QASMBench_large[ghz_n127-heavy-hex]	iter_1	0.024195147331717404	0.02304028884761713	126	126	761	761	382	382
abstract_large	test_QASMBench_large[ghz_n127-linear]	iter_1	0.010443513323035504	0.010545780601841147	126	126	761	761	382	382
abstract_large	test_QASMBench_large[ghz_state_n255-all-to-all]	iter_1	0.29904522793367505	0.2898820973932743	254	254	1529	1529	766	766
abstract_large	test_QASMBench_large[ghz_state_n255-square]	iter_1	0.1271250497084111	0.12436243788235718	254	254	1529	1529	766	766
abstract_large	test_QASMBench_large[ghz_state_n255-heavy-hex]	iter_1	6.897699872031808	6.66990833543241	2879	2879	8050	8050	5168	5168
abstract_large	test_QASMBench_large[ghz_state_n255-linear]	iter_1	0.015932354760372032	0.015706115845041196	254	254	1529	1529	766	766
abstract_large	test_QASMBench_large[ghz_n40-all-to-all]	iter_1	0.017080892312029996	0.01596308188207114	39	39	239	239	121	121
abstract_large	test_QASMBench_large[ghz_n40-square]	iter_1	0.009948840998497206	0.009648670968802078	39	39	239	239	121	121
abstract_large	test_QASMBench_large[ghz_n40-heavy-hex]	iter_1	0.00974544615607069	0.009566249401129857	39	39	239	239	121	121
abstract_large	test_QASMBench_large[ghz_n40-linear]	iter_1	0.00540578224021813	0.005185048676588956	39	39	239	239	121	121
abstract_large	test_QASMBench_large[ghz_n78-all-to-all]	iter_1	0.03377159543592354	0.0318481917342832	77	77	467	467	235	235
abstract_large	test_QASMBench_large[ghz_n78-square]	iter_1	0.010750396890526122	0.010422528660653727	77	77	467	467	235	235
abstract_large	test_QASMBench_large[ghz_n78-heavy-hex]	iter_1	0.01437892162357457	0.014160855770555895	77	77	467	467	235	235
abstract_large	test_QASMBench_large[ghz_n78-linear]	iter_1	0.007575451111000392	0.007640966560599233	77	77	467	467	235	235
abstract_large	test_QASMBench_large[ising_n34-all-to-all]	iter_1	0.01562192224082537	0.013886449497137496	66	66	377	377	22	22
abstract_large	test_QASMBench_large[ising_n34-square]	iter_1	0.010201668386605191	0.00925155361951555	66	66	370	370	21	21
abstract_large	test_QASMBench_large[ising_n34-heavy-hex]	iter_1	0.011275575164405778	0.010294391399191827	66	66	375	375	22	22
abstract_large	test_QASMBench_large[ising_n34-linear]	iter_1	0.00681931694186684	0.005892796533895127	66	66	380	380	21	21
abstract_large	test_QASMBench_large[ising_n42-all-to-all]	iter_1	0.019118407223787572	0.017196819344061916	82	82	468	468	22	22
abstract_large	test_QASMBench_large[ising_n42-square]	iter_1	0.011704399273162934	0.010658993716869089	82	82	474	474	22	22
abstract_large	test_QASMBench_large[ising_n42-heavy-hex]	iter_1	0.011741496644221073	0.010770541155240038	82	82	466	466	22	22
abstract_large	test_QASMBench_large[ising_n42-linear]	iter_1	0.007559270994951491	0.006539734636640383	82	82	474	474	22	22
abstract_large	test_QASMBench_large[ising_n420-all-to-all]	iter_1	1.4097893480211496	1.3655459191650152	838	838	4794	4794	23	23
abstract_large	test_QASMBench_large[ising_n420-square]	iter_1	0.04239732112425069	0.037801664824096054	838	838	4749	4749	22	22
abstract_large	test_QASMBench_large[ising_n420-heavy-hex]	iter_1	0.05605457630008459	0.05067451884970069	838	838	4782	4782	23	23
abstract_large	test_QASMBench_large[ising_n420-linear]	iter_1	0.03656789241358638	0.03178023500367999	838	838	4760	4760	23	23
abstract_large	test_QASMBench_large[ising_n66-all-to-all]	iter_1	0.0294471153003328	0.026268615527078508	130	130	740	740	22	22
abstract_large	test_QASMBench_large[ising_n66-square]	iter_1	0.015124619551576101	0.013877446911689163	130	130	750	750	23	23
abstract_large	test_QASMBench_large[ising_n66-heavy-hex]	iter_1	0.017018040707498266	0.015647892964382966	130	130	755	755	23	23
abstract_large	test_QASMBench_large[ising_n66-linear]	iter_1	0.009898556000057688	0.008812153433388639	130	130	744	744	22	22
abstract_large	test_QASMBench_large[ising_n98-all-to-all]	iter_1	0.04888130575418472	0.04513163890012286	194	194	1113	1113	22	22
abstract_large	test_QASMBench_large[ising_n98-square]	iter_1	0.015370453067589551	0.013817786593252505	194	194	1100	1100	22	22
abstract_large	test_QASMBench_large[ising_n98-heavy-hex]	iter_1	2.8486913572996855	2.811759863048792	590	590	2107	2107	120	120
abstract_large	test_QASMBench_large[ising_n98-linear]	iter_1	0.013414540638526281	0.01189909198067405	194	194	1118	1118	23	23
abstract_large	test_QASMBench_large[knn_129-all-to-all]	iter_1	0.08528439917912085	0.08499560023968418	448	448	2093	2093	1092	1092
abstract_large	test_QASMBench_large[knn_129-square]	iter_1	0.06571050558704883	0.06441653310321271	1307	1307	4299	4299	2506	2506
abstract_large	test_QASMBench_large[knn_129-heavy-hex]	iter_1	0.06623131700325757	0.06473240861669183	1651	1651	5167	5167	3195	3195
abstract_large	test_QASMBench_large[knn_129-linear]	iter_1	0.044138443858727165	0.0406236385460943	831	831	3213	3213	2197	2197
abstract_large	test_QASMBench_large[knn_n31-all-to-all]	iter_1	0.014443805167341934	0.013855679555692606	105	105	497	497	272	272
abstract_large	test_QASMBench_large[knn_n31-square]	iter_1	0.012160496762658976	0.012216052799313157	210	210	738	738	496	496
abstract_large	test_QASMBench_large[knn_n31-heavy-hex]	iter_1	0.019018710974384758	0.01866596904941476	269	269	830	830	621	621
abstract_large	test_QASMBench_large[knn_n31-linear]	iter_1	0.010318402102903315	0.010382611945431719	171	171	744	744	479	479
abstract_large	test_QASMBench_large[knn_341-all-to-all]	iter_1	0.7403970966115594	0.7067093150690198	1190	1190	5700	5700	2988	2988
abstract_large	test_QASMBench_large[knn_341-square]	iter_1	0.18877799126009145	0.17947316728532314	3495	3495	11367	11367	6591	6591
abstract_large	test_QASMBench_large[knn_341-heavy-hex]	iter_1	0.17369180731475353	0.17177218912790218	5343	5343	16076	16076	9319	9319
abstract_large	test_QASMBench_large[knn_341-linear]	iter_1	1.7433036100119352	1.8484820947051048	3615	3615	12102	12102	7747	7747
abstract_large	test_QASMBench_large[knn_n41-all-to-all]	iter_1	0.019316086436019224	0.018199461063853017	140	140	679	679	357	357
abstract_large	test_QASMBench_large[knn_n41-square]	iter_1	0.025200061965733767	0.023027586252536883	291	291	1066	1066	642	642
abstract_large	test_QASMBench_large[knn_n41-heavy-hex]	iter_1	0.017136235785638464	0.01675001547624499	372	372	1258	1258	913	913
abstract_large	test_QASMBench_large[knn_n41-linear]	iter_1	0.01260360419938836	0.01246720259077847	228	228	1004	1004	620	620
abstract_large	test_QASMBench_large[knn_n67-all-to-all]	iter_1	0.03260493415097396	0.030133624095469713	231	231	1100	1100	584	584
abstract_large	test_QASMBench_large[knn_n67-square]	iter_1	0.04323477119855259	0.04015674374997616	578	578	1954	1954	1219	1219
abstract_large	test_QASMBench_large[knn_n67-heavy-hex]	iter_1	0.028937092154390283	0.028529294869965978	710	710	2253	2253	1532	1532
abstract_large	test_QASMBench_large[knn_n67-linear]	iter_1	0.018603135176278925	0.01847489512766953	393	393	1653	1653	1052	1052
abstract_large	test_QASMBench_large[multiplier_n350-all-to-all]	iter_1	3.9522250089794397	3.7442552410066128	145880	145880	544035	544035	288935	288935
abstract_large	test_QASMBench_large[multiplier_n350-square]	iter_1	8.356014082208276	7.679247450083494	431215	431215	1298083	1298083	557166	557166
abstract_large	test_QASMBench_large[multiplier_n350-heavy-hex]	iter_1	10.644358277320862	9.814086068421602	585014	585014	1712121	1712121	694850	694850
abstract_large	test_QASMBench_large[multiplier_n350-linear]	iter_1	16.320837531238794	12.458035891875625	1029644	1029644	2822330	2822330	918533	918533
abstract_large	test_QASMBench_large[multiplier_n400-all-to-all]	iter_1	5.591886388137937	5.429538689553738	190720	190720	708082	708082	376823	376823
abstract_large	test_QASMBench_large[multiplier_n400-square]	iter_1	11.45914662629366	10.78046216070652	567778	567778	1719997	1719997	738395	738395
abstract_large	test_QASMBench_large[multiplier_n400-heavy-hex]	iter_1	14.150979286059737	12.72865990176797	761398	761398	2240544	2240544	900192	900192
abstract_large	test_QASMBench_large[multiplier_n400-linear]	iter_1	21.671846555545926	16.76801916770637	1357932	1357932	3739412	3739412	1211862	1211862
abstract_large	test_QASMBench_large[multiplier_n45-all-to-all]	iter_1	0.06073009814409649	0.05849499408813084	2286	2286	8341	8341	4516	4516
abstract_large	test_QASMBench_large[multiplier_n45-square]	iter_1	0.08229275105091241	0.07825171990463367	5050	5050	16533	16533	7982	7982
abstract_large	test_QASMBench_large[multiplier_n45-heavy-hex]	iter_1	0.08660255807141463	0.0811909159215597	5995	5995	18756	18756	9285	9285
abstract_large	test_QASMBench_large[multiplier_n45-linear]	iter_1	0.09730282761156558	0.0945872579080363	7648	7648	23561	23561	9992	9992
abstract_large	test_QASMBench_large[multiplier_n75-all-to-all]	iter_1	0.14849996407117164	0.14389958046376705	6510	6510	24289	24289	13020	13020
abstract_large	test_QASMBench_large[multiplier_n75-square]	iter_1	0.2626886176876724	0.22128599882125854	15790	15790	49622	49622	24130	24130
abstract_large	test_QASMBench_large[multiplier_n75-heavy-hex]	iter_1	0.28758409060537815	0.24154018871486188	18967	18967	58790	58790	27105	27105
abstract_large	test_QASMBench_large[multiplier_n75-linear]	iter_1	0.2949737897142768	0.28584295557811856	27110	27110	79555	79555	31414	31414
abstract_large	test_QASMBench_large[qft_n160-all-to-all]	iter_1	0.2853337903507054	0.2835615761578083	4270	4270	14867	14867	2360	2360
abstract_large	test_QASMBench_large[qft_n160-square]	iter_1	0.2677795523777604	0.23135733231902122	12992	12992	41385	41385	9578	9578
abstract_large	test_QASMBench_large[qft_n160-heavy-hex]	iter_1	0.2662703264504671	0.22384402044117452	14606	14606	50519	50519	7653	7653
abstract_large	test_QASMBench_large[qft_n160-linear]	iter_1	0.5009397938847542	0.40315847223003703	47880	47880	132973	132973	23928	23928
abstract_large	test_QASMBench_large[qft_n29-all-to-all]	iter_1	0.03168237116187811	0.02813880830345785	602	602	2106	2106	408	408
abstract_large	test_QASMBench_large[qft_n29-square]	iter_1	0.030695153400301933	0.026240759554344253	1259	1259	4228	4228	1176	1176
abstract_large	test_QASMBench_large[qft_n29-heavy-hex]	iter_1	0.03513303951227239	0.03008288523238717	1311	1311	5266	5266	908	908
abstract_large	test_QASMBench_large[qft_n29-linear]	iter_1	0.031014228239655495	0.026037952838799894	1339	1339	5193	5193	935	935
abstract_large	test_QASMBench_large[qft_n320-all-to-all]	iter_1	1.0511956568807364	0.9944788813591003	8750	8750	30201	30201	4730	4730
abstract_large	test_QASMBench_large[qft_n320-square]	iter_1	0.6059978120028973	0.5355011532083154	29324	29324	93764	93764	20750	20750
abstract_large	test_QASMBench_large[qft_n320-heavy-hex]	iter_1	0.6854648534208536	0.5795343816280365	40100	40100	123889	123889	19345	19345
abstract_large	test_QASMBench_large[qft_n320-linear]	iter_1	2.0343448165804148	1.6627005897462368	181247	181247	487563	487563	111921	111921
abstract_large	test_QASMBench_large[qft_n63-all-to-all]	iter_1	0.07323582483721632	0.06627122685313225	1554	1554	5310	5310	905	905
abstract_large	test_QASMBench_large[qft_n63-square]	iter_1	0.08017404664021271	0.06767270155251026	4015	4015	12877	12877	3611	3611
abstract_large	test_QASMBench_large[qft_n63-heavy-hex]	iter_1	0.10214561652392148	0.08730852184817195	4240	4240	15519	15519	2635	2635
abstract_large	test_QASMBench_large[qft_n63-linear]	iter_1	0.10846889354288577	0.09045765874907374	8052	8052	24971	24971	3231	3231
abstract_large	test_QASMBench_large[qugan_n111-all-to-all]	iter_1	0.16500433596471945	0.16133682616055012	601	601	3246	3246	979	979
abstract_large	test_QASMBench_large[qugan_n111-square]	iter_1	0.15188472185816085	0.1431990678289107	1609	1609	6105	6105	2011	2011
abstract_large	test_QASMBench_large[qugan_n111-heavy-hex]	iter_1	0.1503350269049406	0.14061973696308477	2015	2015	7147	7147	2610	2610
abstract_large	test_QASMBench_large[qugan_n111-linear]	iter_1	0.14304279402962752	0.13397022988647223	1253	1253	5250	5250	1827	1827
abstract_large	test_QASMBench_large[qugan_n39-all-to-all]	iter_1	0.05584478633184182	0.05394548707102474	205	205	1112	1112	355	355
abstract_large	test_QASMBench_large[qugan_n39-square]	iter_1	0.05895780916843149	0.055037291818543485	405	405	1671	1671	704	704
abstract_large	test_QASMBench_large[qugan_n39-heavy-hex]	iter_1	0.05415186795749163	0.05284138200314421	516	516	1944	1944	821	821
abstract_large	test_QASMBench_large[qugan_n39-linear]	iter_1	0.053899916967279034	0.05288544793923696	435	435	1818	1818	696	696
abstract_large	test_QASMBench_large[qugan_n395-all-to-all]	iter_1	1.573584383353591	1.4820450767874718	2163	2163	11674	11674	3454	3454
abstract_large	test_QASMBench_large[qugan_n395-square]	iter_1	0.5933052655309439	0.5573315992951393	7593	7593	26644	26644	7886	7886
abstract_large	test_QASMBench_large[qugan_n395-heavy-hex]	iter_1	0.5870011318475008	0.5481131887063384	11806	11806	37583	37583	10009	10009
abstract_large	test_QASMBench_large[qugan_n395-linear]	iter_1	2.0865332446992397	2.079385267570615	9144	9144	30569	30569	9598	9598
abstract_large	test_QASMBench_large[qugan_n71-all-to-all]	iter_1	0.11029339972883463	0.09825028907507657	381	381	2070	2070	646	646
abstract_large	test_QASMBench_large[qugan_n71-square]	iter_1	0.09823910790410909	0.0916927864944393	930	930	3662	3662	1270	1270
abstract_large	test_QASMBench_large[qugan_n71-heavy-hex]	iter_1	0.10050794556736946	0.09356412071396004	1162	1162	4263	4263	1446	1446
abstract_large	test_QASMBench_large[qugan_n71-linear]	iter_1	0.09365259026261893	0.08769134742518266	797	797	3348	3348	1157	1157
abstract_large	test_QASMBench_large[square_root_n45-all-to-all]	iter_1	0.9440835453569889	0.9417640380561352	54151	54151	212867	212867	148771	148771
abstract_large	test_QASMBench_large[square_root_n45-square]	iter_1	2.793099030852318	2.298235882073641	168177	168177	529450	529450	305108	305108
abstract_large	test_QASMBench_large[square_root_n45-heavy-hex]	iter_1	2.9052862767130136	2.7429343797266483	220459	220459	655187	655187	380393	380393
abstract_large	test_QASMBench_large[square_root_n45-linear]	iter_1	3.797728469595313	3.5637235902249813	296286	296286	864219	864219	488429	488429
abstract_large	test_QASMBench_large[square_root_n60-all-to-all]	iter_1	10.320779474452138	9.71585520543158	415123	415123	1651788	1651788	1139186	1139186
abstract_large	test_QASMBench_large[square_root_n60-square]	iter_1	27.23502066358924	21.566415740177035	1413498	1413498	4299747	4299747	2429432	2429432
abstract_large	test_QASMBench_large[square_root_n60-heavy-hex]	iter_1	35.15586715936661	26.84485267288983	1962518	1962518	5705555	5705555	3130159	3130159
abstract_large	test_QASMBench_large[square_root_n60-linear]	iter_1	48.167279781773686	36.27164255268872	3284113	3284113	8827066	8827066	4904648	4904648
abstract_large	test_QASMBench_large[swap_test_n115-all-to-all]	iter_1	0.07272799424827099	0.06940728053450584	399	399	2173	2173	1014	1014
abstract_large	test_QASMBench_large[swap_test_n115-square]	iter_1	0.07684113500783077	0.07171411688129108	1008	1008	3600	3600	2118	2118
abstract_large	test_QASMBench_large[swap_test_n115-heavy-hex]	iter_1	0.05291591496451905	0.04821772722616082	1321	1321	4243	4243	2739	2739
abstract_large	test_QASMBench_large[swap_test_n115-linear]	iter_1	0.03757609716720051	0.03462189858158429	709	709	2981	2981	1898	1898
abstract_large	test_QASMBench_large[swap_test_n361-all-to-all]	iter_1	0.8773911194875836	0.8679532008245587	1260	1260	6856	6856	3153	3153
abstract_large	test_QASMBench_large[swap_test_n361-square]	iter_1	0.21296560056507588	0.20906211994588375	4773	4773	15258	15258	8536	8536
abstract_large	test_QASMBench_large[swap_test_n361-heavy-hex]	iter_1	0.1877045575529337	0.18242027889937162	6104	6104	18802	18802	10804	10804
abstract_large	test_QASMBench_large[swap_test_n361-linear]	iter_1	2.0393209364265203	2.0924028549343348	3826	3826	13069	13069	8223	8223
abstract_large	test_QASMBench_large[swap_test_n41-all-to-all]	iter_1	0.019462767380232712	0.01850988160542868	140	140	757	757	359	359
abstract_large	test_QASMBench_large[swap_test_n41-square]	iter_1	0.02526928832460391	0.0231226555382212	291	291	1131	1131	644	644
abstract_large	test_QASMBench_large[swap_test_n41-heavy-hex]	iter_1	0.017103194210090135	0.016658951390396665	372	372	1334	1334	914	914
abstract_large	test_QASMBench_large[swap_test_n41-linear]	iter_1	0.012620353933285785	0.012418925141294798	228	228	1019	1019	622	622
abstract_large	test_QASMBench_large[swap_test_n83-all-to-all]	iter_1	0.04192053433507681	0.040122532173991206	287	287	1589	1589	741	741
abstract_large	test_QASMBench_large[swap_test_n83-square]	iter_1	0.04862232417577789	0.04720643797720021	678	678	2335	2335	1482	1482
abstract_large	test_QASMBench_large[swap_test_n83-heavy-hex]	iter_1	0.037986744471170286	0.0368377205782703	948	948	3130	3130	2084	2084
abstract_large	test_QASMBench_large[swap_test_n83-linear]	iter_1	0.02351856934837997	0.02293832171275172	501	501	2119	2119	1340	1340
abstract_large	test_QASMBench_large[vqe_uccsd_n28-all-to-all]	iter_1	7.446017259731889	6.349556544795632	234574	234574	625203	625203	715272	715272
abstract_large	test_QASMBench_large[vqe_uccsd_n28-square]	iter_1	14.658599900081754	12.306904513388872	276380	276380	799677	799677	803046	803046
abstract_large	test_QASMBench_large[vqe_uccsd_n28-heavy-hex]	iter_1	19.871239189058542	16.727983377873898	362326	362326	1125351	1125351	1003334	1003334
abstract_large	test_QASMBench_large[vqe_uccsd_n28-linear]	iter_1	10.517177445814013	9.0424785874784	275504	275504	738620	738620	791091	791091
abstract_large	test_QASMBench_large[wstate_n118-all-to-all]	iter_1	0.06549412918587526	0.06301598227582872	234	234	1505	1505	549	549
abstract_large	test_QASMBench_large[wstate_n118-square]	iter_1	0.014910171086441226	0.014966193911811662	234	234	1499	1499	545	545
abstract_large	test_QASMBench_large[wstate_n118-heavy-hex]	iter_1	0.024953434434838783	0.02410224291749976	234	234	1492	1492	541	541
abstract_large	test_QASMBench_large[wstate_n118-linear]	iter_1	0.012469378384676847	0.012590746673477161	234	234	1502	1502	548	548
abstract_large	test_QASMBench_large[wstate_n36-all-to-all]	iter_1	0.01639435129861037	0.01559762833940406	70	70	449	449	169	169
abstract_large	test_QASMBench_large[wstate_n36-square]	iter_1	0.008914238342118484	0.008997502079343094	70	70	447	447	169	169
abstract_large	test_QASMBench_large[wstate_n36-heavy-hex]	iter_1	0.01015463189991272	0.009982387083444264	70	70	450	450	171	171
abstract_large	test_QASMBench_large[wstate_n36-linear]	iter_1	0.005955913874866633	0.00598073158508692	70	70	453	453	166	166
abstract_large	test_QASMBench_large[wstate_n380-all-to-all]	iter_1	0.9999122768640518	0.9685997683554888	758	758	4816	4816	1719	1719
abstract_large	test_QASMBench_large[wstate_n380-square]	iter_1	0.032528640578190486	0.03164923329044272	758	758	4847	4847	1723	1723
abstract_large	test_QASMBench_large[wstate_n380-heavy-hex]	iter_1	6.679275119677186	6.4085125755518675	8395	8395	23441	23441	7402	7402
abstract_large	test_QASMBench_large[wstate_n380-linear]	iter_1	0.02795474458899763	0.02713340412204464	758	758	4841	4841	1723	1723
abstract_large	test_QASMBench_large[wstate_n76-all-to-all]	iter_1	0.033579268492758274	0.031762401663487955	150	150	959	959	354	354
abstract_large	test_QASMBench_large[wstate_n76-square]	iter_1	0.011957377030313769	0.011780054687901779	150	150	969	969	353	353
abstract_large	test_QASMBench_large[wstate_n76-heavy-hex]	iter_1	0.014843943500609108	0.014418608791223078	150	150	974	974	356	356
abstract_large	test_QASMBench_large[wstate_n76-linear]	iter_1	0.00924253873885251	0.009128111973404884	150	150	973	973	354	354
abstract_hamiltonians	test_hamiltonians[ham_enc_stdbinary_dvalues_d-level-4-all-to-all]	iter_1	0.009441177317729364	0.00916579548890392	3	3	27	27	19	19
abstract_hamiltonians	test_hamiltonians[ham_enc_stdbinary_dvalues_d-level-4-square]	iter_1	0.009477346990872356	0.009213223045162105	3	3	27	27	19	19
abstract_hamiltonians	test_hamiltonians[ham_enc_stdbinary_dvalues_d-level-4-heavy-hex]	iter_1	0.010143099007071908	0.009981687190501314	3	3	26	26	19	19
abstract_hamiltonians	test_hamiltonians[ham_enc_stdbinary_dvalues_d-level-4-linear]	iter_1	0.009090575983836537	0.008863897384267993	3	3	27	27	19	19
abstract_hamiltonians	test_hamiltonians[ham_mu_y_prime_enc_stdbinary_dvalues_8-8-4-4-all-to-all]	iter_1	0.0037233551249119907	0.003672372288496246	16	16	69	69	56	56
abstract_hamiltonians	test_hamiltonians[ham_mu_y_prime_enc_stdbinary_dvalues_8-8-4-4-square]	iter_1	0.005634630826534703	0.004876147201166877	22	22	95	95	69	69
abstract_hamiltonians	test_hamiltonians[ham_mu_y_prime_enc_stdbinary_dvalues_8-8-4-4-heavy-hex]	iter_1	0.005481162910941262	0.005486049314404463	18	18	86	86	68	68
abstract_hamiltonians	test_hamiltonians[ham_mu_y_prime_enc_stdbinary_dvalues_8-8-4-4-linear]	iter_1	0.004608430669981268	0.004581790266647226	18	18	86	86	68	68
abstract_hamiltonians	test_hamiltonians[ham_mu_y_prime_enc_unary_dvalues_4-4-4-all-to-all]	iter_1	0.0024779688064304607	0.0024771665004973717	6	6	52	52	32	32
abstract_hamiltonians	test_hamiltonians[ham_mu_y_prime_enc_unary_dvalues_4-4-4-square]	iter_1	0.0024400216357740676	0.0024184171531761215	6	6	52	52	32	32
abstract_hamiltonians	test_hamiltonians[ham_mu_y_prime_enc_unary_dvalues_4-4-4-heavy-hex]	iter_1	0.003234751437578285	0.003181103925296181	6	6	52	52	32	32
abstract_hamiltonians	test_hamiltonians[ham_mu_y_prime_enc_unary_dvalues_4-4-4-linear]	iter_1	0.002413406325173257	0.0024389967882108192	6	6	52	52	32	32
abstract_hamiltonians	test_hamiltonians[ham_mu_z_prime_enc_gray_dvalues_4-4-4-4-all-to-all]	iter_1	0.002086774519543404	0.0020623319524716824	4	4	33	33	11	11
abstract_hamiltonians	test_hamiltonians[ham_mu_z_prime_enc_gray_dvalues_4-4-4-4-square]	iter_1	0.002352719275671759	0.0020439494441974607	4	4	35	35	14	14
abstract_hamiltonians	test_hamiltonians[ham_mu_z_prime_enc_gray_dvalues_4-4-4-4-heavy-hex]	iter_1	0.0028537696809507905	0.002795736786367288	4	4	34	34	14	14
abstract_hamiltonians	test_hamiltonians[ham_mu_z_prime_enc_gray_dvalues_4-4-4-4-linear]	iter_1	0.002418354735709727	0.002029357102075848	4	4	34	34	14	14
abstract_hamiltonians	test_hamiltonians[ham_gnp-k_2_n-4_rinst-05-all-to-all]	iter_1	0.004244199434740354	0.00348547005803505	21	21	77	77	75	75
abstract_hamiltonians	test_hamiltonians[ham_gnp-k_2_n-4_rinst-05-square]	iter_1	0.005461958859711004	0.004648784272161857	31	31	130	130	106	106
abstract_hamiltonians	test_hamiltonians[ham_gnp-k_2_n-4_rinst-05-heavy-hex]	iter_1	0.006190060052488532	0.005255003806012563	22	22	92	92	81	81
abstract_hamiltonians	test_hamiltonians[ham_gnp-k_2_n-4_rinst-05-linear]	iter_1	0.005413791406794456	0.004625635386975569	33	33	134	134	109	109
abstract_hamiltonians	test_hamiltonians[ham_ham_parity-4-all-to-all]	iter_1	0.00576982453246327	0.004988075623278895	47	47	149	149	159	159
abstract_hamiltonians	test_hamiltonians[ham_ham_parity-4-square]	iter_1	0.006112140190054679	0.006073901986294403	66	66	220	220	196	196
abstract_hamiltonians	test_hamiltonians[ham_ham_parity-4-heavy-hex]	iter_1	0.007451562725362323	0.006572985228755184	62	62	206	206	198	198
abstract_hamiltonians	test_hamiltonians[ham_ham_parity-4-linear]	iter_1	0.007027237334375758	0.0061700475028532	62	62	258	258	222	222
abstract_hamiltonians	test_hamiltonians[ham_mu_y_prime_enc_stdbinary_dvalues_16-16-16-16-8-8-8-all-to-all]	iter_1	0.006000187656571788	0.00520886211651158	49	49	197	197	165	165
abstract_hamiltonians	test_hamiltonians[ham_mu_y_prime_enc_stdbinary_dvalues_16-16-16-16-8-8-8-square]	iter_1	0.0071679523241692696	0.006359901009617667	64	64	241	241	210	210
abstract_hamiltonians	test_hamiltonians[ham_mu_y_prime_enc_stdbinary_dvalues_16-16-16-16-8-8-8-heavy-hex]	iter_1	0.006862333756597603	0.006803832106568195	72	72	260	260	212	212
abstract_hamiltonians	test_hamiltonians[ham_mu_y_prime_enc_stdbinary_dvalues_16-16-16-16-8-8-8-linear]	iter_1	0.007424106186425144	0.006492847402890523	72	72	295	295	237	237
abstract_hamiltonians	test_hamiltonians[ham_mu_y_prime_enc_gray_dvalues_16-16-16-all-to-all]	iter_1	0.004775316845895588	0.004738214344364926	58	58	198	198	190	190
abstract_hamiltonians	test_hamiltonians[ham_mu_y_prime_enc_gray_dvalues_16-16-16-square]	iter_1	0.00601877310546115	0.006012244993267027	83	83	282	282	251	251
abstract_hamiltonians	test_hamiltonians[ham_mu_y_prime_enc_gray_dvalues_16-16-16-heavy-hex]	iter_1	0.0067171781399362794	0.006682855882366797	83	83	304	304	284	284
abstract_hamiltonians	test_hamiltonians[ham_mu_y_prime_enc_gray_dvalues_16-16-16-linear]	iter_1	0.006052566269424064	0.006012151999449408	92	92	308	308	265	265
abstract_hamiltonians	test_hamiltonians[ham_enc_gray_dvalues_d-level-16-all-to-all]	iter_1	0.009159698215599107	0.008146539913571399	128	128	539	539	458	458
abstract_hamiltonians	test_hamiltonians[ham_enc_gray_dvalues_d-level-16-square]	iter_1	0.010820704469965263	0.009571751835299474	187	187	729	729	597	597
abstract_hamiltonians	test_hamiltonians[ham_enc_gray_dvalues_d-level-16-heavy-hex]	iter_1	0.011758845105960772	0.010488574935512229	172	172	831	831	644	644
abstract_hamiltonians	test_hamiltonians[ham_enc_gray_dvalues_d-level-16-linear]	iter_1	0.011329710419321883	0.009970060207557922	196	196	897	897	680	680
abstract_hamiltonians	test_hamiltonians[ham_mu_y_prime_enc_stdbinary_dvalues_8-8-8-8-8-8-all-to-all]	iter_1	0.005753861942205085	0.004897565711289644	32	32	142	142	58	58
abstract_hamiltonians	test_hamiltonians[ham_mu_y_prime_enc_stdbinary_dvalues_8-8-8-8-8-8-square]	iter_1	0.006211016277472178	0.006158256223676978	38	38	153	153	71	71
abstract_hamiltonians	test_hamiltonians[ham_mu_y_prime_enc_stdbinary_dvalues_8-8-8-8-8-8-heavy-hex]	iter_1	0.006601432637943255	0.006568833247479731	36	36	183	183	74	74
abstract_hamiltonians	test_hamiltonians[ham_mu_y_prime_enc_stdbinary_dvalues_8-8-8-8-8-8-linear]	iter_1	0.005972245557708029	0.006194235036327015	36	36	183	183	74	74
abstract_hamiltonians	test_hamiltonians[ham_gnp-k_4_n-6_rinst-15-all-to-all]	iter_1	0.006513576286620107	0.005566039004887657	87	87	331	331	263	263
abstract_hamiltonians	test_hamiltonians[ham_gnp-k_4_n-6_rinst-15-square]	iter_1	0.007884309380355045	0.006867700144120142	111	111	416	416	334	334
abstract_hamiltonians	test_hamiltonians[ham_gnp-k_4_n-6_rinst-15-heavy-hex]	iter_1	0.007039697302388959	0.006920425850950497	131	131	463	463	403	403
abstract_hamiltonians	test_hamiltonians[ham_gnp-k_4_n-6_rinst-15-linear]	iter_1	0.008036631326644849	0.0069063010142884984	171	171	579	579	436	436
abstract_hamiltonians	test_hamiltonians[ham_ham_JW-6-all-to-all]	iter_1	0.009318908037362145	0.00804679605186495	225	225	651	651	692	692
abstract_hamiltonians	test_hamiltonians[ham_ham_JW-6-square]	iter_1	0.011244015724343411	0.009875619118767125	294	294	888	888	835	835
abstract_hamiltonians	test_hamiltonians[ham_ham_JW-6-heavy-hex]	iter_1	0.012337650122070635	0.010692130232792954	329	329	1137	1137	1000	1000
abstract_hamiltonians	test_hamiltonians[ham_ham_JW-6-linear]	iter_1	0.010261336882268228	0.010063838002454374	378	378	1207	1207	974	974
abstract_hamiltonians	test_hamiltonians[ham_mu_y_prime_enc_unary_dvalues_8-8-8-8-8-8-8-all-to-all]	iter_1	0.004541068972850388	0.004480788325317098	14	14	120	120	72	72
abstract_hamiltonians	test_hamiltonians[ham_mu_y_prime_enc_unary_dvalues_8-8-8-8-8-8-8-square]	iter_1	0.003795818688211294	0.003778470039833337	14	14	120	120	72	72
abstract_hamiltonians	test_hamiltonians[ham_mu_y_prime_enc_unary_dvalues_8-8-8-8-8-8-8-heavy-hex]	iter_1	0.00416559612443834	0.004169981462983139	14	14	120	120	72	72
abstract_hamiltonians	test_hamiltonians[ham_mu_y_prime_enc_unary_dvalues_8-8-8-8-8-8-8-linear]	iter_1	0.003662240564649207	0.00360873558751817	14	14	120	120	72	72
abstract_hamiltonians	test_hamiltonians[ham_7-uf20-0384.cnf-8-res-all-to-all]	iter_1	0.007571031671616581	0.007474144413957701	44	44	150	150	81	81
abstract_hamiltonians	test_hamiltonians[ham_7-uf20-0384.cnf-8-res-square]	iter_1	0.00579493889618202	0.005751981564997872	64	64	218	218	122	122
abstract_hamiltonians	test_hamiltonians[ham_7-uf20-0384.cnf-8-res-heavy-hex]	iter_1	0.00691698606804771	0.005999978400425973	78	78	269	269	148	148
abstract_hamiltonians	test_hamiltonians[ham_7-uf20-0384.cnf-8-res-linear]	iter_1	0.005934974018690045	0.0059084833828275075	91	91	302	302	163	163
abstract_hamiltonians	test_hamiltonians[ham_tsp_rand-002_Ncity-4_enc-stdbinary-all-to-all]	iter_1	0.010657650935981009	0.010713221337855532	80	80	271	271	208	208
abstract_hamiltonians	test_hamiltonians[ham_tsp_rand-002_Ncity-4_enc-stdbinary-square]	iter_1	0.008113259418296213	0.007110367272430518	120	120	400	400	303	303
abstract_hamiltonians	test_hamiltonians[ham_tsp_rand-002_Ncity-4_enc-stdbinary-heavy-hex]	iter_1	0.00758762860245872	0.007466438953997567	133	133	500	500	337	337
abstract_hamiltonians	test_hamiltonians[ham_tsp_rand-002_Ncity-4_enc-stdbinary-linear]	iter_1	0.008405901844902286	0.007357171893119812	164	164	546	546	367	367
abstract_hamiltonians	test_hamiltonians[ham_ham_JW-8-all-to-all]	iter_1	0.026965574789288883	0.02655455180340343	850	850	2294	2294	2572	2572
abstract_hamiltonians	test_hamiltonians[ham_ham_JW-8-square]	iter_1	0.02745386166498065	0.02659803494397137	1262	1262	3867	3867	3483	3483
abstract_hamiltonians	test_hamiltonians[ham_ham_JW-8-heavy-hex]	iter_1	0.028678692504763605	0.027710593305528164	1367	1367	4343	4343	3654	3654
abstract_hamiltonians	test_hamiltonians[ham_ham_JW-8-linear]	iter_1	0.027774532149369653	0.026780116175742524	1370	1370	4325	4325	3629	3629
abstract_hamiltonians	test_hamiltonians[ham_enc_gray_dvalues_8-8-8-all-to-all]	iter_1	0.3372076852247119	0.33103641914203763	6640	6640	18561	18561	21041	21041
abstract_hamiltonians	test_hamiltonians[ham_enc_gray_dvalues_8-8-8-square]	iter_1	0.4219423631827037	0.3872746986647447	11709	11709	37371	37371	32935	32935
abstract_hamiltonians	test_hamiltonians[ham_enc_gray_dvalues_8-8-8-heavy-hex]	iter_1	0.42823038684825104	0.4138779950638612	12635	12635	37612	37612	32482	32482
abstract_hamiltonians	test_hamiltonians[ham_enc_gray_dvalues_8-8-8-linear]	iter_1	0.4271207482864459	0.38541698455810547	13027	13027	39230	39230	32628	32628
abstract_hamiltonians	test_hamiltonians[ham_complbipart-n-10_a-5_b-5-all-to-all]	iter_1	0.011601966340094805	0.010426930842154167	150	150	550	550	406	406
abstract_hamiltonians	test_hamiltonians[ham_complbipart-n-10_a-5_b-5-square]	iter_1	0.010466663124061179	0.009139459810796238	239	239	791	791	642	642
abstract_hamiltonians	test_hamiltonians[ham_complbipart-n-10_a-5_b-5-heavy-hex]	iter_1	0.011134964627135232	0.01004083406102533	290	290	932	932	682	682
abstract_hamiltonians	test_hamiltonians[ham_complbipart-n-10_a-5_b-5-linear]	iter_1	0.01095976801805718	0.009497061613947153	305	305	1105	1105	790	790
abstract_hamiltonians	test_hamiltonians[ham_ham_JW10-all-to-all]	iter_1	0.05282807526619811	0.047191182062739416	1484	1484	4037	4037	4446	4446
abstract_hamiltonians	test_hamiltonians[ham_ham_JW10-square]	iter_1	0.045864598571576855	0.04307600758645846	2293	2293	7056	7056	6147	6147
abstract_hamiltonians	test_hamiltonians[ham_ham_JW10-heavy-hex]	iter_1	0.06051082284573246	0.0508778533898294	2329	2329	6986	6986	6413	6413
abstract_hamiltonians	test_hamiltonians[ham_ham_JW10-linear]	iter_1	0.04745174305779593	0.04513454100205785	2765	2765	8388	8388	7498	7498
abstract_hamiltonians	test_hamiltonians[ham_ham_parity10-all-to-all]	iter_1	0.0568728470760915	0.05296322712674737	1573	1573	4152	4152	4801	4801
abstract_hamiltonians	test_hamiltonians[ham_ham_parity10-square]	iter_1	0.05297764822056419	0.0492195900529623	2273	2273	7077	7077	6434	6434
abstract_hamiltonians	test_hamiltonians[ham_ham_parity10-heavy-hex]	iter_1	0.060377324547837764	0.0517781020142138	2269	2269	6824	6824	6591	6591
abstract_hamiltonians	test_hamiltonians[ham_ham_parity10-linear]	iter_1	0.05500140815581146	0.04680749596584411	2810	2810	8349	8349	7642	7642
abstract_hamiltonians	test_hamiltonians[ham_ham_JW-10-all-to-all]	iter_1	0.051924651768058536	0.04680776519870216	1484	1484	4047	4047	4446	4446
abstract_hamiltonians	test_hamiltonians[ham_ham_JW-10-square]	iter_1	0.046150374988263305	0.04246511310338974	2293	2293	7029	7029	6128	6128
abstract_hamiltonians	test_hamiltonians[ham_ham_JW-10-heavy-hex]	iter_1	0.06042095142252305	0.05116066513583064	2329	2329	6962	6962	6400	6400
abstract_hamiltonians	test_hamiltonians[ham_ham_JW-10-linear]	iter_1	0.04767111451788382	0.043918315998532555	2765	2765	8366	8366	7509	7509
abstract_hamiltonians	test_hamiltonians[ham_mu_x_prime_enc_stdbinary_dvalues_8-8-8-8-8-8-8-8-8-4-4-4-4-4-4-all-to-all]	iter_1	0.011869891121247669	0.010656083577332344	50	50	236	236	60	60
abstract_hamiltonians	test_hamiltonians[ham_mu_x_prime_enc_stdbinary_dvalues_8-8-8-8-8-8-8-8-8-4-4-4-4-4-4-square]	iter_1	0.007828909805730769	0.007742511423965616	60	60	276	276	72	72
abstract_hamiltonians	test_hamiltonians[ham_mu_x_prime_enc_stdbinary_dvalues_8-8-8-8-8-8-8-8-8-4-4-4-4-4-4-heavy-hex]	iter_1	0.013994020065420295	0.013802622807108693	56	56	291	291	74	74
abstract_hamiltonians	test_hamiltonians[ham_mu_x_prime_enc_stdbinary_dvalues_8-8-8-8-8-8-8-8-8-4-4-4-4-4-4-linear]	iter_1	0.008411485652348637	0.0076132161212303946	56	56	297	297	74	74
abstract_hamiltonians	test_hamiltonians[ham_mu_x_prime_enc_unary_dvalues_4-4-4-all-to-all]	iter_1	0.008163740954779345	0.007853995292232586	18	18	156	156	32	32
abstract_hamiltonians	test_hamiltonians[ham_mu_x_prime_enc_unary_dvalues_4-4-4-square]	iter_1	0.007221891962248704	0.007157088589987585	18	18	156	156	32	32
abstract_hamiltonians	test_hamiltonians[ham_mu_x_prime_enc_unary_dvalues_4-4-4-heavy-hex]	iter_1	0.007342777660929821	0.007224661708399132	18	18	156	156	32	32
abstract_hamiltonians	test_hamiltonians[ham_mu_x_prime_enc_unary_dvalues_4-4-4-linear]	iter_1	0.00429495842280713	0.004237270866258022	18	18	156	156	32	32
abstract_hamiltonians	test_hamiltonians[ham_ham_parity12-all-to-all]	iter_1	0.12654645275324583	0.1178563264095121	3172	3172	8592	8592	9951	9951
abstract_hamiltonians	test_hamiltonians[ham_ham_parity12-square]	iter_1	0.16186740652968487	0.1465874851814338	5174	5174	15727	15727	14200	14200
abstract_hamiltonians	test_hamiltonians[ham_ham_parity12-heavy-hex]	iter_1	0.1590978101428066	0.14446971299392836	5776	5776	17295	17295	15546	15546
abstract_hamiltonians	test_hamiltonians[ham_ham_parity12-linear]	iter_1	0.1296290773898363	0.12194868239263694	6063	6063	17444	17444	16566	16566
abstract_hamiltonians	test_hamiltonians[ham_ham_BK12-all-to-all]	iter_1	0.08214259305252479	0.0767347247206739	3123	3123	8369	8369	9587	9587
abstract_hamiltonians	test_hamiltonians[ham_ham_BK12-square]	iter_1	0.11709037692182594	0.10859984055989319	5791	5791	18512	18512	14197	14197
abstract_hamiltonians	test_hamiltonians[ham_ham_BK12-heavy-hex]	iter_1	0.12864609342068434	0.12232820317149162	7014	7014	22256	22256	15683	15683
abstract_hamiltonians	test_hamiltonians[ham_ham_BK12-linear]	iter_1	0.13549788808450103	0.12961115478537977	8145	8145	24739	24739	17946	17946
abstract_hamiltonians	test_hamiltonians[ham_ham_JW12-all-to-all]	iter_1	0.13112578121945262	0.1166841292546855	3029	3029	8089	8089	9193	9193
abstract_hamiltonians	test_hamiltonians[ham_ham_JW12-square]	iter_1	0.14995236269065312	0.14479065446981362	5372	5372	16167	16167	14496	14496
abstract_hamiltonians	test_hamiltonians[ham_ham_JW12-heavy-hex]	iter_1	0.17340420372784138	0.14930639336151735	5232	5232	16291	16291	14781	14781
abstract_hamiltonians	test_hamiltonians[ham_ham_JW12-linear]	iter_1	0.1141375263354608	0.10753448028117418	6008	6008	17406	17406	15830	15830
abstract_hamiltonians	test_hamiltonians[ham_bh_graph-1D-grid-pbc-qubitnodes_Lx-4_U-40_enc-gray_d-8-all-to-all]	iter_1	0.075252315162548	0.07202589511871338	2454	2454	7334	7334	7887	7887
abstract_hamiltonians	test_hamiltonians[ham_bh_graph-1D-grid-pbc-qubitnodes_Lx-4_U-40_enc-gray_d-8-square]	iter_1	0.09249896454540166	0.08822369994595647	4005	4005	13666	13666	11804	11804
abstract_hamiltonians	test_hamiltonians[ham_bh_graph-1D-grid-pbc-qubitnodes_Lx-4_U-40_enc-gray_d-8-heavy-hex]	iter_1	0.09441069479693066	0.0885237760164521	4726	4726	15755	15755	12665	12665
abstract_hamiltonians	test_hamiltonians[ham_bh_graph-1D-grid-pbc-qubitnodes_Lx-4_U-40_enc-gray_d-8-linear]	iter_1	0.09767579287290573	0.09534543411185344	5293	5293	17267	17267	14204	14204
abstract_hamiltonians	test_hamiltonians[ham_enc_unary_dvalues_4-4-4-all-to-all]	iter_1	0.15166922791727952	0.14211382577195764	5002	5002	16580	16580	15835	15835
abstract_hamiltonians	test_hamiltonians[ham_enc_unary_dvalues_4-4-4-square]	iter_1	0.1864966254681349	0.1778220646083355	8558	8558	28793	28793	22912	22912
abstract_hamiltonians	test_hamiltonians[ham_enc_unary_dvalues_4-4-4-heavy-hex]	iter_1	0.21960934661328793	0.1971452444791794	12254	12254	38360	38360	28087	28087
abstract_hamiltonians	test_hamiltonians[ham_enc_unary_dvalues_4-4-4-linear]	iter_1	0.23600950092077255	0.2266745887696743	14255	14255	47903	47903	32245	32245
abstract_hamiltonians	test_hamiltonians[ham_ham_parity-14-all-to-all]	iter_1	0.10625321376654837	0.10120931752026081	3814	3814	10194	10194	11520	11520
abstract_hamiltonians	test_hamiltonians[ham_ham_parity-14-square]	iter_1	0.1501145525170224	0.12783219246193767	6259	6259	19421	19421	16403	16403
abstract_hamiltonians	test_hamiltonians[ham_ham_parity-14-heavy-hex]	iter_1	0.17598065671821436	0.16003022981541498	7186	7186	21294	21294	17559	17559
abstract_hamiltonians	test_hamiltonians[ham_ham_parity-14-linear]	iter_1	0.1550162857664483	0.14290544976081168	8420	8420	24353	24353	20088	20088
abstract_hamiltonians	test_hamiltonians[ham_ham_JW14-all-to-all]	iter_1	0.1610048475364844	0.14010759885422885	3754	3754	9683	9683	11277	11277
abstract_hamiltonians	test_hamiltonians[ham_ham_JW14-square]	iter_1	0.18634748427818218	0.17000031905869642	6527	6527	18961	18961	17723	17723
abstract_hamiltonians	test_hamiltonians[ham_ham_JW14-heavy-hex]	iter_1	0.19208062533289194	0.16214615820596615	7286	7286	20089	20089	18467	18467
abstract_hamiltonians	test_hamiltonians[ham_ham_JW14-linear]	iter_1	0.15910394356719085	0.13246417976915836	7089	7089	19747	19747	18300	18300
abstract_hamiltonians	test_hamiltonians[ham_enc_gray_dvalues_4-4-4-4-4-4-4-all-to-all]	iter_1	0.07730558048933744	0.06653220800217241	2064	2064	7329	7329	6491	6491
abstract_hamiltonians	test_hamiltonians[ham_enc_gray_dvalues_4-4-4-4-4-4-4-square]	iter_1	0.07542325503059796	0.07234002130904368	3347	3347	11293	11293	9028	9028
abstract_hamiltonians	test_hamiltonians[ham_enc_gray_dvalues_4-4-4-4-4-4-4-heavy-hex]	iter_1	0.07735981133121711	0.06585807166993618	3525	3525	11951	11951	9526	9526
abstract_hamiltonians	test_hamiltonians[ham_enc_gray_dvalues_4-4-4-4-4-4-4-linear]	iter_1	0.08662557632972796	0.07776544362838779	3953	3953	12959	12959	10211	10211
abstract_hamiltonians	test_hamiltonians[ham_ham_BK-14-all-to-all]	iter_1	0.17861518822610378	0.16212908418050834	6103	6103	16122	16122	18698	18698
abstract_hamiltonians	test_hamiltonians[ham_ham_BK-14-square]	iter_1	0.2917438428848982	0.2338833887130022	12262	12262	38348	38348	30006	30006
abstract_hamiltonians	test_hamiltonians[ham_ham_BK-14-heavy-hex]	iter_1	0.28150530019775033	0.26116767479106784	14493	14493	43961	43961	33064	33064
abstract_hamiltonians	test_hamiltonians[ham_ham_BK-14-linear]	iter_1	0.3418696330239375	0.30766722187399864	18213	18213	51764	51764	41594	41594
abstract_hamiltonians	test_hamiltonians[ham_ham_JW-14-all-to-all]	iter_1	0.22054615132510663	0.20221150778234004	6851	6851	18584	18584	20910	20910
abstract_hamiltonians	test_hamiltonians[ham_ham_JW-14-square]	iter_1	0.3771147734175126	0.3360783650229375	12697	12697	38017	38017	33112	33112
abstract_hamiltonians	test_hamiltonians[ham_ham_JW-14-heavy-hex]	iter_1	0.3408695391068856	0.31254115793854	14013	14013	40961	40961	35664	35664
abstract_hamiltonians	test_hamiltonians[ham_ham_JW-14-linear]	iter_1	0.2791741914115846	0.2596631092019379	14989	14989	42098	42098	37925	37925
abstract_hamiltonians	test_hamiltonians[ham_mu_z_prime_enc_unary_dvalues_16-16-16-16-16-16-16-all-to-all]	iter_1	0.00993109963050014	0.009524010884619894	30	30	256	256	152	152
abstract_hamiltonians	test_hamiltonians[ham_mu_z_prime_enc_unary_dvalues_16-16-16-16-16-16-16-square]	iter_1	0.008038040906190872	0.007950180712791662	30	30	256	256	152	152
abstract_hamiltonians	test_hamiltonians[ham_mu_z_prime_enc_unary_dvalues_16-16-16-16-16-16-16-heavy-hex]	iter_1	0.005090247880852683	0.005090965179376083	30	30	256	256	152	152
abstract_hamiltonians	test_hamiltonians[ham_mu_z_prime_enc_unary_dvalues_16-16-16-16-16-16-16-linear]	iter_1	0.0047320316667960145	0.004696467745245672	30	30	256	256	152	152
abstract_hamiltonians	test_hamiltonians[ham_graph-1D-grid-pbc-qubitnodes_Lx-16_h-2-all-to-all]	iter_1	0.00872052093369088	0.008442290864574412	32	32	159	159	123	123
abstract_hamiltonians	test_hamiltonians[ham_graph-1D-grid-pbc-qubitnodes_Lx-16_h-2-square]	iter_1	0.007622396162762416	0.0075460952307496755	32	32	154	154	128	128
abstract_hamiltonians	test_hamiltonians[ham_graph-1D-grid-pbc-qubitnodes_Lx-16_h-2-heavy-hex]	iter_1	0.004811723303612111	0.004825483328603172	32	32	151	151	127	127
abstract_hamiltonians	test_hamiltonians[ham_graph-1D-grid-pbc-qubitnodes_Lx-16_h-2-linear]	iter_1	0.005677017789238539	0.005724171071615018	75	75	266	266	208	208
abstract_hamiltonians	test_hamiltonians[ham_ham_JW-18-all-to-all]	iter_1	0.4728505959113439	0.44294773538907367	18092	18092	42583	42583	54239	54239
abstract_hamiltonians	test_hamiltonians[ham_ham_JW-18-square]	iter_1	0.9329908350482583	0.8100796854123473	30229	30229	86333	86333	76678	76678
abstract_hamiltonians	test_hamiltonians[ham_ham_JW-18-heavy-hex]	iter_1	0.8880606219172478	0.812683098949492	38192	38192	110022	110022	95330	95330
abstract_hamiltonians	test_hamiltonians[ham_ham_JW-18-linear]	iter_1	0.8029625387862325	0.6601907182484865	44058	44058	120326	120326	111701	111701
abstract_hamiltonians	test_hamiltonians[ham_ham_JW-22-all-to-all]	iter_1	1.8635927457362413	1.7508158329874277	55830	55830	133827	133827	169661	169661
abstract_hamiltonians	test_hamiltonians[ham_ham_JW-22-square]	iter_1	3.5496719889342785	2.920087043195963	88872	88872	248677	248677	229849	229849
abstract_hamiltonians	test_hamiltonians[ham_ham_JW-22-heavy-hex]	iter_1	4.387043122202158	4.182956026867032	116833	116833	329360	329360	295689	295689
abstract_hamiltonians	test_hamiltonians[ham_ham_JW-22-linear]	iter_1	5.353665769100189	4.645309332758188	140255	140255	360820	360820	335209	335209
abstract_hamiltonians	test_hamiltonians[ham_ham_BK22-all-to-all]	iter_1	1.4135889951139688	1.1587717197835445	40536	40536	101893	101893	123003	123003
abstract_hamiltonians	test_hamiltonians[ham_ham_BK22-square]	iter_1	2.6266394648700953	2.42802076600492	90359	90359	265254	265254	206017	206017
abstract_hamiltonians	test_hamiltonians[ham_ham_BK22-heavy-hex]	iter_1	3.5246961675584316	3.4033715035766363	135966	135966	393562	393562	300515	300515
abstract_hamiltonians	test_hamiltonians[ham_ham_BK22-linear]	iter_1	4.4884064719080925	3.7724520694464445	205937	205937	527215	527215	420646	420646
abstract_hamiltonians	test_hamiltonians[ham_mu_y_prime_enc_stdbinary_dvalues_4-4-4-4-4-4-4-4-4-4-4-4-4-4-4-4-4-4-all-to-all]	iter_1	0.013090674248006608	0.011569665175150422	24	24	228	228	13	13
abstract_hamiltonians	test_hamiltonians[ham_mu_y_prime_enc_stdbinary_dvalues_4-4-4-4-4-4-4-4-4-4-4-4-4-4-4-4-4-4-square]	iter_1	0.0077768051121224705	0.006983758895088443	24	24	219	219	13	13
abstract_hamiltonians	test_hamiltonians[ham_mu_y_prime_enc_stdbinary_dvalues_4-4-4-4-4-4-4-4-4-4-4-4-4-4-4-4-4-4-heavy-hex]	iter_1	0.010736433207057416	0.009911556194708186	24	24	216	216	13	13
abstract_hamiltonians	test_hamiltonians[ham_mu_y_prime_enc_stdbinary_dvalues_4-4-4-4-4-4-4-4-4-4-4-4-4-4-4-4-4-4-linear]	iter_1	0.503380156122148	0.5013345619663596	24	24	219	219	13	13
abstract_hamiltonians	test_hamiltonians[ham_gnp-k_5_n-24_rinst-04-all-to-all]	iter_1	0.023335151374340057	0.020993248658611418	376	376	1054	1054	268	268
abstract_hamiltonians	test_hamiltonians[ham_gnp-k_5_n-24_rinst-04-square]	iter_1	0.01909512577920544	0.016335763647381603	779	779	2282	2282	822	822
abstract_hamiltonians	test_hamiltonians[ham_gnp-k_5_n-24_rinst-04-heavy-hex]	iter_1	0.02361908776774293	0.020117494761943817	964	964	3054	3054	1042	1042
abstract_hamiltonians	test_hamiltonians[ham_gnp-k_5_n-24_rinst-04-linear]	iter_1	0.02108364212124244	0.017795264314521442	994	994	3308	3308	772	772
abstract_hamiltonians	test_hamiltonians[ham_tsp_prob-ulysses22_Ncity-8_enc-stdbinary-all-to-all]	iter_1	0.035426537439759286	0.03211152084892796	848	848	2557	2557	2440	2440
abstract_hamiltonians	test_hamiltonians[ham_tsp_prob-ulysses22_Ncity-8_enc-stdbinary-square]	iter_1	0.033466274432581045	0.028356805337326867	1613	1613	4983	4983	3935	3935
abstract_hamiltonians	test_hamiltonians[ham_tsp_prob-ulysses22_Ncity-8_enc-stdbinary-heavy-hex]	iter_1	0.04081576377153397	0.034341736985691665	1868	1868	6230	6230	4400	4400
abstract_hamiltonians	test_hamiltonians[ham_tsp_prob-ulysses22_Ncity-8_enc-stdbinary-linear]	iter_1	0.03804058216225643	0.0310376115864323	2038	2038	6972	6972	4656	4656
abstract_hamiltonians	test_hamiltonians[ham_ham_JW24-all-to-all]	iter_1	3.1864754129201174	2.835004672408104	70411	70411	157875	157875	206398	206398
abstract_hamiltonians	test_hamiltonians[ham_ham_JW24-square]	iter_1	6.971864923834801	6.223220294341445	132903	132903	372532	372532	337988	337988
abstract_hamiltonians	test_hamiltonians[ham_ham_JW24-heavy-hex]	iter_1	8.517023583874106	6.786345236003399	206068	206068	578812	578812	516407	516407
abstract_hamiltonians	test_hamiltonians[ham_ham_JW24-linear]	iter_1	7.411552829667926	5.739215074107051	220785	220785	607549	607549	577849	577849
abstract_hamiltonians	test_hamiltonians[ham_tsp_prob-ts225_Ncity-5_enc-unary-all-to-all]	iter_1	0.01758510135114193	0.016539750146594916	200	200	599	599	155	155
abstract_hamiltonians	test_hamiltonians[ham_tsp_prob-ts225_Ncity-5_enc-unary-square]	iter_1	0.013951342952038561	0.012129835002584221	399	399	1228	1228	432	432
abstract_hamiltonians	test_hamiltonians[ham_tsp_prob-ts225_Ncity-5_enc-unary-heavy-hex]	iter_1	0.01821693698703139	0.015612365744475807	515	515	1565	1565	465	465
abstract_hamiltonians	test_hamiltonians[ham_tsp_prob-ts225_Ncity-5_enc-unary-linear]	iter_1	0.015937662194088355	0.01342436818169876	595	595	2031	2031	488	488
abstract_hamiltonians	test_hamiltonians[ham_graph-1D-grid-pbc-qubitnodes_Lx-26_h-6-all-to-all]	iter_1	0.0126969892034928	0.011875882547567872	52	52	254	254	215	215
abstract_hamiltonians	test_hamiltonians[ham_graph-1D-grid-pbc-qubitnodes_Lx-26_h-6-square]	iter_1	0.010090879872441292	0.009961492161160893	52	52	250	250	218	218
abstract_hamiltonians	test_hamiltonians[ham_graph-1D-grid-pbc-qubitnodes_Lx-26_h-6-heavy-hex]	iter_1	0.010429087523370982	0.010231913920295866	52	52	246	246	216	216
abstract_hamiltonians	test_hamiltonians[ham_graph-1D-grid-pbc-qubitnodes_Lx-26_h-6-linear]	iter_1	0.007493036938464548	0.00739799374166657	123	123	437	437	290	290
abstract_hamiltonians	test_hamiltonians[ham_bh_graph-1D-grid-pbc-qubitnodes_Lx-14_U-10_enc-stdbinary_d-4-all-to-all]	iter_1	0.03994681842625141	0.03583921265921423	890	890	3096	3096	2547	2547
abstract_hamiltonians	test_hamiltonians[ham_bh_graph-1D-grid-pbc-qubitnodes_Lx-14_U-10_enc-stdbinary_d-4-square]	iter_1	0.04082330279052258	0.036280573811382055	1018	1018	3789	3789	3021	3021
abstract_hamiltonians	test_hamiltonians[ham_bh_graph-1D-grid-pbc-qubitnodes_Lx-14_U-10_enc-stdbinary_d-4-heavy-hex]	iter_1	0.045912699854892235	0.041185695976018906	1010	1010	3842	3842	3011	3011
abstract_hamiltonians	test_hamiltonians[ham_bh_graph-1D-grid-pbc-qubitnodes_Lx-14_U-10_enc-stdbinary_d-4-linear]	iter_1	0.035688291592844604	0.03101865772270795	1199	1199	4231	4231	3271	3271
abstract_hamiltonians	test_hamiltonians[ham_bh_graph-2D-triag-nonpbc-qubitnodes_Lx-3_Ly-5_U-30_enc-gray_d-4-all-to-all]	iter_1	0.05954685182694126	0.055464133620262146	1773	1773	6396	6396	5734	5734
abstract_hamiltonians	test_hamiltonians[ham_bh_graph-2D-triag-nonpbc-qubitnodes_Lx-3_Ly-5_U-30_enc-gray_d-4-square]	iter_1	0.06674889512360097	0.0564420683015334	2896	2896	10252	10252	8224	8224
abstract_hamiltonians	test_hamiltonians[ham_bh_graph-2D-triag-nonpbc-qubitnodes_Lx-3_Ly-5_U-30_enc-gray_d-4-heavy-hex]	iter_1	0.07625314726361207	0.06307132414076477	3848	3848	13012	13012	9930	9930
abstract_hamiltonians	test_hamiltonians[ham_bh_graph-2D-triag-nonpbc-qubitnodes_Lx-3_Ly-5_U-30_enc-gray_d-4-linear]	iter_1	0.08136942481192258	0.06644605485101542	5291	5291	16940	16940	13303	13303
abstract_hamiltonians	test_hamiltonians[ham_reg-5_n-10_rinst-07-all-to-all]	iter_1	0.07924734958662437	0.07298021738727888	2530	2530	6451	6451	5448	5448
abstract_hamiltonians	test_hamiltonians[ham_reg-5_n-10_rinst-07-square]	iter_1	0.09423142536119981	0.07498105934688024	5292	5292	16926	16926	10539	10539
abstract_hamiltonians	test_hamiltonians[ham_reg-5_n-10_rinst-07-heavy-hex]	iter_1	0.09814681429415942	0.08136285841464996	6116	6116	20179	20179	11901	11901
abstract_hamiltonians	test_hamiltonians[ham_reg-5_n-10_rinst-07-linear]	iter_1	0.09825838040560483	0.08344352116378453	6402	6402	21186	21186	12429	12429
abstract_hamiltonians	test_hamiltonians[ham_mu_y_prime_enc_unary_dvalues_16-16-16-16-16-16-all-to-all]	iter_1	0.016007054024017774	0.014976967718790878	60	60	512	512	152	152
abstract_hamiltonians	test_hamiltonians[ham_mu_y_prime_enc_unary_dvalues_16-16-16-16-16-16-square]	iter_1	0.009880851365017648	0.00972131798591684	60	60	512	512	152	152
abstract_hamiltonians	test_hamiltonians[ham_mu_y_prime_enc_unary_dvalues_16-16-16-16-16-16-heavy-hex]	iter_1	0.01051900815218687	0.010340089751583225	60	60	512	512	152	152
abstract_hamiltonians	test_hamiltonians[ham_mu_y_prime_enc_unary_dvalues_16-16-16-16-16-16-linear]	iter_1	0.0075419574859552085	0.007357531460002065	60	60	512	512	152	152
abstract_hamiltonians	test_hamiltonians[ham_bh_graph-3D-grid-nonpbc-qubitnodes_Lx-2_Ly-2_Lz-2_U-20_enc-unary_d-4-all-to-all]	iter_1	0.08441649796441197	0.07308419847062655	3150	3150	9737	9737	8634	8634
abstract_hamiltonians	test_hamiltonians[ham_bh_graph-3D-grid-nonpbc-qubitnodes_Lx-2_Ly-2_Lz-2_U-20_enc-unary_d-4-square]	iter_1	0.09590971012684432	0.07723604730115487	4811	4811	15177	15177	12077	12077
abstract_hamiltonians	test_hamiltonians[ham_bh_graph-3D-grid-nonpbc-qubitnodes_Lx-2_Ly-2_Lz-2_U-20_enc-unary_d-4-heavy-hex]	iter_1	0.09535513445734978	0.08024054679733056	5230	5230	16410	16410	13169	13169
abstract_hamiltonians	test_hamiltonians[ham_bh_graph-3D-grid-nonpbc-qubitnodes_Lx-2_Ly-2_Lz-2_U-20_enc-unary_d-4-linear]	iter_1	0.10690786354243756	0.08740036528218877	7353	7353	22296	22296	17457	17457
abstract_hamiltonians	test_hamiltonians[ham_0-uuf100-0810.cnf-40-res-all-to-all]	iter_1	0.02602761469193195	0.023596394417244336	300	300	1049	1049	377	377
abstract_hamiltonians	test_hamiltonians[ham_0-uuf100-0810.cnf-40-res-square]	iter_1	0.022776071354746817	0.019271605775928964	855	855	2573	2573	959	959
abstract_hamiltonians	test_hamiltonians[ham_0-uuf100-0810.cnf-40-res-heavy-hex]	iter_1	0.02590969204902649	0.022979897922939724	1277	1277	3691	3691	1363	1363
abstract_hamiltonians	test_hamiltonians[ham_0-uuf100-0810.cnf-40-res-linear]	iter_1	0.03267343702415625	0.026302153734784377	2352	2352	6414	6414	1797	1797
abstract_hamiltonians	test_hamiltonians[ham_8-uuf100-0509.cnf-40-cc-all-to-all]	iter_1	0.02716248601468073	0.024051282333121413	346	346	1246	1246	409	409
abstract_hamiltonians	test_hamiltonians[ham_8-uuf100-0509.cnf-40-cc-square]	iter_1	0.024924503257259343	0.021638496090536533	985	985	3026	3026	1046	1046
abstract_hamiltonians	test_hamiltonians[ham_8-uuf100-0509.cnf-40-cc-heavy-hex]	iter_1	0.024707344973959575	0.023861582790102278	1420	1420	4044	4044	1271	1271
abstract_hamiltonians	test_hamiltonians[ham_8-uuf100-0509.cnf-40-cc-linear]	iter_1	0.037425693267813094	0.030284384152654446	3039	3039	8109	8109	2524	2524
abstract_hamiltonians	test_hamiltonians[ham_gnp-k_4_n-40_rinst-07-all-to-all]	iter_1	0.05303357131779194	0.044049650268710175	1602	1602	6119	6119	4123	4123
abstract_hamiltonians	test_hamiltonians[ham_gnp-k_4_n-40_rinst-07-square]	iter_1	0.06566205695271492	0.053076948578420435	4177	4177	13331	13331	8713	8713
abstract_hamiltonians	test_hamiltonians[ham_gnp-k_4_n-40_rinst-07-heavy-hex]	iter_1	0.07645526761189103	0.0636927183060085	5948	5948	17767	17767	10611	10611
abstract_hamiltonians	test_hamiltonians[ham_gnp-k_4_n-40_rinst-07-linear]	iter_1	0.10354618976513545	0.08036459144204855	10332	10332	29423	29423	19755	19755
abstract_hamiltonians	test_hamiltonians[ham_2-uf100-0396.cnf-46-res-all-to-all]	iter_1	0.03059500112431124	0.02700263961545519	454	454	1582	1582	581	581
abstract_hamiltonians	test_hamiltonians[ham_2-uf100-0396.cnf-46-res-square]	iter_1	0.030067355964671482	0.025658725123656422	1394	1394	4225	4225	1412	1412
abstract_hamiltonians	test_hamiltonians[ham_2-uf100-0396.cnf-46-res-heavy-hex]	iter_1	0.03474388316530606	0.029540313079076654	2123	2123	6116	6116	1802	1802
abstract_hamiltonians	test_hamiltonians[ham_2-uf100-0396.cnf-46-res-linear]	iter_1	0.04943938832730055	0.039951737582062684	4402	4402	11335	11335	2993	2993
abstract_hamiltonians	test_hamiltonians[ham_2-uf100-0601.cnf-46-res-all-to-all]	iter_1	0.036216258745768976	0.030936108727473766	488	488	1662	1662	536	536
abstract_hamiltonians	test_hamiltonians[ham_2-uf100-0601.cnf-46-res-square]	iter_1	0.03176481042417788	0.027425202541053295	1589	1589	4778	4778	1478	1478
abstract_hamiltonians	test_hamiltonians[ham_2-uf100-0601.cnf-46-res-heavy-hex]	iter_1	0.03616660001820752	0.030275278922283287	2326	2326	6602	6602	1882	1882
abstract_hamiltonians	test_hamiltonians[ham_2-uf100-0601.cnf-46-res-linear]	iter_1	0.05399481031215853	0.04369211848825216	5023	5023	12679	12679	3329	3329
abstract_hamiltonians	test_hamiltonians[ham_bh_graph-1D-grid-nonpbc-qubitnodes_Lx-12_U-40_enc-unary_d-4-all-to-all]	iter_1	0.08405129353587444	0.07278402350269832	2970	2970	9313	9313	8400	8400
abstract_hamiltonians	test_hamiltonians[ham_bh_graph-1D-grid-nonpbc-qubitnodes_Lx-12_U-40_enc-unary_d-4-square]	iter_1	0.08658376289531589	0.07281386745827538	4293	4293	13859	13859	11303	11303
abstract_hamiltonians	test_hamiltonians[ham_bh_graph-1D-grid-nonpbc-qubitnodes_Lx-12_U-40_enc-unary_d-4-heavy-hex]	iter_1	0.08743113248298566	0.07512898822980267	4366	4366	14744	14744	12032	12032
abstract_hamiltonians	test_hamiltonians[ham_bh_graph-1D-grid-nonpbc-qubitnodes_Lx-12_U-40_enc-unary_d-4-linear]	iter_1	0.08272723155096173	0.07058385548492273	4357	4357	14533	14533	12285	12285
abstract_hamiltonians	test_hamiltonians[ham_bh_graph-1D-grid-pbc-qubitnodes_Lx-24_U-20_enc-stdbinary_d-4-all-to-all]	iter_1	0.062387311132624745	0.05579580946101083	1530	1530	5711	5711	4550	4550
abstract_hamiltonians	test_hamiltonians[ham_bh_graph-1D-grid-pbc-qubitnodes_Lx-24_U-20_enc-stdbinary_d-4-square]	iter_1	0.05927535497090396	0.054589133523404595	1765	1765	6601	6601	5066	5066
abstract_hamiltonians	test_hamiltonians[ham_bh_graph-1D-grid-pbc-qubitnodes_Lx-24_U-20_enc-stdbinary_d-4-heavy-hex]	iter_1	0.060190576025181346	0.05392404142767191	1890	1890	6920	6920	5433	5433
abstract_hamiltonians	test_hamiltonians[ham_bh_graph-1D-grid-pbc-qubitnodes_Lx-24_U-20_enc-stdbinary_d-4-linear]	iter_1	0.055673077800556234	0.04862651823177224	2317	2317	7999	7999	6170	6170
abstract_hamiltonians	test_hamiltonians[ham_tsp_prob-lin105_Ncity-7_enc-unary-all-to-all]	iter_1	0.03501279379374215	0.032655869760820945	588	588	1607	1607	308	308
abstract_hamiltonians	test_hamiltonians[ham_tsp_prob-lin105_Ncity-7_enc-unary-square]	iter_1	0.02935274944386699	0.025258979736230314	1284	1284	3994	3994	1116	1116
abstract_hamiltonians	test_hamiltonians[ham_tsp_prob-lin105_Ncity-7_enc-unary-heavy-hex]	iter_1	0.032548481163879234	0.02924877865653899	1655	1655	5071	5071	1307	1307
abstract_hamiltonians	test_hamiltonians[ham_tsp_prob-lin105_Ncity-7_enc-unary-linear]	iter_1	0.04050754606723785	0.0338645625859499	2653	2653	8153	8153	1431	1431
abstract_hamiltonians	test_hamiltonians[ham_gnp-k_5_n-60_rinst-19-all-to-all]	iter_1	0.10793957859277725	0.09107326126346986	3939	3939	14880	14880	9999	9999
abstract_hamiltonians	test_hamiltonians[ham_gnp-k_5_n-60_rinst-19-square]	iter_1	0.15420295590800898	0.12448493867284721	11674	11674	35256	35256	22088	22088
abstract_hamiltonians	test_hamiltonians[ham_gnp-k_5_n-60_rinst-19-heavy-hex]	iter_1	0.20158645790070295	0.15398008562624454	16265	16265	48808	48808	28289	28289
abstract_hamiltonians	test_hamiltonians[ham_gnp-k_5_n-60_rinst-19-linear]	iter_1	0.25910149747505784	0.21686799004673957	28091	28091	77842	77842	48540	48540
abstract_hamiltonians	test_hamiltonians[ham_bh_graph-2D-triag-pbc-qubitnodes_Lx-5_Ly-5_U-30_enc-unary_d-4-all-to-all]	iter_1	0.24549188977107406	0.22141536474227905	11592	11592	36453	36453	31942	31942
abstract_hamiltonians	test_hamiltonians[ham_bh_graph-2D-triag-pbc-qubitnodes_Lx-5_Ly-5_U-30_enc-unary_d-4-square]	iter_1	0.3285761618365844	0.28045750269666314	19902	19902	62241	62241	45964	45964
abstract_hamiltonians	test_hamiltonians[ham_bh_graph-2D-triag-pbc-qubitnodes_Lx-5_Ly-5_U-30_enc-unary_d-4-heavy-hex]	iter_1	0.3626975330213706	0.29937369003891945	21937	21937	70160	70160	52476	52476
abstract_hamiltonians	test_hamiltonians[ham_bh_graph-2D-triag-pbc-qubitnodes_Lx-5_Ly-5_U-30_enc-unary_d-4-linear]	iter_1	0.4372364816566308	0.34092284676929313	31271	31271	92730	92730	68854	68854
abstract_hamiltonians	test_hamiltonians[ham_mu_x_prime_enc_unary_dvalues_16-16-16-16-16-16-16-16-16-16-16-16-16-16-16-all-to-all]	iter_1	0.0308843078756971	0.029299573295495727	120	120	1024	1024	152	152
abstract_hamiltonians	test_hamiltonians[ham_mu_x_prime_enc_unary_dvalues_16-16-16-16-16-16-16-16-16-16-16-16-16-16-16-square]	iter_1	0.2265731368213892	0.22642671763896943	120	120	1024	1024	152	152
abstract_hamiltonians	test_hamiltonians[ham_mu_x_prime_enc_unary_dvalues_16-16-16-16-16-16-16-16-16-16-16-16-16-16-16-heavy-hex]	iter_1	0.015746188410107168	0.015620589531103119	120	120	1024	1024	152	152
abstract_hamiltonians	test_hamiltonians[ham_mu_x_prime_enc_unary_dvalues_16-16-16-16-16-16-16-16-16-16-16-16-16-16-16-linear]	iter_1	0.011630483779562524	0.011532226256255445	120	120	1024	1024	152	152
abstract_hamiltonians	test_hamiltonians[ham_tsp_prob-d198_Ncity-8_enc-unary-all-to-all]	iter_1	0.046472334218296135	0.0433141955214998	896	896	2577	2577	422	422
abstract_hamiltonians	test_hamiltonians[ham_tsp_prob-d198_Ncity-8_enc-unary-square]	iter_1	0.041874574264511466	0.03554704000375101	1964	1964	6039	6039	1560	1560
abstract_hamiltonians	test_hamiltonians[ham_tsp_prob-d198_Ncity-8_enc-unary-heavy-hex]	iter_1	0.054279038682579994	0.04668260526589372	2323	2323	7640	7640	1644	1644
abstract_hamiltonians	test_hamiltonians[ham_tsp_prob-d198_Ncity-8_enc-unary-linear]	iter_1	0.06539423554204404	0.05399505833261892	4715	4715	14748	14748	2566	2566
abstract_hamiltonians	test_hamiltonians[ham_tsp_prob-kroD100_Ncity-16_enc-stdbinary-all-to-all]	iter_1	0.20655077043920755	0.20119129897405705	7594	7594	19997	19997	22549	22549
abstract_hamiltonians	test_hamiltonians[ham_tsp_prob-kroD100_Ncity-16_enc-stdbinary-square]	iter_1	0.29307127511128783	0.25280766421929	15294	15294	48016	48016	38444	38444
abstract_hamiltonians	test_hamiltonians[ham_tsp_prob-kroD100_Ncity-16_enc-stdbinary-heavy-hex]	iter_1	0.33312179520726204	0.2720225737430155	18802	18802	62112	62112	44221	44221
abstract_hamiltonians	test_hamiltonians[ham_tsp_prob-kroD100_Ncity-16_enc-stdbinary-linear]	iter_1	0.35884978746374446	0.29834553723533946	20114	20114	65571	65571	44717	44717
abstract_hamiltonians	test_hamiltonians[ham_tsp_prob-fl417_Ncity-16_enc-stdbinary-all-to-all]	iter_1	0.2185130573809147	0.2024524730319778	7606	7606	20022	20022	22468	22468
abstract_hamiltonians	test_hamiltonians[ham_tsp_prob-fl417_Ncity-16_enc-stdbinary-square]	iter_1	0.2855811920017004	0.23605041690170764	15294	15294	48031	48031	38454	38454
abstract_hamiltonians	test_hamiltonians[ham_tsp_prob-fl417_Ncity-16_enc-stdbinary-heavy-hex]	iter_1	0.32710577361285686	0.27258626045659184	18804	18804	62145	62145	44203	44203
abstract_hamiltonians	test_hamiltonians[ham_tsp_prob-fl417_Ncity-16_enc-stdbinary-linear]	iter_1	0.33292489560941857	0.30531450221315026	20118	20118	65692	65692	44705	44705
abstract_hamiltonians	test_hamiltonians[ham_4-uf100-0246.cnf-70-res-all-to-all]	iter_1	0.06695325200756391	0.060693312655476964	1262	1262	4237	4237	1798	1798
abstract_hamiltonians	test_hamiltonians[ham_4-uf100-0246.cnf-70-res-square]	iter_1	0.07601233184910737	0.06371115101501346	5349	5349	15159	15159	5175	5175
abstract_hamiltonians	test_hamiltonians[ham_4-uf100-0246.cnf-70-res-heavy-hex]	iter_1	0.10511648114770651	0.08569598166892926	8364	8364	22999	22999	6707	6707
abstract_hamiltonians	test_hamiltonians[ham_4-uf100-0246.cnf-70-res-linear]	iter_1	0.19578991383314132	0.1544908093554633	22179	22179	55128	55128	14681	14681
abstract_hamiltonians	test_hamiltonians[ham_dsjc1000.1,n-36,rinst-4-all-to-all]	iter_1	0.06399385598214234	0.05499274391484888	1206	1206	4077	4077	1601	1601
abstract_hamiltonians	test_hamiltonians[ham_dsjc1000.1,n-36,rinst-4-square]	iter_1	0.05720914279421171	0.048438193183392285	2967	2967	9591	9591	3715	3715
abstract_hamiltonians	test_hamiltonians[ham_dsjc1000.1,n-36,rinst-4-heavy-hex]	iter_1	0.06889331315954526	0.058998583870775556	3717	3717	11937	11937	4525	4525
abstract_hamiltonians	test_hamiltonians[ham_dsjc1000.1,n-36,rinst-4-linear]	iter_1	0.09032429847866297	0.07213232107460499	7693	7693	22349	22349	7182	7182
abstract_hamiltonians	test_hamiltonians[ham_graph-2D-grid-nonpbc-qubitnodes_Lx-5_Ly-15_h-3-all-to-all]	iter_1	0.03993901237845421	0.036943889395506295	260	260	1110	1110	292	292
abstract_hamiltonians	test_hamiltonians[ham_graph-2D-grid-nonpbc-qubitnodes_Lx-5_Ly-15_h-3-square]	iter_1	0.043929469771683216	0.04044149094261229	636	636	2152	2152	568	568
abstract_hamiltonians	test_hamiltonians[ham_graph-2D-grid-nonpbc-qubitnodes_Lx-5_Ly-15_h-3-heavy-hex]	iter_1	0.04270914328905443	0.03841723538935184	1060	1060	3319	3319	822	822
abstract_hamiltonians	test_hamiltonians[ham_graph-2D-grid-nonpbc-qubitnodes_Lx-5_Ly-15_h-3-linear]	iter_1	0.02838975874086221	0.024696559804241833	1303	1303	3940	3940	924	924
abstract_hamiltonians	test_hamiltonians[ham_bh_graph-1D-grid-pbc-qubitnodes_Lx-10_U-30_enc-unary_d-8-all-to-all]	iter_1	0.32374327443540096	0.2921171593479812	14098	14098	42860	42860	39645	39645
abstract_hamiltonians	test_hamiltonians[ham_bh_graph-1D-grid-pbc-qubitnodes_Lx-10_U-30_enc-unary_d-8-square]	iter_1	0.38531417958438396	0.32944261468946934	23100	23100	74721	74721	57311	57311
abstract_hamiltonians	test_hamiltonians[ham_bh_graph-1D-grid-pbc-qubitnodes_Lx-10_U-30_enc-unary_d-8-heavy-hex]	iter_1	0.4024270847439766	0.3467950026194255	23807	23807	78461	78461	60626	60626
abstract_hamiltonians	test_hamiltonians[ham_bh_graph-1D-grid-pbc-qubitnodes_Lx-10_U-30_enc-unary_d-8-linear]	iter_1	0.41056610519687337	0.34497324501474697	26188	26188	86761	86761	65214	65214
abstract_hamiltonians	test_hamiltonians[ham_4-flat100-7.cnf-90-cc-all-to-all]	iter_1	0.04733573459088802	0.044819581153040584	268	268	963	963	89	89
abstract_hamiltonians	test_hamiltonians[ham_4-flat100-7.cnf-90-cc-square]	iter_1	0.040710400583015546	0.035724299760269265	711	711	2149	2149	264	264
abstract_hamiltonians	test_hamiltonians[ham_4-flat100-7.cnf-90-cc-heavy-hex]	iter_1	0.032070318586193025	0.028294340914322272	1050	1050	3130	3130	426	426
abstract_hamiltonians	test_hamiltonians[ham_4-flat100-7.cnf-90-cc-linear]	iter_1	0.04232152946293354	0.0363920445519465	2486	2486	6476	6476	821	821
abstract_hamiltonians	test_hamiltonians[ham_reg-4_n-90_rinst-07-all-to-all]	iter_1	0.06815960879127185	0.06202604117638925	1008	1008	4142	4142	636	636
abstract_hamiltonians	test_hamiltonians[ham_reg-4_n-90_rinst-07-square]	iter_1	0.09204579652710394	0.08306341145474178	2683	2683	8304	8304	1830	1830
abstract_hamiltonians	test_hamiltonians[ham_reg-4_n-90_rinst-07-heavy-hex]	iter_1	0.06393379407624404	0.05660729776871832	3661	3661	11155	11155	2188	2188
abstract_hamiltonians	test_hamiltonians[ham_reg-4_n-90_rinst-07-linear]	iter_1	0.10479888711124659	0.08706269646063447	9752	9752	25364	25364	4083	4083
abstract_hamiltonians	test_hamiltonians[ham_gnp-k_5_n-90_rinst-02-all-to-all]	iter_1	0.1779568800702691	0.15125293657183647	5898	5898	21860	21860	14417	14417
abstract_hamiltonians	test_hamiltonians[ham_gnp-k_5_n-90_rinst-02-square]	iter_1	0.2604301832616329	0.20366909280419349	20423	20423	60348	60348	35557	35557
abstract_hamiltonians	test_hamiltonians[ham_gnp-k_5_n-90_rinst-02-heavy-hex]	iter_1	0.3293077728400628	0.25386218167841434	29536	29536	84864	84864	45598	45598
abstract_hamiltonians	test_hamiltonians[ham_gnp-k_5_n-90_rinst-02-linear]	iter_1	0.6675706673413515	0.49949419498443604	70206	70206	187632	187632	101282	101282
abstract_hamiltonians	test_hamiltonians[ham_graph-2D-triag-pbc-qubitnodes_Lx-13_Ly-13_h-0.1-all-to-all]	iter_1	0.05810909038957428	0.052530892389385325	546	546	1947	1947	525	525
abstract_hamiltonians	test_hamiltonians[ham_graph-2D-triag-pbc-qubitnodes_Lx-13_Ly-13_h-0.1-square]	iter_1	0.046714572574604644	0.040964356064796446	1817	1817	5332	5332	1674	1674
abstract_hamiltonians	test_hamiltonians[ham_graph-2D-triag-pbc-qubitnodes_Lx-13_Ly-13_h-0.1-heavy-hex]	iter_1	0.04740360751748085	0.040346441268920896	2716	2716	7781	7781	1981	1981
abstract_hamiltonians	test_hamiltonians[ham_graph-2D-triag-pbc-qubitnodes_Lx-13_Ly-13_h-0.1-linear]	iter_1	0.07279230973550252	0.06053185824523954	6662	6662	17977	17977	3726	3726
abstract_hamiltonians	test_hamiltonians[ham_bh_graph-1D-grid-pbc-qubitnodes_Lx-46_U-2_enc-gray_d-4-all-to-all]	iter_1	0.12368323467671871	0.11524249447716607	3077	3077	11113	11113	10531	10531
abstract_hamiltonians	test_hamiltonians[ham_bh_graph-1D-grid-pbc-qubitnodes_Lx-46_U-2_enc-gray_d-4-square]	iter_1	0.12626794585958123	0.10873332358896733	5025	5025	17902	17902	14923	14923
abstract_hamiltonians	test_hamiltonians[ham_bh_graph-1D-grid-pbc-qubitnodes_Lx-46_U-2_enc-gray_d-4-heavy-hex]	iter_1	0.13429458672180772	0.11554153393954039	5851	5851	20678	20678	16126	16126
abstract_hamiltonians	test_hamiltonians[ham_bh_graph-1D-grid-pbc-qubitnodes_Lx-46_U-2_enc-gray_d-4-linear]	iter_1	0.11473262786037391	0.09677895344793797	6136	6136	21541	21541	16830	16830
abstract_hamiltonians	test_hamiltonians[ham_bh_graph-2D-grid-nonpbc-qubitnodes_Lx-7_Ly-7_U-70_enc-gray_d-4-all-to-all]	iter_1	0.19880048744380474	0.17841268020371595	5378	5378	19650	19650	17759	17759
abstract_hamiltonians	test_hamiltonians[ham_bh_graph-2D-grid-nonpbc-qubitnodes_Lx-7_Ly-7_U-70_enc-gray_d-4-square]	iter_1	0.20626365691423415	0.16600132174789906	10433	10433	35403	35403	26928	26928
abstract_hamiltonians	test_hamiltonians[ham_bh_graph-2D-grid-nonpbc-qubitnodes_Lx-7_Ly-7_U-70_enc-gray_d-4-heavy-hex]	iter_1	0.2270432449877262	0.18943456187844276	14225	14225	46338	46338	34273	34273
abstract_hamiltonians	test_hamiltonians[ham_bh_graph-2D-grid-nonpbc-qubitnodes_Lx-7_Ly-7_U-70_enc-gray_d-4-linear]	iter_1	0.2691326653584838	0.2165213707834482	20557	20557	62014	62014	44703	44703
abstract_hamiltonians	test_hamiltonians[ham_fh-graph-1D-grid-pbc-qubitnodes_Lx-50_U-2_enc-jw-all-to-all]	iter_1	0.06976856863392251	0.06482960681120555	684	684	2913	2913	1838	1838
abstract_hamiltonians	test_hamiltonians[ham_fh-graph-1D-grid-pbc-qubitnodes_Lx-50_U-2_enc-jw-square]	iter_1	0.07079237351814906	0.06476230779662728	1726	1726	5693	5693	3275	3275
abstract_hamiltonians	test_hamiltonians[ham_fh-graph-1D-grid-pbc-qubitnodes_Lx-50_U-2_enc-jw-heavy-hex]	iter_1	0.0513305879597153	0.04266002766477565	3037	3037	9429	9429	5781	5781
abstract_hamiltonians	test_hamiltonians[ham_fh-graph-1D-grid-pbc-qubitnodes_Lx-50_U-2_enc-jw-linear]	iter_1	0.044315287144854665	0.03844486105327423	2096	2096	6462	6462	4861	4861
abstract_hamiltonians	test_hamiltonians[ham_tsp_prob-st70_Ncity-10_enc-unary-all-to-all]	iter_1	0.09050709059969946	0.08726056004789742	1800	1800	5026	5026	681	681
abstract_hamiltonians	test_hamiltonians[ham_tsp_prob-st70_Ncity-10_enc-unary-square]	iter_1	0.07995471343971215	0.06665233510235945	4084	4084	12602	12602	2742	2742
abstract_hamiltonians	test_hamiltonians[ham_tsp_prob-st70_Ncity-10_enc-unary-heavy-hex]	iter_1	0.08921064327781399	0.07390507683157921	5253	5253	16744	16744	2657	2657
abstract_hamiltonians	test_hamiltonians[ham_tsp_prob-st70_Ncity-10_enc-unary-linear]	iter_1	0.14049936714582145	0.1151800581978427	11285	11285	33051	33051	5547	5547
abstract_hamiltonians	test_hamiltonians[ham_tsp_prob-pr76_Ncity-10_enc-unary-all-to-all]	iter_1	0.09140627560290424	0.08612581389024854	1800	1800	4987	4987	675	675
abstract_hamiltonians	test_hamiltonians[ham_tsp_prob-pr76_Ncity-10_enc-unary-square]	iter_1	0.07918456827218716	0.06723834946751595	4084	4084	12612	12612	2759	2759
abstract_hamiltonians	test_hamiltonians[ham_tsp_prob-pr76_Ncity-10_enc-unary-heavy-hex]	iter_1	0.09328757463531061	0.07536494346069438	5253	5253	16754	16754	2644	2644
abstract_hamiltonians	test_hamiltonians[ham_tsp_prob-pr76_Ncity-10_enc-unary-linear]	iter_1	0.139886045595631	0.1152436255166928	11285	11285	33102	33102	5571	5571
abstract_hamiltonians	test_hamiltonians[ham_bh_graph-2D-triag-pbc-qubitnodes_Lx-10_Ly-10_U-30_enc-stdbinary_d-4-all-to-all]	iter_1	0.2960977968759835	0.2631708085536957	8794	8794	30797	30797	24136	24136
abstract_hamiltonians	test_hamiltonians[ham_bh_graph-2D-triag-pbc-qubitnodes_Lx-10_Ly-10_U-30_enc-stdbinary_d-4-square]	iter_1	0.3351794301221768	0.28459728385011357	17755	17755	55062	55062	40565	40565
abstract_hamiltonians	test_hamiltonians[ham_bh_graph-2D-triag-pbc-qubitnodes_Lx-10_Ly-10_U-30_enc-stdbinary_d-4-heavy-hex]	iter_1	0.36375384343167144	0.31289424980059266	22358	22358	69266	69266	51151	51151
abstract_hamiltonians	test_hamiltonians[ham_bh_graph-2D-triag-pbc-qubitnodes_Lx-10_Ly-10_U-30_enc-stdbinary_d-4-linear]	iter_1	0.52222890406847	0.43483673594892025	44006	44006	125884	125884	85403	85403
abstract_hamiltonians	test_hamiltonians[ham_queen13_13,n-28,rinst-0-all-to-all]	iter_1	0.07838205004540774	0.07424383091607265	600	600	1917	1917	195	195
abstract_hamiltonians	test_hamiltonians[ham_queen13_13,n-28,rinst-0-square]	iter_1	0.08353615623827164	0.08113976668279904	1567	1567	4862	4862	645	645
abstract_hamiltonians	test_hamiltonians[ham_queen13_13,n-28,rinst-0-heavy-hex]	iter_1	0.04533856362104416	0.03978008851408958	2130	2130	6418	6418	785	785
abstract_hamiltonians	test_hamiltonians[ham_queen13_13,n-28,rinst-0-linear]	iter_1	0.08100898284465075	0.0692573331296444	3625	3625	10454	10454	894	894
abstract_hamiltonians	test_hamiltonians[ham_will199gpia,n-60,rinst-8-all-to-all]	iter_1	0.14623846299946308	0.1372783516999334	2784	2784	9108	9108	3473	3473
abstract_hamiltonians	test_hamiltonians[ham_will199gpia,n-60,rinst-8-square]	iter_1	0.1256925668567419	0.11016579121351242	7257	7257	23280	23280	8182	8182
abstract_hamiltonians	test_hamiltonians[ham_will199gpia,n-60,rinst-8-heavy-hex]	iter_1	0.16525887697935104	0.1333954008296132	9533	9533	29814	29814	9759	9759
abstract_hamiltonians	test_hamiltonians[ham_will199gpia,n-60,rinst-8-linear]	iter_1	0.22503781281411647	0.1828852758432428	21141	21141	57829	57829	16610	16610
abstract_hamiltonians	test_hamiltonians[ham_bh_graph-1D-grid-pbc-qubitnodes_Lx-60_U-10_enc-stdbinary_d-4-all-to-all]	iter_1	0.17692334484308958	0.1506127802921193	3834	3834	14046	14046	11308	11308
abstract_hamiltonians	test_hamiltonians[ham_bh_graph-1D-grid-pbc-qubitnodes_Lx-60_U-10_enc-stdbinary_d-4-square]	iter_1	0.13631269708275795	0.12030194182362822	4761	4761	17342	17342	13120	13120
abstract_hamiltonians	test_hamiltonians[ham_bh_graph-1D-grid-pbc-qubitnodes_Lx-60_U-10_enc-stdbinary_d-4-heavy-hex]	iter_1	0.15229128549496332	0.14075383660383523	5036	5036	18294	18294	13528	13528
abstract_hamiltonians	test_hamiltonians[ham_bh_graph-1D-grid-pbc-qubitnodes_Lx-60_U-10_enc-stdbinary_d-4-linear]	iter_1	0.12900368869304657	0.11133831325504515	5037	5037	17757	17757	13432	13432
abstract_hamiltonians	test_hamiltonians[ham_bh_graph-2D-triag-pbc-qubitnodes_Lx-3_Ly-22_U-70_enc-unary_d-4-all-to-all]	iter_1	0.5975170265883207	0.5326496763154864	25524	25524	79885	79885	69805	69805
abstract_hamiltonians	test_hamiltonians[ham_bh_graph-2D-triag-pbc-qubitnodes_Lx-3_Ly-22_U-70_enc-unary_d-4-square]	iter_1	0.7900253590196371	0.625371110625565	46007	46007	145641	145641	104206	104206
abstract_hamiltonians	test_hamiltonians[ham_bh_graph-2D-triag-pbc-qubitnodes_Lx-3_Ly-22_U-70_enc-unary_d-4-heavy-hex]	iter_1	0.8605147879570723	0.7467872425913811	54637	54637	171140	171140	115350	115350
abstract_hamiltonians	test_hamiltonians[ham_bh_graph-2D-triag-pbc-qubitnodes_Lx-3_Ly-22_U-70_enc-unary_d-4-linear]	iter_1	1.2433281317353249	0.9064914416521788	95243	95243	273698	273698	160036	160036
abstract_hamiltonians	test_hamiltonians[ham_1-fullins_5,n-48,rinst-7-all-to-all]	iter_1	0.3616467323154211	0.35117073310539126	10380	10380	29358	29358	15275	15275
abstract_hamiltonians	test_hamiltonians[ham_1-fullins_5,n-48,rinst-7-square]	iter_1	0.42489552808304626	0.33779857493937016	25147	25147	79924	79924	33190	33190
abstract_hamiltonians	test_hamiltonians[ham_1-fullins_5,n-48,rinst-7-heavy-hex]	iter_1	0.4902684250846505	0.436962166801095	33115	33115	103904	103904	37609	37609
abstract_hamiltonians	test_hamiltonians[ham_1-fullins_5,n-48,rinst-7-linear]	iter_1	0.7710576225072145	0.6115966038778424	63649	63649	183422	183422	61391	61391
abstract_hamiltonians	test_hamiltonians[ham_bh_graph-2D-triag-nonpbc-qubitnodes_Lx-11_Ly-11_U-100_enc-gray_d-4-all-to-all]	iter_1	0.47508318970600766	0.44632769872744876	12421	12421	45445	45445	40205	40205
abstract_hamiltonians	test_hamiltonians[ham_bh_graph-2D-triag-nonpbc-qubitnodes_Lx-11_Ly-11_U-100_enc-gray_d-4-square]	iter_1	0.5183480652049184	0.42301707218090695	25622	25622	86878	86878	65243	65243
abstract_hamiltonians	test_hamiltonians[ham_bh_graph-2D-triag-nonpbc-qubitnodes_Lx-11_Ly-11_U-100_enc-gray_d-4-heavy-hex]	iter_1	0.5544575778767467	0.46908075734972954	34421	34421	110175	110175	81720	81720
abstract_hamiltonians	test_hamiltonians[ham_bh_graph-2D-triag-nonpbc-qubitnodes_Lx-11_Ly-11_U-100_enc-gray_d-4-linear]	iter_1	0.786902230232954	0.6013558572158217	57341	57341	172068	172068	122452	122452
abstract_hamiltonians	test_hamiltonians[ham_fh-graph-1D-grid-nonpbc-qubitnodes_Lx-90_U-2_enc-jw-all-to-all]	iter_1	0.1725419977058967	0.16512735529492298	536	536	3332	3332	798	798
abstract_hamiltonians	test_hamiltonians[ham_fh-graph-1D-grid-nonpbc-qubitnodes_Lx-90_U-2_enc-jw-square]	iter_1	0.1202385425567627	0.11314385798242357	1951	1951	7184	7184	1964	1964
abstract_hamiltonians	test_hamiltonians[ham_fh-graph-1D-grid-nonpbc-qubitnodes_Lx-90_U-2_enc-jw-heavy-hex]	iter_1	0.07024527601897716	0.062494755229529214	3022	3022	9730	9730	3259	3259
abstract_hamiltonians	test_hamiltonians[ham_fh-graph-1D-grid-nonpbc-qubitnodes_Lx-90_U-2_enc-jw-linear]	iter_1	0.06002203509625462	0.056410798704937884	1110	1110	4974	4974	1636	1636
abstract_hamiltonians	test_hamiltonians[ham_graph-2D-triag-pbc-qubitnodes_Lx-19_Ly-19_h-0.5-all-to-all]	iter_1	0.19551774375140668	0.20009117871522902	1140	1140	4253	4253	971	971
abstract_hamiltonians	test_hamiltonians[ham_graph-2D-triag-pbc-qubitnodes_Lx-19_Ly-19_h-0.5-square]	iter_1	0.12313464966913064	0.10851755533367395	4560	4560	13361	13361	3273	3273
abstract_hamiltonians	test_hamiltonians[ham_graph-2D-triag-pbc-qubitnodes_Lx-19_Ly-19_h-0.5-heavy-hex]	iter_1	0.11387204792764452	0.09643351715058088	6804	6804	19209	19209	3998	3998
abstract_hamiltonians	test_hamiltonians[ham_graph-2D-triag-pbc-qubitnodes_Lx-19_Ly-19_h-0.5-linear]	iter_1	0.2194189291447401	0.18021014022330442	21971	21971	58118	58118	10496	10496
abstract_hamiltonians	test_hamiltonians[ham_graph-2D-grid-nonpbc-qubitnodes_Lx-5_Ly-58_h-2-all-to-all]	iter_1	0.4716565975298484	0.4718560477097829	1551	1551	7634	7634	1503	1503
abstract_hamiltonians	test_hamiltonians[ham_graph-2D-grid-nonpbc-qubitnodes_Lx-5_Ly-58_h-2-square]	iter_1	0.2307081688195467	0.22621877025812864	5172	5172	17018	17018	3633	3633
abstract_hamiltonians	test_hamiltonians[ham_graph-2D-grid-nonpbc-qubitnodes_Lx-5_Ly-58_h-2-heavy-hex]	iter_1	0.13361703953705728	0.12837076699361205	7128	7128	22259	22259	4288	4288
abstract_hamiltonians	test_hamiltonians[ham_graph-2D-grid-nonpbc-qubitnodes_Lx-5_Ly-58_h-2-linear]	iter_1	0.15610128747565405	0.15140191172914846	5805	5805	18723	18723	3213	3213
abstract_hamiltonians	test_hamiltonians[ham_fh-graph-2D-triag-nonpbc-qubitnodes_Lx-16_Ly-16_U-4_enc-bk-all-to-all]	iter_1	0.8527080025523901	0.7704198742285371	11437	11437	31694	31694	17715	17715
abstract_hamiltonians	test_hamiltonians[ham_fh-graph-2D-triag-nonpbc-qubitnodes_Lx-16_Ly-16_U-4_enc-bk-square]	iter_1	0.6587489349767566	0.5553967226296663	29624	29624	85465	85465	33497	33497
abstract_hamiltonians	test_hamiltonians[ham_fh-graph-2D-triag-nonpbc-qubitnodes_Lx-16_Ly-16_U-4_enc-bk-heavy-hex]	iter_1	0.8759762654080987	0.7406107317656279	47021	47021	132651	132651	51445	51445
abstract_hamiltonians	test_hamiltonians[ham_fh-graph-2D-triag-nonpbc-qubitnodes_Lx-16_Ly-16_U-4_enc-bk-linear]	iter_1	2.2078986819833517	1.9592286255210638	156768	156768	416302	416302	148933	148933
abstract_hamiltonians	test_hamiltonians[ham_fh-graph-1D-grid-pbc-qubitnodes_Lx-160_U-12_enc-parity-all-to-all]	iter_1	0.6677573937922716	0.6844291156157851	3493	3493	11413	11413	11692	11692
abstract_hamiltonians	test_hamiltonians[ham_fh-graph-1D-grid-pbc-qubitnodes_Lx-160_U-12_enc-parity-square]	iter_1	0.47657281905412674	0.44642785377800465	9950	9950	29808	29808	19773	19773
abstract_hamiltonians	test_hamiltonians[ham_fh-graph-1D-grid-pbc-qubitnodes_Lx-160_U-12_enc-parity-heavy-hex]	iter_1	0.24364665942266583	0.20213391973326603	17526	17526	50155	50155	30843	30843
abstract_hamiltonians	test_hamiltonians[ham_fh-graph-1D-grid-pbc-qubitnodes_Lx-160_U-12_enc-parity-linear]	iter_1	0.3447780888527632	0.27768949046730995	31891	31891	84069	84069	45738	45738
abstract_hamiltonians	test_hamiltonians[ham_graph-2D-triag-nonpbc-qubitnodes_Lx-3_Ly-160_h-0.1-all-to-all]	iter_1	0.5998882530257106	0.5926300166174769	1606	1606	6287	6287	1204	1204
abstract_hamiltonians	test_hamiltonians[ham_graph-2D-triag-nonpbc-qubitnodes_Lx-3_Ly-160_h-0.1-square]	iter_1	0.1708557947228352	0.15960616618394852	6347	6347	18865	18865	3350	3350
abstract_hamiltonians	test_hamiltonians[ham_graph-2D-triag-nonpbc-qubitnodes_Lx-3_Ly-160_h-0.1-heavy-hex]	iter_1	0.1696851352850596	0.14955464351390088	8655	8655	24822	24822	4432	4432
abstract_hamiltonians	test_hamiltonians[ham_graph-2D-triag-nonpbc-qubitnodes_Lx-3_Ly-160_h-0.1-linear]	iter_1	0.30106252944096923	0.25341266952455044	24404	24404	64353	64353	10432	10432
abstract_hamiltonians	test_hamiltonians[ham_graph-2D-grid-nonpbc-qubitnodes_Lx-19_Ly-19_h-5-all-to-all]	iter_1	0.8524038819596171	0.8803260251879692	1368	1368	5779	5779	677	677
abstract_hamiltonians	test_hamiltonians[ham_graph-2D-grid-nonpbc-qubitnodes_Lx-19_Ly-19_h-5-square]	iter_1	0.05619604677400168	0.050567375496029854	1368	1368	5760	5760	687	687
abstract_hamiltonians	test_hamiltonians[ham_graph-2D-grid-nonpbc-qubitnodes_Lx-19_Ly-19_h-5-heavy-hex]	iter_1	0.1831697557742397	0.15960205399564334	10040	10040	28802	28802	3541	3541
abstract_hamiltonians	test_hamiltonians[ham_graph-2D-grid-nonpbc-qubitnodes_Lx-19_Ly-19_h-5-linear]	iter_1	0.36482339290281135	0.3279622499831021	26897	26897	71257	71257	5101	5101
abstract_hamiltonians	test_hamiltonians[ham_graph-2D-grid-pbc-qubitnodes_Lx-2_Ly-185_h-0.5-all-to-all]	iter_1	0.9108838904649019	0.9742516949772835	1665	1665	8308	8308	4361	4361
abstract_hamiltonians	test_hamiltonians[ham_graph-2D-grid-pbc-qubitnodes_Lx-2_Ly-185_h-0.5-square]	iter_1	0.30178700061514974	0.29445878649130464	5295	5295	17731	17731	7052	7052
abstract_hamiltonians	test_hamiltonians[ham_graph-2D-grid-pbc-qubitnodes_Lx-2_Ly-185_h-0.5-heavy-hex]	iter_1	0.1577928319041218	0.15091367837573802	8367	8367	25568	25568	9118	9118
abstract_hamiltonians	test_hamiltonians[ham_graph-2D-grid-pbc-qubitnodes_Lx-2_Ly-185_h-0.5-linear]	iter_1	0.1657347958534956	0.16239261973117078	5430	5430	17796	17796	6520	6520
abstract_hamiltonians	test_hamiltonians[ham_fh-graph-2D-grid-pbc-qubitnodes_Lx-2_Ly-105_U-8_enc-bk-all-to-all]	iter_1	1.636543370783329	1.7510889526456594	5788	5788	18289	18289	5209	5209
abstract_hamiltonians	test_hamiltonians[ham_fh-graph-2D-grid-pbc-qubitnodes_Lx-2_Ly-105_U-8_enc-bk-square]	iter_1	0.49142234462002915	0.41927063651382923	21049	21049	61474	61474	13979	13979
abstract_hamiltonians	test_hamiltonians[ham_fh-graph-2D-grid-pbc-qubitnodes_Lx-2_Ly-105_U-8_enc-bk-heavy-hex]	iter_1	0.6019920082762837	0.5174695812165737	33903	33903	95440	95440	22096	22096
abstract_hamiltonians	test_hamiltonians[ham_fh-graph-2D-grid-pbc-qubitnodes_Lx-2_Ly-105_U-8_enc-bk-linear]	iter_1	1.7952445838600397	1.459282198920846	113212	113212	296522	296522	83036	83036
abstract_hamiltonians	test_hamiltonians[ham_ash608gpia,n-160,rinst-1-all-to-all]	iter_1	2.188620125874877	2.256900040432811	2268	2268	7674	7674	381	381
abstract_hamiltonians	test_hamiltonians[ham_ash608gpia,n-160,rinst-1-square]	iter_1	0.30579653289169073	0.28494134079664946	10815	10815	31034	31034	3116	3116
abstract_hamiltonians	test_hamiltonians[ham_ash608gpia,n-160,rinst-1-heavy-hex]	iter_1	0.3477320255090793	0.308994241990149	17169	17169	47738	47738	4291	4291
abstract_hamiltonians	test_hamiltonians[ham_ash608gpia,n-160,rinst-1-linear]	iter_1	1.3731065969914198	1.1472885329276323	95983	95983	244778	244778	16215	16215
abstract_hamiltonians	test_hamiltonians[ham_graph-2D-grid-nonpbc-qubitnodes_Lx-4_Ly-133_h-0.1-all-to-all]	iter_1	3.2275080382823944	3.144681666046381	2781	2781	13730	13730	3231	3231
abstract_hamiltonians	test_hamiltonians[ham_graph-2D-grid-nonpbc-qubitnodes_Lx-4_Ly-133_h-0.1-square]	iter_1	0.5207476206123829	0.507309996522963	11571	11571	36170	36170	7553	7553
abstract_hamiltonians	test_hamiltonians[ham_graph-2D-grid-nonpbc-qubitnodes_Lx-4_Ly-133_h-0.1-heavy-hex]	iter_1	0.2831683214753866	0.27635722467675805	12150	12150	38158	38158	8255	8255
abstract_hamiltonians	test_hamiltonians[ham_graph-2D-grid-nonpbc-qubitnodes_Lx-4_Ly-133_h-0.1-linear]	iter_1	0.3617392474164565	0.35635481774806976	8337	8337	28436	28436	5979	5979
abstract_hamiltonians	test_hamiltonians[ham_graph-2D-grid-pbc-qubitnodes_Lx-4_Ly-148_h-6-all-to-all]	iter_1	4.525829274207354	4.536721607670188	2368	2368	9692	9692	3153	3153
abstract_hamiltonians	test_hamiltonians[ham_graph-2D-grid-pbc-qubitnodes_Lx-4_Ly-148_h-6-square]	iter_1	0.3328784027447303	0.3003567080013454	12828	12828	37713	37713	8791	8791
abstract_hamiltonians	test_hamiltonians[ham_graph-2D-grid-pbc-qubitnodes_Lx-4_Ly-148_h-6-heavy-hex]	iter_1	0.33500668220221996	0.2919473056681454	18164	18164	51426	51426	11770	11770
abstract_hamiltonians	test_hamiltonians[ham_graph-2D-grid-pbc-qubitnodes_Lx-4_Ly-148_h-6-linear]	iter_1	0.455113938699166	0.41496691666543484	20958	20958	58638	58638	14013	14013
abstract_hamiltonians	test_hamiltonians[ham_fh-graph-2D-grid-pbc-qubitnodes_Lx-5_Ly-72_U-0_enc-parity-all-to-all]	iter_1	9.350784542039037	8.89597306586802	28644	28644	72326	72326	89248	89248
abstract_hamiltonians	test_hamiltonians[ham_fh-graph-2D-grid-pbc-qubitnodes_Lx-5_Ly-72_U-0_enc-parity-square]	iter_1	3.7874648217111826	3.756578166037798	28638	28638	72416	72416	89207	89207
abstract_hamiltonians	test_hamiltonians[ham_fh-graph-2D-grid-pbc-qubitnodes_Lx-5_Ly-72_U-0_enc-parity-heavy-hex]	iter_1	18.357632882893085	16.90554183907807	135554	135554	372865	372865	264691	264691
abstract_hamiltonians	test_hamiltonians[ham_fh-graph-2D-grid-pbc-qubitnodes_Lx-5_Ly-72_U-0_enc-parity-linear]	iter_1	0.49145255144685507	0.4414735995233059	28694	28694	72819	72819	89521	89521
abstract_hamiltonians	test_hamiltonians[ham_graph-2D-grid-pbc-qubitnodes_Lx-4_Ly-190_h-0-all-to-all]	iter_1	10.496658366173506	10.38127413019538	4560	4560	22115	22115	6653	6653
abstract_hamiltonians	test_hamiltonians[ham_graph-2D-grid-pbc-qubitnodes_Lx-4_Ly-190_h-0-square]	iter_1	0.5253357524052262	0.5120421461760998	19197	19197	59853	59853	14515	14515
abstract_hamiltonians	test_hamiltonians[ham_graph-2D-grid-pbc-qubitnodes_Lx-4_Ly-190_h-0-heavy-hex]	iter_1	0.5461774105206132	0.5205724956467748	29784	29784	86923	86923	20796	20796
abstract_hamiltonians	test_hamiltonians[ham_graph-2D-grid-pbc-qubitnodes_Lx-4_Ly-190_h-0-linear]	iter_1	0.7547836136072874	0.7319076554849744	27417	27417	81289	81289	19644	19644
abstract_hamiltonians	test_hamiltonians[ham_graph-2D-triag-nonpbc-qubitnodes_Lx-40_Ly-40_h-0.1-all-to-all]	iter_1	16.066691106185317	15.767117714509368	7380	7380	35713	35713	3161	3161
abstract_hamiltonians	test_hamiltonians[ham_graph-2D-triag-nonpbc-qubitnodes_Lx-40_Ly-40_h-0.1-square]	iter_1	0.8671345775946975	0.8503997819498181	31842	31842	98608	98608	14689	14689
abstract_hamiltonians	test_hamiltonians[ham_graph-2D-triag-nonpbc-qubitnodes_Lx-40_Ly-40_h-0.1-heavy-hex]	iter_1	0.8978507202118635	0.8741188189014792	50877	50877	147189	147189	18947	18947
abstract_hamiltonians	test_hamiltonians[ham_graph-2D-triag-nonpbc-qubitnodes_Lx-40_Ly-40_h-0.1-linear]	iter_1	1.6930211260914803	1.6671055015176535	93627	93627	254614	254614	26091	26091
abstract_hamiltonians	test_hamiltonians[ham_graph-2D-grid-nonpbc-qubitnodes_Lx-5_Ly-186_h-0.5-all-to-all]	iter_1	19.205712411552668	19.0788368973881	5007	5007	24610	24610	4547	4547
abstract_hamiltonians	test_hamiltonians[ham_graph-2D-grid-nonpbc-qubitnodes_Lx-5_Ly-186_h-0.5-square]	iter_1	1.457190765067935	1.4241535868495703	25812	25812	78385	78385	13552	13552
abstract_hamiltonians	test_hamiltonians[ham_graph-2D-grid-nonpbc-qubitnodes_Lx-5_Ly-186_h-0.5-heavy-hex]	iter_1	0.7951021604239941	0.775798749178648	33282	33282	96467	96467	17782	17782
abstract_hamiltonians	test_hamiltonians[ham_graph-2D-grid-nonpbc-qubitnodes_Lx-5_Ly-186_h-0.5-linear]	iter_1	1.0289053171873093	1.0414923578500748	18066	18066	58831	58831	10007	10007
abstract_hamiltonians	test_hamiltonians[ham_graph-2D-grid-pbc-qubitnodes_Lx-5_Ly-186_h-3-all-to-all]	iter_1	19.263491701334715	19.574399635195732	5580	5580	27147	27147	6524	6524
abstract_hamiltonians	test_hamiltonians[ham_graph-2D-grid-pbc-qubitnodes_Lx-5_Ly-186_h-3-square]	iter_1	0.8150068484246731	0.8030000422149897	25557	25557	79061	79061	14976	14976
abstract_hamiltonians	test_hamiltonians[ham_graph-2D-grid-pbc-qubitnodes_Lx-5_Ly-186_h-3-heavy-hex]	iter_1	0.8185604345053434	0.8113773223012686	40311	40311	115816	115816	23529	23529
abstract_hamiltonians	test_hamiltonians[ham_graph-2D-grid-pbc-qubitnodes_Lx-5_Ly-186_h-3-linear]	iter_1	1.173040460795164	1.170551959425211	42678	42678	121534	121534	27432	27432
feynman	test_feynman_transpile[W-state.qasm]	iter_2	0.008985034252206484	0.008432858244136528	10	10	41	41	36	36
feynman	test_feynman_transpile[adder.qasm]	iter_2	0.01012186799198389	0.010108933759559142	94	94	336	336	288	288
feynman	test_feynman_transpile[adder_8.qasm]	iter_2	0.022528337723598246	0.022193382937638534	760	760	2419	2419	994	994
feynman	test_feynman_transpile[barenco_tof_10.qasm]	iter_2	0.016422908656812948	0.016303959886653948	319	319	1149	1149	889	889
feynman	test_feynman_transpile[barenco_tof_3.qasm]	iter_2	0.007979421402817056	0.007943492237245664	36	36	128	128	124	124
feynman	test_feynman_transpile[barenco_tof_4.qasm]	iter_2	0.008585799207682149	0.008525697121379572	78	78	272	272	230	230
feynman	test_feynman_transpile[barenco_tof_5.qasm]	iter_2	0.010066706858271239	0.01003545183030998	119	119	433	433	341	341
feynman	test_feynman_transpile[bigadder.qasm]	iter_2	0.01417693734059439	0.014089395584804671	240	240	807	807	497	497
feynman	test_feynman_transpile[csla_mux_3.qasm]	iter_2	0.011213406192502755	0.011232903883369132	153	153	488	488	246	246
feynman	test_feynman_transpile[csum_mux_9.qasm]	iter_2	0.019224292383744165	0.019064372763610803	411	411	1232	1232	324	324
feynman	test_feynman_transpile[gf2^10_mult.qasm]	iter_2	0.03404876602620914	0.033150222587088746	1804	1804	5164	5164	1786	1786
feynman	test_feynman_transpile[gf2^16_mult.qasm]	iter_2	0.07062541445096333	0.06813334524631501	4690	4690	13283	13283	3600	3600
feynman	test_feynman_transpile[gf2^32_mult.qasm]	iter_2	0.24712847284972667	0.23464787751436234	18246	18246	50984	50984	9183	9183
feynman	test_feynman_transpile[gf2^4_mult.qasm]	iter_2	0.011828575414461149	0.01171407952614419	225	225	687	687	446	446
feynman	test_feynman_transpile[gf2^5_mult.qasm]	iter_2	0.014224873908928463	0.014119294844567776	361	361	1132	1132	608	608
feynman	test_feynman_transpile[gf2^6_mult.qasm]	iter_2	0.017346117416756193	0.017211292723291798	543	543	1639	1639	790	790
feynman	test_feynman_transpile[gf2^7_mult.qasm]	iter_2	0.020713930988373857	0.020257740980014205	785	785	2340	2340	1020	1020
feynman	test_feynman_transpile[gf2^8_mult.qasm]	iter_2	0.02549879846016043	0.02488859419134401	1139	1139	3268	3268	1424	1424
feynman	test_feynman_transpile[gf2^9_mult.qasm]	iter_2	0.028551932743617465	0.027935563400387765	1436	1436	4075	4075	1634	1634
feynman	test_feynman_transpile[grover_5.qasm]	iter_2	0.017051060844598145	0.016844450309872628	470	470	1668	1668	1383	1383
feynman	test_feynman_transpile[ham15-high.qasm]	iter_2	0.07185561954975128	0.06894011649170093	4925	4925	14667	14667	11253	11253
feynman	test_feynman_transpile[ham15-low.qasm]	iter_2	0.01851612577835719	0.018059984852488224	781	781	2156	2156	1207	1207
feynman	test_feynman_transpile[ham15-med.qasm]	iter_2	0.026170822595687288	0.025690116943457186	1220	1220	3699	3699	2684	2684
feynman	test_feynman_transpile[hwb10.qasm]	iter_2	1.4875047914683819	1.2404877953231335	109341	109341	305083	305083	183344	183344
feynman	test_feynman_transpile[hwb11.qasm]	iter_2	5.004677385091782	3.9888731893152	331684	331684	909866	909866	557210	557210
feynman	test_feynman_transpile[hwb12.qasm]	iter_2	10.592003220692277	8.402138954028487	644148	644148	1765257	1765257	1066858	1066858
feynman	test_feynman_transpile[hwb6.qasm]	iter_2	0.01162317826279572	0.011492591157749102	210	210	717	717	564	564
feynman	test_feynman_transpile[hwb8.qasm]	iter_2	0.26791422674432397	0.22398943230509757	18229	18229	54367	54367	36534	36534
feynman	test_feynman_transpile[inverseqft1.qasm]	iter_2	0.008857541531324387	0.00871658613990753	0	0	40	40	30	30
feynman	test_feynman_transpile[inverseqft2.qasm]	iter_2	0.006083653142323365	0.005897116533347539	0	0	35	35	22	22
feynman	test_feynman_transpile[mod5_4.qasm]	iter_2	0.008186566734723016	0.008081050115552815	45	45	144	144	154	154
feynman	test_feynman_transpile[mod_adder_1024.qasm]	iter_2	0.06377951649483293	0.061430587666109204	3961	3961	11915	11915	8813	8813
feynman	test_feynman_transpile[mod_mult_55.qasm]	iter_2	0.008906751790124437	0.008882919773459435	85	85	288	288	167	167
feynman	test_feynman_transpile[mod_red_21.qasm]	iter_2	0.011504259337449358	0.011331090361051175	199	199	642	642	511	511
feynman	test_feynman_transpile[qcla_adder_10.qasm]	iter_2	0.025674089789390564	0.025256215455010535	485	485	1547	1547	442	442
feynman	test_feynman_transpile[qcla_com_7.qasm]	iter_2	0.019778436459600927	0.0193526699919911	355	355	1185	1185	334	334
feynman	test_feynman_transpile[qcla_mod_7.qasm]	iter_2	0.025594077717799407	0.024919468350708483	915	915	2730	2730	890	890
feynman	test_feynman_transpile[qec.qasm]	iter_2	0.006500043500310335	0.006348599700162011	4	4	20	20	14	14
feynman	test_feynman_transpile[qft.qasm]	iter_2	0.0069878303204421646	0.00683871415052293	16	16	65	65	61	61
feynman	test_feynman_transpile[qft_4.qasm]	iter_2	0.009909626856750372	0.008936339278112758	83	83	269	269	243	243
feynman	test_feynman_transpile[qpt.qasm]	iter_2	0.0027972410691843334	0.002785094172826835	0	0	6	6	4	4
feynman	test_feynman_transpile[rb.qasm]	iter_2	0.003456000743549822	0.0027892440222872946	2	2	12	12	9	9
feynman	test_feynman_transpile[rc_adder_6.qasm]	iter_2	0.011653537225977676	0.011689006305504136	157	157	507	507	320	320
feynman	test_feynman_transpile[teleport.qasm]	iter_2	0.005736921934390461	0.005779305221826843	2	2	27	27	17	17
feynman	test_feynman_transpile[teleportv2.qasm]	iter_2	0.006549745114355148	0.006620829783474343	2	2	28	28	18	18
feynman	test_feynman_transpile[tof_10.qasm]	iter_2	0.013303362487538441	0.013400558728192534	145	145	572	572	473	473
feynman	test_feynman_transpile[tof_3.qasm]	iter_2	0.007763088517289125	0.007863094575527146	24	24	94	94	84	84
feynman	test_feynman_transpile[tof_4.qasm]	iter_2	0.008051196488888324	0.008236787528691128	41	41	165	165	146	146
feynman	test_feynman_transpile[tof_5.qasm]	iter_2	0.008709112721446314	0.008820200100159034	58	58	232	232	194	194
feynman	test_feynman_transpile[vbe_adder_3.qasm]	iter_2	0.010121213699070116	0.010230385400738912	98	98	327	327	245	245
device_hamiltonians	test_hamlib_hamiltonians_transpile[ham_enc_stdbinary_dvalues_d-level-4]	iter_2	0.01210651317766557	0.011913496628403663	3	3	27	27	19	19
device_hamiltonians	test_hamlib_hamiltonians_transpile[ham_mu_y_prime_enc_stdbinary_dvalues_8-8-4-4]	iter_2	0.008209794437811698	0.008084907626303343	18	18	93	93	72	72
device_hamiltonians	test_hamlib_hamiltonians_transpile[ham_mu_y_prime_enc_unary_dvalues_4-4-4]	iter_2	0.004696782660793583	0.004654943798434789	6	6	52	52	32	32
device_hamiltonians	test_hamlib_hamiltonians_transpile[ham_mu_z_prime_enc_gray_dvalues_4-4-4-4]	iter_2	0.005757860404377926	0.005723570064119585	4	4	33	33	11	11
device_hamiltonians	test_hamlib_hamiltonians_transpile[ham_gnp-k_2_n-4_rinst-05]	iter_2	0.008746221345583243	0.007675147197377963	22	22	97	97	83	83
device_hamiltonians	test_hamlib_hamiltonians_transpile[ham_ham_parity-4]	iter_2	0.009220424216044576	0.009181533230557329	62	62	207	207	194	194
device_hamiltonians	test_hamlib_hamiltonians_transpile[ham_mu_y_prime_enc_stdbinary_dvalues_16-16-16-16-8-8-8]	iter_2	0.009452674005712782	0.009390611273164932	72	72	255	255	209	209
device_hamiltonians	test_hamlib_hamiltonians_transpile[ham_mu_y_prime_enc_gray_dvalues_16-16-16]	iter_2	0.010144741692561276	0.009574757194654508	92	92	314	314	269	269
device_hamiltonians	test_hamlib_hamiltonians_transpile[ham_enc_gray_dvalues_d-level-16]	iter_2	0.013475173841352049	0.013376113532909325	196	196	804	804	646	646
device_hamiltonians	test_hamlib_hamiltonians_transpile[ham_mu_y_prime_enc_stdbinary_dvalues_8-8-8-8-8-8]	iter_2	0.014260753931907507	0.013225818315232304	36	36	186	186	72	72
device_hamiltonians	test_hamlib_hamiltonians_transpile[ham_gnp-k_4_n-6_rinst-15]	iter_2	0.010887031295252118	0.009652709396383198	136	136	454	454	404	404
device_hamiltonians	test_hamlib_hamiltonians_transpile[ham_ham_JW-6]	iter_2	0.01569848576417336	0.013653083464929036	351	351	1168	1168	1015	1015
device_hamiltonians	test_hamlib_hamiltonians_transpile[ham_mu_y_prime_enc_unary_dvalues_8-8-8-8-8-8-8]	iter_2	0.006181660233201777	0.006076898920223301	14	14	120	120	72	72
device_hamiltonians	test_hamlib_hamiltonians_transpile[ham_7-uf20-0384.cnf-8-res]	iter_2	0.008631933869963342	0.0085351266399292	78	78	248	248	160	160
device_hamiltonians	test_hamlib_hamiltonians_transpile[ham_tsp_rand-002_Ncity-4_enc-stdbinary]	iter_2	0.010270723739736958	0.010094364026659414	137	137	460	460	330	330
device_hamiltonians	test_hamlib_hamiltonians_transpile[ham_ham_JW-8]	iter_2	0.03313323097496197	0.03178956947522238	1374	1374	4196	4196	3566	3566
device_hamiltonians	test_hamlib_hamiltonians_transpile[ham_enc_gray_dvalues_8-8-8]	iter_2	0.43900049974521	0.4047953492651383	12551	12551	36713	36713	31460	31460
device_hamiltonians	test_hamlib_hamiltonians_transpile[ham_complbipart-n-10_a-5_b-5]	iter_2	0.014368957755240526	0.012549802709959056	287	287	955	955	685	685
device_hamiltonians	test_hamlib_hamiltonians_transpile[ham_ham_JW10]	iter_2	0.0724915207292025	0.0636739197652787	2407	2407	7030	7030	6344	6344
device_hamiltonians	test_hamlib_hamiltonians_transpile[ham_ham_parity10]	iter_2	0.06984043068119458	0.06617479620035738	2440	2440	7107	7107	6634	6634
device_hamiltonians	test_hamlib_hamiltonians_transpile[ham_ham_JW-10]	iter_2	0.07241422323776144	0.06264034740161151	2407	2407	7031	7031	6341	6341
device_hamiltonians	test_hamlib_hamiltonians_transpile[ham_mu_x_prime_enc_stdbinary_dvalues_8-8-8-8-8-8-8-8-8-4-4-4-4-4-4]	iter_2	0.028198043948837688	0.027982493293368153	56	56	295	295	73	73
device_hamiltonians	test_hamlib_hamiltonians_transpile[ham_mu_x_prime_enc_unary_dvalues_4-4-4]	iter_2	0.010278396593520835	0.010537386671683498	18	18	156	156	32	32
device_hamiltonians	test_hamlib_hamiltonians_transpile[ham_ham_parity12]	iter_2	0.16321278922259808	0.15060194954276085	4740	4740	13855	13855	13321	13321
device_hamiltonians	test_hamlib_hamiltonians_transpile[ham_ham_BK12]	iter_2	0.130070133600384	0.12080210424028337	7063	7063	20486	20486	15320	15320
device_hamiltonians	test_hamlib_hamiltonians_transpile[ham_ham_JW12]	iter_2	0.17003360794236264	0.14540709342275346	4630	4630	13241	13241	12371	12371
device_hamiltonians	test_hamlib_hamiltonians_transpile[ham_bh_graph-1D-grid-pbc-qubitnodes_Lx-4_U-40_enc-gray_d-8]	iter_2	0.09877201486378909	0.09372135404158723	4158	4158	14759	14759	12684	12684
device_hamiltonians	test_hamlib_hamiltonians_transpile[ham_enc_unary_dvalues_4-4-4]	iter_2	0.2242773611098528	0.20964123196899892	12070	12070	39001	39001	27916	27916
device_hamiltonians	test_hamlib_hamiltonians_transpile[ham_ham_parity-14]	iter_2	0.18051291008790335	0.15217243108366216	7159	7159	20541	20541	17017	17017
device_hamiltonians	test_hamlib_hamiltonians_transpile[ham_ham_JW14]	iter_2	0.21188178285956383	0.19067914163072905	6267	6267	17022	17022	15625	15625
device_hamiltonians	test_hamlib_hamiltonians_transpile[ham_enc_gray_dvalues_4-4-4-4-4-4-4]	iter_2	0.08227597879102597	0.08243226517851536	3667	3667	11853	11853	9385	9385
device_hamiltonians	test_hamlib_hamiltonians_transpile[ham_ham_BK-14]	iter_2	0.3208170779980719	0.2941511985845864	15524	15524	43160	43160	34192	34192
device_hamiltonians	test_hamlib_hamiltonians_transpile[ham_ham_JW-14]	iter_2	0.352027856434385	0.32180235907435417	12221	12221	33583	33583	30474	30474
device_hamiltonians	test_hamlib_hamiltonians_transpile[ham_mu_z_prime_enc_unary_dvalues_16-16-16-16-16-16-16]	iter_2	0.00980854740159379	0.00970355999611673	30	30	256	256	152	152
device_hamiltonians	test_hamlib_hamiltonians_transpile[ham_graph-1D-grid-pbc-qubitnodes_Lx-16_h-2]	iter_2	0.025407835841178894	0.025187776734431584	71	71	236	236	170	170
device_hamiltonians	test_hamlib_hamiltonians_transpile[ham_ham_JW-18]	iter_2	0.9626810494810343	0.8954892558977008	37239	37239	98291	98291	88794	88794
device_hamiltonians	test_hamlib_hamiltonians_transpile[ham_ham_JW-22]	iter_2	4.015356045216322	3.7752812150865793	110022	110022	292583	292583	268040	268040
device_hamiltonians	test_hamlib_hamiltonians_transpile[ham_ham_BK22]	iter_2	3.2592020090669394	3.185322379693389	135268	135268	367012	367012	279934	279934
device_hamiltonians	test_hamlib_hamiltonians_transpile[ham_mu_y_prime_enc_stdbinary_dvalues_4-4-4-4-4-4-4-4-4-4-4-4-4-4-4-4-4-4]	iter_2	0.012177957589147796	0.0110148950588218	24	24	240	240	13	13
device_hamiltonians	test_hamlib_hamiltonians_transpile[ham_gnp-k_5_n-24_rinst-04]	iter_2	0.022538450080901384	0.021989268162066027	1007	1007	2861	2861	884	884
device_hamiltonians	test_hamlib_hamiltonians_transpile[ham_tsp_prob-ulysses22_Ncity-8_enc-stdbinary]	iter_2	0.038100440949201585	0.036788298963354185	1864	1864	5999	5999	4253	4253
device_hamiltonians	test_hamlib_hamiltonians_transpile[ham_ham_JW24]	iter_2	9.394795089960098	7.802263731136918	187285	187285	504449	504449	447466	447466
device_hamiltonians	test_hamlib_hamiltonians_transpile[ham_tsp_prob-ts225_Ncity-5_enc-unary]	iter_2	0.017313590100793926	0.016989355331117457	474	474	1431	1431	407	407
device_hamiltonians	test_hamlib_hamiltonians_transpile[ham_graph-1D-grid-pbc-qubitnodes_Lx-26_h-6]	iter_2	0.2165551759302616	0.21581211127340794	109	109	358	358	275	275
device_hamiltonians	test_hamlib_hamiltonians_transpile[ham_bh_graph-1D-grid-pbc-qubitnodes_Lx-14_U-10_enc-stdbinary_d-4]	iter_2	0.04404596757629643	0.04216488272599552	1067	1067	3868	3868	3048	3048
device_hamiltonians	test_hamlib_hamiltonians_transpile[ham_bh_graph-2D-triag-nonpbc-qubitnodes_Lx-3_Ly-5_U-30_enc-gray_d-4]	iter_2	0.07866648799524857	0.0671875433375438	3707	3707	11982	11982	9233	9233
device_hamiltonians	test_hamlib_hamiltonians_transpile[ham_reg-5_n-10_rinst-07]	iter_2	0.09170276824046265	0.09266432391648943	6155	6155	19169	19169	11185	11185
device_hamiltonians	test_hamlib_hamiltonians_transpile[ham_mu_y_prime_enc_unary_dvalues_16-16-16-16-16-16]	iter_2	0.012429208998140451	0.012248081834735098	60	60	512	512	152	152
device_hamiltonians	test_hamlib_hamiltonians_transpile[ham_bh_graph-3D-grid-nonpbc-qubitnodes_Lx-2_Ly-2_Lz-2_U-20_enc-unary_d-4]	iter_2	0.10099444389343262	0.08337944777061541	5201	5201	15785	15785	12696	12696
device_hamiltonians	test_hamlib_hamiltonians_transpile[ham_0-uuf100-0810.cnf-40-res]	iter_2	0.02986099853208571	0.028952800066155547	1341	1341	3452	3452	1176	1176
device_hamiltonians	test_hamlib_hamiltonians_transpile[ham_8-uuf100-0509.cnf-40-cc]	iter_2	0.030808450428373886	0.029781419948181686	1546	1546	4016	4016	1330	1330
device_hamiltonians	test_hamlib_hamiltonians_transpile[ham_gnp-k_4_n-40_rinst-07]	iter_2	0.08425011408204834	0.06697745211422443	6028	6028	16665	16665	9916	9916
device_hamiltonians	test_hamlib_hamiltonians_transpile[ham_2-uf100-0396.cnf-46-res]	iter_2	0.03484924047671516	0.033384083738100936	2213	2213	5581	5581	1712	1712
device_hamiltonians	test_hamlib_hamiltonians_transpile[ham_2-uf100-0601.cnf-46-res]	iter_2	0.037083485695932596	0.03595726307609986	2511	2511	6241	6241	1913	1913
device_hamiltonians	test_hamlib_hamiltonians_transpile[ham_bh_graph-1D-grid-nonpbc-qubitnodes_Lx-12_U-40_enc-unary_d-4]	iter_2	0.09909922517836094	0.08382125136752923	4545	4545	14328	14328	11704	11704
device_hamiltonians	test_hamlib_hamiltonians_transpile[ham_bh_graph-1D-grid-pbc-qubitnodes_Lx-24_U-20_enc-stdbinary_d-4]	iter_2	0.07869143930396863	0.07344145075018917	1781	1781	6629	6629	5182	5182
device_hamiltonians	test_hamlib_hamiltonians_transpile[ham_tsp_prob-lin105_Ncity-7_enc-unary]	iter_2	0.03374367641905943	0.032674070447683334	1650	1650	4769	4769	1212	1212
device_hamiltonians	test_hamlib_hamiltonians_transpile[ham_gnp-k_5_n-60_rinst-19]	iter_2	0.19203798503925404	0.15994411494050706	16063	16063	44641	44641	27012	27012
device_hamiltonians	test_hamlib_hamiltonians_transpile[ham_bh_graph-2D-triag-pbc-qubitnodes_Lx-5_Ly-5_U-30_enc-unary_d-4]	iter_2	0.35212411110599834	0.28788010915741324	21933	21933	65331	65331	48769	48769
device_hamiltonians	test_hamlib_hamiltonians_transpile[ham_mu_x_prime_enc_unary_dvalues_16-16-16-16-16-16-16-16-16-16-16-16-16-16-16]	iter_2	0.01606641258349863	0.015836150886920784	120	120	1024	1024	152	152
device_hamiltonians	test_hamlib_hamiltonians_transpile[ham_tsp_prob-d198_Ncity-8_enc-unary]	iter_2	0.04814987922353404	0.04618137854744087	2679	2679	7619	7619	1811	1811
device_hamiltonians	test_hamlib_hamiltonians_transpile[ham_tsp_prob-kroD100_Ncity-16_enc-stdbinary]	iter_2	0.32918918738141656	0.2820908701978624	19013	19013	58716	58716	41423	41423
device_hamiltonians	test_hamlib_hamiltonians_transpile[ham_tsp_prob-fl417_Ncity-16_enc-stdbinary]	iter_2	0.31760339128474396	0.2802359452471137	19015	19015	58515	58515	41292	41292
device_hamiltonians	test_hamlib_hamiltonians_transpile[ham_4-uf100-0246.cnf-70-res]	iter_2	0.08837213841351596	0.08311396356051166	8566	8566	20532	20532	6347	6347
device_hamiltonians	test_hamlib_hamiltonians_transpile[ham_dsjc1000.1,n-36,rinst-4]	iter_2	0.0627586968243122	0.05971519762857093	3912	3912	11333	11333	4110	4110
device_hamiltonians	test_hamlib_hamiltonians_transpile[ham_graph-2D-grid-nonpbc-qubitnodes_Lx-5_Ly-15_h-3]	iter_2	0.042951472802087665	0.04168442137539387	1027	1027	2864	2864	815	815
device_hamiltonians	test_hamlib_hamiltonians_transpile[ham_bh_graph-1D-grid-pbc-qubitnodes_Lx-10_U-30_enc-unary_d-8]	iter_2	0.3895923650513093	0.34486968566974	23507	23507	73386	73386	58257	58257
device_hamiltonians	test_hamlib_hamiltonians_transpile[ham_4-flat100-7.cnf-90-cc]	iter_2	0.03268956750631333	0.03228393693765005	1166	1166	2923	2923	473	473
device_hamiltonians	test_hamlib_hamiltonians_transpile[ham_reg-4_n-90_rinst-07]	iter_2	0.07130268986026446	0.06079147635575603	3830	3830	10497	10497	2032	2032
device_hamiltonians	test_hamlib_hamiltonians_transpile[ham_gnp-k_5_n-90_rinst-02]	iter_2	0.30588790075853467	0.2505355983972549	29444	29444	78077	78077	43612	43612
device_hamiltonians	test_hamlib_hamiltonians_transpile[ham_graph-2D-triag-pbc-qubitnodes_Lx-13_Ly-13_h-0.1]	iter_2	0.04119344187589983	0.040175619795918466	2556	2556	6498	6498	1780	1780
device_hamiltonians	test_hamlib_hamiltonians_transpile[ham_bh_graph-1D-grid-pbc-qubitnodes_Lx-46_U-2_enc-gray_d-4]	iter_2	0.12863651220686734	0.12697275376154316	5367	5367	18852	18852	15475	15475
device_hamiltonians	test_hamlib_hamiltonians_transpile[ham_bh_graph-2D-grid-nonpbc-qubitnodes_Lx-7_Ly-7_U-70_enc-gray_d-4]	iter_2	0.23101004771888256	0.182333800320824	14411	14411	42744	42744	32706	32706
device_hamiltonians	test_hamlib_hamiltonians_transpile[ham_fh-graph-1D-grid-pbc-qubitnodes_Lx-50_U-2_enc-jw]	iter_2	0.05327376821323445	0.04480183647856826	3224	3224	8870	8870	5709	5709
device_hamiltonians	test_hamlib_hamiltonians_transpile[ham_tsp_prob-st70_Ncity-10_enc-unary]	iter_2	0.08362926527236898	0.08079293742775917	5220	5220	15244	15244	2879	2879
device_hamiltonians	test_hamlib_hamiltonians_transpile[ham_tsp_prob-pr76_Ncity-10_enc-unary]	iter_2	0.08318357097987945	0.08096858171316293	5220	5220	15151	15151	2854	2854
device_hamiltonians	test_hamlib_hamiltonians_transpile[ham_bh_graph-2D-triag-pbc-qubitnodes_Lx-10_Ly-10_U-30_enc-stdbinary_d-4]	iter_2	0.32524302834644914	0.30799214262515306	21309	21309	61614	61614	44190	44190
device_hamiltonians	test_hamlib_hamiltonians_transpile[ham_queen13_13,n-28,rinst-0]	iter_2	0.05702748346245951	0.05714399759706698	2343	2343	6164	6164	594	594
device_hamiltonians	test_hamlib_hamiltonians_transpile[ham_will199gpia,n-60,rinst-8]	iter_2	0.12104472098872066	0.11580310472183758	9510	9510	26876	26876	9578	9578
device_hamiltonians	test_hamlib_hamiltonians_transpile[ham_bh_graph-1D-grid-pbc-qubitnodes_Lx-60_U-10_enc-stdbinary_d-4]	iter_2	0.12851203233003616	0.12351491511799395	4488	4488	16408	16408	12751	12751
device_hamiltonians	test_hamlib_hamiltonians_transpile[ham_bh_graph-2D-triag-pbc-qubitnodes_Lx-3_Ly-22_U-70_enc-unary_d-4]	iter_2	0.7794803502038121	0.638096327893436	52899	52899	154509	154509	110189	110189
abstract_small	test_QASMBench_small[adder_n10-all-to-all]	iter_2	0.009463679625606928	0.009236405571473056	65	65	247	247	200	200
abstract_small	test_QASMBench_small[adder_n10-square]	iter_2	0.0074008379794530945	0.007314471244812012	91	91	360	360	274	274
abstract_small	test_QASMBench_small[adder_n10-heavy-hex]	iter_2	0.007537953882363804	0.0074480976748826175	105	105	385	385	334	334
abstract_small	test_QASMBench_small[adder_n10-linear]	iter_2	0.00739433347517925	0.007329629830029958	94	94	358	358	300	300
abstract_small	test_QASMBench_small[adder_n4-all-to-all]	iter_2	0.00210383205426548	0.0020553606170820504	10	10	44	44	23	23
abstract_small	test_QASMBench_small[adder_n4-square]	iter_2	0.0021557278506404713	0.002056872762449376	10	10	44	44	23	23
abstract_small	test_QASMBench_small[adder_n4-heavy-hex]	iter_2	0.004441210752392703	0.004400865485270818	16	16	63	63	33	33
abstract_small	test_QASMBench_small[adder_n4-linear]	iter_2	0.0037967385883387337	0.0036869391528818445	16	16	70	70	39	39
abstract_small	test_QASMBench_small[basis_change_n3-all-to-all]	iter_2	0.0021278823194938287	0.0020281352569518642	10	10	86	86	54	54
abstract_small	test_QASMBench_small[basis_change_n3-square]	iter_2	0.002156366118566787	0.0020710610880933958	10	10	86	86	54	54
abstract_small	test_QASMBench_small[basis_change_n3-heavy-hex]	iter_2	0.00290557512182132	0.002826888676946617	10	10	86	86	54	54
abstract_small	test_QASMBench_small[basis_change_n3-linear]	iter_2	0.002110791848739079	0.0020251466445460717	10	10	86	86	54	54
abstract_small	test_QASMBench_small[basis_test_n4-all-to-all]	iter_2	0.0019846094956878445	0.0019097603296068196	6	6	48	48	19	19
abstract_small	test_QASMBench_small[basis_test_n4-square]	iter_2	0.001958201451617267	0.0019074153825640679	6	6	50	50	20	20
abstract_small	test_QASMBench_small[basis_test_n4-heavy-hex]	iter_2	0.0028380911896773546	0.0027599962594615623	6	6	50	50	20	20
abstract_small	test_QASMBench_small[basis_test_n4-linear]	iter_2	0.002069973410401918	0.0019799506909767605	6	6	50	50	20	20
abstract_small	test_QASMBench_small[basis_trotter_n4-all-to-all]	iter_2	0.009974807224891804	0.008669082170390353	179	179	973	973	493	493
abstract_small	test_QASMBench_small[basis_trotter_n4-square]	iter_2	0.011716716980308663	0.01035426024879728	207	207	1081	1081	513	513
abstract_small	test_QASMBench_small[basis_trotter_n4-heavy-hex]	iter_2	0.013328955967871236	0.011674642023679457	268	268	1261	1261	956	956
abstract_small	test_QASMBench_small[basis_trotter_n4-linear]	iter_2	0.011956235771126386	0.010648389935664746	229	229	1171	1171	625	625
abstract_small	test_QASMBench_small[bb84_n8-all-to-all]	iter_2	0.001652636654475183	0.0011848773600326645	0	0	39	39	8	8
abstract_small	test_QASMBench_small[bb84_n8-square]	iter_2	0.0016340723491152199	0.0012172351506154293	0	0	39	39	8	8
abstract_small	test_QASMBench_small[bb84_n8-heavy-hex]	iter_2	0.0021919410118796663	0.0014714579935805455	0	0	39	39	8	8
abstract_small	test_QASMBench_small[bb84_n8-linear]	iter_2	0.0015771772792154454	0.0011473171659652762	0	0	39	39	8	8
abstract_small	test_QASMBench_small[bell_n4-all-to-all]	iter_2	0.0023871241214354177	0.001988888668256762	5	5	38	38	14	14
abstract_small	test_QASMBench_small[bell_n4-square]	iter_2	0.0020302751617244453	0.0020549249975315106	5	5	42	42	17	17
abstract_small	test_QASMBench_small[bell_n4-heavy-hex]	iter_2	0.0034109222886227345	0.002731479755692574	5	5	39	39	17	17
abstract_small	test_QASMBench_small[bell_n4-linear]	iter_2	0.0024204708082174475	0.002020270993660002	5	5	39	39	15	15
abstract_small	test_QASMBench_small[cat_state_n4-all-to-all]	iter_2	0.001404956819627572	0.0013482805403759051	3	3	22	22	13	13
abstract_small	test_QASMBench_small[cat_state_n4-square]	iter_2	0.0013853212007000084	0.001314192037798662	3	3	22	22	13	13
abstract_small	test_QASMBench_small[cat_state_n4-heavy-hex]	iter_2	0.002125809456975687	0.0020476932401523266	3	3	22	22	13	13
abstract_small	test_QASMBench_small[cat_state_n4-linear]	iter_2	0.0013505637043492817	0.00125324068849076	3	3	22	22	13	13
abstract_small	test_QASMBench_small[deutsch_n2-all-to-all]	iter_2	0.0009280158598834224	0.000901664380265885	1	1	11	11	8	8
abstract_small	test_QASMBench_small[deutsch_n2-square]	iter_2	0.001073974486286004	0.001047811021810861	1	1	11	11	8	8
abstract_small	test_QASMBench_small[deutsch_n2-heavy-hex]	iter_2	0.001778304110286724	0.0017298416177452744	1	1	11	11	8	8
abstract_small	test_QASMBench_small[deutsch_n2-linear]	iter_2	0.0009682957234197877	0.0009146783601475154	1	1	11	11	8	8
abstract_small	test_QASMBench_small[dnn_n2-all-to-all]	iter_2	0.0012416146515357878	0.0012180354605828012	3	3	31	31	20	20
abstract_small	test_QASMBench_small[dnn_n2-square]	iter_2	0.001382615475540803	0.0013411168428066147	3	3	31	31	20	20
abstract_small	test_QASMBench_small[dnn_n2-heavy-hex]	iter_2	0.00207450897962793	0.0020018111697226895	3	3	31	31	20	20
abstract_small	test_QASMBench_small[dnn_n2-linear]	iter_2	0.0011813710469836265	0.0012035322389092999	3	3	31	31	20	20
abstract_small	test_QASMBench_small[dnn_n8-all-to-all]	iter_2	0.007049434128210699	0.006796210293323939	64	64	444	444	80	80
abstract_small	test_QASMBench_small[dnn_n8-square]	iter_2	0.004947926073024671	0.00483107420199729	64	64	442	442	80	80
abstract_small	test_QASMBench_small[dnn_n8-heavy-hex]	iter_2	0.007207902355326546	0.007088631626189224	94	94	521	521	112	112
abstract_small	test_QASMBench_small[dnn_n8-linear]	iter_2	0.00795505979083112	0.006889896331368572	109	109	596	596	124	124
abstract_small	test_QASMBench_small[error_correctiond3_n5-all-to-all]	iter_2	0.0037089779489595472	0.00362960621714592	35	35	116	116	102	102
abstract_small	test_QASMBench_small[error_correctiond3_n5-square]	iter_2	0.005147640956075568	0.005128038135001955	38	38	133	133	98	98
abstract_small	test_QASMBench_small[error_correctiond3_n5-heavy-hex]	iter_2	0.0052992003415361305	0.005236460674892772	44	44	133	133	110	110
abstract_small	test_QASMBench_small[error_correctiond3_n5-linear]	iter_2	0.004842351507128141	0.004851793776729598	53	53	153	153	115	115
abstract_small	test_QASMBench_small[fredkin_n3-all-to-all]	iter_2	0.0017901507777319033	0.0017943139571477385	8	8	34	34	25	25
abstract_small	test_QASMBench_small[fredkin_n3-square]	iter_2	0.003471909934465868	0.0033759786798945213	14	14	49	49	37	37
abstract_small	test_QASMBench_small[fredkin_n3-heavy-hex]	iter_2	0.0050418429919296785	0.004204451565199823	14	14	58	58	47	47
abstract_small	test_QASMBench_small[fredkin_n3-linear]	iter_2	0.0032717506868513396	0.003290211020486198	14	14	53	53	42	42
abstract_small	test_QASMBench_small[grover_n2-all-to-all]	iter_2	0.0011552448699911756	0.001076864768688234	2	2	12	12	10	10
abstract_small	test_QASMBench_small[grover_n2-square]	iter_2	0.0012401134504572205	0.0011469455495290717	2	2	12	12	10	10
abstract_small	test_QASMBench_small[grover_n2-heavy-hex]	iter_2	0.001924028086785122	0.0018968367412972298	2	2	14	14	9	9
abstract_small	test_QASMBench_small[grover_n2-linear]	iter_2	0.0010622554894434203	0.0010541532910757713	2	2	12	12	10	10
abstract_small	test_QASMBench_small[hhl_n7-all-to-all]	iter_2	0.010085181793668768	0.008986868058340718	92	92	397	397	323	323
abstract_small	test_QASMBench_small[hhl_n7-square]	iter_2	0.009181492570787668	0.008021545743471697	138	138	532	532	403	403
abstract_small	test_QASMBench_small[hhl_n7-heavy-hex]	iter_2	0.009795222023967654	0.00851179378335936	196	196	692	692	478	478
abstract_small	test_QASMBench_small[hhl_n7-linear]	iter_2	0.009634661184129666	0.008395392156165579	240	240	801	801	534	534
abstract_small	test_QASMBench_small[hs4_n4-all-to-all]	iter_2	0.001636379296938501	0.0015986320129576534	4	4	28	28	11	11
abstract_small	test_QASMBench_small[hs4_n4-square]	iter_2	0.0016160893641161114	0.0015806009035583559	4	4	28	28	10	10
abstract_small	test_QASMBench_small[hs4_n4-heavy-hex]	iter_2	0.0024237612798343015	0.0023590035397898067	4	4	28	28	10	10
abstract_small	test_QASMBench_small[hs4_n4-linear]	iter_2	0.0015756058831992623	0.00149720174446702	4	4	26	26	10	10
abstract_small	test_QASMBench_small[inverseqft_n4-all-to-all]	iter_2	0.0034644523808775945	0.003499577046256431	0	0	35	35	22	22
abstract_small	test_QASMBench_small[inverseqft_n4-square]	iter_2	0.003526270852006715	0.0035141365344289444	0	0	35	35	22	22
abstract_small	test_QASMBench_small[inverseqft_n4-heavy-hex]	iter_2	0.004380185863581197	0.004355505283208603	0	0	35	35	22	22
abstract_small	test_QASMBench_small[inverseqft_n4-linear]	iter_2	0.0035946521264829225	0.0035283158914270725	0	0	35	35	22	22
abstract_small	test_QASMBench_small[ipea_n2-all-to-all]	iter_2	0.020489216446876526	0.020458456203341482	5	5	59	59	56	56
abstract_small	test_QASMBench_small[ipea_n2-square]	iter_2	0.02126379644211668	0.021292958636673128	5	5	58	58	54	54
abstract_small	test_QASMBench_small[ipea_n2-heavy-hex]	iter_2	0.021585130617022514	0.021458567529916765	5	5	58	58	54	54
abstract_small	test_QASMBench_small[ipea_n2-linear]	iter_2	0.02175624594092369	0.020658071346891422	5	5	59	59	56	56
abstract_small	test_QASMBench_small[ising_n10-all-to-all]	iter_2	0.008202348484611903	0.008324659090171488	90	90	423	423	93	93
abstract_small	test_QASMBench_small[ising_n10-square]	iter_2	0.007939714298117906	0.0068013955802693	90	90	466	466	98	98
abstract_small	test_QASMBench_small[ising_n10-heavy-hex]	iter_2	0.005625286156480963	0.0055031957398904	90	90	445	445	94	94
abstract_small	test_QASMBench_small[ising_n10-linear]	iter_2	0.006112207348148028	0.005152018657988972	90	90	462	462	98	98
abstract_small	test_QASMBench_small[iswap_n2-all-to-all]	iter_2	0.001133537680439695	0.001051172347582391	2	2	13	13	9	9
abstract_small	test_QASMBench_small[iswap_n2-square]	iter_2	0.0012097184126283608	0.0012156322855896096	2	2	13	13	9	9
abstract_small	test_QASMBench_small[iswap_n2-heavy-hex]	iter_2	0.001961823910284144	0.00188709018882322	2	2	14	14	10	10
abstract_small	test_QASMBench_small[iswap_n2-linear]	iter_2	0.0010657127591825668	0.0010377314885134821	2	2	13	13	9	9
abstract_small	test_QASMBench_small[linearsolver_n3-all-to-all]	iter_2	0.0015307680613790488	0.0014993644997685213	4	4	27	27	16	16
abstract_small	test_QASMBench_small[linearsolver_n3-square]	iter_2	0.0016282098612895137	0.001563183797162352	4	4	29	29	18	18
abstract_small	test_QASMBench_small[linearsolver_n3-heavy-hex]	iter_2	0.002367551452410755	0.0022996433911954654	4	4	27	27	17	17
abstract_small	test_QASMBench_small[linearsolver_n3-linear]	iter_2	0.0014777936725110948	0.0015065470879728144	4	4	27	27	16	16
abstract_small	test_QASMBench_small[lpn_n5-all-to-all]	iter_2	0.0013328984000340657	0.0013569409910001253	2	2	18	18	8	8
abstract_small	test_QASMBench_small[lpn_n5-square]	iter_2	0.0015700171823086946	0.0015598885218302409	2	2	19	19	11	11
abstract_small	test_QASMBench_small[lpn_n5-heavy-hex]	iter_2	0.0020446534785959454	0.002017654774787639	2	2	19	18	10	8
abstract_small	test_QASMBench_small[lpn_n5-linear]	iter_2	0.001423373931646347	0.001309123372603876	2	2	18	18	8	8
abstract_small	test_QASMBench_small[pea_n5-all-to-all]	iter_2	0.01632907966885603	0.015469542940828338	17	17	86	86	57	57
abstract_small	test_QASMBench_small[pea_n5-square]	iter_2	0.01924976523451764	0.01833568408244079	26	26	101	101	85	85
abstract_small	test_QASMBench_small[pea_n5-heavy-hex]	iter_2	0.019194402250236477	0.018190015957020876	29	29	114	114	96	96
abstract_small	test_QASMBench_small[pea_n5-linear]	iter_2	0.0180715532287171	0.017065162205549537	29	29	121	121	96	96
abstract_small	test_QASMBench_small[qaoa_n3-all-to-all]	iter_2	0.0015508579108976502	0.0014608742203563452	6	6	29	29	27	27
abstract_small	test_QASMBench_small[qaoa_n3-square]	iter_2	0.0029593689936646232	0.0029628024318926163	9	9	35	35	33	33
abstract_small	test_QASMBench_small[qaoa_n3-heavy-hex]	iter_2	0.0036861714397673495	0.0036093193985935715	7	7	41	41	34	34
abstract_small	test_QASMBench_small[qaoa_n3-linear]	iter_2	0.0028696900416021885	0.002751633813038715	7	7	40	40	33	33
abstract_small	test_QASMBench_small[qaoa_n6-all-to-all]	iter_2	0.004911207054790698	0.0040342192412639154	36	36	223	223	87	87
abstract_small	test_QASMBench_small[qaoa_n6-square]	iter_2	0.006594933029906503	0.0057227574409015715	54	54	288	288	176	176
abstract_small	test_QASMBench_small[qaoa_n6-heavy-hex]	iter_2	0.006609050613891988	0.005748380741027937	60	60	310	310	186	186
abstract_small	test_QASMBench_small[qaoa_n6-linear]	iter_2	0.006508722003047348	0.005635776379905595	72	72	338	338	175	175
abstract_small	test_QASMBench_small[qec_en_n5-all-to-all]	iter_2	0.002660172817721644	0.0020860009754444173	10	10	37	37	23	23
abstract_small	test_QASMBench_small[qec_en_n5-square]	iter_2	0.0023960194478403873	0.0023385964127050508	10	10	47	49	33	33
abstract_small	test_QASMBench_small[qec_en_n5-heavy-hex]	iter_2	0.004082638121659483	0.004386920052079054	13	13	44	44	27	27
abstract_small	test_QASMBench_small[qec_en_n5-linear]	iter_2	0.0046314227663808395	0.003939558598530819	18	18	76	76	56	56
abstract_small	test_QASMBench_small[qec_sm_n5-all-to-all]	iter_2	0.0034065367615952785	0.003321104419540124	4	4	20	20	14	14
abstract_small	test_QASMBench_small[qec_sm_n5-square]	iter_2	0.0038385454090905102	0.0037366599156267973	4	4	20	20	14	14
abstract_small	test_QASMBench_small[qec_sm_n5-heavy-hex]	iter_2	0.00454576109846433	0.004384888501106938	4	4	20	20	14	14
abstract_small	test_QASMBench_small[qec_sm_n5-linear]	iter_2	0.003719605099890501	0.003505166686539139	4	4	21	21	14	14
abstract_small	test_QASMBench_small[qft_n4-all-to-all]	iter_2	0.002413444123793762	0.002295521057901844	12	12	46	46	37	37
abstract_small	test_QASMBench_small[qft_n4-square]	iter_2	0.004450181004096259	0.003705780854764974	16	16	62	62	46	46
abstract_small	test_QASMBench_small[qft_n4-heavy-hex]	iter_2	0.004381669666140508	0.004379648829297144	18	18	67	67	68	68
abstract_small	test_QASMBench_small[qft_n4-linear]	iter_2	0.003984029154078319	0.0039356893791658125	19	19	75	75	62	62
abstract_small	test_QASMBench_small[qpe_n9-all-to-all]	iter_2	0.008056838274002075	0.007868500341099637	43	43	219	219	158	158
abstract_small	test_QASMBench_small[qpe_n9-square]	iter_2	0.007512040764093399	0.00652349517013587	71	71	306	306	235	235
abstract_small	test_QASMBench_small[qpe_n9-heavy-hex]	iter_2	0.006584103652880392	0.006613493812355128	78	78	319	319	240	240
abstract_small	test_QASMBench_small[qpe_n9-linear]	iter_2	0.00643098498503231	0.006534983085205891	90	90	337	337	271	271
abstract_small	test_QASMBench_small[qrng_n4-all-to-all]	iter_2	0.0006805813390566524	0.0006683877558288179	0	0	16	16	4	4
abstract_small	test_QASMBench_small[qrng_n4-square]	iter_2	0.000677102425027541	0.000658878966252518	0	0	16	16	4	4
abstract_small	test_QASMBench_small[qrng_n4-heavy-hex]	iter_2	0.0012459509103344038	0.001204104431543075	0	0	16	16	4	4
abstract_small	test_QASMBench_small[qrng_n4-linear]	iter_2	0.0007354625405127559	0.0006861300002556598	0	0	16	16	4	4
abstract_small	test_QASMBench_small[quantumwalks_n2-all-to-all]	iter_2	0.001227961875626753	0.0012687649343561076	3	3	32	32	22	22
abstract_small	test_QASMBench_small[quantumwalks_n2-square]	iter_2	0.0013637908057684708	0.0013665270021610868	3	3	32	32	22	22
abstract_small	test_QASMBench_small[quantumwalks_n2-heavy-hex]	iter_2	0.002126519360086497	0.002037188563085461	3	3	32	32	21	21
abstract_small	test_QASMBench_small[quantumwalks_n2-linear]	iter_2	0.0012380551575468138	0.0012426023619778904	3	3	32	32	22	22
abstract_small	test_QASMBench_small[sat_n7-all-to-all]	iter_2	0.006681927194704815	0.006518338441949438	60	60	259	259	182	182
abstract_small	test_QASMBench_small[sat_n7-square]	iter_2	0.006896012621345343	0.006793747345606486	92	92	348	348	276	276
abstract_small	test_QASMBench_small[sat_n7-heavy-hex]	iter_2	0.006936068961615948	0.0069031351694354304	99	99	362	362	275	275
abstract_small	test_QASMBench_small[sat_n7-linear]	iter_2	0.006852114103793159	0.006815006646017234	110	110	412	412	293	293
abstract_small	test_QASMBench_small[shor_n5-all-to-all]	iter_2	0.00939863152309971	0.009375928736784878	25	25	132	132	95	95
abstract_small	test_QASMBench_small[shor_n5-square]	iter_2	0.00976752459081178	0.009738293105682123	43	43	160	160	133	133
abstract_small	test_QASMBench_small[shor_n5-heavy-hex]	iter_2	0.010108015189568201	0.01013953394287235	46	46	172	172	154	154
abstract_small	test_QASMBench_small[shor_n5-linear]	iter_2	0.00933233611637129	0.009266209529919757	49	49	190	190	167	167
abstract_small	test_QASMBench_small[simon_n6-all-to-all]	iter_2	0.0037376305237412453	0.0036145819887996146	14	14	84	84	58	58
abstract_small	test_QASMBench_small[simon_n6-square]	iter_2	0.005395334973598326	0.00532489361507552	19	19	102	102	76	76
abstract_small	test_QASMBench_small[simon_n6-heavy-hex]	iter_2	0.005445033001403014	0.005457350632527491	22	22	123	123	95	95
abstract_small	test_QASMBench_small[simon_n6-linear]	iter_2	0.005038560257964237	0.005061006581878917	22	22	100	100	80	80
abstract_small	test_QASMBench_small[teleportation_n3-all-to-all]	iter_2	0.0013331465227644384	0.0012333237458331343	2	2	22	22	11	11
abstract_small	test_QASMBench_small[teleportation_n3-square]	iter_2	0.001324025866380796	0.0012300873304464225	2	2	18	18	9	9
abstract_small	test_QASMBench_small[teleportation_n3-heavy-hex]	iter_2	0.002023567192447491	0.001974388574210047	2	2	18	18	9	9
abstract_small	test_QASMBench_small[teleportation_n3-linear]	iter_2	0.0013579485095935326	0.0012119824289163546	2	2	22	22	10	10
abstract_small	test_QASMBench_small[toffoli_n3-all-to-all]	iter_2	0.001986325076795294	0.0015196757703706935	6	6	27	27	23	23
abstract_small	test_QASMBench_small[toffoli_n3-square]	iter_2	0.0034082211861003204	0.002889310462134225	9	9	33	33	29	29
abstract_small	test_QASMBench_small[toffoli_n3-heavy-hex]	iter_2	0.004449114081597774	0.003700985369292924	7	7	41	41	32	32
abstract_small	test_QASMBench_small[toffoli_n3-linear]	iter_2	0.003164972888359686	0.0026666690779481817	7	7	36	36	30	30
abstract_small	test_QASMBench_small[variational_n4-all-to-all]	iter_2	0.002000997140210994	0.001960250041900708	8	8	72	72	32	32
abstract_small	test_QASMBench_small[variational_n4-square]	iter_2	0.001962135710488238	0.0018595819767083853	8	8	72	72	32	32
abstract_small	test_QASMBench_small[variational_n4-heavy-hex]	iter_2	0.0028742927437027297	0.002838130378180501	8	8	72	72	32	32
abstract_small	test_QASMBench_small[variational_n4-linear]	iter_2	0.0019601582382769043	0.0018685948222558549	8	8	72	72	32	32
abstract_small	test_QASMBench_small[vqe_n4-all-to-all]	iter_2	0.002309327222863022	0.002313682384658278	9	9	84	84	33	33
abstract_small	test_QASMBench_small[vqe_n4-square]	iter_2	0.002289649972091418	0.002273292704878083	9	9	84	84	33	33
abstract_small	test_QASMBench_small[vqe_n4-heavy-hex]	iter_2	0.003130150947254151	0.0030373762132691554	9	9	84	84	33	33
abstract_small	test_QASMBench_small[vqe_n4-linear]	iter_2	0.0023165470054700744	0.002196129949845912	9	9	84	84	33	33
abstract_small	test_QASMBench_small[vqe_uccsd_n4-all-to-all]	iter_2	0.004753426110474908	0.00466723394312776	71	71	219	219	224	224
abstract_small	test_QASMBench_small[vqe_uccsd_n4-square]	iter_2	0.004689682740718126	0.0046566270746108964	71	71	219	219	225	225
abstract_small	test_QASMBench_small[vqe_uccsd_n4-heavy-hex]	iter_2	0.0051545941145622245	0.005141558527777141	71	71	222	222	226	226
abstract_small	test_QASMBench_small[vqe_uccsd_n4-linear]	iter_2	0.004741964278498081	0.004657440591807389	71	71	252	252	231	231
abstract_small	test_QASMBench_small[vqe_uccsd_n6-all-to-all]	iter_2	0.01666701179263847	0.016031765395350624	923	923	2490	2490	2922	2922
abstract_small	test_QASMBench_small[vqe_uccsd_n6-square]	iter_2	0.021553113844923	0.01899969322687906	947	947	2770	2770	2912	2912
abstract_small	test_QASMBench_small[vqe_uccsd_n6-heavy-hex]	iter_2	0.021919720077320286	0.018983241826019907	987	987	2723	2723	3048	3048
abstract_small	test_QASMBench_small[vqe_uccsd_n6-linear]	iter_2	0.021262622681324898	0.018283794254616455	987	987	2894	2894	3072	3072
abstract_small	test_QASMBench_small[vqe_uccsd_n8-all-to-all]	iter_2	0.07424064568029	0.06150520034134388	4815	4815	12404	12404	15014	15014
abstract_small	test_QASMBench_small[vqe_uccsd_n8-square]	iter_2	0.08322638381893437	0.06810676033298174	5058	5058	13813	13813	15151	15151
abstract_small	test_QASMBench_small[vqe_uccsd_n8-heavy-hex]	iter_2	0.08552352137242754	0.07147057394364051	5388	5388	14065	14065	16043	16043
abstract_small	test_QASMBench_small[vqe_uccsd_n8-linear]	iter_2	0.08272240568812077	0.06797360628843307	5420	5420	14310	14310	16160	16160
abstract_small	test_QASMBench_small[wstate_n3-all-to-all]	iter_2	0.0037014564884362846	0.003348894511873368	6	6	34	34	28	28
abstract_small	test_QASMBench_small[wstate_n3-square]	iter_2	0.005381227181540371	0.005391834587182688	12	12	53	53	37	37
abstract_small	test_QASMBench_small[wstate_n3-heavy-hex]	iter_2	0.0059862733854875935	0.005953424575704115	10	10	53	53	44	44
abstract_small	test_QASMBench_small[wstate_n3-linear]	iter_2	0.004928436231216774	0.004979885183274746	10	10	41	41	36	36
abstract_medium	test_QASMBench_medium[bigadder_n18-all-to-all]	iter_2	0.01342402682417915	0.01316172443330288	130	130	499	499	318	318
abstract_medium	test_QASMBench_medium[bigadder_n18-square]	iter_2	0.011158112612729138	0.011050420800145243	201	201	731	731	432	432
abstract_medium	test_QASMBench_medium[bigadder_n18-heavy-hex]	iter_2	0.009994106766368662	0.009915389761488924	218	218	769	769	498	498
abstract_medium	test_QASMBench_medium[bigadder_n18-linear]	iter_2	0.009938892769686718	0.009849940581868092	228	228	829	829	584	584
abstract_medium	test_QASMBench_medium[bv_n14-all-to-all]	iter_2	0.005840605265612519	0.005752210982908041	13	13	107	107	28	28
abstract_medium	test_QASMBench_medium[bv_n14-square]	iter_2	0.00510889796093542	0.0050985951675102115	27	27	171	171	75	75
abstract_medium	test_QASMBench_medium[bv_n14-heavy-hex]	iter_2	0.005240099748507852	0.00501902201878173	40	40	179	179	96	96
abstract_medium	test_QASMBench_medium[bv_n14-linear]	iter_2	0.004826892762205988	0.005063043141940443	24	24	220	220	91	91
abstract_medium	test_QASMBench_medium[bv_n19-all-to-all]	iter_2	0.0073374036874156445	0.0071337503124622335	18	18	144	144	33	33
abstract_medium	test_QASMBench_medium[bv_n19-square]	iter_2	0.01409887133494896	0.013867363333702087	43	43	244	244	105	105
abstract_medium	test_QASMBench_medium[bv_n19-heavy-hex]	iter_2	0.005661951480206193	0.005580047479806802	72	72	296	296	163	163
abstract_medium	test_QASMBench_medium[bv_n19-linear]	iter_2	0.005318165660067334	0.005329234083577738	34	34	302	302	118	118
abstract_medium	test_QASMBench_medium[bwt_n21-all-to-all]	iter_2	5.8411078210920095	5.589534284546971	169200	169200	658875	658875	428309	428309
abstract_medium	test_QASMBench_medium[bwt_n21-square]	iter_2	8.171131240203977	7.463671196252108	395444	395444	1265957	1265957	755106	755106
abstract_medium	test_QASMBench_medium[bwt_n21-heavy-hex]	iter_2	10.51510127261281	10.012254806235433	527050	527050	1690104	1690104	972598	972598
abstract_medium	test_QASMBench_medium[bwt_n21-linear]	iter_2	13.116007033735514	10.090116323903203	805890	805890	2329558	2329558	1345578	1345578
abstract_medium	test_QASMBench_medium[cat_state_n22-all-to-all]	iter_2	0.01031958878868156	0.009894414050014396	21	21	131	131	67	67
abstract_medium	test_QASMBench_medium[cat_state_n22-square]	iter_2	0.007808125615119934	0.007701210252295329	21	21	131	131	67	67
abstract_medium	test_QASMBench_medium[cat_state_n22-heavy-hex]	iter_2	0.008522490638753643	0.008348918894035185	21	21	131	131	67	67
abstract_medium	test_QASMBench_medium[cat_state_n22-linear]	iter_2	0.004166621778510574	0.004127902057435778	21	21	131	131	67	67
abstract_medium	test_QASMBench_medium[cc_n12-all-to-all]	iter_2	0.02695674091381462	0.027010141796356923	11	11	77	77	43	43
abstract_medium	test_QASMBench_medium[cc_n12-square]	iter_2	0.03216552874073386	0.03223451741916292	23	23	113	113	78	78
abstract_medium	test_QASMBench_medium[cc_n12-heavy-hex]	iter_2	0.032377850206103176	0.03202077427939061	30	30	135	135	99	99
abstract_medium	test_QASMBench_medium[cc_n12-linear]	iter_2	0.03265393240144476	0.03278725076233968	20	20	135	135	93	93
abstract_medium	test_QASMBench_medium[dnn_n16-all-to-all]	iter_2	0.012251032213680447	0.011894803836770442	128	128	883	883	80	80
abstract_medium	test_QASMBench_medium[dnn_n16-square]	iter_2	0.01093587882462002	0.010999432907384985	128	128	884	884	80	80
abstract_medium	test_QASMBench_medium[dnn_n16-heavy-hex]	iter_2	0.00895927062070151	0.00786841802426383	128	128	882	882	80	80
abstract_medium	test_QASMBench_medium[dnn_n16-linear]	iter_2	0.011485145794913956	0.009883000845244775	233	233	1238	1238	128	128
abstract_medium	test_QASMBench_medium[factor247_n15-all-to-all]	iter_2	7.828405570238829	6.624306999146938	267223	267223	992014	992014	928867	928867
abstract_medium	test_QASMBench_medium[factor247_n15-square]	iter_2	10.93984598852694	8.858007436618209	392552	392552	1434014	1434014	1203239	1203239
abstract_medium	test_QASMBench_medium[factor247_n15-heavy-hex]	iter_2	11.044149151071906	8.850322103127837	392914	392914	1369471	1369471	1195588	1195588
abstract_medium	test_QASMBench_medium[factor247_n15-linear]	iter_2	12.147104486823082	9.63601885177195	422910	422910	1595821	1595821	1248167	1248167
abstract_medium	test_QASMBench_medium[gcm_h6-all-to-all]	iter_2	0.07533302676997014	0.07273639403283597	528	528	2560	2560	2056	2056
abstract_medium	test_QASMBench_medium[gcm_h6-square]	iter_2	0.07522515049920632	0.07253275532275438	771	771	3561	3561	2695	2695
abstract_medium	test_QASMBench_medium[gcm_h6-heavy-hex]	iter_2	0.07473021852118629	0.07273934756716093	764	764	3337	3337	2674	2674
abstract_medium	test_QASMBench_medium[gcm_h6-linear]	iter_2	0.07645344281835216	0.07250580643968922	834	834	3583	3583	2754	2754
abstract_medium	test_QASMBench_medium[ghz_state_n23-all-to-all]	iter_2	0.010278631189856866	0.009681842194832101	22	22	137	137	70	70
abstract_medium	test_QASMBench_medium[ghz_state_n23-square]	iter_2	0.007917929797743757	0.007659313197319324	22	22	137	137	70	70
abstract_medium	test_QASMBench_medium[ghz_state_n23-heavy-hex]	iter_2	0.008765155482476791	0.008513292150669977	22	22	137	137	70	70
abstract_medium	test_QASMBench_medium[ghz_state_n23-linear]	iter_2	0.004382307410682782	0.004217220922099783	22	22	137	137	70	70
abstract_medium	test_QASMBench_medium[ising_n26-all-to-all]	iter_2	0.012780681126625152	0.01113488179232393	50	50	282	282	21	21
abstract_medium	test_QASMBench_medium[ising_n26-square]	iter_2	0.010954558039489	0.0097761458589458	50	50	279	279	21	21
abstract_medium	test_QASMBench_medium[ising_n26-heavy-hex]	iter_2	0.010614846232864591	0.009438390634497818	50	50	285	285	22	22
abstract_medium	test_QASMBench_medium[ising_n26-linear]	iter_2	0.006150534316801872	0.005185915379446338	50	50	286	286	21	21
abstract_medium	test_QASMBench_medium[knn_n25-all-to-all]	iter_2	0.012221962903384809	0.011692405624807566	84	84	425	425	227	227
abstract_medium	test_QASMBench_medium[knn_n25-square]	iter_2	0.00948619350997938	0.009329966663454588	155	155	536	536	372	372
abstract_medium	test_QASMBench_medium[knn_n25-heavy-hex]	iter_2	0.020098537132143976	0.019621039517223837	209	209	703	703	531	531
abstract_medium	test_QASMBench_medium[knn_n25-linear]	iter_2	0.009336862695359048	0.009221097331423804	134	134	585	585	374	374
abstract_medium	test_QASMBench_medium[multiplier_n15-all-to-all]	iter_2	0.014999239719831026	0.014670695479099567	222	222	827	827	494	494
abstract_medium	test_QASMBench_medium[multiplier_n15-square]	iter_2	0.012400510968475402	0.01214445270087621	390	390	1345	1345	750	750
abstract_medium	test_QASMBench_medium[multiplier_n15-heavy-hex]	iter_2	0.012746307490901514	0.0124569684965536	427	427	1481	1481	840	840
abstract_medium	test_QASMBench_medium[multiplier_n15-linear]	iter_2	0.012774227975079646	0.012576629701805743	482	482	1635	1635	818	818
abstract_medium	test_QASMBench_medium[multiply_n13-all-to-all]	iter_2	0.009714837342632555	0.009416908432136882	40	40	174	174	99	99
abstract_medium	test_QASMBench_medium[multiply_n13-square]	iter_2	0.006495118088705439	0.006445764434816193	59	59	255	255	139	139
abstract_medium	test_QASMBench_medium[multiply_n13-heavy-hex]	iter_2	0.0066520571974771365	0.006623171070324523	79	79	305	305	200	200
abstract_medium	test_QASMBench_medium[multiply_n13-linear]	iter_2	0.006408950396447997	0.0064062431505689885	101	101	328	328	205	205
abstract_medium	test_QASMBench_medium[qec9xz_n17-all-to-all]	iter_2	0.008813398301993547	0.008550940990447998	32	32	133	133	28	28
abstract_medium	test_QASMBench_medium[qec9xz_n17-square]	iter_2	0.0069039689721884555	0.006851438577322997	68	68	241	241	77	77
abstract_medium	test_QASMBench_medium[qec9xz_n17-heavy-hex]	iter_2	0.005908718133079154	0.005868334390089183	100	100	323	323	132	132
abstract_medium	test_QASMBench_medium[qec9xz_n17-linear]	iter_2	0.006213989987407091	0.006176191342114671	133	133	440	440	122	122
abstract_medium	test_QASMBench_medium[qf21_n15-all-to-all]	iter_2	0.012100101611576975	0.01152255597778342	115	115	501	501	386	386
abstract_medium	test_QASMBench_medium[qf21_n15-square]	iter_2	0.008959964469627098	0.008909485423592505	196	196	787	787	582	582
abstract_medium	test_QASMBench_medium[qf21_n15-heavy-hex]	iter_2	0.010671062568245931	0.009273365121700015	227	227	892	892	714	714
abstract_medium	test_QASMBench_medium[qf21_n15-linear]	iter_2	0.010830594421645929	0.009341173832422322	270	270	1045	1045	803	803
abstract_medium	test_QASMBench_medium[qft_n18-all-to-all]	iter_2	0.019494519477673604	0.017987332594665614	294	294	1000	1000	243	243
abstract_medium	test_QASMBench_medium[qft_n18-square]	iter_2	0.016737832956142343	0.014316552676833592	526	526	1810	1810	669	669
abstract_medium	test_QASMBench_medium[qft_n18-heavy-hex]	iter_2	0.016480769769384944	0.014110260031052998	576	576	2073	2073	789	789
abstract_medium	test_QASMBench_medium[qft_n18-linear]	iter_2	0.01567016722309211	0.01346702576763388	501	501	2111	2111	499	499
abstract_medium	test_QASMBench_medium[qram_n20-all-to-all]	iter_2	0.012620329738983626	0.012832358360099487	130	130	541	541	299	299
abstract_medium	test_QASMBench_medium[qram_n20-square]	iter_2	0.011869659808314876	0.010405547707603218	224	224	837	837	438	438
abstract_medium	test_QASMBench_medium[qram_n20-heavy-hex]	iter_2	0.012323196977376938	0.0122368346231106	308	308	990	990	568	568
abstract_medium	test_QASMBench_medium[qram_n20-linear]	iter_2	0.011176821669902314	0.011093666901191075	374	374	1291	1291	705	705
abstract_medium	test_QASMBench_medium[sat_n11-all-to-all]	iter_2	0.012732465662164232	0.012634313395737033	252	252	1037	1037	869	869
abstract_medium	test_QASMBench_medium[sat_n11-square]	iter_2	0.01254907814371917	0.012326354553040705	408	408	1405	1405	1074	1074
abstract_medium	test_QASMBench_medium[sat_n11-heavy-hex]	iter_2	0.01294802942288083	0.012948487655489475	457	457	1526	1526	1205	1205
abstract_medium	test_QASMBench_medium[sat_n11-linear]	iter_2	0.013043658336003622	0.013058373143207538	528	528	1846	1846	1320	1320
abstract_medium	test_QASMBench_medium[seca_n11-all-to-all]	iter_2	0.009442395447651939	0.009216178876330267	80	80	322	322	154	154
abstract_medium	test_QASMBench_medium[seca_n11-square]	iter_2	0.008906378310972027	0.007945244684815406	119	119	447	447	258	258
abstract_medium	test_QASMBench_medium[seca_n11-heavy-hex]	iter_2	0.00788150956415064	0.00785903251171112	124	124	453	453	218	218
abstract_medium	test_QASMBench_medium[seca_n11-linear]	iter_2	0.007837588593485902	0.007912981222034432	130	130	472	472	240	240
abstract_medium	test_QASMBench_medium[square_root_n18-all-to-all]	iter_2	0.027662799347724233	0.026713766623288393	898	898	3549	3549	2607	2607
abstract_medium	test_QASMBench_medium[square_root_n18-square]	iter_2	0.03409652559664743	0.0330170106763641	1925	1925	6343	6343	4173	4173
abstract_medium	test_QASMBench_medium[square_root_n18-heavy-hex]	iter_2	0.03505904092613993	0.03444730391105016	2235	2235	7287	7287	4994	4994
abstract_medium	test_QASMBench_medium[square_root_n18-linear]	iter_2	0.03816492669284344	0.037246580615087795	2699	2699	8734	8734	5814	5814
abstract_medium	test_QASMBench_medium[swap_test_n25-all-to-all]	iter_2	0.012168942778198808	0.01184863540785093	84	84	474	474	229	229
abstract_medium	test_QASMBench_medium[swap_test_n25-square]	iter_2	0.00948127979412675	0.009390393217790474	155	155	584	584	372	372
abstract_medium	test_QASMBench_medium[swap_test_n25-heavy-hex]	iter_2	0.020201601535081864	0.019914000532498546	209	209	753	753	533	533
abstract_medium	test_QASMBench_medium[swap_test_n25-linear]	iter_2	0.009241271522585992	0.009306537841848277	134	134	615	615	376	376
abstract_medium	test_QASMBench_medium[wstate_n27-all-to-all]	iter_2	0.012512962115399632	0.011783628460065818	52	52	335	335	127	127
abstract_medium	test_QASMBench_medium[wstate_n27-square]	iter_2	0.009451613862915794	0.009488094030391601	52	52	330	330	126	126
abstract_medium	test_QASMBench_medium[wstate_n27-heavy-hex]	iter_2	0.009503581624441934	0.009400665634669937	52	52	332	332	127	127
abstract_medium	test_QASMBench_medium[wstate_n27-linear]	iter_2	0.005366074610393861	0.0054357429935457955	52	52	333	333	126	126
abstract_large	test_QASMBench_large[100-all-to-all]	iter_2	0.5488919885829091	0.5164656825363636	14835	14835	94559	94559	1412	1412
abstract_large	test_QASMBench_large[100-square]	iter_2	1.28746884688735	1.1206563506275415	67890	67890	233936	233936	28922	28922
abstract_large	test_QASMBench_large[100-heavy-hex]	iter_2	1.6200371030718088	1.3809586819261312	97404	97404	311217	311217	30286	30286
abstract_large	test_QASMBench_large[100-linear]	iter_2	5.717270962893963	4.415867125615478	347676	347676	936925	936925	58327	58327
abstract_large	test_QASMBench_large[32-all-to-all]	iter_2	0.06268212548457086	0.05979592865332961	1488	1488	9617	9617	454	454
abstract_large	test_QASMBench_large[32-square]	iter_2	0.08630147529765964	0.07538669494291146	3633	3633	15532	15532	3235	3235
abstract_large	test_QASMBench_large[32-heavy-hex]	iter_2	0.10185807142406703	0.08697902162869771	4959	4959	18939	18939	3139	3139
abstract_large	test_QASMBench_large[32-linear]	iter_2	0.14286573550530843	0.11911300114459461	9870	9870	31262	31262	4746	4746
abstract_large	test_QASMBench_large[adder_n118-all-to-all]	iter_2	0.08153419693311055	0.07891432640071099	845	845	3259	3259	1128	1128
abstract_large	test_QASMBench_large[adder_n118-square]	iter_2	0.07145755791238376	0.06849124568204085	1660	1660	5745	5745	1982	1982
abstract_large	test_QASMBench_large[adder_n118-heavy-hex]	iter_2	0.05108040831983089	0.04965099000505039	2313	2313	7466	7466	2873	2873
abstract_large	test_QASMBench_large[adder_n118-linear]	iter_2	0.043758699748044215	0.043303202160380104	1579	1579	5597	5597	2246	2246
abstract_large	test_QASMBench_large[adder_n28-all-to-all]	iter_2	0.0180942129605172	0.0170547706877877	195	195	747	747	355	355
abstract_large	test_QASMBench_large[adder_n28-square]	iter_2	0.01372228494622338	0.013536633690819144	319	319	1134	1134	551	551
abstract_large	test_QASMBench_large[adder_n28-heavy-hex]	iter_2	0.015028141889600985	0.014976493263644959	365	365	1273	1273	741	741
abstract_large	test_QASMBench_large[adder_n28-linear]	iter_2	0.012066387111343533	0.012040959973190282	294	294	1116	1116	533	533
abstract_large	test_QASMBench_large[adder_n433-all-to-all]	iter_2	1.5274746380746365	1.4707641117274761	3120	3120	12202	12202	3900	3900
abstract_large	test_QASMBench_large[adder_n433-square]	iter_2	0.2571010971441865	0.2439209684729576	7270	7270	24455	24455	7719	7719
abstract_large	test_QASMBench_large[adder_n433-heavy-hex]	iter_2	0.24050848446786405	0.23336009196937085	11546	11546	36146	36146	12925	12925
abstract_large	test_QASMBench_large[adder_n433-linear]	iter_2	2.0097314938902855	2.0129287596791983	16602	16602	49359	49359	19660	19660
abstract_large	test_QASMBench_large[adder_n64-all-to-all]	iter_2	0.036726263317245024	0.034817419414009364	455	455	1763	1763	674	674
abstract_large	test_QASMBench_large[adder_n64-square]	iter_2	0.02707994029529997	0.026157476259647188	843	843	2995	2995	1273	1273
abstract_large	test_QASMBench_large[adder_n64-heavy-hex]	iter_2	0.02985586321940928	0.029105986194575533	1003	1003	3475	3475	1539	1539
abstract_large	test_QASMBench_large[adder_n64-linear]	iter_2	0.022551209792833437	0.0218425114121702	691	691	2638	2638	1030	1030
abstract_large	test_QASMBench_large[bv_n140-all-to-all]	iter_2	0.3535859336455663	0.33206959813833237	72	72	1071	1071	118	118
abstract_large	test_QASMBench_large[bv_n140-square]	iter_2	0.0386847797781229	0.03670575662895485	362	362	2009	2009	887	887
abstract_large	test_QASMBench_large[bv_n140-heavy-hex]	iter_2	0.05238975323736668	0.05105084847462805	513	513	2378	2378	1068	1068
abstract_large	test_QASMBench_large[bv_n140-linear]	iter_2	0.02305534038515318	0.02311135759187299	359	359	2437	2437	1116	1116
abstract_large	test_QASMBench_large[bv_n280-all-to-all]	iter_2	1.7655883003026247	1.5785289257764816	152	152	2190	2190	219	219
abstract_large	test_QASMBench_large[bv_n280-square]	iter_2	0.05718622894750701	0.05700064243541823	930	930	4757	4757	2113	2113
abstract_large	test_QASMBench_large[bv_n280-heavy-hex]	iter_2	0.06803581056495507	0.06623235332469145	1507	1507	6257	6257	2991	2991
abstract_large	test_QASMBench_large[bv_n280-linear]	iter_2	0.05453882905605592	0.0536919203069475	824	824	5350	5350	2471	2471
abstract_large	test_QASMBench_large[bv_n30-all-to-all]	iter_2	0.017375535080357205	0.016066556685228845	18	18	239	239	36	36
abstract_large	test_QASMBench_large[bv_n30-square]	iter_2	0.023607754547681128	0.02305402407465979	46	46	317	317	121	121
abstract_large	test_QASMBench_large[bv_n30-heavy-hex]	iter_2	0.008879203365982644	0.008783555141201726	75	75	369	369	165	165
abstract_large	test_QASMBench_large[bv_n30-linear]	iter_2	0.00633359710244756	0.006402818036059405	62	62	472	472	206	206
abstract_large	test_QASMBench_large[bv_n70-all-to-all]	iter_2	0.07138755598238536	0.06354161130730063	36	36	523	523	65	65
abstract_large	test_QASMBench_large[bv_n70-square]	iter_2	0.031540674914140254	0.030733662177667473	137	137	816	816	279	279
abstract_large	test_QASMBench_large[bv_n70-heavy-hex]	iter_2	0.031854924629442394	0.03140005508832859	164	164	910	910	411	411
abstract_large	test_QASMBench_large[bv_n70-linear]	iter_2	0.01078931014105845	0.010821963378856348	151	151	1105	1105	480	480
abstract_large	test_QASMBench_large[bwt_n37-all-to-all]	iter_2	15.20677375793457	14.337250171229243	604400	604400	2366497	2366497	1615901	1615901
abstract_large	test_QASMBench_large[bwt_n37-square]	iter_2	32.915717609226704	30.078229188919067	1537497	1537497	4937888	4937888	2956627	2956627
abstract_large	test_QASMBench_large[bwt_n37-heavy-hex]	iter_2	39.9977598041296	36.818969098851085	2026813	2026813	6143358	6143358	3631059	3631059
abstract_large	test_QASMBench_large[bwt_n37-linear]	iter_2	54.26251227967441	50.1224175915122	3279186	3279186	9318702	9318702	5220790	5220790
abstract_large	test_QASMBench_large[cat_n130-all-to-all]	iter_2	0.07918256220336144	0.07887195939054856	129	129	779	779	391	391
abstract_large	test_QASMBench_large[cat_n130-square]	iter_2	0.014133206360153298	0.014570916015932809	129	129	779	779	391	391
abstract_large	test_QASMBench_large[cat_n130-heavy-hex]	iter_2	0.023966480650611827	0.023013878415556663	129	129	779	779	391	391
abstract_large	test_QASMBench_large[cat_n130-linear]	iter_2	0.010510375072439033	0.01045092592363829	129	129	779	779	391	391
abstract_large	test_QASMBench_large[cat_n260-all-to-all]	iter_2	0.3042868063785136	0.298644098918885	259	259	1559	1559	781	781
abstract_large	test_QASMBench_large[cat_n260-square]	iter_2	0.022800737826360596	0.02234966632758462	259	259	1559	1559	781	781
abstract_large	test_QASMBench_large[cat_n260-heavy-hex]	iter_2	6.663837077096105	6.7115782443434	3001	3001	8395	8395	5402	5402
abstract_large	test_QASMBench_large[cat_n260-linear]	iter_2	0.016251563241607266	0.016037431607643763	259	259	1559	1559	781	781
abstract_large	test_QASMBench_large[cat_n35-all-to-all]	iter_2	0.015291160706317785	0.014457465675861939	34	34	209	209	106	106
abstract_large	test_QASMBench_large[cat_n35-square]	iter_2	0.00822216027105848	0.008097240355827155	34	34	209	209	106	106
abstract_large	test_QASMBench_large[cat_n35-heavy-hex]	iter_2	0.009307634304551518	0.009292590475388777	34	34	209	209	106	106
abstract_large	test_QASMBench_large[cat_n35-linear]	iter_2	0.004974455822035263	0.004968585535174324	34	34	209	209	106	106
abstract_large	test_QASMBench_large[cat_n65-all-to-all]	iter_2	0.027321675326675177	0.02603841472703677	64	64	389	389	196	196
abstract_large	test_QASMBench_large[cat_n65-square]	iter_2	0.012210520191325082	0.012100662432006887	64	64	389	389	196	196
abstract_large	test_QASMBench_large[cat_n65-heavy-hex]	iter_2	0.013762039950851238	0.013546376223010676	64	64	389	389	196	196
abstract_large	test_QASMBench_large[cat_n65-linear]	iter_2	0.006685950096462156	0.006624409659155484	64	64	389	389	196	196
abstract_large	test_QASMBench_large[cc_n151-all-to-all]	iter_2	1.2598686460405588	1.2629449497908354	150	150	917	917	462	462
abstract_large	test_QASMBench_large[cc_n151-square]	iter_2	1.513274034485221	1.4942239951342344	740	740	2902	2902	2122	2122
abstract_large	test_QASMBench_large[cc_n151-heavy-hex]	iter_2	1.518134007230401	1.5002401638776064	1341	1341	4447	4447	3149	3149
abstract_large	test_QASMBench_large[cc_n151-linear]	iter_2	1.4212280679494143	1.443956146016717	338	338	1962	1962	1365	1365
abstract_large	test_QASMBench_large[cc_n301-all-to-all]	iter_2	5.148863837122917	5.020369349047542	300	300	1817	1817	912	912
abstract_large	test_QASMBench_large[cc_n301-square]	iter_2	5.647357190027833	5.523159831762314	1682	1682	6515	6515	4485	4485
abstract_large	test_QASMBench_large[cc_n301-heavy-hex]	iter_2	5.718133024871349	5.69986374117434	3564	3564	11881	11881	7982	7982
abstract_large	test_QASMBench_large[cc_n301-linear]	iter_2	5.463919818401337	5.523383788764477	665	665	3853	3853	2689	2689
abstract_large	test_QASMBench_large[cc_n32-all-to-all]	iter_2	0.09810175150632858	0.09742546619640456	31	31	201	201	105	105
abstract_large	test_QASMBench_large[cc_n32-square]	iter_2	0.11694170348346233	0.11378289055493143	96	96	391	391	287	287
abstract_large	test_QASMBench_large[cc_n32-heavy-hex]	iter_2	0.12214698758907616	0.12513037165626884	146	146	504	504	393	393
abstract_large	test_QASMBench_large[cc_n32-linear]	iter_2	0.11410342901945114	0.11638555572264725	64	64	367	367	259	259
abstract_large	test_QASMBench_large[cc_n64-all-to-all]	iter_2	0.2755835223942995	0.29045488173142076	63	63	393	393	201	201
abstract_large	test_QASMBench_large[cc_n64-square]	iter_2	0.34107611514627934	0.3374785743653774	227	227	966	966	698	698
abstract_large	test_QASMBench_large[cc_n64-heavy-hex]	iter_2	0.3564198265473048	0.3517316362510125	416	416	1467	1467	1102	1102
abstract_large	test_QASMBench_large[cc_n64-linear]	iter_2	0.3364641008277734	0.36057918332517147	131	131	792	792	550	550
abstract_large	test_QASMBench_large[dnn_n33-all-to-all]	iter_2	0.033538922534457276	0.031537142931483686	172	172	916	916	312	312
abstract_large	test_QASMBench_large[dnn_n33-square]	iter_2	0.03186209157349602	0.02978389390877315	292	292	1210	1210	454	454
abstract_large	test_QASMBench_large[dnn_n33-heavy-hex]	iter_2	0.03641772855605398	0.033667248884035696	382	382	1463	1463	646	646
abstract_large	test_QASMBench_large[dnn_n33-linear]	iter_2	0.03266635038439305	0.02998834986771856	352	352	1496	1496	567	567
abstract_large	test_QASMBench_large[dnn_n51-all-to-all]	iter_2	0.05318909550183698	0.048297613326992304	271	271	1469	1469	466	466
abstract_large	test_QASMBench_large[dnn_n51-square]	iter_2	0.06232839340672774	0.05833170687158903	579	579	2277	2277	854	854
abstract_large	test_QASMBench_large[dnn_n51-heavy-hex]	iter_2	0.04959135306999087	0.04846831343390725	756	756	2801	2801	1058	1058
abstract_large	test_QASMBench_large[dnn_n51-linear]	iter_2	0.04763100846182732	0.04418682460875615	571	571	2405	2405	920	920
abstract_large	test_QASMBench_large[ghz_n127-all-to-all]	iter_2	0.06934291975838798	0.0691074641155345	126	126	761	761	382	382
abstract_large	test_QASMBench_large[ghz_n127-square]	iter_2	0.014569217447137487	0.014323371970518068	126	126	761	761	382	382
abstract_large	test_QASMBench_large[ghz_n127-heavy-hex]	iter_2	0.02401408063637656	0.022866737960678774	126	126	761	761	382	382
abstract_large	test_QASMBench_large[ghz_n127-linear]	iter_2	0.010360432247961722	0.010299822850588789	126	126	761	761	382	382
abstract_large	test_QASMBench_large[ghz_state_n255-all-to-all]	iter_2	0.298839682713151	0.28522764006629586	254	254	1529	1529	766	766
abstract_large	test_QASMBench_large[ghz_state_n255-square]	iter_2	0.126849613385275	0.12427624501287937	254	254	1529	1529	766	766
abstract_large	test_QASMBench_large[ghz_state_n255-heavy-hex]	iter_2	6.986965522170067	6.563604297116399	2879	2879	8050	8050	5168	5168
abstract_large	test_QASMBench_large[ghz_state_n255-linear]	iter_2	0.015891465229977822	0.015777728657742015	254	254	1529	1529	766	766
abstract_large	test_QASMBench_large[ghz_n40-all-to-all]	iter_2	0.016722948275140075	0.01598651701163861	39	39	239	239	121	121
abstract_large	test_QASMBench_large[ghz_n40-square]	iter_2	0.009788920529759847	0.009638264775276184	39	39	239	239	121	121
abstract_large	test_QASMBench_large[ghz_n40-heavy-hex]	iter_2	0.009678994343445008	0.009616025742143392	39	39	239	239	121	121
abstract_large	test_QASMBench_large[ghz_n40-linear]	iter_2	0.005329209788326631	0.0051933909930727065	39	39	239	239	121	121
abstract_large	test_QASMBench_large[ghz_n78-all-to-all]	iter_2	0.033106791848937674	0.031683940324001014	77	77	467	467	235	235
abstract_large	test_QASMBench_large[ghz_n78-square]	iter_2	0.01062774338892528	0.010354675785746685	77	77	467	467	235	235
abstract_large	test_QASMBench_large[ghz_n78-heavy-hex]	iter_2	0.014356387835560423	0.014292314926634974	77	77	467	467	235	235
abstract_large	test_QASMBench_large[ghz_n78-linear]	iter_2	0.0075424695618389066	0.007560594758439449	77	77	467	467	235	235
abstract_large	test_QASMBench_large[ising_n34-all-to-all]	iter_2	0.015604656278377487	0.013844543033175997	66	66	377	377	22	22
abstract_large	test_QASMBench_large[ising_n34-square]	iter_2	0.01014458121711849	0.009209295484022452	66	66	370	370	21	21
abstract_large	test_QASMBench_large[ising_n34-heavy-hex]	iter_2	0.01120655208306257	0.010262470129722109	66	66	375	375	22	22
abstract_large	test_QASMBench_large[ising_n34-linear]	iter_2	0.006777545612230397	0.005906013437284681	66	66	380	380	21	21
abstract_large	test_QASMBench_large[ising_n42-all-to-all]	iter_2	0.019187819488622523	0.017168008908629417	82	82	468	468	22	22
abstract_large	test_QASMBench_large[ising_n42-square]	iter_2	0.0116878317798986	0.01065776689530729	82	82	474	474	22	22
abstract_large	test_QASMBench_large[ising_n42-heavy-hex]	iter_2	0.011731064395059514	0.010718434137980576	82	82	466	466	22	22
abstract_large	test_QASMBench_large[ising_n42-linear]	iter_2	0.0075228630645772605	0.006567380632032881	82	82	474	474	22	22
abstract_large	test_QASMBench_large[ising_n420-all-to-all]	iter_2	1.3406972121447325	1.226934066042304	838	838	4794	4794	23	23
abstract_large	test_QASMBench_large[ising_n420-square]	iter_2	0.042561805030951895	0.03771681538610547	838	838	4749	4749	22	22
abstract_large	test_QASMBench_large[ising_n420-heavy-hex]	iter_2	0.05593251012679604	0.05056643504649401	838	838	4782	4782	23	23
abstract_large	test_QASMBench_large[ising_n420-linear]	iter_2	0.03639931597613862	0.03156993652303373	838	838	4760	4760	23	23
abstract_large	test_QASMBench_large[ising_n66-all-to-all]	iter_2	0.02915006152221135	0.026232942203549964	130	130	740	740	22	22
abstract_large	test_QASMBench_large[ising_n66-square]	iter_2	0.015189499681582674	0.013899320142640583	130	130	750	750	23	23
abstract_large	test_QASMBench_large[ising_n66-heavy-hex]	iter_2	0.01697632563063654	0.015740462327523838	130	130	755	755	23	23
abstract_large	test_QASMBench_large[ising_n66-linear]	iter_2	0.009978663670469304	0.008796379228334615	130	130	744	744	22	22
abstract_large	test_QASMBench_large[ising_n98-all-to-all]	iter_2	0.04800875280939397	0.04532459784637798	194	194	1113	1113	22	22
abstract_large	test_QASMBench_large[ising_n98-square]	iter_2	0.015359680094416179	0.013739759075468864	194	194	1100	1100	22	22
abstract_large	test_QASMBench_large[ising_n98-heavy-hex]	iter_2	2.85271935723722	2.8002403303980827	590	590	2107	2107	120	120
abstract_large	test_QASMBench_large[ising_n98-linear]	iter_2	0.013348945762429919	0.011855373316141496	194	194	1118	1118	23	23
abstract_large	test_QASMBench_large[knn_129-all-to-all]	iter_2	0.08510649406040709	0.0848401674690346	448	448	2093	2093	1092	1092
abstract_large	test_QASMBench_large[knn_129-square]	iter_2	0.0653592674061656	0.06423282145988196	1307	1307	4299	4299	2506	2506
abstract_large	test_QASMBench_large[knn_129-heavy-hex]	iter_2	0.06597791891545057	0.06481673382222652	1651	1651	5167	5167	3195	3195
abstract_large	test_QASMBench_large[knn_129-linear]	iter_2	0.04366835835389793	0.04050066642463207	831	831	3213	3213	2197	2197
abstract_large	test_QASMBench_large[knn_n31-all-to-all]	iter_2	0.01442218234465606	0.01376008117305381	105	105	497	497	272	272
abstract_large	test_QASMBench_large[knn_n31-square]	iter_2	0.012210390088148415	0.01199475809549674	210	210	738	738	496	496
abstract_large	test_QASMBench_large[knn_n31-heavy-hex]	iter_2	0.01895414300262928	0.018725337355204347	269	269	830	830	621	621
abstract_large	test_QASMBench_large[knn_n31-linear]	iter_2	0.010358378820513424	0.010326300437251726	171	171	744	744	479	479
abstract_large	test_QASMBench_large[knn_341-all-to-all]	iter_2	0.6945430589839816	0.6959101418033242	1190	1190	5700	5700	2988	2988
abstract_large	test_QASMBench_large[knn_341-square]	iter_2	0.19073181909819445	0.1798123326152563	3495	3495	11367	11367	6591	6591
abstract_large	test_QASMBench_large[knn_341-heavy-hex]	iter_2	0.17247470250974098	0.17283877668281397	5343	5343	16076	16076	9319	9319
abstract_large	test_QASMBench_large[knn_341-linear]	iter_2	1.7652476634830236	1.7324986103922129	3615	3615	12102	12102	7747	7747
abstract_large	test_QASMBench_large[knn_n41-all-to-all]	iter_2	0.019300856663344	0.01820886938798207	140	140	679	679	357	357
abstract_large	test_QASMBench_large[knn_n41-square]	iter_2	0.025089524399775725	0.023113918252462565	291	291	1066	1066	642	642
abstract_large	test_QASMBench_large[knn_n41-heavy-hex]	iter_2	0.017025097604777852	0.016634257477626466	372	372	1258	1258	913	913
abstract_large	test_QASMBench_large[knn_n41-linear]	iter_2	0.01253956515196856	0.012523742731321941	228	228	1004	1004	620	620
abstract_large	test_QASMBench_large[knn_n67-all-to-all]	iter_2	0.03161577970510529	0.03021182492375374	231	231	1100	1100	584	584
abstract_large	test_QASMBench_large[knn_n67-square]	iter_2	0.04339657467789948	0.040376139283180235	578	578	1954	1954	1219	1219
abstract_large	test_QASMBench_large[knn_n67-heavy-hex]	iter_2	0.028999097485627446	0.028354020257081305	710	710	2253	2253	1532	1532
abstract_large	test_QASMBench_large[knn_n67-linear]	iter_2	0.018559846535043896	0.01856712847282844	393	393	1653	1653	1052	1052
abstract_large	test_QASMBench_large[multiplier_n350-all-to-all]	iter_2	3.9204951114952564	3.656832868233323	145880	145880	544035	544035	288935	288935
abstract_large	test_QASMBench_large[multiplier_n350-square]	iter_2	8.365687757730484	7.749095594510436	431215	431215	1298083	1298083	557166	557166
abstract_large	test_QASMBench_large[multiplier_n350-heavy-hex]	iter_2	10.807836148887873	10.370554132387042	585014	585014	1712121	1712121	694850	694850
abstract_large	test_QASMBench_large[multiplier_n350-linear]	iter_2	16.293253038078547	12.725667599588633	1029644	1029644	2822330	2822330	918533	918533
abstract_large	test_QASMBench_large[multiplier_n400-all-to-all]	iter_2	5.4533116314560175	5.352131614461541	190720	190720	708082	708082	376823	376823
abstract_large	test_QASMBench_large[multiplier_n400-square]	iter_2	11.736825946718454	10.599372683092952	567778	567778	1719997	1719997	738395	738395
abstract_large	test_QASMBench_large[multiplier_n400-heavy-hex]	iter_2	14.057578057050705	13.170423144474626	761398	761398	2240544	2240544	900192	900192
abstract_large	test_QASMBench_large[multiplier_n400-linear]	iter_2	21.82951652444899	16.713292934000492	1357932	1357932	3739412	3739412	1211862	1211862
abstract_large	test_QASMBench_large[multiplier_n45-all-to-all]	iter_2	0.06041613922399633	0.05831899165230639	2286	2286	8341	8341	4516	4516
abstract_large	test_QASMBench_large[multiplier_n45-square]	iter_2	0.08136149911353222	0.07835261624019879	5050	5050	16533	16533	7982	7982
abstract_large	test_QASMBench_large[multiplier_n45-heavy-hex]	iter_2	0.08441900508478284	0.08143956300157768	5995	5995	18756	18756	9285	9285
abstract_large	test_QASMBench_large[multiplier_n45-linear]	iter_2	0.097544264793396	0.09239272790198977	7648	7648	23561	23561	9992	9992
abstract_large	test_QASMBench_large[multiplier_n75-all-to-all]	iter_2	0.14799255824514798	0.14086722742233956	6510	6510	24289	24289	13020	13020
abstract_large	test_QASMBench_large[multiplier_n75-square]	iter_2	0.2602132926695049	0.22001387178897858	15790	15790	49622	49622	24130	24130
abstract_large	test_QASMBench_large[multiplier_n75-heavy-hex]	iter_2	0.2847130154259503	0.24259930066764354	18967	18967	58790	58790	27105	27105
abstract_large	test_QASMBench_large[multiplier_n75-linear]	iter_2	0.297461430542171	0.28574490640312433	27110	27110	79555	79555	31414	31414
abstract_large	test_QASMBench_large[qft_n160-all-to-all]	iter_2	0.2789819650352001	0.2742163371294737	4270	4270	14867	14867	2360	2360
abstract_large	test_QASMBench_large[qft_n160-square]	iter_2	0.2672137590125203	0.23226259797811508	12992	12992	41385	41385	9578	9578
abstract_large	test_QASMBench_large[qft_n160-heavy-hex]	iter_2	0.26664563035592437	0.22569048218429089	14606	14606	50519	50519	7653	7653
abstract_large	test_QASMBench_large[qft_n160-linear]	iter_2	0.49741058610379696	0.40707381069660187	47880	47880	132973	132973	23928	23928
abstract_large	test_QASMBench_large[qft_n29-all-to-all]	iter_2	0.03148148046626199	0.02825156013097833	602	602	2106	2106	408	408
abstract_large	test_QASMBench_large[qft_n29-square]	iter_2	0.030771349789574742	0.026510257072545385	1259	1259	4228	4228	1176	1176
abstract_large	test_QASMBench_large[qft_n29-heavy-hex]	iter_2	0.034525722393701816	0.029948712710072014	1311	1311	5266	5266	908	908
abstract_large	test_QASMBench_large[qft_n29-linear]	iter_2	0.030576068384107202	0.02601207189850117	1339	1339	5193	5193	935	935
abstract_large	test_QASMBench_large[qft_n320-all-to-all]	iter_2	0.9627100583165884	0.9333204217255116	8750	8750	30201	30201	4730	4730
abstract_large	test_QASMBench_large[qft_n320-square]	iter_2	0.5965103199705482	0.5285818530246615	29324	29324	93764	93764	20750	20750
abstract_large	test_QASMBench_large[qft_n320-heavy-hex]	iter_2	0.6779985865578055	0.5843828367069364	40100	40100	123889	123889	19345	19345
abstract_large	test_QASMBench_large[qft_n320-linear]	iter_2	2.170777030289173	1.6717438492923975	181247	181247	487563	487563	111921	111921
abstract_large	test_QASMBench_large[qft_n63-all-to-all]	iter_2	0.0725504814514092	0.06667478627059609	1554	1554	5310	5310	905	905
abstract_large	test_QASMBench_large[qft_n63-square]	iter_2	0.07906542646770294	0.06883193291723728	4015	4015	12877	12877	3611	3611
abstract_large	test_QASMBench_large[qft_n63-heavy-hex]	iter_2	0.10179578191177412	0.08786598018681009	4240	4240	15519	15519	2635	2635
abstract_large	test_QASMBench_large[qft_n63-linear]	iter_2	0.1088090417906642	0.08871454051272436	8052	8052	24971	24971	3231	3231
abstract_large	test_QASMBench_large[qugan_n111-all-to-all]	iter_2	0.1650627078488469	0.16117647755891085	601	601	3246	3246	979	979
abstract_large	test_QASMBench_large[qugan_n111-square]	iter_2	0.1499773051057543	0.1429990106927497	1609	1609	6105	6105	2011	2011
abstract_large	test_QASMBench_large[qugan_n111-heavy-hex]	iter_2	0.14844497798808984	0.13993487623520195	2015	2015	7147	7147	2610	2610
abstract_large	test_QASMBench_large[qugan_n111-linear]	iter_2	0.14079488015600614	0.13464623549953103	1253	1253	5250	5250	1827	1827
abstract_large	test_QASMBench_large[qugan_n39-all-to-all]	iter_2	0.05509459237126928	0.05368208306792535	205	205	1112	1112	355	355
abstract_large	test_QASMBench_large[qugan_n39-square]	iter_2	0.05766744301136997	0.055082098825981744	405	405	1671	1671	704	704
abstract_large	test_QASMBench_large[qugan_n39-heavy-hex]	iter_2	0.05628471988204278	0.05248325699940324	516	516	1944	1944	821	821
abstract_large	test_QASMBench_large[qugan_n39-linear]	iter_2	0.05295239986949846	0.05026355944573879	435	435	1818	1818	696	696
abstract_large	test_QASMBench_large[qugan_n395-all-to-all]	iter_2	1.4525326322764158	1.4131861943751574	2163	2163	11674	11674	3454	3454
abstract_large	test_QASMBench_large[qugan_n395-square]	iter_2	0.5848795184865594	0.5563726369291544	7593	7593	26644	26644	7886	7886
abstract_large	test_QASMBench_large[qugan_n395-heavy-hex]	iter_2	0.5804307023063302	0.5442294236272573	11806	11806	37583	37583	10009	10009
abstract_large	test_QASMBench_large[qugan_n395-linear]	iter_2	2.103877492249012	2.0613704845309258	9144	9144	30569	30569	9598	9598
abstract_large	test_QASMBench_large[qugan_n71-all-to-all]	iter_2	0.10752138458192348	0.1047406306490302	381	381	2070	2070	646	646
abstract_large	test_QASMBench_large[qugan_n71-square]	iter_2	0.09614558060738174	0.09241714311594312	930	930	3662	3662	1270	1270
abstract_large	test_QASMBench_large[qugan_n71-heavy-hex]	iter_2	0.09861860441213305	0.09332593394951387	1162	1162	4263	4263	1446	1446
abstract_large	test_QASMBench_large[qugan_n71-linear]	iter_2	0.09191832793029872	0.08739493135362864	797	797	3348	3348	1157	1157
abstract_large	test_QASMBench_large[square_root_n45-all-to-all]	iter_2	0.9618314262479544	0.9545363616198301	54151	54151	212867	212867	148771	148771
abstract_large	test_QASMBench_large[square_root_n45-square]	iter_2	2.831436313688755	2.2545373551547527	168177	168177	529450	529450	305108	305108
abstract_large	test_QASMBench_large[square_root_n45-heavy-hex]	iter_2	2.8631261456757784	2.7081769183278084	220459	220459	655187	655187	380393	380393
abstract_large	test_QASMBench_large[square_root_n45-linear]	iter_2	3.9171229247003794	3.587617166340351	296286	296286	864219	864219	488429	488429
abstract_large	test_QASMBench_large[square_root_n60-all-to-all]	iter_2	10.057241410017014	10.029727218672633	415123	415123	1651788	1651788	1139186	1139186
abstract_large	test_QASMBench_large[square_root_n60-square]	iter_2	27.068983042612672	21.6209168266505	1413498	1413498	4299747	4299747	2429432	2429432
abstract_large	test_QASMBench_large[square_root_n60-heavy-hex]	iter_2	34.768751963973045	27.305413158610463	1962518	1962518	5705555	5705555	3130159	3130159
abstract_large	test_QASMBench_large[square_root_n60-linear]	iter_2	48.22102799639106	36.54728527367115	3284113	3284113	8827066	8827066	4904648	4904648
abstract_large	test_QASMBench_large[swap_test_n115-all-to-all]	iter_2	0.0737897004666073	0.0722712359080712	399	399	2173	2173	1014	1014
abstract_large	test_QASMBench_large[swap_test_n115-square]	iter_2	0.07733815564559056	0.0704301032902939	1008	1008	3600	3600	2118	2118
abstract_large	test_QASMBench_large[swap_test_n115-heavy-hex]	iter_2	0.052498433645814656	0.04772764503617178	1321	1321	4243	4243	2739	2739
abstract_large	test_QASMBench_large[swap_test_n115-linear]	iter_2	0.037511071604159146	0.034575135943790275	709	709	2981	2981	1898	1898
abstract_large	test_QASMBench_large[swap_test_n361-all-to-all]	iter_2	0.8652124777436256	0.8177591320127249	1260	1260	6856	6856	3153	3153
abstract_large	test_QASMBench_large[swap_test_n361-square]	iter_2	0.21224548630416393	0.20787146165966988	4773	4773	15258	15258	8536	8536
abstract_large	test_QASMBench_large[swap_test_n361-heavy-hex]	iter_2	0.18761952128261328	0.18331363083173832	6104	6104	18802	18802	10804	10804
abstract_large	test_QASMBench_large[swap_test_n361-linear]	iter_2	2.1214574482291937	2.0775236338377	3826	3826	13069	13069	8223	8223
abstract_large	test_QASMBench_large[swap_test_n41-all-to-all]	iter_2	0.019640175983882867	0.018425842255072773	140	140	757	757	359	359
abstract_large	test_QASMBench_large[swap_test_n41-square]	iter_2	0.025130055053159593	0.023092378735203634	291	291	1131	1131	644	644
abstract_large	test_QASMBench_large[swap_test_n41-heavy-hex]	iter_2	0.01716159826277622	0.016799026013662417	372	372	1334	1334	914	914
abstract_large	test_QASMBench_large[swap_test_n41-linear]	iter_2	0.012578750745608257	0.012463265960104764	228	228	1019	1019	622	622
abstract_large	test_QASMBench_large[swap_test_n83-all-to-all]	iter_2	0.042889505948709404	0.04022229455411434	287	287	1589	1589	741	741
abstract_large	test_QASMBench_large[swap_test_n83-square]	iter_2	0.04827596637464705	0.04731627138839527	678	678	2335	2335	1482	1482
abstract_large	test_QASMBench_large[swap_test_n83-heavy-hex]	iter_2	0.037671548913099935	0.03678366435425622	948	948	3130	3130	2084	2084
abstract_large	test_QASMBench_large[swap_test_n83-linear]	iter_2	0.023115027740242936	0.02290992857888341	501	501	2119	2119	1340	1340
abstract_large	test_QASMBench_large[vqe_uccsd_n28-all-to-all]	iter_2	7.701391026377678	6.518792774528265	234574	234574	625203	625203	715272	715272
abstract_large	test_QASMBench_large[vqe_uccsd_n28-square]	iter_2	14.943096861243248	12.839125081896782	276380	276380	799677	799677	803046	803046
abstract_large	test_QASMBench_large[vqe_uccsd_n28-heavy-hex]	iter_2	20.055846920236945	18.124199191108346	362326	362326	1125351	1125351	1003334	1003334
abstract_large	test_QASMBench_large[vqe_uccsd_n28-linear]	iter_2	10.396247493103147	9.097270065918565	275504	275504	738620	738620	791091	791091
abstract_large	test_QASMBench_large[wstate_n118-all-to-all]	iter_2	0.06399158027488738	0.06338937149848789	234	234	1505	1505	549	549
abstract_large	test_QASMBench_large[wstate_n118-square]	iter_2	0.015005751753286008	0.014864712671348543	234	234	1499	1499	545	545
abstract_large	test_QASMBench_large[wstate_n118-heavy-hex]	iter_2	0.024681756716398967	0.02422344348416096	234	234	1492	1492	541	541
abstract_large	test_QASMBench_large[wstate_n118-linear]	iter_2	0.012637557314806864	0.01250063986517489	234	234	1502	1502	548	548
abstract_large	test_QASMBench_large[wstate_n36-all-to-all]	iter_2	0.016411728332521486	0.015301664746724642	70	70	449	449	169	169
abstract_large	test_QASMBench_large[wstate_n36-square]	iter_2	0.00885989246806046	0.008832545694681483	70	70	447	447	169	169
abstract_large	test_QASMBench_large[wstate_n36-heavy-hex]	iter_2	0.010062188585745353	0.009947798128441437	70	70	450	450	171	171
abstract_large	test_QASMBench_large[wstate_n36-linear]	iter_2	0.0060053618019161046	0.005994129779212403	70	70	453	453	166	166
abstract_large	test_QASMBench_large[wstate_n380-all-to-all]	iter_2	0.9543903842568398	0.9309355262666941	758	758	4816	4816	1719	1719
abstract_large	test_QASMBench_large[wstate_n380-square]	iter_2	0.03244015332311392	0.032010127519888264	758	758	4847	4847	1723	1723
abstract_large	test_QASMBench_large[wstate_n380-heavy-hex]	iter_2	6.694550633430481	6.449057597666979	8395	8395	23441	23441	7402	7402
abstract_large	test_QASMBench_large[wstate_n380-linear]	iter_2	0.027799128347800836	0.02729547834275542	758	758	4841	4841	1723	1723
abstract_large	test_QASMBench_large[wstate_n76-all-to-all]	iter_2	0.03342597149312496	0.03148422553204	150	150	959	959	354	354
abstract_large	test_QASMBench_large[wstate_n76-square]	iter_2	0.011861200840212405	0.011893376103275783	150	150	969	969	353	353
abstract_large	test_QASMBench_large[wstate_n76-heavy-hex]	iter_2	0.014712849442941555	0.014376431379629217	150	150	974	974	356	356
abstract_large	test_QASMBench_large[wstate_n76-linear]	iter_2	0.009139749562681312	0.009107592049986124	150	150	973	973	354	354
abstract_hamiltonians	test_hamiltonians[ham_enc_stdbinary_dvalues_d-level-4-all-to-all]	iter_2	0.009506071014612011	0.009470100845060041	3	3	27	27	19	19
abstract_hamiltonians	test_hamiltonians[ham_enc_stdbinary_dvalues_d-level-4-square]	iter_2	0.009589250436892696	0.009426044648356526	3	3	27	27	19	19
abstract_hamiltonians	test_hamiltonians[ham_enc_stdbinary_dvalues_d-level-4-heavy-hex]	iter_2	0.010172063916137343	0.010182544965534768	3	3	26	26	19	19
abstract_hamiltonians	test_hamiltonians[ham_enc_stdbinary_dvalues_d-level-4-linear]	iter_2	0.00908557767762202	0.009123473238475897	3	3	27	27	19	19
abstract_hamiltonians	test_hamiltonians[ham_mu_y_prime_enc_stdbinary_dvalues_8-8-4-4-all-to-all]	iter_2	0.003704484018711417	0.0036809706898151095	16	16	69	69	56	56
abstract_hamiltonians	test_hamiltonians[ham_mu_y_prime_enc_stdbinary_dvalues_8-8-4-4-square]	iter_2	0.00560320330877527	0.0048466899818709105	22	22	95	95	69	69
abstract_hamiltonians	test_hamiltonians[ham_mu_y_prime_enc_stdbinary_dvalues_8-8-4-4-heavy-hex]	iter_2	0.005528039329387004	0.005485580531614167	18	18	86	86	68	68
abstract_hamiltonians	test_hamiltonians[ham_mu_y_prime_enc_stdbinary_dvalues_8-8-4-4-linear]	iter_2	0.004583467734069681	0.004560097861621115	18	18	86	86	68	68
abstract_hamiltonians	test_hamiltonians[ham_mu_y_prime_enc_unary_dvalues_4-4-4-all-to-all]	iter_2	0.0024924740553070594	0.0024272479688522046	6	6	52	52	32	32
abstract_hamiltonians	test_hamiltonians[ham_mu_y_prime_enc_unary_dvalues_4-4-4-square]	iter_2	0.00247270622332791	0.002398232477334197	6	6	52	52	32	32
abstract_hamiltonians	test_hamiltonians[ham_mu_y_prime_enc_unary_dvalues_4-4-4-heavy-hex]	iter_2	0.0032488934578388693	0.0032122322414136185	6	6	52	52	32	32
abstract_hamiltonians	test_hamiltonians[ham_mu_y_prime_enc_unary_dvalues_4-4-4-linear]	iter_2	0.002460080552701802	0.0024156043421467038	6	6	52	52	32	32
abstract_hamiltonians	test_hamiltonians[ham_mu_z_prime_enc_gray_dvalues_4-4-4-4-all-to-all]	iter_2	0.0020480155364143477	0.0019973892325150042	4	4	33	33	11	11
abstract_hamiltonians	test_hamiltonians[ham_mu_z_prime_enc_gray_dvalues_4-4-4-4-square]	iter_2	0.0023900167424108537	0.0020039636536916612	4	4	35	35	14	14
abstract_hamiltonians	test_hamiltonians[ham_mu_z_prime_enc_gray_dvalues_4-4-4-4-heavy-hex]	iter_2	0.002875514133054702	0.0028527393458311835	4	4	34	34	14	14
abstract_hamiltonians	test_hamiltonians[ham_mu_z_prime_enc_gray_dvalues_4-4-4-4-linear]	iter_2	0.0024027073963948753	0.0020093800457809076	4	4	34	34	14	14
abstract_hamiltonians	test_hamiltonians[ham_gnp-k_2_n-4_rinst-05-all-to-all]	iter_2	0.0042273191087271855	0.003532646596431732	21	21	77	77	75	75
abstract_hamiltonians	test_hamiltonians[ham_gnp-k_2_n-4_rinst-05-square]	iter_2	0.00540963674230235	0.004607579714730772	31	31	130	130	106	106
abstract_hamiltonians	test_hamiltonians[ham_gnp-k_2_n-4_rinst-05-heavy-hex]	iter_2	0.0061731333774862	0.005257975734487365	22	22	92	92	81	81
abstract_hamiltonians	test_hamiltonians[ham_gnp-k_2_n-4_rinst-05-linear]	iter_2	0.0054086422578570595	0.004621340726273802	33	33	134	134	109	109
abstract_hamiltonians	test_hamiltonians[ham_ham_parity-4-all-to-all]	iter_2	0.005744165918301968	0.004940599772753646	47	47	149	149	159	159
abstract_hamiltonians	test_hamiltonians[ham_ham_parity-4-square]	iter_2	0.006147123742978889	0.006078876359583614	66	66	220	220	196	196
abstract_hamiltonians	test_hamiltonians[ham_ham_parity-4-heavy-hex]	iter_2	0.0074862814312722506	0.006559871491931733	62	62	206	206	198	198
abstract_hamiltonians	test_hamiltonians[ham_ham_parity-4-linear]	iter_2	0.0070286375703290105	0.006117414706983628	62	62	258	258	222	222
abstract_hamiltonians	test_hamiltonians[ham_mu_y_prime_enc_stdbinary_dvalues_16-16-16-16-8-8-8-all-to-all]	iter_2	0.006067926935756054	0.005226089509838786	49	49	197	197	165	165
abstract_hamiltonians	test_hamiltonians[ham_mu_y_prime_enc_stdbinary_dvalues_16-16-16-16-8-8-8-square]	iter_2	0.007182090821927481	0.006349483554895292	64	64	241	241	210	210
abstract_hamiltonians	test_hamiltonians[ham_mu_y_prime_enc_stdbinary_dvalues_16-16-16-16-8-8-8-heavy-hex]	iter_2	0.006898250985350318	0.006844524989154802	72	72	260	260	212	212
abstract_hamiltonians	test_hamiltonians[ham_mu_y_prime_enc_stdbinary_dvalues_16-16-16-16-8-8-8-linear]	iter_2	0.007405585480214905	0.006519721323394612	72	72	295	295	237	237
abstract_hamiltonians	test_hamiltonians[ham_mu_y_prime_enc_gray_dvalues_16-16-16-all-to-all]	iter_2	0.00481936600849484	0.004771618253121583	58	58	198	198	190	190
abstract_hamiltonians	test_hamiltonians[ham_mu_y_prime_enc_gray_dvalues_16-16-16-square]	iter_2	0.005981083420462579	0.005983568584689727	83	83	282	282	251	251
abstract_hamiltonians	test_hamiltonians[ham_mu_y_prime_enc_gray_dvalues_16-16-16-heavy-hex]	iter_2	0.006664164510688611	0.006590083436845066	83	83	304	304	284	284
abstract_hamiltonians	test_hamiltonians[ham_mu_y_prime_enc_gray_dvalues_16-16-16-linear]	iter_2	0.0060669045766879775	0.005997504582101444	92	92	308	308	265	265
abstract_hamiltonians	test_hamiltonians[ham_enc_gray_dvalues_d-level-16-all-to-all]	iter_2	0.009207946671680971	0.008196571164510467	128	128	539	539	458	458
abstract_hamiltonians	test_hamiltonians[ham_enc_gray_dvalues_d-level-16-square]	iter_2	0.010777477559674046	0.00994707435590796	187	187	729	729	597	597
abstract_hamiltonians	test_hamiltonians[ham_enc_gray_dvalues_d-level-16-heavy-hex]	iter_2	0.011718226023591481	0.010411683177010397	172	172	831	831	644	644
abstract_hamiltonians	test_hamiltonians[ham_enc_gray_dvalues_d-level-16-linear]	iter_2	0.011142924068156968	0.009861391351411217	196	196	897	897	680	680
abstract_hamiltonians	test_hamiltonians[ham_mu_y_prime_enc_stdbinary_dvalues_8-8-8-8-8-8-all-to-all]	iter_2	0.005723033710161135	0.004910768882224434	32	32	142	142	58	58
abstract_hamiltonians	test_hamiltonians[ham_mu_y_prime_enc_stdbinary_dvalues_8-8-8-8-8-8-square]	iter_2	0.0065319556375279236	0.006159209848179684	38	38	153	153	71	71
abstract_hamiltonians	test_hamiltonians[ham_mu_y_prime_enc_stdbinary_dvalues_8-8-8-8-8-8-heavy-hex]	iter_2	0.006585221647702415	0.006497050298655287	36	36	183	183	74	74
abstract_hamiltonians	test_hamiltonians[ham_mu_y_prime_enc_stdbinary_dvalues_8-8-8-8-8-8-linear]	iter_2	0.005954347286419368	0.005919439842303594	36	36	183	183	74	74
abstract_hamiltonians	test_hamiltonians[ham_gnp-k_4_n-6_rinst-15-all-to-all]	iter_2	0.0064980273372402374	0.0055553706849671225	87	87	331	331	263	263
abstract_hamiltonians	test_hamiltonians[ham_gnp-k_4_n-6_rinst-15-square]	iter_2	0.007892088707664916	0.006863616331404931	111	111	416	416	334	334
abstract_hamiltonians	test_hamiltonians[ham_gnp-k_4_n-6_rinst-15-heavy-hex]	iter_2	0.0070280451603509765	0.006919394140593878	131	131	463	463	403	403
abstract_hamiltonians	test_hamiltonians[ham_gnp-k_4_n-6_rinst-15-linear]	iter_2	0.008071668725460768	0.006855820148238834	171	171	579	579	436	436
abstract_hamiltonians	test_hamiltonians[ham_ham_JW-6-all-to-all]	iter_2	0.009300642814487219	0.008040428553756914	225	225	651	651	692	692
abstract_hamiltonians	test_hamiltonians[ham_ham_JW-6-square]	iter_2	0.011288878255907226	0.00987595109269023	294	294	888	888	835	835
abstract_hamiltonians	test_hamiltonians[ham_ham_JW-6-heavy-hex]	iter_2	0.012347345725751259	0.01063151615969044	329	329	1137	1137	1000	1000
abstract_hamiltonians	test_hamiltonians[ham_ham_JW-6-linear]	iter_2	0.010226928906396348	0.010062431681313013	378	378	1207	1207	974	974
abstract_hamiltonians	test_hamiltonians[ham_mu_y_prime_enc_unary_dvalues_8-8-8-8-8-8-8-all-to-all]	iter_2	0.004549397707537368	0.004456237972244224	14	14	120	120	72	72
abstract_hamiltonians	test_hamiltonians[ham_mu_y_prime_enc_unary_dvalues_8-8-8-8-8-8-8-square]	iter_2	0.003797218554160174	0.003760383551956242	14	14	120	120	72	72
abstract_hamiltonians	test_hamiltonians[ham_mu_y_prime_enc_unary_dvalues_8-8-8-8-8-8-8-heavy-hex]	iter_2	0.004151442838746284	0.004119603732310304	14	14	120	120	72	72
abstract_hamiltonians	test_hamiltonians[ham_mu_y_prime_enc_unary_dvalues_8-8-8-8-8-8-8-linear]	iter_2	0.003657476969485013	0.003618059895824695	14	14	120	120	72	72
abstract_hamiltonians	test_hamiltonians[ham_7-uf20-0384.cnf-8-res-all-to-all]	iter_2	0.0075714683174624925	0.00735859052726516	44	44	150	150	81	81
abstract_hamiltonians	test_hamiltonians[ham_7-uf20-0384.cnf-8-res-square]	iter_2	0.00581516573445563	0.005764943795532164	64	64	218	218	122	122
abstract_hamiltonians	test_hamiltonians[ham_7-uf20-0384.cnf-8-res-heavy-hex]	iter_2	0.006872477867300548	0.006007382958572103	78	78	269	269	148	148
abstract_hamiltonians	test_hamiltonians[ham_7-uf20-0384.cnf-8-res-linear]	iter_2	0.00597681882227682	0.00591302522800014	91	91	302	302	163	163
abstract_hamiltonians	test_hamiltonians[ham_tsp_rand-002_Ncity-4_enc-stdbinary-all-to-all]	iter_2	0.01078502284853082	0.010615067456358223	80	80	271	271	208	208
abstract_hamiltonians	test_hamiltonians[ham_tsp_rand-002_Ncity-4_enc-stdbinary-square]	iter_2	0.008161605598452764	0.007113222825104621	120	120	400	400	303	303
abstract_hamiltonians	test_hamiltonians[ham_tsp_rand-002_Ncity-4_enc-stdbinary-heavy-hex]	iter_2	0.007578428690285645	0.007487012395509204	133	133	500	500	337	337
abstract_hamiltonians	test_hamiltonians[ham_tsp_rand-002_Ncity-4_enc-stdbinary-linear]	iter_2	0.008584606330515	0.007393117419871173	164	164	546	546	367	367
abstract_hamiltonians	test_hamiltonians[ham_ham_JW-8-all-to-all]	iter_2	0.0269785369746387	0.026286721481262026	850	850	2294	2294	2572	2572
abstract_hamiltonians	test_hamiltonians[ham_ham_JW-8-square]	iter_2	0.027782833258457044	0.026491783399667058	1262	1262	3867	3867	3483	3483
abstract_hamiltonians	test_hamiltonians[ham_ham_JW-8-heavy-hex]	iter_2	0.028630084099455014	0.0275531572264594	1367	1367	4343	4343	3654	3654
abstract_hamiltonians	test_hamiltonians[ham_ham_JW-8-linear]	iter_2	0.027810495502005022	0.02687886543571949	1370	1370	4325	4325	3629	3629
abstract_hamiltonians	test_hamiltonians[ham_enc_gray_dvalues_8-8-8-all-to-all]	iter_2	0.34895243992408115	0.32440385315567255	6640	6640	18561	18561	21041	21041
abstract_hamiltonians	test_hamiltonians[ham_enc_gray_dvalues_8-8-8-square]	iter_2	0.4244854710996151	0.3737036877622207	11709	11709	37371	37371	32935	32935
abstract_hamiltonians	test_hamiltonians[ham_enc_gray_dvalues_8-8-8-heavy-hex]	iter_2	0.4367204637577136	0.4099853578954935	12635	12635	37612	37612	32482	32482
abstract_hamiltonians	test_hamiltonians[ham_enc_gray_dvalues_8-8-8-linear]	iter_2	0.4301747555534045	0.38532854182024795	13027	13027	39230	39230	32628	32628
abstract_hamiltonians	test_hamiltonians[ham_complbipart-n-10_a-5_b-5-all-to-all]	iter_2	0.01170288878493011	0.010322814121058113	150	150	550	550	406	406
abstract_hamiltonians	test_hamiltonians[ham_complbipart-n-10_a-5_b-5-square]	iter_2	0.010505570119686341	0.009046148441054605	239	239	791	791	642	642
abstract_hamiltonians	test_hamiltonians[ham_complbipart-n-10_a-5_b-5-heavy-hex]	iter_2	0.011220899658898513	0.00958500525832755	290	290	932	932	682	682
abstract_hamiltonians	test_hamiltonians[ham_complbipart-n-10_a-5_b-5-linear]	iter_2	0.010930050962737628	0.009481292011009322	305	305	1105	1105	790	790
abstract_hamiltonians	test_hamiltonians[ham_ham_JW10-all-to-all]	iter_2	0.05254344818623442	0.04684632058654513	1484	1484	4037	4037	4446	4446
abstract_hamiltonians	test_hamiltonians[ham_ham_JW10-square]	iter_2	0.0456725379363412	0.04278988924554803	2293	2293	7056	7056	6147	6147
abstract_hamiltonians	test_hamiltonians[ham_ham_JW10-heavy-hex]	iter_2	0.06015208067701144	0.05115340904969918	2329	2329	6986	6986	6413	6413
abstract_hamiltonians	test_hamiltonians[ham_ham_JW10-linear]	iter_2	0.047807805240154266	0.044725104912438175	2765	2765	8388	8388	7498	7498
abstract_hamiltonians	test_hamiltonians[ham_ham_parity10-all-to-all]	iter_2	0.056402040335039295	0.05377562461714996	1573	1573	4152	4152	4801	4801
abstract_hamiltonians	test_hamiltonians[ham_ham_parity10-square]	iter_2	0.05284986497932359	0.049922337666863485	2273	2273	7077	7077	6434	6434
abstract_hamiltonians	test_hamiltonians[ham_ham_parity10-heavy-hex]	iter_2	0.06060973324758165	0.052006617467850444	2269	2269	6824	6824	6591	6591
abstract_hamiltonians	test_hamiltonians[ham_ham_parity10-linear]	iter_2	0.05736875358141131	0.0467218008069765	2810	2810	8349	8349	7642	7642
abstract_hamiltonians	test_hamiltonians[ham_ham_JW-10-all-to-all]	iter_2	0.05342256179765651	0.04707242717797106	1484	1484	4047	4047	4446	4446
abstract_hamiltonians	test_hamiltonians[ham_ham_JW-10-square]	iter_2	0.04565479241959427	0.04303175893922647	2293	2293	7029	7029	6128	6128
abstract_hamiltonians	test_hamiltonians[ham_ham_JW-10-heavy-hex]	iter_2	0.05987526750301614	0.05114024989306927	2329	2329	6962	6962	6400	6400
abstract_hamiltonians	test_hamiltonians[ham_ham_JW-10-linear]	iter_2	0.04662167077714747	0.04455249594605487	2765	2765	8366	8366	7509	7509
abstract_hamiltonians	test_hamiltonians[ham_mu_x_prime_enc_stdbinary_dvalues_8-8-8-8-8-8-8-8-8-4-4-4-4-4-4-all-to-all]	iter_2	0.011955422107820158	0.010589634725137761	50	50	236	236	60	60
abstract_hamiltonians	test_hamiltonians[ham_mu_x_prime_enc_stdbinary_dvalues_8-8-8-8-8-8-8-8-8-4-4-4-4-4-4-square]	iter_2	0.007755238803681628	0.007776412486907889	60	60	276	276	72	72
abstract_hamiltonians	test_hamiltonians[ham_mu_x_prime_enc_stdbinary_dvalues_8-8-8-8-8-8-8-8-8-4-4-4-4-4-4-heavy-hex]	iter_2	0.014081619406009422	0.013811228105000087	56	56	291	291	74	74
abstract_hamiltonians	test_hamiltonians[ham_mu_x_prime_enc_stdbinary_dvalues_8-8-8-8-8-8-8-8-8-4-4-4-4-4-4-linear]	iter_2	0.00848318749666214	0.007579952145252771	56	56	297	297	74	74
abstract_hamiltonians	test_hamiltonians[ham_mu_x_prime_enc_unary_dvalues_4-4-4-all-to-all]	iter_2	0.00822663191452767	0.007877343901149605	18	18	156	156	32	32
abstract_hamiltonians	test_hamiltonians[ham_mu_x_prime_enc_unary_dvalues_4-4-4-square]	iter_2	0.007270640373897196	0.0072082939728255	18	18	156	156	32	32
abstract_hamiltonians	test_hamiltonians[ham_mu_x_prime_enc_unary_dvalues_4-4-4-heavy-hex]	iter_2	0.007368287696999355	0.007219527611954951	18	18	156	156	32	32
abstract_hamiltonians	test_hamiltonians[ham_mu_x_prime_enc_unary_dvalues_4-4-4-linear]	iter_2	0.004254374285698484	0.004266427203627496	18	18	156	156	32	32
abstract_hamiltonians	test_hamiltonians[ham_ham_parity12-all-to-all]	iter_2	0.1273634871467948	0.11851847316655847	3172	3172	8592	8592	9951	9951
abstract_hamiltonians	test_hamiltonians[ham_ham_parity12-square]	iter_2	0.16266514640301466	0.14836963558835642	5174	5174	15727	15727	14200	14200
abstract_hamiltonians	test_hamiltonians[ham_ham_parity12-heavy-hex]	iter_2	0.15690251093889987	0.14375770757240908	5776	5776	17295	17295	15546	15546
abstract_hamiltonians	test_hamiltonians[ham_ham_parity12-linear]	iter_2	0.12930337828584015	0.1219248827546835	6063	6063	17444	17444	16566	16566
abstract_hamiltonians	test_hamiltonians[ham_ham_BK12-all-to-all]	iter_2	0.08053476478044803	0.07640739100483748	3123	3123	8369	8369	9587	9587
abstract_hamiltonians	test_hamiltonians[ham_ham_BK12-square]	iter_2	0.11443686071369383	0.10809661799834834	5791	5791	18512	18512	14197	14197
abstract_hamiltonians	test_hamiltonians[ham_ham_BK12-heavy-hex]	iter_2	0.12624122155830264	0.11958448775112629	7014	7014	22256	22256	15683	15683
abstract_hamiltonians	test_hamiltonians[ham_ham_BK12-linear]	iter_2	0.13237947481684387	0.12434589373879135	8145	8145	24739	24739	17946	17946
abstract_hamiltonians	test_hamiltonians[ham_ham_JW12-all-to-all]	iter_2	0.13031347142532468	0.11797662224206659	3029	3029	8089	8089	9193	9193
abstract_hamiltonians	test_hamiltonians[ham_ham_JW12-square]	iter_2	0.14934369974902698	0.13668636162765324	5372	5372	16167	16167	14496	14496
abstract_hamiltonians	test_hamiltonians[ham_ham_JW12-heavy-hex]	iter_2	0.17419069601843754	0.14844115264713764	5232	5232	16291	16291	14781	14781
abstract_hamiltonians	test_hamiltonians[ham_ham_JW12-linear]	iter_2	0.11490143732064301	0.10777149312198162	6008	6008	17406	17406	15830	15830
abstract_hamiltonians	test_hamiltonians[ham_bh_graph-1D-grid-pbc-qubitnodes_Lx-4_U-40_enc-gray_d-8-all-to-all]	iter_2	0.07931459309267146	0.0733319925410407	2454	2454	7334	7334	7887	7887
abstract_hamiltonians	test_hamiltonians[ham_bh_graph-1D-grid-pbc-qubitnodes_Lx-4_U-40_enc-gray_d-8-square]	iter_2	0.09179321930489757	0.08750012951592605	4005	4005	13666	13666	11804	11804
abstract_hamiltonians	test_hamiltonians[ham_bh_graph-1D-grid-pbc-qubitnodes_Lx-4_U-40_enc-gray_d-8-heavy-hex]	iter_2	0.09390872361307795	0.08821189403533936	4726	4726	15755	15755	12665	12665
abstract_hamiltonians	test_hamiltonians[ham_bh_graph-1D-grid-pbc-qubitnodes_Lx-4_U-40_enc-gray_d-8-linear]	iter_2	0.09629014490002935	0.09183591401035135	5293	5293	17267	17267	14204	14204
abstract_hamiltonians	test_hamiltonians[ham_enc_unary_dvalues_4-4-4-all-to-all]	iter_2	0.15529709788305418	0.14080841590960821	5002	5002	16580	16580	15835	15835
abstract_hamiltonians	test_hamiltonians[ham_enc_unary_dvalues_4-4-4-square]	iter_2	0.1892802364503344	0.17513982641200224	8558	8558	28793	28793	22912	22912
abstract_hamiltonians	test_hamiltonians[ham_enc_unary_dvalues_4-4-4-heavy-hex]	iter_2	0.21353733651340007	0.20516371758033833	12254	12254	38360	38360	28087	28087
abstract_hamiltonians	test_hamiltonians[ham_enc_unary_dvalues_4-4-4-linear]	iter_2	0.23702439898625016	0.222404670342803	14255	14255	47903	47903	32245	32245
abstract_hamiltonians	test_hamiltonians[ham_ham_parity-14-all-to-all]	iter_2	0.11031264420598745	0.09935912024229765	3814	3814	10194	10194	11520	11520
abstract_hamiltonians	test_hamiltonians[ham_ham_parity-14-square]	iter_2	0.15051250771752425	0.12691762205213308	6259	6259	19421	19421	16403	16403
abstract_hamiltonians	test_hamiltonians[ham_ham_parity-14-heavy-hex]	iter_2	0.1737902465586861	0.16094652989080974	7186	7186	21294	21294	17559	17559
abstract_hamiltonians	test_hamiltonians[ham_ham_parity-14-linear]	iter_2	0.1547264682927302	0.1436400349651064	8420	8420	24353	24353	20088	20088
abstract_hamiltonians	test_hamiltonians[ham_ham_JW14-all-to-all]	iter_2	0.1616237277963332	0.14271854097023606	3754	3754	9683	9683	11277	11277
abstract_hamiltonians	test_hamiltonians[ham_ham_JW14-square]	iter_2	0.1852232590317726	0.16930015043665966	6527	6527	18961	18961	17723	17723
abstract_hamiltonians	test_hamiltonians[ham_ham_JW14-heavy-hex]	iter_2	0.19216327679653963	0.16419041768780776	7286	7286	20089	20089	18467	18467
abstract_hamiltonians	test_hamiltonians[ham_ham_JW14-linear]	iter_2	0.1580778118222952	0.13523779856041074	7089	7089	19747	19747	18300	18300
abstract_hamiltonians	test_hamiltonians[ham_enc_gray_dvalues_4-4-4-4-4-4-4-all-to-all]	iter_2	0.07389928506953376	0.06526388724644978	2064	2064	7329	7329	6491	6491
abstract_hamiltonians	test_hamiltonians[ham_enc_gray_dvalues_4-4-4-4-4-4-4-square]	iter_2	0.07534622973097223	0.07157326795692955	3347	3347	11293	11293	9028	9028
abstract_hamiltonians	test_hamiltonians[ham_enc_gray_dvalues_4-4-4-4-4-4-4-heavy-hex]	iter_2	0.07986065630729382	0.06601170549790064	3525	3525	11951	11951	9526	9526
abstract_hamiltonians	test_hamiltonians[ham_enc_gray_dvalues_4-4-4-4-4-4-4-linear]	iter_2	0.08612313928703468	0.07504541533333915	3953	3953	12959	12959	10211	10211
abstract_hamiltonians	test_hamiltonians[ham_ham_BK-14-all-to-all]	iter_2	0.17424181972940764	0.1624382377735206	6103	6103	16122	16122	18698	18698
abstract_hamiltonians	test_hamiltonians[ham_ham_BK-14-square]	iter_2	0.2852973570115864	0.23738880157470704	12262	12262	38348	38348	30006	30006
abstract_hamiltonians	test_hamiltonians[ham_ham_BK-14-heavy-hex]	iter_2	0.28432841040194035	0.26283080922439694	14493	14493	43961	43961	33064	33064
abstract_hamiltonians	test_hamiltonians[ham_ham_BK-14-linear]	iter_2	0.3405830046782891	0.31130274618044496	18213	18213	51764	51764	41594	41594
abstract_hamiltonians	test_hamiltonians[ham_ham_JW-14-all-to-all]	iter_2	0.22279286868870257	0.2066306561231613	6851	6851	18584	18584	20910	20910
abstract_hamiltonians	test_hamiltonians[ham_ham_JW-14-square]	iter_2	0.37611855814854306	0.33738606547315914	12697	12697	38017	38017	33112	33112
abstract_hamiltonians	test_hamiltonians[ham_ham_JW-14-heavy-hex]	iter_2	0.3383120136956374	0.31194748962298036	14013	14013	40961	40961	35664	35664
abstract_hamiltonians	test_hamiltonians[ham_ham_JW-14-linear]	iter_2	0.2922407006844878	0.26297918427735567	14989	14989	42098	42098	37925	37925
abstract_hamiltonians	test_hamiltonians[ham_mu_z_prime_enc_unary_dvalues_16-16-16-16-16-16-16-all-to-all]	iter_2	0.00992055998036736	0.009596339452567451	30	30	256	256	152	152
abstract_hamiltonians	test_hamiltonians[ham_mu_z_prime_enc_unary_dvalues_16-16-16-16-16-16-16-square]	iter_2	0.00804647128097713	0.007911264351228388	30	30	256	256	152	152
abstract_hamiltonians	test_hamiltonians[ham_mu_z_prime_enc_unary_dvalues_16-16-16-16-16-16-16-heavy-hex]	iter_2	0.005103499360421565	0.004997857293666719	30	30	256	256	152	152
abstract_hamiltonians	test_hamiltonians[ham_mu_z_prime_enc_unary_dvalues_16-16-16-16-16-16-16-linear]	iter_2	0.004746907847184761	0.004913155916027534	30	30	256	256	152	152
abstract_hamiltonians	test_hamiltonians[ham_graph-1D-grid-pbc-qubitnodes_Lx-16_h-2-all-to-all]	iter_2	0.008825311932953135	0.008349744995173655	32	32	159	159	123	123
abstract_hamiltonians	test_hamiltonians[ham_graph-1D-grid-pbc-qubitnodes_Lx-16_h-2-square]	iter_2	0.007588645767872081	0.00756956787350086	32	32	154	154	128	128
abstract_hamiltonians	test_hamiltonians[ham_graph-1D-grid-pbc-qubitnodes_Lx-16_h-2-heavy-hex]	iter_2	0.0048412238315838135	0.004845505015025685	32	32	151	151	127	127
abstract_hamiltonians	test_hamiltonians[ham_graph-1D-grid-pbc-qubitnodes_Lx-16_h-2-linear]	iter_2	0.0056511824834160505	0.005676117342856764	75	75	266	266	208	208
abstract_hamiltonians	test_hamiltonians[ham_ham_JW-18-all-to-all]	iter_2	0.47427678977449733	0.42951377232869464	18092	18092	42583	42583	54239	54239
abstract_hamiltonians	test_hamiltonians[ham_ham_JW-18-square]	iter_2	0.9737077355384827	0.7937247501686215	30229	30229	86333	86333	76678	76678
abstract_hamiltonians	test_hamiltonians[ham_ham_JW-18-heavy-hex]	iter_2	0.8922791797667742	0.836310027167201	38192	38192	110022	110022	95330	95330
abstract_hamiltonians	test_hamiltonians[ham_ham_JW-18-linear]	iter_2	0.7770130559802055	0.6534581193700433	44058	44058	120326	120326	111701	111701
abstract_hamiltonians	test_hamiltonians[ham_ham_JW-22-all-to-all]	iter_2	1.9564117267727852	1.706343226134777	55830	55830	133827	133827	169661	169661
abstract_hamiltonians	test_hamiltonians[ham_ham_JW-22-square]	iter_2	3.362506177276373	2.9372382778674364	88872	88872	248677	248677	229849	229849
abstract_hamiltonians	test_hamiltonians[ham_ham_JW-22-heavy-hex]	iter_2	4.450872870162129	4.029508827254176	116833	116833	329360	329360	295689	295689
abstract_hamiltonians	test_hamiltonians[ham_ham_JW-22-linear]	iter_2	5.503643291071057	4.726873913779855	140255	140255	360820	360820	335209	335209
abstract_hamiltonians	test_hamiltonians[ham_ham_BK22-all-to-all]	iter_2	1.261958645656705	1.1686112396419048	40536	40536	101893	101893	123003	123003
abstract_hamiltonians	test_hamiltonians[ham_ham_BK22-square]	iter_2	2.579713111743331	2.2818936612457037	90359	90359	265254	265254	206017	206017
abstract_hamiltonians	test_hamiltonians[ham_ham_BK22-heavy-hex]	iter_2	3.5569666661322117	3.1639690846204758	135966	135966	393562	393562	300515	300515
abstract_hamiltonians	test_hamiltonians[ham_ham_BK22-linear]	iter_2	4.587349006906152	3.6582171488553286	205937	205937	527215	527215	420646	420646
abstract_hamiltonians	test_hamiltonians[ham_mu_y_prime_enc_stdbinary_dvalues_4-4-4-4-4-4-4-4-4-4-4-4-4-4-4-4-4-4-all-to-all]	iter_2	0.013267897233805236	0.011449037385838372	24	24	228	228	13	13
abstract_hamiltonians	test_hamiltonians[ham_mu_y_prime_enc_stdbinary_dvalues_4-4-4-4-4-4-4-4-4-4-4-4-4-4-4-4-4-4-square]	iter_2	0.007737215297917525	0.006903346099540697	24	24	219	219	13	13
abstract_hamiltonians	test_hamiltonians[ham_mu_y_prime_enc_stdbinary_dvalues_4-4-4-4-4-4-4-4-4-4-4-4-4-4-4-4-4-4-heavy-hex]	iter_2	0.010729100594395085	0.009851019577278445	24	24	216	216	13	13
abstract_hamiltonians	test_hamiltonians[ham_mu_y_prime_enc_stdbinary_dvalues_4-4-4-4-4-4-4-4-4-4-4-4-4-4-4-4-4-4-linear]	iter_2	0.5022564297541976	0.4990912775198619	24	24	219	219	13	13
abstract_hamiltonians	test_hamiltonians[ham_gnp-k_5_n-24_rinst-04-all-to-all]	iter_2	0.023296708934182345	0.020912695094011724	376	376	1054	1054	268	268
abstract_hamiltonians	test_hamiltonians[ham_gnp-k_5_n-24_rinst-04-square]	iter_2	0.019063953943550586	0.016336868402727862	779	779	2282	2282	822	822
abstract_hamiltonians	test_hamiltonians[ham_gnp-k_5_n-24_rinst-04-heavy-hex]	iter_2	0.023690737965630322	0.020168593761568168	964	964	3054	3054	1042	1042
abstract_hamiltonians	test_hamiltonians[ham_gnp-k_5_n-24_rinst-04-linear]	iter_2	0.02096446542798177	0.01791734644635157	994	994	3308	3308	772	772
abstract_hamiltonians	test_hamiltonians[ham_tsp_prob-ulysses22_Ncity-8_enc-stdbinary-all-to-all]	iter_2	0.0356069610321096	0.03218935913173482	848	848	2557	2557	2440	2440
abstract_hamiltonians	test_hamiltonians[ham_tsp_prob-ulysses22_Ncity-8_enc-stdbinary-square]	iter_2	0.033455308462525236	0.028407199627586772	1613	1613	4983	4983	3935	3935
abstract_hamiltonians	test_hamiltonians[ham_tsp_prob-ulysses22_Ncity-8_enc-stdbinary-heavy-hex]	iter_2	0.04064019545912743	0.033995479088405084	1868	1868	6230	6230	4400	4400
abstract_hamiltonians	test_hamiltonians[ham_tsp_prob-ulysses22_Ncity-8_enc-stdbinary-linear]	iter_2	0.037437541824248105	0.03094999019854835	2038	2038	6972	6972	4656	4656
abstract_hamiltonians	test_hamiltonians[ham_ham_JW24-all-to-all]	iter_2	3.16515969671309	2.74540395475924	70411	70411	157875	157875	206398	206398
abstract_hamiltonians	test_hamiltonians[ham_ham_JW24-square]	iter_2	7.022104015573859	6.160415543243289	132903	132903	372532	372532	337988	337988
abstract_hamiltonians	test_hamiltonians[ham_ham_JW24-heavy-hex]	iter_2	8.42713776230812	6.9259835705161095	206068	206068	578812	578812	516407	516407
abstract_hamiltonians	test_hamiltonians[ham_ham_JW24-linear]	iter_2	7.1918731313198805	5.836813528090715	220785	220785	607549	607549	577849	577849
abstract_hamiltonians	test_hamiltonians[ham_tsp_prob-ts225_Ncity-5_enc-unary-all-to-all]	iter_2	0.017651769798249006	0.016457791240619763	200	200	599	599	155	155
abstract_hamiltonians	test_hamiltonians[ham_tsp_prob-ts225_Ncity-5_enc-unary-square]	iter_2	0.014021025104841716	0.011971209367567842	399	399	1228	1228	432	432
abstract_hamiltonians	test_hamiltonians[ham_tsp_prob-ts225_Ncity-5_enc-unary-heavy-hex]	iter_2	0.0181259635835886	0.01564339955803007	515	515	1565	1565	465	465
abstract_hamiltonians	test_hamiltonians[ham_tsp_prob-ts225_Ncity-5_enc-unary-linear]	iter_2	0.015797404128880727	0.013353772606555517	595	595	2031	2031	488	488
abstract_hamiltonians	test_hamiltonians[ham_graph-1D-grid-pbc-qubitnodes_Lx-26_h-6-all-to-all]	iter_2	0.012675269861661252	0.011770913710019417	52	52	254	254	215	215
abstract_hamiltonians	test_hamiltonians[ham_graph-1D-grid-pbc-qubitnodes_Lx-26_h-6-square]	iter_2	0.010152739215087383	0.009999704844865603	52	52	250	250	218	218
abstract_hamiltonians	test_hamiltonians[ham_graph-1D-grid-pbc-qubitnodes_Lx-26_h-6-heavy-hex]	iter_2	0.010417444516242165	0.010240725407169925	52	52	246	246	216	216
abstract_hamiltonians	test_hamiltonians[ham_graph-1D-grid-pbc-qubitnodes_Lx-26_h-6-linear]	iter_2	0.007554106077115084	0.007418678017027343	123	123	437	437	290	290
abstract_hamiltonians	test_hamiltonians[ham_bh_graph-1D-grid-pbc-qubitnodes_Lx-14_U-10_enc-stdbinary_d-4-all-to-all]	iter_2	0.04057448706589639	0.03547049180737564	890	890	3096	3096	2547	2547
abstract_hamiltonians	test_hamiltonians[ham_bh_graph-1D-grid-pbc-qubitnodes_Lx-14_U-10_enc-stdbinary_d-4-square]	iter_2	0.04111449837684631	0.03679446570043053	1018	1018	3789	3789	3021	3021
abstract_hamiltonians	test_hamiltonians[ham_bh_graph-1D-grid-pbc-qubitnodes_Lx-14_U-10_enc-stdbinary_d-4-heavy-hex]	iter_2	0.04580625442957336	0.04076632924377918	1010	1010	3842	3842	3011	3011
abstract_hamiltonians	test_hamiltonians[ham_bh_graph-1D-grid-pbc-qubitnodes_Lx-14_U-10_enc-stdbinary_d-4-linear]	iter_2	0.03555034197353084	0.031036375497933477	1199	1199	4231	4231	3271	3271
abstract_hamiltonians	test_hamiltonians[ham_bh_graph-2D-triag-nonpbc-qubitnodes_Lx-3_Ly-5_U-30_enc-gray_d-4-all-to-all]	iter_2	0.06209346904035877	0.05385501476887025	1773	1773	6396	6396	5734	5734
abstract_hamiltonians	test_hamiltonians[ham_bh_graph-2D-triag-nonpbc-qubitnodes_Lx-3_Ly-5_U-30_enc-gray_d-4-square]	iter_2	0.07175125554203987	0.06411725644241362	2896	2896	10252	10252	8224	8224
abstract_hamiltonians	test_hamiltonians[ham_bh_graph-2D-triag-nonpbc-qubitnodes_Lx-3_Ly-5_U-30_enc-gray_d-4-heavy-hex]	iter_2	0.07552124027694974	0.06347302359063178	3848	3848	13012	13012	9930	9930
abstract_hamiltonians	test_hamiltonians[ham_bh_graph-2D-triag-nonpbc-qubitnodes_Lx-3_Ly-5_U-30_enc-gray_d-4-linear]	iter_2	0.0808751044365076	0.06643950438592583	5291	5291	16940	16940	13303	13303
abstract_hamiltonians	test_hamiltonians[ham_reg-5_n-10_rinst-07-all-to-all]	iter_2	0.07894102283395253	0.06995274114112059	2530	2530	6451	6451	5448	5448
abstract_hamiltonians	test_hamiltonians[ham_reg-5_n-10_rinst-07-square]	iter_2	0.09445216066458008	0.07543529743062598	5292	5292	16926	16926	10539	10539
abstract_hamiltonians	test_hamiltonians[ham_reg-5_n-10_rinst-07-heavy-hex]	iter_2	0.09845838441767475	0.08365599295267692	6116	6116	20179	20179	11901	11901
abstract_hamiltonians	test_hamiltonians[ham_reg-5_n-10_rinst-07-linear]	iter_2	0.09857651256024838	0.0814143642783165	6402	6402	21186	21186	12429	12429
abstract_hamiltonians	test_hamiltonians[ham_mu_y_prime_enc_unary_dvalues_16-16-16-16-16-16-all-to-all]	iter_2	0.016079943479290083	0.01503652785322629	60	60	512	512	152	152
abstract_hamiltonians	test_hamiltonians[ham_mu_y_prime_enc_unary_dvalues_16-16-16-16-16-16-square]	iter_2	0.009824100207714808	0.009658831506244187	60	60	512	512	152	152
abstract_hamiltonians	test_hamiltonians[ham_mu_y_prime_enc_unary_dvalues_16-16-16-16-16-16-heavy-hex]	iter_2	0.01057365439594426	0.01035847794264555	60	60	512	512	152	152
abstract_hamiltonians	test_hamiltonians[ham_mu_y_prime_enc_unary_dvalues_16-16-16-16-16-16-linear]	iter_2	0.007580916720924648	0.007419266977480479	60	60	512	512	152	152
abstract_hamiltonians	test_hamiltonians[ham_bh_graph-3D-grid-nonpbc-qubitnodes_Lx-2_Ly-2_Lz-2_U-20_enc-unary_d-4-all-to-all]	iter_2	0.0878646398584048	0.07405563590249845	3150	3150	9737	9737	8634	8634
abstract_hamiltonians	test_hamiltonians[ham_bh_graph-3D-grid-nonpbc-qubitnodes_Lx-2_Ly-2_Lz-2_U-20_enc-unary_d-4-square]	iter_2	0.09208315695551308	0.07834850523907405	4811	4811	15177	15177	12077	12077
abstract_hamiltonians	test_hamiltonians[ham_bh_graph-3D-grid-nonpbc-qubitnodes_Lx-2_Ly-2_Lz-2_U-20_enc-unary_d-4-heavy-hex]	iter_2	0.09570374661548571	0.08137662600105007	5230	5230	16410	16410	13169	13169
abstract_hamiltonians	test_hamiltonians[ham_bh_graph-3D-grid-nonpbc-qubitnodes_Lx-2_Ly-2_Lz-2_U-20_enc-unary_d-4-linear]	iter_2	0.10692800600081682	0.08760266518220305	7353	7353	22296	22296	17457	17457
abstract_hamiltonians	test_hamiltonians[ham_0-uuf100-0810.cnf-40-res-all-to-all]	iter_2	0.026214323447723138	0.02373020169000293	300	300	1049	1049	377	377
abstract_hamiltonians	test_hamiltonians[ham_0-uuf100-0810.cnf-40-res-square]	iter_2	0.02268476856195114	0.019613441152899872	855	855	2573	2573	959	959
abstract_hamiltonians	test_hamiltonians[ham_0-uuf100-0810.cnf-40-res-heavy-hex]	iter_2	0.025902811772166155	0.02192289151413285	1277	1277	3691	3691	1363	1363
abstract_hamiltonians	test_hamiltonians[ham_0-uuf100-0810.cnf-40-res-linear]	iter_2	0.032502677351717024	0.026785382804901975	2352	2352	6414	6414	1797	1797
abstract_hamiltonians	test_hamiltonians[ham_8-uuf100-0509.cnf-40-cc-all-to-all]	iter_2	0.02748089122611123	0.023946755255262058	346	346	1246	1246	409	409
abstract_hamiltonians	test_hamiltonians[ham_8-uuf100-0509.cnf-40-cc-square]	iter_2	0.024991756491363048	0.021608403276490128	985	985	3026	3026	1046	1046
abstract_hamiltonians	test_hamiltonians[ham_8-uuf100-0509.cnf-40-cc-heavy-hex]	iter_2	0.024633514517474742	0.023697529032471635	1420	1420	4044	4044	1271	1271
abstract_hamiltonians	test_hamiltonians[ham_8-uuf100-0509.cnf-40-cc-linear]	iter_2	0.03774523224543642	0.03049837069755251	3039	3039	8109	8109	2524	2524
abstract_hamiltonians	test_hamiltonians[ham_gnp-k_4_n-40_rinst-07-all-to-all]	iter_2	0.0516595677472651	0.04581588824900488	1602	1602	6119	6119	4123	4123
abstract_hamiltonians	test_hamiltonians[ham_gnp-k_4_n-40_rinst-07-square]	iter_2	0.06569314909478029	0.05334196125881539	4177	4177	13331	13331	8713	8713
abstract_hamiltonians	test_hamiltonians[ham_gnp-k_4_n-40_rinst-07-heavy-hex]	iter_2	0.07611496081309659	0.061168343047885335	5948	5948	17767	17767	10611	10611
abstract_hamiltonians	test_hamiltonians[ham_gnp-k_4_n-40_rinst-07-linear]	iter_2	0.10482889655977487	0.0825342508032918	10332	10332	29423	29423	19755	19755
abstract_hamiltonians	test_hamiltonians[ham_2-uf100-0396.cnf-46-res-all-to-all]	iter_2	0.030729345860891044	0.026914482332161954	454	454	1582	1582	581	581
abstract_hamiltonians	test_hamiltonians[ham_2-uf100-0396.cnf-46-res-square]	iter_2	0.02996578694067218	0.025568214030219957	1394	1394	4225	4225	1412	1412
abstract_hamiltonians	test_hamiltonians[ham_2-uf100-0396.cnf-46-res-heavy-hex]	iter_2	0.03498113714158535	0.02939755387385102	2123	2123	6116	6116	1802	1802
abstract_hamiltonians	test_hamiltonians[ham_2-uf100-0396.cnf-46-res-linear]	iter_2	0.04964867491452467	0.03989325921672086	4402	4402	11335	11335	2993	2993
abstract_hamiltonians	test_hamiltonians[ham_2-uf100-0601.cnf-46-res-all-to-all]	iter_2	0.034417454924049046	0.03091551223769784	488	488	1662	1662	536	536
abstract_hamiltonians	test_hamiltonians[ham_2-uf100-0601.cnf-46-res-square]	iter_2	0.03201837243977934	0.027295031307919604	1589	1589	4778	4778	1478	1478
abstract_hamiltonians	test_hamiltonians[ham_2-uf100-0601.cnf-46-res-heavy-hex]	iter_2	0.036006015060203414	0.030499469319527798	2326	2326	6602	6602	1882	1882
abstract_hamiltonians	test_hamiltonians[ham_2-uf100-0601.cnf-46-res-linear]	iter_2	0.0536520764645603	0.043701474808833816	5023	5023	12679	12679	3329	3329
abstract_hamiltonians	test_hamiltonians[ham_bh_graph-1D-grid-nonpbc-qubitnodes_Lx-12_U-40_enc-unary_d-4-all-to-all]	iter_2	0.08265631878748536	0.07285181286611728	2970	2970	9313	9313	8400	8400
abstract_hamiltonians	test_hamiltonians[ham_bh_graph-1D-grid-nonpbc-qubitnodes_Lx-12_U-40_enc-unary_d-4-square]	iter_2	0.08685310014213125	0.07302955697689738	4293	4293	13859	13859	11303	11303
abstract_hamiltonians	test_hamiltonians[ham_bh_graph-1D-grid-nonpbc-qubitnodes_Lx-12_U-40_enc-unary_d-4-heavy-hex]	iter_2	0.08803838103388746	0.07551886470845112	4366	4366	14744	14744	12032	12032
abstract_hamiltonians	test_hamiltonians[ham_bh_graph-1D-grid-nonpbc-qubitnodes_Lx-12_U-40_enc-unary_d-4-linear]	iter_2	0.0827167093132933	0.07295445845063243	4357	4357	14533	14533	12285	12285
abstract_hamiltonians	test_hamiltonians[ham_bh_graph-1D-grid-pbc-qubitnodes_Lx-24_U-20_enc-stdbinary_d-4-all-to-all]	iter_2	0.06238952070912894	0.05588616068033796	1530	1530	5711	5711	4550	4550
abstract_hamiltonians	test_hamiltonians[ham_bh_graph-1D-grid-pbc-qubitnodes_Lx-24_U-20_enc-stdbinary_d-4-square]	iter_2	0.05926120763315874	0.05335604703347934	1765	1765	6601	6601	5066	5066
abstract_hamiltonians	test_hamiltonians[ham_bh_graph-1D-grid-pbc-qubitnodes_Lx-24_U-20_enc-stdbinary_d-4-heavy-hex]	iter_2	0.060336340425743	0.05385468082709445	1890	1890	6920	6920	5433	5433
abstract_hamiltonians	test_hamiltonians[ham_bh_graph-1D-grid-pbc-qubitnodes_Lx-24_U-20_enc-stdbinary_d-4-linear]	iter_2	0.05554590854597719	0.049717638907688	2317	2317	7999	7999	6170	6170
abstract_hamiltonians	test_hamiltonians[ham_tsp_prob-lin105_Ncity-7_enc-unary-all-to-all]	iter_2	0.03493172514798312	0.03274787093202273	588	588	1607	1607	308	308
abstract_hamiltonians	test_hamiltonians[ham_tsp_prob-lin105_Ncity-7_enc-unary-square]	iter_2	0.030552885221207842	0.025228421995416285	1284	1284	3994	3994	1116	1116
abstract_hamiltonians	test_hamiltonians[ham_tsp_prob-lin105_Ncity-7_enc-unary-heavy-hex]	iter_2	0.03244234182901921	0.027862478099349473	1655	1655	5071	5071	1307	1307
abstract_hamiltonians	test_hamiltonians[ham_tsp_prob-lin105_Ncity-7_enc-unary-linear]	iter_2	0.040334899351000784	0.033995105724396374	2653	2653	8153	8153	1431	1431
abstract_hamiltonians	test_hamiltonians[ham_gnp-k_5_n-60_rinst-19-all-to-all]	iter_2	0.10637968443334103	0.09098472585901618	3939	3939	14880	14880	9999	9999
abstract_hamiltonians	test_hamiltonians[ham_gnp-k_5_n-60_rinst-19-square]	iter_2	0.15491171686777047	0.13160425540991127	11674	11674	35256	35256	22088	22088
abstract_hamiltonians	test_hamiltonians[ham_gnp-k_5_n-60_rinst-19-heavy-hex]	iter_2	0.20082997158169746	0.15636795705982617	16265	16265	48808	48808	28289	28289
abstract_hamiltonians	test_hamiltonians[ham_gnp-k_5_n-60_rinst-19-linear]	iter_2	0.26157915499061346	0.20792148560285567	28091	28091	77842	77842	48540	48540
abstract_hamiltonians	test_hamiltonians[ham_bh_graph-2D-triag-pbc-qubitnodes_Lx-5_Ly-5_U-30_enc-unary_d-4-all-to-all]	iter_2	0.24278431059792638	0.22335627898573876	11592	11592	36453	36453	31942	31942
abstract_hamiltonians	test_hamiltonians[ham_bh_graph-2D-triag-pbc-qubitnodes_Lx-5_Ly-5_U-30_enc-unary_d-4-square]	iter_2	0.3198500871658325	0.2911571376025677	19902	19902	62241	62241	45964	45964
abstract_hamiltonians	test_hamiltonians[ham_bh_graph-2D-triag-pbc-qubitnodes_Lx-5_Ly-5_U-30_enc-unary_d-4-heavy-hex]	iter_2	0.36256579371790093	0.3022505580447614	21937	21937	70160	70160	52476	52476
abstract_hamiltonians	test_hamiltonians[ham_bh_graph-2D-triag-pbc-qubitnodes_Lx-5_Ly-5_U-30_enc-unary_d-4-linear]	iter_2	0.4221289499352376	0.35391560445229214	31271	31271	92730	92730	68854	68854
abstract_hamiltonians	test_hamiltonians[ham_mu_x_prime_enc_unary_dvalues_16-16-16-16-16-16-16-16-16-16-16-16-16-16-16-all-to-all]	iter_2	0.03096610548034791	0.029286825521425766	120	120	1024	1024	152	152
abstract_hamiltonians	test_hamiltonians[ham_mu_x_prime_enc_unary_dvalues_16-16-16-16-16-16-16-16-16-16-16-16-16-16-16-square]	iter_2	0.2345462866127491	0.22809506952762604	120	120	1024	1024	152	152
abstract_hamiltonians	test_hamiltonians[ham_mu_x_prime_enc_unary_dvalues_16-16-16-16-16-16-16-16-16-16-16-16-16-16-16-heavy-hex]	iter_2	0.015807152215030887	0.015628194924993594	120	120	1024	1024	152	152
abstract_hamiltonians	test_hamiltonians[ham_mu_x_prime_enc_unary_dvalues_16-16-16-16-16-16-16-16-16-16-16-16-16-16-16-linear]	iter_2	0.011684068041034492	0.01152634886758668	120	120	1024	1024	152	152
abstract_hamiltonians	test_hamiltonians[ham_tsp_prob-d198_Ncity-8_enc-unary-all-to-all]	iter_2	0.04616620290008458	0.04344975220208818	896	896	2577	2577	422	422
abstract_hamiltonians	test_hamiltonians[ham_tsp_prob-d198_Ncity-8_enc-unary-square]	iter_2	0.041707953748603664	0.035704916412079776	1964	1964	6039	6039	1560	1560
abstract_hamiltonians	test_hamiltonians[ham_tsp_prob-d198_Ncity-8_enc-unary-heavy-hex]	iter_2	0.05413948401416603	0.04647838785067985	2323	2323	7640	7640	1644	1644
abstract_hamiltonians	test_hamiltonians[ham_tsp_prob-d198_Ncity-8_enc-unary-linear]	iter_2	0.06610597646795213	0.05419308092031214	4715	4715	14748	14748	2566	2566
abstract_hamiltonians	test_hamiltonians[ham_tsp_prob-kroD100_Ncity-16_enc-stdbinary-all-to-all]	iter_2	0.20802693581208587	0.2035313207656145	7594	7594	19997	19997	22549	22549
abstract_hamiltonians	test_hamiltonians[ham_tsp_prob-kroD100_Ncity-16_enc-stdbinary-square]	iter_2	0.2902453178539872	0.25106342919170854	15294	15294	48016	48016	38444	38444
abstract_hamiltonians	test_hamiltonians[ham_tsp_prob-kroD100_Ncity-16_enc-stdbinary-heavy-hex]	iter_2	0.333419157192111	0.28783742524683475	18802	18802	62112	62112	44221	44221
abstract_hamiltonians	test_hamiltonians[ham_tsp_prob-kroD100_Ncity-16_enc-stdbinary-linear]	iter_2	0.36017156206071377	0.30984163098037243	20114	20114	65571	65571	44717	44717
abstract_hamiltonians	test_hamiltonians[ham_tsp_prob-fl417_Ncity-16_enc-stdbinary-all-to-all]	iter_2	0.2167318280786276	0.19696580059826374	7606	7606	20022	20022	22468	22468
abstract_hamiltonians	test_hamiltonians[ham_tsp_prob-fl417_Ncity-16_enc-stdbinary-square]	iter_2	0.2851276355795562	0.2377123055048287	15294	15294	48031	48031	38454	38454
abstract_hamiltonians	test_hamiltonians[ham_tsp_prob-fl417_Ncity-16_enc-stdbinary-heavy-hex]	iter_2	0.33039224706590176	0.27359069837257266	18804	18804	62145	62145	44203	44203
abstract_hamiltonians	test_hamiltonians[ham_tsp_prob-fl417_Ncity-16_enc-stdbinary-linear]	iter_2	0.3163349786773324	0.2996665248647332	20118	20118	65692	65692	44705	44705
abstract_hamiltonians	test_hamiltonians[ham_4-uf100-0246.cnf-70-res-all-to-all]	iter_2	0.06758415388564269	0.05835595474961926	1262	1262	4237	4237	1798	1798
abstract_hamiltonians	test_hamiltonians[ham_4-uf100-0246.cnf-70-res-square]	iter_2	0.07646832471856704	0.06369581557810307	5349	5349	15159	15159	5175	5175
abstract_hamiltonians	test_hamiltonians[ham_4-uf100-0246.cnf-70-res-heavy-hex]	iter_2	0.1043755417689681	0.0856400375875334	8364	8364	22999	22999	6707	6707
abstract_hamiltonians	test_hamiltonians[ham_4-uf100-0246.cnf-70-res-linear]	iter_2	0.1968218132853508	0.15581098624638148	22179	22179	55128	55128	14681	14681
abstract_hamiltonians	test_hamiltonians[ham_dsjc1000.1,n-36,rinst-4-all-to-all]	iter_2	0.06050668249372393	0.053254735509031696	1206	1206	4077	4077	1601	1601
abstract_hamiltonians	test_hamiltonians[ham_dsjc1000.1,n-36,rinst-4-square]	iter_2	0.05772376464058956	0.04860486879590012	2967	2967	9591	9591	3715	3715
abstract_hamiltonians	test_hamiltonians[ham_dsjc1000.1,n-36,rinst-4-heavy-hex]	iter_2	0.06931027298172315	0.05896658187403398	3717	3717	11937	11937	4525	4525
abstract_hamiltonians	test_hamiltonians[ham_dsjc1000.1,n-36,rinst-4-linear]	iter_2	0.08972099237143993	0.07260725474251169	7693	7693	22349	22349	7182	7182
abstract_hamiltonians	test_hamiltonians[ham_graph-2D-grid-nonpbc-qubitnodes_Lx-5_Ly-15_h-3-all-to-all]	iter_2	0.039944183528423306	0.03582948363489575	260	260	1110	1110	292	292
abstract_hamiltonians	test_hamiltonians[ham_graph-2D-grid-nonpbc-qubitnodes_Lx-5_Ly-15_h-3-square]	iter_2	0.04396213898840158	0.040716553628444674	636	636	2152	2152	568	568
abstract_hamiltonians	test_hamiltonians[ham_graph-2D-grid-nonpbc-qubitnodes_Lx-5_Ly-15_h-3-heavy-hex]	iter_2	0.042662842685113785	0.03893359302094689	1060	1060	3319	3319	822	822
abstract_hamiltonians	test_hamiltonians[ham_graph-2D-grid-nonpbc-qubitnodes_Lx-5_Ly-15_h-3-linear]	iter_2	0.02831487048949514	0.024798260303214192	1303	1303	3940	3940	924	924
abstract_hamiltonians	test_hamiltonians[ham_bh_graph-1D-grid-pbc-qubitnodes_Lx-10_U-30_enc-unary_d-8-all-to-all]	iter_2	0.3238450487454732	0.2927466765977442	14098	14098	42860	42860	39645	39645
abstract_hamiltonians	test_hamiltonians[ham_bh_graph-1D-grid-pbc-qubitnodes_Lx-10_U-30_enc-unary_d-8-square]	iter_2	0.3958013926943143	0.3374242424033582	23100	23100	74721	74721	57311	57311
abstract_hamiltonians	test_hamiltonians[ham_bh_graph-1D-grid-pbc-qubitnodes_Lx-10_U-30_enc-unary_d-8-heavy-hex]	iter_2	0.3969214179863532	0.32271212587753934	23807	23807	78461	78461	60626	60626
abstract_hamiltonians	test_hamiltonians[ham_bh_graph-1D-grid-pbc-qubitnodes_Lx-10_U-30_enc-unary_d-8-linear]	iter_2	0.4018187162776788	0.3408272595455249	26188	26188	86761	86761	65214	65214
abstract_hamiltonians	test_hamiltonians[ham_4-flat100-7.cnf-90-cc-all-to-all]	iter_2	0.046913224405476024	0.0439291349409715	268	268	963	963	89	89
abstract_hamiltonians	test_hamiltonians[ham_4-flat100-7.cnf-90-cc-square]	iter_2	0.03880195912939531	0.035861494533460714	711	711	2149	2149	264	264
abstract_hamiltonians	test_hamiltonians[ham_4-flat100-7.cnf-90-cc-heavy-hex]	iter_2	0.03191841201436135	0.028240880515012477	1050	1050	3130	3130	426	426
abstract_hamiltonians	test_hamiltonians[ham_4-flat100-7.cnf-90-cc-linear]	iter_2	0.042550809830427166	0.03693606138781265	2486	2486	6476	6476	821	821
abstract_hamiltonians	test_hamiltonians[ham_reg-4_n-90_rinst-07-all-to-all]	iter_2	0.0688043179611365	0.061572705669438135	1008	1008	4142	4142	636	636
abstract_hamiltonians	test_hamiltonians[ham_reg-4_n-90_rinst-07-square]	iter_2	0.09578433361920444	0.08338069605330627	2683	2683	8304	8304	1830	1830
abstract_hamiltonians	test_hamiltonians[ham_reg-4_n-90_rinst-07-heavy-hex]	iter_2	0.06445361510850489	0.054239438536266484	3661	3661	11155	11155	2188	2188
abstract_hamiltonians	test_hamiltonians[ham_reg-4_n-90_rinst-07-linear]	iter_2	0.10659794230014086	0.08784692532693346	9752	9752	25364	25364	4083	4083
abstract_hamiltonians	test_hamiltonians[ham_gnp-k_5_n-90_rinst-02-all-to-all]	iter_2	0.16707836060474315	0.1552056601004941	5898	5898	21860	21860	14417	14417
abstract_hamiltonians	test_hamiltonians[ham_gnp-k_5_n-90_rinst-02-square]	iter_2	0.2576441736891866	0.21277653947472572	20423	20423	60348	60348	35557	35557
abstract_hamiltonians	test_hamiltonians[ham_gnp-k_5_n-90_rinst-02-heavy-hex]	iter_2	0.3280233374486367	0.26022353768348694	29536	29536	84864	84864	45598	45598
abstract_hamiltonians	test_hamiltonians[ham_gnp-k_5_n-90_rinst-02-linear]	iter_2	0.6546485340222716	0.508677831850946	70206	70206	187632	187632	101282	101282
abstract_hamiltonians	test_hamiltonians[ham_graph-2D-triag-pbc-qubitnodes_Lx-13_Ly-13_h-0.1-all-to-all]	iter_2	0.05774452942697441	0.0522895857299629	546	546	1947	1947	525	525
abstract_hamiltonians	test_hamiltonians[ham_graph-2D-triag-pbc-qubitnodes_Lx-13_Ly-13_h-0.1-square]	iter_2	0.04639575190164826	0.040895889177918435	1817	1817	5332	5332	1674	1674
abstract_hamiltonians	test_hamiltonians[ham_graph-2D-triag-pbc-qubitnodes_Lx-13_Ly-13_h-0.1-heavy-hex]	iter_2	0.04702340509919893	0.04004710855392309	2716	2716	7781	7781	1981	1981
abstract_hamiltonians	test_hamiltonians[ham_graph-2D-triag-pbc-qubitnodes_Lx-13_Ly-13_h-0.1-linear]	iter_2	0.07305324330393757	0.059744670658427125	6662	6662	17977	17977	3726	3726
abstract_hamiltonians	test_hamiltonians[ham_bh_graph-1D-grid-pbc-qubitnodes_Lx-46_U-2_enc-gray_d-4-all-to-all]	iter_2	0.12163655343465507	0.11099671944975853	3077	3077	11113	11113	10531	10531
abstract_hamiltonians	test_hamiltonians[ham_bh_graph-1D-grid-pbc-qubitnodes_Lx-46_U-2_enc-gray_d-4-square]	iter_2	0.12554252478811476	0.10929109238915974	5025	5025	17902	17902	14923	14923
abstract_hamiltonians	test_hamiltonians[ham_bh_graph-1D-grid-pbc-qubitnodes_Lx-46_U-2_enc-gray_d-4-heavy-hex]	iter_2	0.1339657329954207	0.11526025235652923	5851	5851	20678	20678	16126	16126
abstract_hamiltonians	test_hamiltonians[ham_bh_graph-1D-grid-pbc-qubitnodes_Lx-46_U-2_enc-gray_d-4-linear]	iter_2	0.11338110723429257	0.10047052715989677	6136	6136	21541	21541	16830	16830
abstract_hamiltonians	test_hamiltonians[ham_bh_graph-2D-grid-nonpbc-qubitnodes_Lx-7_Ly-7_U-70_enc-gray_d-4-all-to-all]	iter_2	0.20013655225435892	0.16867407814910015	5378	5378	19650	19650	17759	17759
abstract_hamiltonians	test_hamiltonians[ham_bh_graph-2D-grid-nonpbc-qubitnodes_Lx-7_Ly-7_U-70_enc-gray_d-4-square]	iter_2	0.20634420029819012	0.16770708778252205	10433	10433	35403	35403	26928	26928
abstract_hamiltonians	test_hamiltonians[ham_bh_graph-2D-grid-nonpbc-qubitnodes_Lx-7_Ly-7_U-70_enc-gray_d-4-heavy-hex]	iter_2	0.23787364959716797	0.18822190277278422	14225	14225	46338	46338	34273	34273
abstract_hamiltonians	test_hamiltonians[ham_bh_graph-2D-grid-nonpbc-qubitnodes_Lx-7_Ly-7_U-70_enc-gray_d-4-linear]	iter_2	0.2807915457524359	0.22981370836496354	20557	20557	62014	62014	44703	44703
abstract_hamiltonians	test_hamiltonians[ham_fh-graph-1D-grid-pbc-qubitnodes_Lx-50_U-2_enc-jw-all-to-all]	iter_2	0.0705840727314353	0.06445553020707198	684	684	2913	2913	1838	1838
abstract_hamiltonians	test_hamiltonians[ham_fh-graph-1D-grid-pbc-qubitnodes_Lx-50_U-2_enc-jw-square]	iter_2	0.07175104838929006	0.06541704409755766	1726	1726	5693	5693	3275	3275
abstract_hamiltonians	test_hamiltonians[ham_fh-graph-1D-grid-pbc-qubitnodes_Lx-50_U-2_enc-jw-heavy-hex]	iter_2	0.05157759394496679	0.042570529893661536	3037	3037	9429	9429	5781	5781
abstract_hamiltonians	test_hamiltonians[ham_fh-graph-1D-grid-pbc-qubitnodes_Lx-50_U-2_enc-jw-linear]	iter_2	0.044232521530078804	0.03830037039837667	2096	2096	6462	6462	4861	4861
abstract_hamiltonians	test_hamiltonians[ham_tsp_prob-st70_Ncity-10_enc-unary-all-to-all]	iter_2	0.0917891998859969	0.09151023315886657	1800	1800	5026	5026	681	681
abstract_hamiltonians	test_hamiltonians[ham_tsp_prob-st70_Ncity-10_enc-unary-square]	iter_2	0.0796278388454364	0.06850195775429407	4084	4084	12602	12602	2742	2742
abstract_hamiltonians	test_hamiltonians[ham_tsp_prob-st70_Ncity-10_enc-unary-heavy-hex]	iter_2	0.08878775173798203	0.07430638865168605	5253	5253	16744	16744	2657	2657
abstract_hamiltonians	test_hamiltonians[ham_tsp_prob-st70_Ncity-10_enc-unary-linear]	iter_2	0.14104904234409332	0.11649433337152004	11285	11285	33051	33051	5547	5547
abstract_hamiltonians	test_hamiltonians[ham_tsp_prob-pr76_Ncity-10_enc-unary-all-to-all]	iter_2	0.09131225892765955	0.08707765557549217	1800	1800	4987	4987	675	675
abstract_hamiltonians	test_hamiltonians[ham_tsp_prob-pr76_Ncity-10_enc-unary-square]	iter_2	0.07878055767371105	0.06775462068617344	4084	4084	12612	12612	2759	2759
abstract_hamiltonians	test_hamiltonians[ham_tsp_prob-pr76_Ncity-10_enc-unary-heavy-hex]	iter_2	0.09152378235012293	0.07436890966658082	5253	5253	16754	16754	2644	2644
abstract_hamiltonians	test_hamiltonians[ham_tsp_prob-pr76_Ncity-10_enc-unary-linear]	iter_2	0.1401203184255532	0.11709992691046661	11285	11285	33102	33102	5571	5571
abstract_hamiltonians	test_hamiltonians[ham_bh_graph-2D-triag-pbc-qubitnodes_Lx-10_Ly-10_U-30_enc-stdbinary_d-4-all-to-all]	iter_2	0.29470693971961737	0.26470276061445475	8794	8794	30797	30797	24136	24136
abstract_hamiltonians	test_hamiltonians[ham_bh_graph-2D-triag-pbc-qubitnodes_Lx-10_Ly-10_U-30_enc-stdbinary_d-4-square]	iter_2	0.3361078165471554	0.29766880394890904	17755	17755	55062	55062	40565	40565
abstract_hamiltonians	test_hamiltonians[ham_bh_graph-2D-triag-pbc-qubitnodes_Lx-10_Ly-10_U-30_enc-stdbinary_d-4-heavy-hex]	iter_2	0.360507561514775	0.2925672307610512	22358	22358	69266	69266	51151	51151
abstract_hamiltonians	test_hamiltonians[ham_bh_graph-2D-triag-pbc-qubitnodes_Lx-10_Ly-10_U-30_enc-stdbinary_d-4-linear]	iter_2	0.5241744956001639	0.41735578949252766	44006	44006	125884	125884	85403	85403
abstract_hamiltonians	test_hamiltonians[ham_queen13_13,n-28,rinst-0-all-to-all]	iter_2	0.07783305816925488	0.07594124628947331	600	600	1917	1917	195	195
abstract_hamiltonians	test_hamiltonians[ham_queen13_13,n-28,rinst-0-square]	iter_2	0.08395469102721947	0.07780826220718715	1567	1567	4862	4862	645	645
abstract_hamiltonians	test_hamiltonians[ham_queen13_13,n-28,rinst-0-heavy-hex]	iter_2	0.04569305572658777	0.03958942862943961	2130	2130	6418	6418	785	785
abstract_hamiltonians	test_hamiltonians[ham_queen13_13,n-28,rinst-0-linear]	iter_2	0.07798416087669986	0.06911231949925423	3625	3625	10454	10454	894	894
abstract_hamiltonians	test_hamiltonians[ham_will199gpia,n-60,rinst-8-all-to-all]	iter_2	0.15198436379432678	0.14129743771627545	2784	2784	9108	9108	3473	3473
abstract_hamiltonians	test_hamiltonians[ham_will199gpia,n-60,rinst-8-square]	iter_2	0.1264183863531798	0.1055692920461297	7257	7257	23280	23280	8182	8182
abstract_hamiltonians	test_hamiltonians[ham_will199gpia,n-60,rinst-8-heavy-hex]	iter_2	0.15901271094168937	0.13604428176768124	9533	9533	29814	29814	9759	9759
abstract_hamiltonians	test_hamiltonians[ham_will199gpia,n-60,rinst-8-linear]	iter_2	0.23226600289344787	0.18895815343906483	21141	21141	57829	57829	16610	16610
abstract_hamiltonians	test_hamiltonians[ham_bh_graph-1D-grid-pbc-qubitnodes_Lx-60_U-10_enc-stdbinary_d-4-all-to-all]	iter_2	0.17059265232334533	0.1544103231281042	3834	3834	14046	14046	11308	11308
abstract_hamiltonians	test_hamiltonians[ham_bh_graph-1D-grid-pbc-qubitnodes_Lx-60_U-10_enc-stdbinary_d-4-square]	iter_2	0.13576108744988838	0.12055237280825774	4761	4761	17342	17342	13120	13120
abstract_hamiltonians	test_hamiltonians[ham_bh_graph-1D-grid-pbc-qubitnodes_Lx-60_U-10_enc-stdbinary_d-4-heavy-hex]	iter_2	0.15817122241216047	0.14043923909775913	5036	5036	18294	18294	13528	13528
abstract_hamiltonians	test_hamiltonians[ham_bh_graph-1D-grid-pbc-qubitnodes_Lx-60_U-10_enc-stdbinary_d-4-linear]	iter_2	0.12357927196555668	0.11435512732714415	5037	5037	17757	17757	13432	13432
abstract_hamiltonians	test_hamiltonians[ham_bh_graph-2D-triag-pbc-qubitnodes_Lx-3_Ly-22_U-70_enc-unary_d-4-all-to-all]	iter_2	0.6439713761210442	0.528180655092001	25524	25524	79885	79885	69805	69805
abstract_hamiltonians	test_hamiltonians[ham_bh_graph-2D-triag-pbc-qubitnodes_Lx-3_Ly-22_U-70_enc-unary_d-4-square]	iter_2	0.7764179892838001	0.6387378172948956	46007	46007	145641	145641	104206	104206
abstract_hamiltonians	test_hamiltonians[ham_bh_graph-2D-triag-pbc-qubitnodes_Lx-3_Ly-22_U-70_enc-unary_d-4-heavy-hex]	iter_2	0.8754915622994304	0.7356463270261884	54637	54637	171140	171140	115350	115350
abstract_hamiltonians	test_hamiltonians[ham_bh_graph-2D-triag-pbc-qubitnodes_Lx-3_Ly-22_U-70_enc-unary_d-4-linear]	iter_2	1.2143318261951208	0.9600363066419959	95243	95243	273698	273698	160036	160036
abstract_hamiltonians	test_hamiltonians[ham_1-fullins_5,n-48,rinst-7-all-to-all]	iter_2	0.37799991977711517	0.3279664535075426	10380	10380	29358	29358	15275	15275
abstract_hamiltonians	test_hamiltonians[ham_1-fullins_5,n-48,rinst-7-square]	iter_2	0.4215695510307948	0.3345891299347083	25147	25147	79924	79924	33190	33190
abstract_hamiltonians	test_hamiltonians[ham_1-fullins_5,n-48,rinst-7-heavy-hex]	iter_2	0.5009356265266737	0.4230575418720643	33115	33115	103904	103904	37609	37609
abstract_hamiltonians	test_hamiltonians[ham_1-fullins_5,n-48,rinst-7-linear]	iter_2	0.7784313783049583	0.6090727783739567	63649	63649	183422	183422	61391	61391
abstract_hamiltonians	test_hamiltonians[ham_bh_graph-2D-triag-nonpbc-qubitnodes_Lx-11_Ly-11_U-100_enc-gray_d-4-all-to-all]	iter_2	0.49358392134308815	0.4386579381922881	12421	12421	45445	45445	40205	40205
abstract_hamiltonians	test_hamiltonians[ham_bh_graph-2D-triag-nonpbc-qubitnodes_Lx-11_Ly-11_U-100_enc-gray_d-4-square]	iter_2	0.5106681417673826	0.42625568186243373	25622	25622	86878	86878	65243	65243
abstract_hamiltonians	test_hamiltonians[ham_bh_graph-2D-triag-nonpbc-qubitnodes_Lx-11_Ly-11_U-100_enc-gray_d-4-heavy-hex]	iter_2	0.546616961248219	0.46217478811740875	34421	34421	110175	110175	81720	81720
abstract_hamiltonians	test_hamiltonians[ham_bh_graph-2D-triag-nonpbc-qubitnodes_Lx-11_Ly-11_U-100_enc-gray_d-4-linear]	iter_2	0.7907433230429888	0.6138222813606262	57341	57341	172068	172068	122452	122452
abstract_hamiltonians	test_hamiltonians[ham_fh-graph-1D-grid-nonpbc-qubitnodes_Lx-90_U-2_enc-jw-all-to-all]	iter_2	0.18152249045670033	0.16873362691452107	536	536	3332	3332	798	798
abstract_hamiltonians	test_hamiltonians[ham_fh-graph-1D-grid-nonpbc-qubitnodes_Lx-90_U-2_enc-jw-square]	iter_2	0.12035714834928513	0.11304453036023511	1951	1951	7184	7184	1964	1964
abstract_hamiltonians	test_hamiltonians[ham_fh-graph-1D-grid-nonpbc-qubitnodes_Lx-90_U-2_enc-jw-heavy-hex]	iter_2	0.07068182192742825	0.06227301269331399	3022	3022	9730	9730	3259	3259
abstract_hamiltonians	test_hamiltonians[ham_fh-graph-1D-grid-nonpbc-qubitnodes_Lx-90_U-2_enc-jw-linear]	iter_2	0.06055417853511042	0.056565736730893455	1110	1110	4974	4974	1636	1636
abstract_hamiltonians	test_hamiltonians[ham_graph-2D-triag-pbc-qubitnodes_Lx-19_Ly-19_h-0.5-all-to-all]	iter_2	0.20570472069084644	0.1991431400179863	1140	1140	4253	4253	971	971
abstract_hamiltonians	test_hamiltonians[ham_graph-2D-triag-pbc-qubitnodes_Lx-19_Ly-19_h-0.5-square]	iter_2	0.12240581959486008	0.10925259668793944	4560	4560	13361	13361	3273	3273
abstract_hamiltonians	test_hamiltonians[ham_graph-2D-triag-pbc-qubitnodes_Lx-19_Ly-19_h-0.5-heavy-hex]	iter_2	0.11431459689305888	0.10235752978108147	6804	6804	19209	19209	3998	3998
abstract_hamiltonians	test_hamiltonians[ham_graph-2D-triag-pbc-qubitnodes_Lx-19_Ly-19_h-0.5-linear]	iter_2	0.2241834919899702	0.18051136191934347	21971	21971	58118	58118	10496	10496
abstract_hamiltonians	test_hamiltonians[ham_graph-2D-grid-nonpbc-qubitnodes_Lx-5_Ly-58_h-2-all-to-all]	iter_2	0.47752476794024307	0.4677397385239601	1551	1551	7634	7634	1503	1503
abstract_hamiltonians	test_hamiltonians[ham_graph-2D-grid-nonpbc-qubitnodes_Lx-5_Ly-58_h-2-square]	iter_2	0.23182140104472637	0.22605140414088964	5172	5172	17018	17018	3633	3633
abstract_hamiltonians	test_hamiltonians[ham_graph-2D-grid-nonpbc-qubitnodes_Lx-5_Ly-58_h-2-heavy-hex]	iter_2	0.13201015791855752	0.12834924831986427	7128	7128	22259	22259	4288	4288
abstract_hamiltonians	test_hamiltonians[ham_graph-2D-grid-nonpbc-qubitnodes_Lx-5_Ly-58_h-2-linear]	iter_2	0.15750467032194138	0.15379930473864079	5805	5805	18723	18723	3213	3213
abstract_hamiltonians	test_hamiltonians[ham_fh-graph-2D-triag-nonpbc-qubitnodes_Lx-16_Ly-16_U-4_enc-bk-all-to-all]	iter_2	0.8549042381346226	0.8041700972244143	11437	11437	31694	31694	17715	17715
abstract_hamiltonians	test_hamiltonians[ham_fh-graph-2D-triag-nonpbc-qubitnodes_Lx-16_Ly-16_U-4_enc-bk-square]	iter_2	0.6628469899296761	0.561207452788949	29624	29624	85465	85465	33497	33497
abstract_hamiltonians	test_hamiltonians[ham_fh-graph-2D-triag-nonpbc-qubitnodes_Lx-16_Ly-16_U-4_enc-bk-heavy-hex]	iter_2	0.8793373936787248	0.7376860249787569	47021	47021	132651	132651	51445	51445
abstract_hamiltonians	test_hamiltonians[ham_fh-graph-2D-triag-nonpbc-qubitnodes_Lx-16_Ly-16_U-4_enc-bk-linear]	iter_2	2.224711500108242	2.0456434302031994	156768	156768	416302	416302	148933	148933
abstract_hamiltonians	test_hamiltonians[ham_fh-graph-1D-grid-pbc-qubitnodes_Lx-160_U-12_enc-parity-all-to-all]	iter_2	0.6511353459209204	0.643552528694272	3493	3493	11413	11413	11692	11692
abstract_hamiltonians	test_hamiltonians[ham_fh-graph-1D-grid-pbc-qubitnodes_Lx-160_U-12_enc-parity-square]	iter_2	0.47724846315880615	0.4445868091036876	9950	9950	29808	29808	19773	19773
abstract_hamiltonians	test_hamiltonians[ham_fh-graph-1D-grid-pbc-qubitnodes_Lx-160_U-12_enc-parity-heavy-hex]	iter_2	0.24200836531817913	0.20430218490461508	17526	17526	50155	50155	30843	30843
abstract_hamiltonians	test_hamiltonians[ham_fh-graph-1D-grid-pbc-qubitnodes_Lx-160_U-12_enc-parity-linear]	iter_2	0.3480138673136632	0.2868382837623358	31891	31891	84069	84069	45738	45738
abstract_hamiltonians	test_hamiltonians[ham_graph-2D-triag-nonpbc-qubitnodes_Lx-3_Ly-160_h-0.1-all-to-all]	iter_2	0.6095252567902207	0.6153920022770762	1606	1606	6287	6287	1204	1204
abstract_hamiltonians	test_hamiltonians[ham_graph-2D-triag-nonpbc-qubitnodes_Lx-3_Ly-160_h-0.1-square]	iter_2	0.17217472537110248	0.16083047725260258	6347	6347	18865	18865	3350	3350
abstract_hamiltonians	test_hamiltonians[ham_graph-2D-triag-nonpbc-qubitnodes_Lx-3_Ly-160_h-0.1-heavy-hex]	iter_2	0.16896917950361967	0.1481190709663289	8655	8655	24822	24822	4432	4432
abstract_hamiltonians	test_hamiltonians[ham_graph-2D-triag-nonpbc-qubitnodes_Lx-3_Ly-160_h-0.1-linear]	iter_2	0.30139572685584426	0.2571263164281845	24404	24404	64353	64353	10432	10432
abstract_hamiltonians	test_hamiltonians[ham_graph-2D-grid-nonpbc-qubitnodes_Lx-19_Ly-19_h-5-all-to-all]	iter_2	0.8404994560405612	0.8459832817316055	1368	1368	5779	5779	677	677
abstract_hamiltonians	test_hamiltonians[ham_graph-2D-grid-nonpbc-qubitnodes_Lx-19_Ly-19_h-5-square]	iter_2	0.055823593814339906	0.05092705059796572	1368	1368	5760	5760	687	687
abstract_hamiltonians	test_hamiltonians[ham_graph-2D-grid-nonpbc-qubitnodes_Lx-19_Ly-19_h-5-heavy-hex]	iter_2	0.18355950433760881	0.16192316210695676	10040	10040	28802	28802	3541	3541
abstract_hamiltonians	test_hamiltonians[ham_graph-2D-grid-nonpbc-qubitnodes_Lx-19_Ly-19_h-5-linear]	iter_2	0.36598903872072697	0.3168233255855739	26897	26897	71257	71257	5101	5101
abstract_hamiltonians	test_hamiltonians[ham_graph-2D-grid-pbc-qubitnodes_Lx-2_Ly-185_h-0.5-all-to-all]	iter_2	0.9256024826318026	0.9995292741805315	1665	1665	8308	8308	4361	4361
abstract_hamiltonians	test_hamiltonians[ham_graph-2D-grid-pbc-qubitnodes_Lx-2_Ly-185_h-0.5-square]	iter_2	0.2997544133104384	0.2941855569370091	5295	5295	17731	17731	7052	7052
abstract_hamiltonians	test_hamiltonians[ham_graph-2D-grid-pbc-qubitnodes_Lx-2_Ly-185_h-0.5-heavy-hex]	iter_2	0.156142351350614	0.15161450047578132	8367	8367	25568	25568	9118	9118
abstract_hamiltonians	test_hamiltonians[ham_graph-2D-grid-pbc-qubitnodes_Lx-2_Ly-185_h-0.5-linear]	iter_2	0.15829207003116608	0.15408736148050853	5430	5430	17796	17796	6520	6520
abstract_hamiltonians	test_hamiltonians[ham_fh-graph-2D-grid-pbc-qubitnodes_Lx-2_Ly-105_U-8_enc-bk-all-to-all]	iter_2	1.6408764719963074	1.684112949296832	5788	5788	18289	18289	5209	5209
abstract_hamiltonians	test_hamiltonians[ham_fh-graph-2D-grid-pbc-qubitnodes_Lx-2_Ly-105_U-8_enc-bk-square]	iter_2	0.4869810125480096	0.4264335831006368	21049	21049	61474	61474	13979	13979
abstract_hamiltonians	test_hamiltonians[ham_fh-graph-2D-grid-pbc-qubitnodes_Lx-2_Ly-105_U-8_enc-bk-heavy-hex]	iter_2	0.5963095212355256	0.5136138461530209	33903	33903	95440	95440	22096	22096
abstract_hamiltonians	test_hamiltonians[ham_fh-graph-2D-grid-pbc-qubitnodes_Lx-2_Ly-105_U-8_enc-bk-linear]	iter_2	1.746986923739314	1.5104894805699587	113212	113212	296522	296522	83036	83036
abstract_hamiltonians	test_hamiltonians[ham_ash608gpia,n-160,rinst-1-all-to-all]	iter_2	1.9866290353238583	2.2856645695865154	2268	2268	7674	7674	381	381
abstract_hamiltonians	test_hamiltonians[ham_ash608gpia,n-160,rinst-1-square]	iter_2	0.30651881732046604	0.28319619782269	10815	10815	31034	31034	3116	3116
abstract_hamiltonians	test_hamiltonians[ham_ash608gpia,n-160,rinst-1-heavy-hex]	iter_2	0.34720208309590816	0.3110622460953891	17169	17169	47738	47738	4291	4291
abstract_hamiltonians	test_hamiltonians[ham_ash608gpia,n-160,rinst-1-linear]	iter_2	1.3419716469943523	1.1359510384500027	95983	95983	244778	244778	16215	16215
abstract_hamiltonians	test_hamiltonians[ham_graph-2D-grid-nonpbc-qubitnodes_Lx-4_Ly-133_h-0.1-all-to-all]	iter_2	2.915668783709407	3.187227064743638	2781	2781	13730	13730	3231	3231
abstract_hamiltonians	test_hamiltonians[ham_graph-2D-grid-nonpbc-qubitnodes_Lx-4_Ly-133_h-0.1-square]	iter_2	0.5188095904886723	0.5107279848307371	11571	11571	36170	36170	7553	7553
abstract_hamiltonians	test_hamiltonians[ham_graph-2D-grid-nonpbc-qubitnodes_Lx-4_Ly-133_h-0.1-heavy-hex]	iter_2	0.2857399247586727	0.27599926851689816	12150	12150	38158	38158	8255	8255
abstract_hamiltonians	test_hamiltonians[ham_graph-2D-grid-nonpbc-qubitnodes_Lx-4_Ly-133_h-0.1-linear]	iter_2	0.3612799464414517	0.3599763996899128	8337	8337	28436	28436	5979	5979
abstract_hamiltonians	test_hamiltonians[ham_graph-2D-grid-pbc-qubitnodes_Lx-4_Ly-148_h-6-all-to-all]	iter_2	3.9380404837429523	4.473524332046509	2368	2368	9692	9692	3153	3153
abstract_hamiltonians	test_hamiltonians[ham_graph-2D-grid-pbc-qubitnodes_Lx-4_Ly-148_h-6-square]	iter_2	0.3353511542081833	0.30108956014737487	12828	12828	37713	37713	8791	8791
abstract_hamiltonians	test_hamiltonians[ham_graph-2D-grid-pbc-qubitnodes_Lx-4_Ly-148_h-6-heavy-hex]	iter_2	0.3331119076659282	0.29472028138116	18164	18164	51426	51426	11770	11770
abstract_hamiltonians	test_hamiltonians[ham_graph-2D-grid-pbc-qubitnodes_Lx-4_Ly-148_h-6-linear]	iter_2	0.462683670843641	0.4202798940241337	20958	20958	58638	58638	14013	14013
abstract_hamiltonians	test_hamiltonians[ham_fh-graph-2D-grid-pbc-qubitnodes_Lx-5_Ly-72_U-0_enc-parity-all-to-all]	iter_2	8.558886809274554	9.236682267859578	28644	28644	72326	72326	89248	89248
abstract_hamiltonians	test_hamiltonians[ham_fh-graph-2D-grid-pbc-qubitnodes_Lx-5_Ly-72_U-0_enc-parity-square]	iter_2	3.8070141933858395	3.7658024933189154	28638	28638	72416	72416	89207	89207
abstract_hamiltonians	test_hamiltonians[ham_fh-graph-2D-grid-pbc-qubitnodes_Lx-5_Ly-72_U-0_enc-parity-heavy-hex]	iter_2	18.04101893119514	16.938602736219764	135554	135554	372865	372865	264691	264691
abstract_hamiltonians	test_hamiltonians[ham_fh-graph-2D-grid-pbc-qubitnodes_Lx-5_Ly-72_U-0_enc-parity-linear]	iter_2	0.5175042459741235	0.44983664465447265	28694	28694	72819	72819	89521	89521
abstract_hamiltonians	test_hamiltonians[ham_graph-2D-grid-pbc-qubitnodes_Lx-4_Ly-190_h-0-all-to-all]	iter_2	9.329453155398369	9.86502348817885	4560	4560	22115	22115	6653	6653
abstract_hamiltonians	test_hamiltonians[ham_graph-2D-grid-pbc-qubitnodes_Lx-4_Ly-190_h-0-square]	iter_2	0.5217740098014474	0.506463510915637	19197	19197	59853	59853	14515	14515
abstract_hamiltonians	test_hamiltonians[ham_graph-2D-grid-pbc-qubitnodes_Lx-4_Ly-190_h-0-heavy-hex]	iter_2	0.5363537222146988	0.5278770560398698	29784	29784	86923	86923	20796	20796
abstract_hamiltonians	test_hamiltonians[ham_graph-2D-grid-pbc-qubitnodes_Lx-4_Ly-190_h-0-linear]	iter_2	0.7428841730579734	0.7465196764096618	27417	27417	81289	81289	19644	19644
abstract_hamiltonians	test_hamiltonians[ham_graph-2D-triag-nonpbc-qubitnodes_Lx-40_Ly-40_h-0.1-all-to-all]	iter_2	14.056609764695168	14.99327084235847	7380	7380	35713	35713	3161	3161
abstract_hamiltonians	test_hamiltonians[ham_graph-2D-triag-nonpbc-qubitnodes_Lx-40_Ly-40_h-0.1-square]	iter_2	0.8634307468309999	0.857285181991756	31842	31842	98608	98608	14689	14689
abstract_hamiltonians	test_hamiltonians[ham_graph-2D-triag-nonpbc-qubitnodes_Lx-40_Ly-40_h-0.1-heavy-hex]	iter_2	0.8946479093283415	0.8779976386576891	50877	50877	147189	147189	18947	18947
abstract_hamiltonians	test_hamiltonians[ham_graph-2D-triag-nonpbc-qubitnodes_Lx-40_Ly-40_h-0.1-linear]	iter_2	1.686336200684309	1.6818449720740318	93627	93627	254614	254614	26091	26091
abstract_hamiltonians	test_hamiltonians[ham_graph-2D-grid-nonpbc-qubitnodes_Lx-5_Ly-186_h-0.5-all-to-all]	iter_2	18.4724178314209	19.213751247152686	5007	5007	24610	24610	4547	4547
abstract_hamiltonians	test_hamiltonians[ham_graph-2D-grid-nonpbc-qubitnodes_Lx-5_Ly-186_h-0.5-square]	iter_2	1.451314028352499	1.4119506943970919	25812	25812	78385	78385	13552	13552
abstract_hamiltonians	test_hamiltonians[ham_graph-2D-grid-nonpbc-qubitnodes_Lx-5_Ly-186_h-0.5-heavy-hex]	iter_2	0.7854311531409621	0.7716149846091866	33282	33282	96467	96467	17782	17782
abstract_hamiltonians	test_hamiltonians[ham_graph-2D-grid-nonpbc-qubitnodes_Lx-5_Ly-186_h-0.5-linear]	iter_2	1.032438414171338	1.0413865204900503	18066	18066	58831	58831	10007	10007
abstract_hamiltonians	test_hamiltonians[ham_graph-2D-grid-pbc-qubitnodes_Lx-5_Ly-186_h-3-all-to-all]	iter_2	18.34374175220728	18.59002723917365	5580	5580	27147	27147	6524	6524
abstract_hamiltonians	test_hamiltonians[ham_graph-2D-grid-pbc-qubitnodes_Lx-5_Ly-186_h-3-square]	iter_2	0.8270407672971487	0.8015975626185536	25557	25557	79061	79061	14976	14976
abstract_hamiltonians	test_hamiltonians[ham_graph-2D-grid-pbc-qubitnodes_Lx-5_Ly-186_h-3-heavy-hex]	iter_2	0.8274757759645581	0.8225198518484831	40311	40311	115816	115816	23529	23529
abstract_hamiltonians	test_hamiltonians[ham_graph-2D-grid-pbc-qubitnodes_Lx-5_Ly-186_h-3-linear]	iter_2	1.176658796146512	1.1389782447367907	42678	42678	121534	121534	27432	27432
feynman	test_feynman_transpile[W-state.qasm]	iter_3	0.008485902167324508	0.00833074479467339	10	10	41	41	36	36
feynman	test_feynman_transpile[adder.qasm]	iter_3	0.010173182468861341	0.010104233153948658	94	94	336	336	288	288
feynman	test_feynman_transpile[adder_8.qasm]	iter_3	0.02254106722226957	0.02233988353982568	760	760	2419	2419	994	994
feynman	test_feynman_transpile[barenco_tof_10.qasm]	iter_3	0.016427966952323913	0.01609272646407286	319	319	1149	1149	889	889
feynman	test_feynman_transpile[barenco_tof_3.qasm]	iter_3	0.007889411536844696	0.007837707667865536	36	36	128	128	124	124
feynman	test_feynman_transpile[barenco_tof_4.qasm]	iter_3	0.008558756064461626	0.008487473868218989	78	78	272	272	230	230
feynman	test_feynman_transpile[barenco_tof_5.qasm]	iter_3	0.009996581842662186	0.009992300715182246	119	119	433	433	341	341
feynman	test_feynman_transpile[bigadder.qasm]	iter_3	0.014187631882069743	0.013961628889260084	240	240	807	807	497	497
feynman	test_feynman_transpile[csla_mux_3.qasm]	iter_3	0.01120962692034799	0.011071019375356294	153	153	488	488	246	246
feynman	test_feynman_transpile[csum_mux_9.qasm]	iter_3	0.01926563245554765	0.019029774595625125	411	411	1232	1232	324	324
feynman	test_feynman_transpile[gf2^10_mult.qasm]	iter_3	0.034236960778278966	0.03322870337537357	1804	1804	5164	5164	1786	1786
feynman	test_feynman_transpile[gf2^16_mult.qasm]	iter_3	0.07052539608308248	0.06842233575880527	4690	4690	13283	13283	3600	3600
feynman	test_feynman_transpile[gf2^32_mult.qasm]	iter_3	0.24528283886611463	0.23728108555078506	18246	18246	50984	50984	9183	9183
feynman	test_feynman_transpile[gf2^4_mult.qasm]	iter_3	0.01180395139898691	0.011689645615783898	225	225	687	687	446	446
feynman	test_feynman_transpile[gf2^5_mult.qasm]	iter_3	0.014262294955551624	0.014113409910351038	361	361	1132	1132	608	608
feynman	test_feynman_transpile[gf2^6_mult.qasm]	iter_3	0.0173489193298987	0.01705441896670631	543	543	1639	1639	790	790
feynman	test_feynman_transpile[gf2^7_mult.qasm]	iter_3	0.020936873038204348	0.020549031354638994	785	785	2340	2340	1020	1020
feynman	test_feynman_transpile[gf2^8_mult.qasm]	iter_3	0.02518231365829706	0.02479324642664347	1139	1139	3268	3268	1424	1424
feynman	test_feynman_transpile[gf2^9_mult.qasm]	iter_3	0.028861485049128534	0.02829674481310778	1436	1436	4075	4075	1634	1634
feynman	test_feynman_transpile[grover_5.qasm]	iter_3	0.01686906849901224	0.016801248850493597	470	470	1668	1668	1383	1383
feynman	test_feynman_transpile[ham15-high.qasm]	iter_3	0.07128047118229526	0.069380157094981	4925	4925	14667	14667	11253	11253
feynman	test_feynman_transpile[ham15-low.qasm]	iter_3	0.018525770531510406	0.01811637873497774	781	781	2156	2156	1207	1207
feynman	test_feynman_transpile[ham15-med.qasm]	iter_3	0.026061852236051817	0.025723340801703624	1220	1220	3699	3699	2684	2684
feynman	test_feynman_transpile[hwb10.qasm]	iter_3	1.4578619878739119	1.1886139269918203	109341	109341	305083	305083	183344	183344
feynman	test_feynman_transpile[hwb11.qasm]	iter_3	5.183629358187318	3.934517417103052	331684	331684	909866	909866	557210	557210
feynman	test_feynman_transpile[hwb12.qasm]	iter_3	10.841355785727501	8.543102202937007	644148	644148	1765257	1765257	1066858	1066858
feynman	test_feynman_transpile[hwb6.qasm]	iter_3	0.011653732329811135	0.011398974532882373	210	210	717	717	564	564
feynman	test_feynman_transpile[hwb8.qasm]	iter_3	0.26798307662829757	0.22271906584501266	18229	18229	54367	54367	36534	36534
feynman	test_feynman_transpile[inverseqft1.qasm]	iter_3	0.008929254539380564	0.008837356989350275	0	0	40	40	30	30
feynman	test_feynman_transpile[inverseqft2.qasm]	iter_3	0.006120437862617629	0.005997361326269035	0	0	35	35	22	22
feynman	test_feynman_transpile[mod5_4.qasm]	iter_3	0.008184241583046405	0.007963964625180345	45	45	144	144	154	154
feynman	test_feynman_transpile[mod_adder_1024.qasm]	iter_3	0.0643421383574605	0.06148916343227029	3961	3961	11915	11915	8813	8813
feynman	test_feynman_transpile[mod_mult_55.qasm]	iter_3	0.009010789489063123	0.00883790867572481	85	85	288	288	167	167
feynman	test_feynman_transpile[mod_red_21.qasm]	iter_3	0.011522045077452825	0.011372723277996887	199	199	642	642	511	511
feynman	test_feynman_transpile[qcla_adder_10.qasm]	iter_3	0.025783165763968077	0.02515102759367082	485	485	1547	1547	442	442
feynman	test_feynman_transpile[qcla_com_7.qasm]	iter_3	0.01968856293708086	0.01924427211576817	355	355	1185	1185	334	334
feynman	test_feynman_transpile[qcla_mod_7.qasm]	iter_3	0.025521264271810652	0.02495376137085259	915	915	2730	2730	890	890
feynman	test_feynman_transpile[qec.qasm]	iter_3	0.006498520112326068	0.006417105531915515	4	4	20	20	14	14
feynman	test_feynman_transpile[qft.qasm]	iter_3	0.006891887741429465	0.006837715379527358	16	16	65	65	61	61
feynman	test_feynman_transpile[qft_4.qasm]	iter_3	0.009846095279568718	0.008923035876994783	83	83	269	269	243	243
feynman	test_feynman_transpile[qpt.qasm]	iter_3	0.002794281374968466	0.002791206224910205	0	0	6	6	4	4
feynman	test_feynman_transpile[rb.qasm]	iter_3	0.003416557981265962	0.0027868501105265367	2	2	12	12	9	9
feynman	test_feynman_transpile[rc_adder_6.qasm]	iter_3	0.011594986679350458	0.011624210390699915	157	157	507	507	320	320
feynman	test_feynman_transpile[teleport.qasm]	iter_3	0.0057855840393547285	0.0057589302874273725	2	2	27	27	17	17
feynman	test_feynman_transpile[teleportv2.qasm]	iter_3	0.006600547433356566	0.0066489662032252475	2	2	28	28	18	18
feynman	test_feynman_transpile[tof_10.qasm]	iter_3	0.013288028124305937	0.013402462136787427	145	145	572	572	473	473
feynman	test_feynman_transpile[tof_3.qasm]	iter_3	0.007816205879575327	0.00778566426038742	24	24	94	94	84	84
feynman	test_feynman_transpile[tof_4.qasm]	iter_3	0.008058440255916725	0.00817582862945194	41	41	165	165	146	146
feynman	test_feynman_transpile[tof_5.qasm]	iter_3	0.00872608581306161	0.008759913519024849	58	58	232	232	194	194
feynman	test_feynman_transpile[vbe_adder_3.qasm]	iter_3	0.010120888281127682	0.01011513579975475	98	98	327	327	245	245
device_hamiltonians	test_hamlib_hamiltonians_transpile[ham_enc_stdbinary_dvalues_d-level-4]	iter_3	0.011817524023354054	0.012042832223975912	3	3	27	27	19	19
device_hamiltonians	test_hamlib_hamiltonians_transpile[ham_mu_y_prime_enc_stdbinary_dvalues_8-8-4-4]	iter_3	0.008177163643076232	0.008078257748742162	18	18	93	93	72	72
device_hamiltonians	test_hamlib_hamiltonians_transpile[ham_mu_y_prime_enc_unary_dvalues_4-4-4]	iter_3	0.004686401564289223	0.004633674872511963	6	6	52	52	32	32
device_hamiltonians	test_hamlib_hamiltonians_transpile[ham_mu_z_prime_enc_gray_dvalues_4-4-4-4]	iter_3	0.005739868034498166	0.005739577633050299	4	4	33	33	11	11
device_hamiltonians	test_hamlib_hamiltonians_transpile[ham_gnp-k_2_n-4_rinst-05]	iter_3	0.00881621967656193	0.007807525679469109	22	22	97	97	83	83
device_hamiltonians	test_hamlib_hamiltonians_transpile[ham_ham_parity-4]	iter_3	0.00919107161462307	0.009110868981714999	62	62	207	207	194	194
device_hamiltonians	test_hamlib_hamiltonians_transpile[ham_mu_y_prime_enc_stdbinary_dvalues_16-16-16-16-8-8-8]	iter_3	0.009479550454689532	0.009820903776786648	72	72	255	255	209	209
device_hamiltonians	test_hamlib_hamiltonians_transpile[ham_mu_y_prime_enc_gray_dvalues_16-16-16]	iter_3	0.010564237005180784	0.009172414243221284	92	92	314	314	269	269
device_hamiltonians	test_hamlib_hamiltonians_transpile[ham_enc_gray_dvalues_d-level-16]	iter_3	0.013469018813754832	0.013242321062300886	196	196	804	804	646	646
device_hamiltonians	test_hamlib_hamiltonians_transpile[ham_mu_y_prime_enc_stdbinary_dvalues_8-8-8-8-8-8]	iter_3	0.014360372543982838	0.013334850487964494	36	36	186	186	72	72
device_hamiltonians	test_hamlib_hamiltonians_transpile[ham_gnp-k_4_n-6_rinst-15]	iter_3	0.010834385385061358	0.009691216918353987	136	136	454	454	404	404
device_hamiltonians	test_hamlib_hamiltonians_transpile[ham_ham_JW-6]	iter_3	0.015483731344815285	0.013582268091184752	351	351	1168	1168	1015	1015
device_hamiltonians	test_hamlib_hamiltonians_transpile[ham_mu_y_prime_enc_unary_dvalues_8-8-8-8-8-8-8]	iter_3	0.006155914075120732	0.006140911940019578	14	14	120	120	72	72
device_hamiltonians	test_hamlib_hamiltonians_transpile[ham_7-uf20-0384.cnf-8-res]	iter_3	0.008540824676553408	0.008491587146358975	78	78	248	248	160	160
device_hamiltonians	test_hamlib_hamiltonians_transpile[ham_tsp_rand-002_Ncity-4_enc-stdbinary]	iter_3	0.010180419977558287	0.010090954069580351	137	137	460	460	330	330
device_hamiltonians	test_hamlib_hamiltonians_transpile[ham_ham_JW-8]	iter_3	0.032955181917973926	0.03223438486456871	1374	1374	4196	4196	3566	3566
device_hamiltonians	test_hamlib_hamiltonians_transpile[ham_enc_gray_dvalues_8-8-8]	iter_3	0.4305009643236796	0.42261951727171737	12551	12551	36713	36713	31460	31460
device_hamiltonians	test_hamlib_hamiltonians_transpile[ham_complbipart-n-10_a-5_b-5]	iter_3	0.014237399472564947	0.01256168463400432	287	287	955	955	685	685
device_hamiltonians	test_hamlib_hamiltonians_transpile[ham_ham_JW10]	iter_3	0.07568423755999122	0.06268448010087013	2407	2407	7030	7030	6344	6344
device_hamiltonians	test_hamlib_hamiltonians_transpile[ham_ham_parity10]	iter_3	0.06978974730840751	0.0662695710780099	2440	2440	7107	7107	6634	6634
device_hamiltonians	test_hamlib_hamiltonians_transpile[ham_ham_JW-10]	iter_3	0.0721612668463162	0.06348540412727743	2407	2407	7031	7031	6341	6341
device_hamiltonians	test_hamlib_hamiltonians_transpile[ham_mu_x_prime_enc_stdbinary_dvalues_8-8-8-8-8-8-8-8-8-4-4-4-4-4-4]	iter_3	0.028424783902508872	0.02848367906655326	56	56	295	295	73	73
device_hamiltonians	test_hamlib_hamiltonians_transpile[ham_mu_x_prime_enc_unary_dvalues_4-4-4]	iter_3	0.010303555406851343	0.010367268361151219	18	18	156	156	32	32
device_hamiltonians	test_hamlib_hamiltonians_transpile[ham_ham_parity12]	iter_3	0.16370896405229965	0.15158732714397566	4740	4740	13855	13855	13321	13321
device_hamiltonians	test_hamlib_hamiltonians_transpile[ham_ham_BK12]	iter_3	0.1297284932807088	0.12695713550783694	7063	7063	20486	20486	15320	15320
device_hamiltonians	test_hamlib_hamiltonians_transpile[ham_ham_JW12]	iter_3	0.16779879915217558	0.14777268575770514	4630	4630	13241	13241	12371	12371
device_hamiltonians	test_hamlib_hamiltonians_transpile[ham_bh_graph-1D-grid-pbc-qubitnodes_Lx-4_U-40_enc-gray_d-8]	iter_3	0.09835647385228764	0.09441393275152553	4158	4158	14759	14759	12684	12684
device_hamiltonians	test_hamlib_hamiltonians_transpile[ham_enc_unary_dvalues_4-4-4]	iter_3	0.22233964689075947	0.21111024022102357	12070	12070	39001	39001	27916	27916
device_hamiltonians	test_hamlib_hamiltonians_transpile[ham_ham_parity-14]	iter_3	0.18089313649882874	0.15470397099852562	7159	7159	20541	20541	17017	17017
device_hamiltonians	test_hamlib_hamiltonians_transpile[ham_ham_JW14]	iter_3	0.21234959438443185	0.19213995958367983	6267	6267	17022	17022	15625	15625
device_hamiltonians	test_hamlib_hamiltonians_transpile[ham_enc_gray_dvalues_4-4-4-4-4-4-4]	iter_3	0.08571986947208643	0.07958813971624924	3667	3667	11853	11853	9385	9385
device_hamiltonians	test_hamlib_hamiltonians_transpile[ham_ham_BK-14]	iter_3	0.32568782242015004	0.3113112449645996	15524	15524	43160	43160	34192	34192
device_hamiltonians	test_hamlib_hamiltonians_transpile[ham_ham_JW-14]	iter_3	0.3538475086291631	0.3204072988592088	12221	12221	33583	33583	30474	30474
device_hamiltonians	test_hamlib_hamiltonians_transpile[ham_mu_z_prime_enc_unary_dvalues_16-16-16-16-16-16-16]	iter_3	0.009756221446198421	0.009903905595737424	30	30	256	256	152	152
device_hamiltonians	test_hamlib_hamiltonians_transpile[ham_graph-1D-grid-pbc-qubitnodes_Lx-16_h-2]	iter_3	0.02556113530556823	0.025644232962457908	71	71	236	236	170	170
device_hamiltonians	test_hamlib_hamiltonians_transpile[ham_ham_JW-18]	iter_3	0.9543428793549538	0.8928187321871519	37239	37239	98291	98291	88794	88794
device_hamiltonians	test_hamlib_hamiltonians_transpile[ham_ham_JW-22]	iter_3	4.045346546918154	3.6552606504410505	110022	110022	292583	292583	268040	268040
device_hamiltonians	test_hamlib_hamiltonians_transpile[ham_ham_BK22]	iter_3	3.349610013887286	3.0146883241832256	135268	135268	367012	367012	279934	279934
device_hamiltonians	test_hamlib_hamiltonians_transpile[ham_mu_y_prime_enc_stdbinary_dvalues_4-4-4-4-4-4-4-4-4-4-4-4-4-4-4-4-4-4]	iter_3	0.012083916045311425	0.011123149120248855	24	24	240	240	13	13
device_hamiltonians	test_hamlib_hamiltonians_transpile[ham_gnp-k_5_n-24_rinst-04]	iter_3	0.02222273786636916	0.021817639300769024	1007	1007	2861	2861	884	884
device_hamiltonians	test_hamlib_hamiltonians_transpile[ham_tsp_prob-ulysses22_Ncity-8_enc-stdbinary]	iter_3	0.03762959577143192	0.03620451402717403	1864	1864	5999	5999	4253	4253
device_hamiltonians	test_hamlib_hamiltonians_transpile[ham_ham_JW24]	iter_3	9.460619697347283	7.990402784198523	187285	187285	504449	504449	447466	447466
device_hamiltonians	test_hamlib_hamiltonians_transpile[ham_tsp_prob-ts225_Ncity-5_enc-unary]	iter_3	0.017183303321693457	0.016914596273140473	474	474	1431	1431	407	407
device_hamiltonians	test_hamlib_hamiltonians_transpile[ham_graph-1D-grid-pbc-qubitnodes_Lx-26_h-6]	iter_3	0.21941858865320682	0.227948160469532	109	109	358	358	275	275
device_hamiltonians	test_hamlib_hamiltonians_transpile[ham_bh_graph-1D-grid-pbc-qubitnodes_Lx-14_U-10_enc-stdbinary_d-4]	iter_3	0.04386401200748008	0.042760492423954216	1067	1067	3868	3868	3048	3048
device_hamiltonians	test_hamlib_hamiltonians_transpile[ham_bh_graph-2D-triag-nonpbc-qubitnodes_Lx-3_Ly-5_U-30_enc-gray_d-4]	iter_3	0.07865197096879666	0.06653073360212147	3707	3707	11982	11982	9233	9233
device_hamiltonians	test_hamlib_hamiltonians_transpile[ham_reg-5_n-10_rinst-07]	iter_3	0.09495718827979131	0.09026254620403051	6155	6155	19169	19169	11185	11185
device_hamiltonians	test_hamlib_hamiltonians_transpile[ham_mu_y_prime_enc_unary_dvalues_16-16-16-16-16-16]	iter_3	0.012425610213540494	0.012393024761842775	60	60	512	512	152	152
device_hamiltonians	test_hamlib_hamiltonians_transpile[ham_bh_graph-3D-grid-nonpbc-qubitnodes_Lx-2_Ly-2_Lz-2_U-20_enc-unary_d-4]	iter_3	0.09940259866416454	0.08455550918976466	5201	5201	15785	15785	12696	12696
device_hamiltonians	test_hamlib_hamiltonians_transpile[ham_0-uuf100-0810.cnf-40-res]	iter_3	0.02973078454242033	0.028907738729483552	1341	1341	3452	3452	1176	1176
device_hamiltonians	test_hamlib_hamiltonians_transpile[ham_8-uuf100-0509.cnf-40-cc]	iter_3	0.030607357895111337	0.02950238058453097	1546	1546	4016	4016	1330	1330
device_hamiltonians	test_hamlib_hamiltonians_transpile[ham_gnp-k_4_n-40_rinst-07]	iter_3	0.08218632409205803	0.06616406564911206	6028	6028	16665	16665	9916	9916
device_hamiltonians	test_hamlib_hamiltonians_transpile[ham_2-uf100-0396.cnf-46-res]	iter_3	0.03444357049362413	0.03352657198135195	2213	2213	5581	5581	1712	1712
device_hamiltonians	test_hamlib_hamiltonians_transpile[ham_2-uf100-0601.cnf-46-res]	iter_3	0.03684797577027764	0.03602406824076617	2511	2511	6241	6241	1913	1913
device_hamiltonians	test_hamlib_hamiltonians_transpile[ham_bh_graph-1D-grid-nonpbc-qubitnodes_Lx-12_U-40_enc-unary_d-4]	iter_3	0.0975552953102372	0.08376346585842279	4545	4545	14328	14328	11704	11704
device_hamiltonians	test_hamlib_hamiltonians_transpile[ham_bh_graph-1D-grid-pbc-qubitnodes_Lx-24_U-20_enc-stdbinary_d-4]	iter_3	0.07627157035928506	0.07472608996821302	1781	1781	6629	6629	5182	5182
device_hamiltonians	test_hamlib_hamiltonians_transpile[ham_tsp_prob-lin105_Ncity-7_enc-unary]	iter_3	0.03380427037676175	0.032934807421218966	1650	1650	4769	4769	1212	1212
device_hamiltonians	test_hamlib_hamiltonians_transpile[ham_gnp-k_5_n-60_rinst-19]	iter_3	0.19851155454913774	0.1634476576000452	16063	16063	44641	44641	27012	27012
device_hamiltonians	test_hamlib_hamiltonians_transpile[ham_bh_graph-2D-triag-pbc-qubitnodes_Lx-5_Ly-5_U-30_enc-unary_d-4]	iter_3	0.3407438788563013	0.29024019185453653	21933	21933	65331	65331	48769	48769
device_hamiltonians	test_hamlib_hamiltonians_transpile[ham_mu_x_prime_enc_unary_dvalues_16-16-16-16-16-16-16-16-16-16-16-16-16-16-16]	iter_3	0.01604193784961743	0.016064972882824286	120	120	1024	1024	152	152
device_hamiltonians	test_hamlib_hamiltonians_transpile[ham_tsp_prob-d198_Ncity-8_enc-unary]	iter_3	0.04722860896665799	0.0450015018056882	2679	2679	7619	7619	1811	1811
device_hamiltonians	test_hamlib_hamiltonians_transpile[ham_tsp_prob-kroD100_Ncity-16_enc-stdbinary]	iter_3	0.3331273044459522	0.2776500382460654	19013	19013	58716	58716	41423	41423
device_hamiltonians	test_hamlib_hamiltonians_transpile[ham_tsp_prob-fl417_Ncity-16_enc-stdbinary]	iter_3	0.3287420868873596	0.27477809926494956	19015	19015	58515	58515	41292	41292
device_hamiltonians	test_hamlib_hamiltonians_transpile[ham_4-uf100-0246.cnf-70-res]	iter_3	0.08768779163559277	0.08349352749064565	8566	8566	20532	20532	6347	6347
device_hamiltonians	test_hamlib_hamiltonians_transpile[ham_dsjc1000.1,n-36,rinst-4]	iter_3	0.0627763569355011	0.06062488345538869	3912	3912	11333	11333	4110	4110
device_hamiltonians	test_hamlib_hamiltonians_transpile[ham_graph-2D-grid-nonpbc-qubitnodes_Lx-5_Ly-15_h-3]	iter_3	0.04286504979245365	0.04221321970224381	1027	1027	2864	2864	815	815
device_hamiltonians	test_hamlib_hamiltonians_transpile[ham_bh_graph-1D-grid-pbc-qubitnodes_Lx-10_U-30_enc-unary_d-8]	iter_3	0.40818713046610355	0.34057194367051125	23507	23507	73386	73386	58257	58257
device_hamiltonians	test_hamlib_hamiltonians_transpile[ham_4-flat100-7.cnf-90-cc]	iter_3	0.03238456077873707	0.03221855450782084	1166	1166	2923	2923	473	473
device_hamiltonians	test_hamlib_hamiltonians_transpile[ham_reg-4_n-90_rinst-07]	iter_3	0.07051053121685982	0.060443124240812135	3830	3830	10497	10497	2032	2032
device_hamiltonians	test_hamlib_hamiltonians_transpile[ham_gnp-k_5_n-90_rinst-02]	iter_3	0.31239645509049296	0.25330052711069584	29444	29444	78077	78077	43612	43612
device_hamiltonians	test_hamlib_hamiltonians_transpile[ham_graph-2D-triag-pbc-qubitnodes_Lx-13_Ly-13_h-0.1]	iter_3	0.04051517188549042	0.04075275994837284	2556	2556	6498	6498	1780	1780
device_hamiltonians	test_hamlib_hamiltonians_transpile[ham_bh_graph-1D-grid-pbc-qubitnodes_Lx-46_U-2_enc-gray_d-4]	iter_3	0.13213415048085153	0.12246338557451963	5367	5367	18852	18852	15475	15475
device_hamiltonians	test_hamlib_hamiltonians_transpile[ham_bh_graph-2D-grid-nonpbc-qubitnodes_Lx-7_Ly-7_U-70_enc-gray_d-4]	iter_3	0.2163845796138048	0.1898808873568972	14411	14411	42744	42744	32706	32706
device_hamiltonians	test_hamlib_hamiltonians_transpile[ham_fh-graph-1D-grid-pbc-qubitnodes_Lx-50_U-2_enc-jw]	iter_3	0.052637281778611635	0.04467912365428426	3224	3224	8870	8870	5709	5709
device_hamiltonians	test_hamlib_hamiltonians_transpile[ham_tsp_prob-st70_Ncity-10_enc-unary]	iter_3	0.08374730388944347	0.08085716830996367	5220	5220	15244	15244	2879	2879
device_hamiltonians	test_hamlib_hamiltonians_transpile[ham_tsp_prob-pr76_Ncity-10_enc-unary]	iter_3	0.08351667163272698	0.07974410343628663	5220	5220	15151	15151	2854	2854
device_hamiltonians	test_hamlib_hamiltonians_transpile[ham_bh_graph-2D-triag-pbc-qubitnodes_Lx-10_Ly-10_U-30_enc-stdbinary_d-4]	iter_3	0.31975755374878645	0.2939993341763814	21309	21309	61614	61614	44190	44190
device_hamiltonians	test_hamlib_hamiltonians_transpile[ham_queen13_13,n-28,rinst-0]	iter_3	0.05633786444862684	0.05485811912351184	2343	2343	6164	6164	594	594
device_hamiltonians	test_hamlib_hamiltonians_transpile[ham_will199gpia,n-60,rinst-8]	iter_3	0.12014918298357063	0.11502378206286165	9510	9510	26876	26876	9578	9578
device_hamiltonians	test_hamlib_hamiltonians_transpile[ham_bh_graph-1D-grid-pbc-qubitnodes_Lx-60_U-10_enc-stdbinary_d-4]	iter_3	0.12689919117838144	0.12966906907968223	4488	4488	16408	16408	12751	12751
device_hamiltonians	test_hamlib_hamiltonians_transpile[ham_bh_graph-2D-triag-pbc-qubitnodes_Lx-3_Ly-22_U-70_enc-unary_d-4]	iter_3	0.7613151669502258	0.6592666348442435	52899	52899	154509	154509	110189	110189
abstract_small	test_QASMBench_small[adder_n10-all-to-all]	iter_3	0.00934588885115039	0.009238263055429621	65	65	247	247	200	200
abstract_small	test_QASMBench_small[adder_n10-square]	iter_3	0.007492459113044398	0.007352604917608775	91	91	360	360	274	274
abstract_small	test_QASMBench_small[adder_n10-heavy-hex]	iter_3	0.007592542723348711	0.0074163799270473675	105	105	385	385	334	334
abstract_small	test_QASMBench_small[adder_n10-linear]	iter_3	0.007485287666320801	0.007347145630046725	94	94	358	358	300	300
abstract_small	test_QASMBench_small[adder_n4-all-to-all]	iter_3	0.002142568374057006	0.0020677089907120967	10	10	44	44	23	23
abstract_small	test_QASMBench_small[adder_n4-square]	iter_3	0.0020735935394313727	0.0021370429456751155	10	10	44	44	23	23
abstract_small	test_QASMBench_small[adder_n4-heavy-hex]	iter_3	0.004495969669599282	0.004437337180725033	16	16	63	63	33	33
abstract_small	test_QASMBench_small[adder_n4-linear]	iter_3	0.0037711460781120606	0.0036958301383437533	16	16	70	70	39	39
abstract_small	test_QASMBench_small[basis_change_n3-all-to-all]	iter_3	0.0021343078675135126	0.002077899163039468	10	10	86	86	54	54
abstract_small	test_QASMBench_small[basis_change_n3-square]	iter_3	0.0021803501080277167	0.0020887311033888733	10	10	86	86	54	54
abstract_small	test_QASMBench_small[basis_change_n3-heavy-hex]	iter_3	0.0029249976669411056	0.0028552242973144504	10	10	86	86	54	54
abstract_small	test_QASMBench_small[basis_change_n3-linear]	iter_3	0.002158979249615518	0.002070134581312638	10	10	86	86	54	54
abstract_small	test_QASMBench_small[basis_test_n4-all-to-all]	iter_3	0.002013242510356791	0.0019948176679111295	6	6	48	48	19	19
abstract_small	test_QASMBench_small[basis_test_n4-square]	iter_3	0.0019395047684713286	0.001986240663907336	6	6	50	50	20	20
abstract_small	test_QASMBench_small[basis_test_n4-heavy-hex]	iter_3	0.002837082698100413	0.002794882493593932	6	6	50	50	20	20
abstract_small	test_QASMBench_small[basis_test_n4-linear]	iter_3	0.001986731344368309	0.001990552304587403	6	6	50	50	20	20
abstract_small	test_QASMBench_small[basis_trotter_n4-all-to-all]	iter_3	0.01007180352739635	0.009122562875012749	179	179	973	973	493	493
abstract_small	test_QASMBench_small[basis_trotter_n4-square]	iter_3	0.011775799458483597	0.010391700992603664	207	207	1081	1081	513	513
abstract_small	test_QASMBench_small[basis_trotter_n4-heavy-hex]	iter_3	0.013504600283545507	0.011605122598347726	268	268	1261	1261	956	956
abstract_small	test_QASMBench_small[basis_trotter_n4-linear]	iter_3	0.012137336799731622	0.010639743010203043	229	229	1171	1171	625	625
abstract_small	test_QASMBench_small[bb84_n8-all-to-all]	iter_3	0.0016376196859992124	0.0012216094668422426	0	0	39	39	8	8
abstract_small	test_QASMBench_small[bb84_n8-square]	iter_3	0.0016398165930520024	0.001235102424915466	0	0	39	39	8	8
abstract_small	test_QASMBench_small[bb84_n8-heavy-hex]	iter_3	0.0021913697534218066	0.0014733290219348123	0	0	39	39	8	8
abstract_small	test_QASMBench_small[bb84_n8-linear]	iter_3	0.001614316863657564	0.0011719659741768443	0	0	39	39	8	8
abstract_small	test_QASMBench_small[bell_n4-all-to-all]	iter_3	0.002379918787183749	0.0019381232940676538	5	5	38	38	14	14
abstract_small	test_QASMBench_small[bell_n4-square]	iter_3	0.0020437512808898365	0.0019317714705262795	5	5	42	42	17	17
abstract_small	test_QASMBench_small[bell_n4-heavy-hex]	iter_3	0.0034282492757167506	0.0027271597605209546	5	5	39	39	17	17
abstract_small	test_QASMBench_small[bell_n4-linear]	iter_3	0.0023881971390674944	0.001969800977814645	5	5	39	39	15	15
abstract_small	test_QASMBench_small[cat_state_n4-all-to-all]	iter_3	0.0013426925707465838	0.0013626652170289576	3	3	22	22	13	13
abstract_small	test_QASMBench_small[cat_state_n4-square]	iter_3	0.001340970202429547	0.0013059880780546288	3	3	22	22	13	13
abstract_small	test_QASMBench_small[cat_state_n4-heavy-hex]	iter_3	0.002144780980728606	0.0020691480113229914	3	3	22	22	13	13
abstract_small	test_QASMBench_small[cat_state_n4-linear]	iter_3	0.0013236804831799843	0.0012892302424803268	3	3	22	22	13	13
abstract_small	test_QASMBench_small[deutsch_n2-all-to-all]	iter_3	0.0009935595287335298	0.0009663176933734775	1	1	11	11	8	8
abstract_small	test_QASMBench_small[deutsch_n2-square]	iter_3	0.001095406286730408	0.0011180284537072411	1	1	11	11	8	8
abstract_small	test_QASMBench_small[deutsch_n2-heavy-hex]	iter_3	0.0018041073973919894	0.0017760536797782954	1	1	11	11	8	8
abstract_small	test_QASMBench_small[deutsch_n2-linear]	iter_3	0.0009852885543925208	0.0008882803193389089	1	1	11	11	8	8
abstract_small	test_QASMBench_small[dnn_n2-all-to-all]	iter_3	0.0012600050552070224	0.0011354910640476701	3	3	31	31	20	20
abstract_small	test_QASMBench_small[dnn_n2-square]	iter_3	0.001399433910141608	0.0013313103008728761	3	3	31	31	20	20
abstract_small	test_QASMBench_small[dnn_n2-heavy-hex]	iter_3	0.002073840928022508	0.002033741602007254	3	3	31	31	20	20
abstract_small	test_QASMBench_small[dnn_n2-linear]	iter_3	0.0011879299229509393	0.00125286199685464	3	3	31	31	20	20
abstract_small	test_QASMBench_small[dnn_n8-all-to-all]	iter_3	0.006996322931213813	0.006869111957885053	64	64	444	444	80	80
abstract_small	test_QASMBench_small[dnn_n8-square]	iter_3	0.005047171106918262	0.0048580627603446195	64	64	442	442	80	80
abstract_small	test_QASMBench_small[dnn_n8-heavy-hex]	iter_3	0.007344070511559646	0.007108062149628121	94	94	521	521	112	112
abstract_small	test_QASMBench_small[dnn_n8-linear]	iter_3	0.008027313667679987	0.0069260006084253915	109	109	596	596	124	124
abstract_small	test_QASMBench_small[error_correctiond3_n5-all-to-all]	iter_3	0.0037048965574724402	0.0036279862470109947	35	35	116	116	102	102
abstract_small	test_QASMBench_small[error_correctiond3_n5-square]	iter_3	0.005199369881302119	0.005099779946268887	38	38	133	133	98	98
abstract_small	test_QASMBench_small[error_correctiond3_n5-heavy-hex]	iter_3	0.005287259219237316	0.00523228317357694	44	44	133	133	110	110
abstract_small	test_QASMBench_small[error_correctiond3_n5-linear]	iter_3	0.0048739137777755424	0.004857606963867351	53	53	153	153	115	115
abstract_small	test_QASMBench_small[fredkin_n3-all-to-all]	iter_3	0.001883245402862751	0.00176501724652513	8	8	34	34	25	25
abstract_small	test_QASMBench_small[fredkin_n3-square]	iter_3	0.0034938074386445805	0.0033780023179672382	14	14	49	49	37	37
abstract_small	test_QASMBench_small[fredkin_n3-heavy-hex]	iter_3	0.005069555792336662	0.00419286770435671	14	14	58	58	47	47
abstract_small	test_QASMBench_small[fredkin_n3-linear]	iter_3	0.0032663549508964804	0.003278652252299143	14	14	53	53	42	42
abstract_small	test_QASMBench_small[grover_n2-all-to-all]	iter_3	0.001068942967821588	0.0010239771064297443	2	2	12	12	10	10
abstract_small	test_QASMBench_small[grover_n2-square]	iter_3	0.0012602054176402866	0.0012294689907807192	2	2	12	12	10	10
abstract_small	test_QASMBench_small[grover_n2-heavy-hex]	iter_3	0.001957849719133512	0.001904183856980956	2	2	14	14	9	9
abstract_small	test_QASMBench_small[grover_n2-linear]	iter_3	0.0011164556097918452	0.0010147478192013186	2	2	12	12	10	10
abstract_small	test_QASMBench_small[hhl_n7-all-to-all]	iter_3	0.010532231236758985	0.008957821302689038	92	92	397	397	323	323
abstract_small	test_QASMBench_small[hhl_n7-square]	iter_3	0.009216616415263465	0.008045423965332872	138	138	532	532	403	403
abstract_small	test_QASMBench_small[hhl_n7-heavy-hex]	iter_3	0.009955343396700535	0.008540058098391656	196	196	692	692	478	478
abstract_small	test_QASMBench_small[hhl_n7-linear]	iter_3	0.009661082385314835	0.008468500430788006	240	240	801	801	534	534
abstract_small	test_QASMBench_small[hs4_n4-all-to-all]	iter_3	0.0016087916933028635	0.0016563402651583107	4	4	28	28	11	11
abstract_small	test_QASMBench_small[hs4_n4-square]	iter_3	0.0016172135402883986	0.0016305098368643391	4	4	28	28	10	10
abstract_small	test_QASMBench_small[hs4_n4-heavy-hex]	iter_3	0.0024085777561839035	0.0023859921054331804	4	4	28	28	10	10
abstract_small	test_QASMBench_small[hs4_n4-linear]	iter_3	0.0015640009243954097	0.0015479812548714683	4	4	26	26	10	10
abstract_small	test_QASMBench_small[inverseqft_n4-all-to-all]	iter_3	0.003567900821508374	0.003471987148703531	0	0	35	35	22	22
abstract_small	test_QASMBench_small[inverseqft_n4-square]	iter_3	0.003579238070441144	0.003475559155863545	0	0	35	35	22	22
abstract_small	test_QASMBench_small[inverseqft_n4-heavy-hex]	iter_3	0.004424084456903594	0.0043345953747630115	0	0	35	35	22	22
abstract_small	test_QASMBench_small[inverseqft_n4-linear]	iter_3	0.003662876297312323	0.00353216512023278	0	0	35	35	22	22
abstract_small	test_QASMBench_small[ipea_n2-all-to-all]	iter_3	0.020519590638577938	0.020380473220530822	5	5	59	59	56	56
abstract_small	test_QASMBench_small[ipea_n2-square]	iter_3	0.021532193358455385	0.02120520804937069	5	5	58	58	54	54
abstract_small	test_QASMBench_small[ipea_n2-heavy-hex]	iter_3	0.0216887291520834	0.02121930455370825	5	5	58	58	54	54
abstract_small	test_QASMBench_small[ipea_n2-linear]	iter_3	0.020801015274257074	0.021707621291279792	5	5	59	59	56	56
abstract_small	test_QASMBench_small[ising_n10-all-to-all]	iter_3	0.008186776872451713	0.00785714820958674	90	90	423	423	93	93
abstract_small	test_QASMBench_small[ising_n10-square]	iter_3	0.0079573715867644	0.0068167763476083484	90	90	466	466	98	98
abstract_small	test_QASMBench_small[ising_n10-heavy-hex]	iter_3	0.00571190924356783	0.005534941482398173	90	90	445	445	94	94
abstract_small	test_QASMBench_small[ising_n10-linear]	iter_3	0.006135586109992705	0.005183260887861252	90	90	462	462	98	98
abstract_small	test_QASMBench_small[iswap_n2-all-to-all]	iter_3	0.0011457423251094142	0.0010354184184187146	2	2	13	13	9	9
abstract_small	test_QASMBench_small[iswap_n2-square]	iter_3	0.001200219261629457	0.0011571991758850904	2	2	13	13	9	9
abstract_small	test_QASMBench_small[iswap_n2-heavy-hex]	iter_3	0.001923587883241696	0.0019086764873245397	2	2	14	14	10	10
abstract_small	test_QASMBench_small[iswap_n2-linear]	iter_3	0.0010798754580368009	0.001010355048019943	2	2	13	13	9	9
abstract_small	test_QASMBench_small[linearsolver_n3-all-to-all]	iter_3	0.0015452040001562725	0.0014866993400116859	4	4	27	27	16	16
abstract_small	test_QASMBench_small[linearsolver_n3-square]	iter_3	0.0016131897767384846	0.0015683665818306543	4	4	29	29	18	18
abstract_small	test_QASMBench_small[linearsolver_n3-heavy-hex]	iter_3	0.002359572086271232	0.0023288757377818996	4	4	27	27	17	17
abstract_small	test_QASMBench_small[linearsolver_n3-linear]	iter_3	0.0014892703080488965	0.0015230990966649655	4	4	27	27	16	16
abstract_small	test_QASMBench_small[lpn_n5-all-to-all]	iter_3	0.0013408621781552	0.0013565439932405304	2	2	18	18	8	8
abstract_small	test_QASMBench_small[lpn_n5-square]	iter_3	0.0016120939838642977	0.001571290910902883	2	2	19	19	11	11
abstract_small	test_QASMBench_small[lpn_n5-heavy-hex]	iter_3	0.00206844356431756	0.0020247615777469917	2	2	18	18	8	8
abstract_small	test_QASMBench_small[lpn_n5-linear]	iter_3	0.0013704802388025273	0.0013082981505698856	2	2	18	18	8	8
abstract_small	test_QASMBench_small[pea_n5-all-to-all]	iter_3	0.016338981117212003	0.015436540316067525	17	17	86	86	57	57
abstract_small	test_QASMBench_small[pea_n5-square]	iter_3	0.018463879524331008	0.018235562182962895	26	26	101	101	85	85
abstract_small	test_QASMBench_small[pea_n5-heavy-hex]	iter_3	0.020132964994344447	0.018252003369695048	29	29	114	114	96	96
abstract_small	test_QASMBench_small[pea_n5-linear]	iter_3	0.01805468838148076	0.01712435184015056	29	29	121	121	96	96
abstract_small	test_QASMBench_small[qaoa_n3-all-to-all]	iter_3	0.0015195561590317253	0.0014580130190500673	6	6	29	29	27	27
abstract_small	test_QASMBench_small[qaoa_n3-square]	iter_3	0.0029589633056282126	0.0030070392401992446	9	9	35	35	33	33
abstract_small	test_QASMBench_small[qaoa_n3-heavy-hex]	iter_3	0.003663327858936741	0.003665015286814545	7	7	41	41	34	34
abstract_small	test_QASMBench_small[qaoa_n3-linear]	iter_3	0.002760509269035497	0.0027643424769242604	7	7	40	40	33	33
abstract_small	test_QASMBench_small[qaoa_n6-all-to-all]	iter_3	0.005017684650469999	0.00408211782786662	36	36	223	223	87	87
abstract_small	test_QASMBench_small[qaoa_n6-square]	iter_3	0.006699755497223942	0.005741663691070344	54	54	288	288	176	176
abstract_small	test_QASMBench_small[qaoa_n6-heavy-hex]	iter_3	0.006745210547644393	0.005750856754081003	60	60	310	310	186	186
abstract_small	test_QASMBench_small[qaoa_n6-linear]	iter_3	0.006537456078087391	0.005671500195475186	72	72	338	338	175	175
abstract_small	test_QASMBench_small[qec_en_n5-all-to-all]	iter_3	0.002574700365819699	0.002204184075297438	10	10	37	37	23	23
abstract_small	test_QASMBench_small[qec_en_n5-square]	iter_3	0.0024209532496563516	0.0023845510266702194	10	10	48	48	33	33
abstract_small	test_QASMBench_small[qec_en_n5-heavy-hex]	iter_3	0.004146265647726356	0.004124917447416469	13	13	44	44	27	27
abstract_small	test_QASMBench_small[qec_en_n5-linear]	iter_3	0.004617517091612393	0.004004755384812597	18	18	76	76	56	56
abstract_small	test_QASMBench_small[qec_sm_n5-all-to-all]	iter_3	0.003482381385120173	0.0032289922801834164	4	4	20	20	14	14
abstract_small	test_QASMBench_small[qec_sm_n5-square]	iter_3	0.003759513266830363	0.0036583343081600297	4	4	20	20	14	14
abstract_small	test_QASMBench_small[qec_sm_n5-heavy-hex]	iter_3	0.004749311803324709	0.00429826567100512	4	4	20	20	14	14
abstract_small	test_QASMBench_small[qec_sm_n5-linear]	iter_3	0.004058953407018081	0.003477607437744442	4	4	21	21	14	14
abstract_small	test_QASMBench_small[qft_n4-all-to-all]	iter_3	0.00239580638625257	0.0023139403735209876	12	12	46	46	37	37
abstract_small	test_QASMBench_small[qft_n4-square]	iter_3	0.004502746128590308	0.00374569385837952	16	16	62	62	46	46
abstract_small	test_QASMBench_small[qft_n4-heavy-hex]	iter_3	0.004487399001727285	0.004425942956265313	18	18	67	67	68	68
abstract_small	test_QASMBench_small[qft_n4-linear]	iter_3	0.004173910565674305	0.003962312524845777	19	19	75	75	62	62
abstract_small	test_QASMBench_small[qpe_n9-all-to-all]	iter_3	0.007995990640300465	0.00790677595091617	43	43	219	219	158	158
abstract_small	test_QASMBench_small[qpe_n9-square]	iter_3	0.007512200665142801	0.006453676002898387	71	71	306	306	235	235
abstract_small	test_QASMBench_small[qpe_n9-heavy-hex]	iter_3	0.006637144514095427	0.006650144359402692	78	78	319	319	240	240
abstract_small	test_QASMBench_small[qpe_n9-linear]	iter_3	0.006470103507990357	0.006518279954995194	90	90	337	337	271	271
abstract_small	test_QASMBench_small[qrng_n4-all-to-all]	iter_3	0.000683413640262536	0.0006586903091269811	0	0	16	16	4	4
abstract_small	test_QASMBench_small[qrng_n4-square]	iter_3	0.000686528198069559	0.0006669101852273185	0	0	16	16	4	4
abstract_small	test_QASMBench_small[qrng_n4-heavy-hex]	iter_3	0.0012034173136958128	0.0012040428930159771	0	0	16	16	4	4
abstract_small	test_QASMBench_small[qrng_n4-linear]	iter_3	0.0006711754174727314	0.0006629815368458282	0	0	16	16	4	4
abstract_small	test_QASMBench_small[quantumwalks_n2-all-to-all]	iter_3	0.001273343389984339	0.001193801223858608	3	3	32	32	22	22
abstract_small	test_QASMBench_small[quantumwalks_n2-square]	iter_3	0.0013652940331272377	0.0013282823609909037	3	3	32	32	22	22
abstract_small	test_QASMBench_small[quantumwalks_n2-heavy-hex]	iter_3	0.0021221170296208767	0.002068239090920881	3	3	32	32	21	21
abstract_small	test_QASMBench_small[quantumwalks_n2-linear]	iter_3	0.0012300209371455195	0.0012351876298943869	3	3	32	32	22	22
abstract_small	test_QASMBench_small[sat_n7-all-to-all]	iter_3	0.006682235218987272	0.006533845611240553	60	60	259	259	182	182
abstract_small	test_QASMBench_small[sat_n7-square]	iter_3	0.007004761470169047	0.006791080848605775	92	92	348	348	276	276
abstract_small	test_QASMBench_small[sat_n7-heavy-hex]	iter_3	0.006990871840078412	0.006874923224506133	99	99	362	362	275	275
abstract_small	test_QASMBench_small[sat_n7-linear]	iter_3	0.006925945755626474	0.006851202236681149	110	110	412	412	293	293
abstract_small	test_QASMBench_small[shor_n5-all-to-all]	iter_3	0.009458987331650789	0.009353957697749138	25	25	132	132	95	95
abstract_small	test_QASMBench_small[shor_n5-square]	iter_3	0.009851354290731251	0.009796061077896429	43	43	160	160	133	133
abstract_small	test_QASMBench_small[shor_n5-heavy-hex]	iter_3	0.01013012593422009	0.010064426989805314	46	46	172	172	154	154
abstract_small	test_QASMBench_small[shor_n5-linear]	iter_3	0.009456133255652623	0.009288080108280364	49	49	190	190	167	167
abstract_small	test_QASMBench_small[simon_n6-all-to-all]	iter_3	0.0037354969969702503	0.0036562496941661303	14	14	84	84	58	58
abstract_small	test_QASMBench_small[simon_n6-square]	iter_3	0.0053955995150514555	0.005327733379440853	19	19	102	102	76	76
abstract_small	test_QASMBench_small[simon_n6-heavy-hex]	iter_3	0.005509915666616693	0.005506191791707202	22	22	123	123	95	95
abstract_small	test_QASMBench_small[simon_n6-linear]	iter_3	0.0051157356172964715	0.005105091734667835	22	22	100	100	80	80
abstract_small	test_QASMBench_small[teleportation_n3-all-to-all]	iter_3	0.0012550739744391797	0.0012941807039140716	2	2	22	22	11	11
abstract_small	test_QASMBench_small[teleportation_n3-square]	iter_3	0.001263903969671133	0.0012862487893664475	2	2	18	18	9	9
abstract_small	test_QASMBench_small[teleportation_n3-heavy-hex]	iter_3	0.001983164135921509	0.001996669997729218	2	2	18	18	9	9
abstract_small	test_QASMBench_small[teleportation_n3-linear]	iter_3	0.0013311682940200643	0.0012779669469072871	2	2	22	22	10	10
abstract_small	test_QASMBench_small[toffoli_n3-all-to-all]	iter_3	0.0019989429429107535	0.0015706034091702342	6	6	27	27	23	23
abstract_small	test_QASMBench_small[toffoli_n3-square]	iter_3	0.003435414475508225	0.002849452132299827	9	9	33	33	29	29
abstract_small	test_QASMBench_small[toffoli_n3-heavy-hex]	iter_3	0.004472311586141586	0.0037735577070099465	7	7	41	41	32	32
abstract_small	test_QASMBench_small[toffoli_n3-linear]	iter_3	0.0032378749031596963	0.0028019867269164426	7	7	36	36	30	30
abstract_small	test_QASMBench_small[variational_n4-all-to-all]	iter_3	0.0020443291911347345	0.0019368487464018838	8	8	72	72	32	32
abstract_small	test_QASMBench_small[variational_n4-square]	iter_3	0.00199266378250387	0.0020336693750671398	8	8	72	72	32	32
abstract_small	test_QASMBench_small[variational_n4-heavy-hex]	iter_3	0.0027759290778407004	0.0027339457262181835	8	8	72	72	32	32
abstract_small	test_QASMBench_small[variational_n4-linear]	iter_3	0.0019597261295503255	0.001948252663966735	8	8	72	72	32	32
abstract_small	test_QASMBench_small[vqe_n4-all-to-all]	iter_3	0.002328124444318723	0.0023183759522162244	9	9	84	84	33	33
abstract_small	test_QASMBench_small[vqe_n4-square]	iter_3	0.0023165570324675503	0.002250717499005008	9	9	84	84	33	33
abstract_small	test_QASMBench_small[vqe_n4-heavy-hex]	iter_3	0.003157126874969409	0.003086931080989281	9	9	84	84	33	33
abstract_small	test_QASMBench_small[vqe_n4-linear]	iter_3	0.002320414593722935	0.00225492076405996	9	9	84	84	33	33
abstract_small	test_QASMBench_small[vqe_uccsd_n4-all-to-all]	iter_3	0.004785928915050578	0.004683026847870727	71	71	219	219	224	224
abstract_small	test_QASMBench_small[vqe_uccsd_n4-square]	iter_3	0.004757553083347339	0.004657467989541522	71	71	219	219	225	225
abstract_small	test_QASMBench_small[vqe_uccsd_n4-heavy-hex]	iter_3	0.005234002541093265	0.005135916053638821	71	71	222	222	226	226
abstract_small	test_QASMBench_small[vqe_uccsd_n4-linear]	iter_3	0.004769152573620279	0.004711137090476683	71	71	252	252	231	231
abstract_small	test_QASMBench_small[vqe_uccsd_n6-all-to-all]	iter_3	0.016642774721341475	0.01623218127510004	923	923	2490	2490	2922	2922
abstract_small	test_QASMBench_small[vqe_uccsd_n6-square]	iter_3	0.02162897448207057	0.018764272914268076	947	947	2770	2770	2912	2912
abstract_small	test_QASMBench_small[vqe_uccsd_n6-heavy-hex]	iter_3	0.022109986409883608	0.0190208143431623	987	987	2723	2723	3048	3048
abstract_small	test_QASMBench_small[vqe_uccsd_n6-linear]	iter_3	0.02122080884873867	0.018312657005944342	987	987	2894	2894	3072	3072
abstract_small	test_QASMBench_small[vqe_uccsd_n8-all-to-all]	iter_3	0.07310863498311776	0.06046390172559768	4815	4815	12404	12404	15014	15014
abstract_small	test_QASMBench_small[vqe_uccsd_n8-square]	iter_3	0.08177789859473705	0.06854293867945671	5058	5058	13813	13813	15151	15151
abstract_small	test_QASMBench_small[vqe_uccsd_n8-heavy-hex]	iter_3	0.08463706743593018	0.07156406318147977	5388	5388	14065	14065	16043	16043
abstract_small	test_QASMBench_small[vqe_uccsd_n8-linear]	iter_3	0.0824382711822788	0.06820382590272597	5420	5420	14310	14310	16160	16160
abstract_small	test_QASMBench_small[wstate_n3-all-to-all]	iter_3	0.003706224912292316	0.0032813315351422016	6	6	34	34	28	28
abstract_small	test_QASMBench_small[wstate_n3-square]	iter_3	0.005452327841882548	0.005354533270001412	12	12	53	53	37	37
abstract_small	test_QASMBench_small[wstate_n3-heavy-hex]	iter_3	0.0059692417367778975	0.006004206370562315	10	10	53	53	44	44
abstract_small	test_QASMBench_small[wstate_n3-linear]	iter_3	0.004921871781122261	0.004912801680789477	10	10	41	41	36	36
abstract_medium	test_QASMBench_medium[bigadder_n18-all-to-all]	iter_3	0.013777560229564821	0.012983631052904659	130	130	499	499	318	318
abstract_medium	test_QASMBench_medium[bigadder_n18-square]	iter_3	0.011186863827918257	0.010983618920747663	201	201	731	731	432	432
abstract_medium	test_QASMBench_medium[bigadder_n18-heavy-hex]	iter_3	0.00998375822718327	0.00977989190047787	218	218	769	769	498	498
abstract_medium	test_QASMBench_medium[bigadder_n18-linear]	iter_3	0.009878289548086595	0.0097054224073266	228	228	829	829	584	584
abstract_medium	test_QASMBench_medium[bv_n14-all-to-all]	iter_3	0.005947445800318521	0.00568963155396037	13	13	107	107	28	28
abstract_medium	test_QASMBench_medium[bv_n14-square]	iter_3	0.00510170486877146	0.005036614014435623	27	27	171	171	75	75
abstract_medium	test_QASMBench_medium[bv_n14-heavy-hex]	iter_3	0.005241834322910711	0.005219329634888304	40	40	179	179	96	96
abstract_medium	test_QASMBench_medium[bv_n14-linear]	iter_3	0.004863398041772215	0.004770544060581439	24	24	220	220	91	91
abstract_medium	test_QASMBench_medium[bv_n19-all-to-all]	iter_3	0.007435366167878428	0.007215497470429154	18	18	144	144	33	33
abstract_medium	test_QASMBench_medium[bv_n19-square]	iter_3	0.014016735057036081	0.013687796251320127	43	43	244	244	105	105
abstract_medium	test_QASMBench_medium[bv_n19-heavy-hex]	iter_3	0.0056536910958545055	0.0055798717308789495	72	72	296	296	163	163
abstract_medium	test_QASMBench_medium[bv_n19-linear]	iter_3	0.00534600922496531	0.0053476165678050065	34	34	302	302	118	118
abstract_medium	test_QASMBench_medium[bwt_n21-all-to-all]	iter_3	5.878647683188319	5.699080726131797	169200	169200	658875	658875	428309	428309
abstract_medium	test_QASMBench_medium[bwt_n21-square]	iter_3	8.148854706436396	7.812018470838666	395444	395444	1265957	1265957	755106	755106
abstract_medium	test_QASMBench_medium[bwt_n21-heavy-hex]	iter_3	10.595402490347624	9.97252643853426	527050	527050	1690104	1690104	972598	972598
abstract_medium	test_QASMBench_medium[bwt_n21-linear]	iter_3	12.675305962562561	10.49797541834414	805890	805890	2329558	2329558	1345578	1345578
abstract_medium	test_QASMBench_medium[cat_state_n22-all-to-all]	iter_3	0.010431517410944117	0.009813018361146146	21	21	131	131	67	67
abstract_medium	test_QASMBench_medium[cat_state_n22-square]	iter_3	0.0077563674823075785	0.007681554057320258	21	21	131	131	67	67
abstract_medium	test_QASMBench_medium[cat_state_n22-heavy-hex]	iter_3	0.008442384927817013	0.008398089046894977	21	21	131	131	67	67
abstract_medium	test_QASMBench_medium[cat_state_n22-linear]	iter_3	0.004152386480582361	0.004137347241242727	21	21	131	131	67	67
abstract_medium	test_QASMBench_medium[cc_n12-all-to-all]	iter_3	0.026670195990138583	0.026764974284630556	11	11	77	77	43	43
abstract_medium	test_QASMBench_medium[cc_n12-square]	iter_3	0.03158852390267632	0.031736996374092996	23	23	113	113	78	78
abstract_medium	test_QASMBench_medium[cc_n12-heavy-hex]	iter_3	0.03175073935452736	0.03179729549270688	30	30	135	135	99	99
abstract_medium	test_QASMBench_medium[cc_n12-linear]	iter_3	0.03235015051905066	0.032569938762621445	20	20	135	135	93	93
abstract_medium	test_QASMBench_medium[dnn_n16-all-to-all]	iter_3	0.01222790963947773	0.011860880069434643	128	128	883	883	80	80
abstract_medium	test_QASMBench_medium[dnn_n16-square]	iter_3	0.011024478416161975	0.010857837384237963	128	128	884	884	80	80
abstract_medium	test_QASMBench_medium[dnn_n16-heavy-hex]	iter_3	0.008947205938854995	0.007699745730692599	128	128	882	882	80	80
abstract_medium	test_QASMBench_medium[dnn_n16-linear]	iter_3	0.011411155396628948	0.009884923161502848	233	233	1238	1238	128	128
abstract_medium	test_QASMBench_medium[factor247_n15-all-to-all]	iter_3	7.976634040474892	6.679999867454171	267223	267223	992014	992014	928867	928867
abstract_medium	test_QASMBench_medium[factor247_n15-square]	iter_3	10.939327321946621	9.096917692571878	392552	392552	1434014	1434014	1203239	1203239
abstract_medium	test_QASMBench_medium[factor247_n15-heavy-hex]	iter_3	10.74083411693573	8.839733837172389	392914	392914	1369471	1369471	1195588	1195588
abstract_medium	test_QASMBench_medium[factor247_n15-linear]	iter_3	12.192998554557562	9.365091411396861	422910	422910	1595821	1595821	1248167	1248167
abstract_medium	test_QASMBench_medium[gcm_h6-all-to-all]	iter_3	0.07455179853630918	0.07239349037408829	528	528	2560	2560	2056	2056
abstract_medium	test_QASMBench_medium[gcm_h6-square]	iter_3	0.07464287070823568	0.07344141575906958	771	771	3561	3561	2695	2695
abstract_medium	test_QASMBench_medium[gcm_h6-heavy-hex]	iter_3	0.07502664891736847	0.0731215603383524	764	764	3337	3337	2674	2674
abstract_medium	test_QASMBench_medium[gcm_h6-linear]	iter_3	0.07430248774055924	0.0729852511680552	834	834	3583	3583	2754	2754
abstract_medium	test_QASMBench_medium[ghz_state_n23-all-to-all]	iter_3	0.010329730390945327	0.009683844000803974	22	22	137	137	70	70
abstract_medium	test_QASMBench_medium[ghz_state_n23-square]	iter_3	0.007914854928851127	0.007694522821993539	22	22	137	137	70	70
abstract_medium	test_QASMBench_medium[ghz_state_n23-heavy-hex]	iter_3	0.008635130761699243	0.008492151440112991	22	22	137	137	70	70
abstract_medium	test_QASMBench_medium[ghz_state_n23-linear]	iter_3	0.004278153864357938	0.004252599452489189	22	22	137	137	70	70
abstract_medium	test_QASMBench_medium[ising_n26-all-to-all]	iter_3	0.013016206163324807	0.011109221466751985	50	50	282	282	21	21
abstract_medium	test_QASMBench_medium[ising_n26-square]	iter_3	0.010854891276565092	0.009757711358442165	50	50	279	279	21	21
abstract_medium	test_QASMBench_medium[ising_n26-heavy-hex]	iter_3	0.010611945742534266	0.009447260927408933	50	50	285	285	22	22
abstract_medium	test_QASMBench_medium[ising_n26-linear]	iter_3	0.006137689959038706	0.005141204773363742	50	50	286	286	21	21
abstract_medium	test_QASMBench_medium[knn_n25-all-to-all]	iter_3	0.012184371872816556	0.01173296065202781	84	84	425	425	227	226
abstract_medium	test_QASMBench_medium[knn_n25-square]	iter_3	0.009396243232645487	0.009357487837087761	155	155	536	536	372	372
abstract_medium	test_QASMBench_medium[knn_n25-heavy-hex]	iter_3	0.020016443654894828	0.019808784872293473	209	209	703	703	531	531
abstract_medium	test_QASMBench_medium[knn_n25-linear]	iter_3	0.009267745846786449	0.00918304201008545	134	134	585	585	374	374
abstract_medium	test_QASMBench_medium[multiplier_n15-all-to-all]	iter_3	0.015338609625513738	0.014606941491365433	222	222	827	827	494	494
abstract_medium	test_QASMBench_medium[multiplier_n15-square]	iter_3	0.012382664472648972	0.012244099986892713	390	390	1345	1345	750	750
abstract_medium	test_QASMBench_medium[multiplier_n15-heavy-hex]	iter_3	0.012710756585001946	0.0123704330144841	427	427	1481	1481	840	840
abstract_medium	test_QASMBench_medium[multiplier_n15-linear]	iter_3	0.012765883880702756	0.01250443648164853	482	482	1635	1635	818	818
abstract_medium	test_QASMBench_medium[multiply_n13-all-to-all]	iter_3	0.009714381718034045	0.009386609360161755	40	40	174	174	99	99
abstract_medium	test_QASMBench_medium[multiply_n13-square]	iter_3	0.006518362268038532	0.00646563826927117	59	59	255	255	139	139
abstract_medium	test_QASMBench_medium[multiply_n13-heavy-hex]	iter_3	0.006688098012305358	0.006623417657933065	79	79	305	305	200	200
abstract_medium	test_QASMBench_medium[multiply_n13-linear]	iter_3	0.006487459514518173	0.006438770242462493	101	101	328	328	205	205
abstract_medium	test_QASMBench_medium[qec9xz_n17-all-to-all]	iter_3	0.00882965259131838	0.008527131480538947	32	32	133	133	28	28
abstract_medium	test_QASMBench_medium[qec9xz_n17-square]	iter_3	0.006871467045343974	0.006847457872936502	68	68	241	241	77	77
abstract_medium	test_QASMBench_medium[qec9xz_n17-heavy-hex]	iter_3	0.005880428536329418	0.005896252248499353	100	100	323	323	132	132
abstract_medium	test_QASMBench_medium[qec9xz_n17-linear]	iter_3	0.0061851368395623215	0.006135672892037875	133	133	440	440	122	122
abstract_medium	test_QASMBench_medium[qf21_n15-all-to-all]	iter_3	0.01222015751991421	0.011545386883508727	115	115	501	501	386	386
abstract_medium	test_QASMBench_medium[qf21_n15-square]	iter_3	0.008952442047028046	0.008888321386819536	196	196	787	787	582	582
abstract_medium	test_QASMBench_medium[qf21_n15-heavy-hex]	iter_3	0.010673160381291224	0.009302881655392345	227	227	892	892	714	714
abstract_medium	test_QASMBench_medium[qf21_n15-linear]	iter_3	0.010816857155956578	0.009248247517660112	270	270	1045	1045	803	803
abstract_medium	test_QASMBench_medium[qft_n18-all-to-all]	iter_3	0.01976328495889902	0.018017800863493572	294	294	1000	1000	243	243
abstract_medium	test_QASMBench_medium[qft_n18-square]	iter_3	0.016592981535251492	0.014325698587431837	526	526	1810	1810	669	669
abstract_medium	test_QASMBench_medium[qft_n18-heavy-hex]	iter_3	0.016449232818558812	0.014179617685616994	576	576	2073	2073	789	789
abstract_medium	test_QASMBench_medium[qft_n18-linear]	iter_3	0.015590269148113236	0.013420970489581427	501	501	2111	2111	499	499
abstract_medium	test_QASMBench_medium[qram_n20-all-to-all]	iter_3	0.013227083594412417	0.012874530317882696	130	130	541	541	299	299
abstract_medium	test_QASMBench_medium[qram_n20-square]	iter_3	0.0118377217910735	0.010449863462285562	224	224	837	837	438	438
abstract_medium	test_QASMBench_medium[qram_n20-heavy-hex]	iter_3	0.012327296423572527	0.012251021385919757	308	308	990	990	568	568
abstract_medium	test_QASMBench_medium[qram_n20-linear]	iter_3	0.011148162427193978	0.01109732346337163	374	374	1291	1291	705	705
abstract_medium	test_QASMBench_medium[sat_n11-all-to-all]	iter_3	0.012943135692348963	0.012668587451039905	252	252	1037	1037	869	869
abstract_medium	test_QASMBench_medium[sat_n11-square]	iter_3	0.01241848719616731	0.012380275087287793	408	408	1405	1405	1074	1074
abstract_medium	test_QASMBench_medium[sat_n11-heavy-hex]	iter_3	0.012834515828543749	0.01293463728257588	457	457	1526	1526	1205	1205
abstract_medium	test_QASMBench_medium[sat_n11-linear]	iter_3	0.01309764176607132	0.01296669585009416	528	528	1846	1846	1320	1320
abstract_medium	test_QASMBench_medium[seca_n11-all-to-all]	iter_3	0.00941579654296436	0.009359086374982749	80	80	322	322	154	154
abstract_medium	test_QASMBench_medium[seca_n11-square]	iter_3	0.00882680844873763	0.007899900929642325	119	119	447	447	258	258
abstract_medium	test_QASMBench_medium[seca_n11-heavy-hex]	iter_3	0.007865303506453833	0.007951147668063641	124	124	453	453	218	218
abstract_medium	test_QASMBench_medium[seca_n11-linear]	iter_3	0.007763743821171022	0.00791000301343581	130	130	472	472	240	240
abstract_medium	test_QASMBench_medium[square_root_n18-all-to-all]	iter_3	0.027381720021367073	0.026625180358274117	898	898	3549	3549	2607	2607
abstract_medium	test_QASMBench_medium[square_root_n18-square]	iter_3	0.03384396872882332	0.033419577218592164	1925	1925	6343	6343	4173	4173
abstract_medium	test_QASMBench_medium[square_root_n18-heavy-hex]	iter_3	0.03498848521461089	0.03439857007871414	2235	2235	7287	7287	4994	4994
abstract_medium	test_QASMBench_medium[square_root_n18-linear]	iter_3	0.03818082450716584	0.03712412149512342	2699	2699	8734	8734	5814	5814
abstract_medium	test_QASMBench_medium[swap_test_n25-all-to-all]	iter_3	0.012117646202990195	0.011904446275106497	84	84	474	474	229	229
abstract_medium	test_QASMBench_medium[swap_test_n25-square]	iter_3	0.009342974331229926	0.009444611110878222	155	155	584	584	372	372
abstract_medium	test_QASMBench_medium[swap_test_n25-heavy-hex]	iter_3	0.020022191405296326	0.019894249476492404	209	209	753	753	533	533
abstract_medium	test_QASMBench_medium[swap_test_n25-linear]	iter_3	0.009242002886127343	0.009221872210363361	134	134	615	615	376	376
abstract_medium	test_QASMBench_medium[wstate_n27-all-to-all]	iter_3	0.012287347111850977	0.011813339167906915	52	52	335	335	127	127
abstract_medium	test_QASMBench_medium[wstate_n27-square]	iter_3	0.009223996868564023	0.009379699235208906	52	52	330	330	126	126
abstract_medium	test_QASMBench_medium[wstate_n27-heavy-hex]	iter_3	0.009386387680774754	0.009331541845486277	52	52	332	332	127	127
abstract_medium	test_QASMBench_medium[wstate_n27-linear]	iter_3	0.005336098489961075	0.005531652059446099	52	52	333	333	126	126
abstract_large	test_QASMBench_large[100-all-to-all]	iter_3	0.5466781063005328	0.5142588289454579	14835	14835	94559	94559	1412	1412
abstract_large	test_QASMBench_large[100-square]	iter_3	1.2959983944892883	1.1268569845706224	67890	67890	233936	233936	28922	28922
abstract_large	test_QASMBench_large[100-heavy-hex]	iter_3	1.628043221309781	1.391144597902894	97404	97404	311217	311217	30286	30286
abstract_large	test_QASMBench_large[100-linear]	iter_3	5.596864627674222	4.3657159227877855	347676	347676	936925	936925	58327	58327
abstract_large	test_QASMBench_large[32-all-to-all]	iter_3	0.06305670621804893	0.06064979359507561	1488	1488	9617	9617	454	454
abstract_large	test_QASMBench_large[32-square]	iter_3	0.08637958392500877	0.0748244577220508	3633	3633	15532	15532	3235	3235
abstract_large	test_QASMBench_large[32-heavy-hex]	iter_3	0.10200805421918631	0.0875307647511363	4959	4959	18939	18939	3139	3139
abstract_large	test_QASMBench_large[32-linear]	iter_3	0.14440463879145682	0.11984704600440131	9870	9870	31262	31262	4746	4746
abstract_large	test_QASMBench_large[adder_n118-all-to-all]	iter_3	0.08389696525409818	0.07879320116570362	845	845	3259	3259	1128	1128
abstract_large	test_QASMBench_large[adder_n118-square]	iter_3	0.0710359231701919	0.06962225834528606	1660	1660	5745	5745	1982	1982
abstract_large	test_QASMBench_large[adder_n118-heavy-hex]	iter_3	0.051093568466603755	0.0495409592099133	2313	2313	7466	7466	2873	2873
abstract_large	test_QASMBench_large[adder_n118-linear]	iter_3	0.04391882584119836	0.043365680086223976	1579	1579	5597	5597	2246	2246
abstract_large	test_QASMBench_large[adder_n28-all-to-all]	iter_3	0.018070618266409093	0.017174430616330682	195	195	747	747	355	355
abstract_large	test_QASMBench_large[adder_n28-square]	iter_3	0.013683495883430754	0.013608247851547987	319	319	1134	1134	551	551
abstract_large	test_QASMBench_large[adder_n28-heavy-hex]	iter_3	0.014999729222976245	0.014860539262493451	365	365	1273	1273	741	741
abstract_large	test_QASMBench_large[adder_n28-linear]	iter_3	0.012059800047427415	0.012052430157981268	294	294	1116	1116	533	533
abstract_large	test_QASMBench_large[adder_n433-all-to-all]	iter_3	1.6119754910469055	1.598437374457717	3120	3120	12202	12202	3900	3900
abstract_large	test_QASMBench_large[adder_n433-square]	iter_3	0.25594492116943	0.24670201390981675	7270	7270	24455	24455	7719	7719
abstract_large	test_QASMBench_large[adder_n433-heavy-hex]	iter_3	0.2413313690572977	0.23484597429633142	11546	11546	36146	36146	12925	12925
abstract_large	test_QASMBench_large[adder_n433-linear]	iter_3	2.04258325509727	2.0657401960343122	16602	16602	49359	49359	19660	19660
abstract_large	test_QASMBench_large[adder_n64-all-to-all]	iter_3	0.03704063201116191	0.034565365474138944	455	455	1763	1763	674	674
abstract_large	test_QASMBench_large[adder_n64-square]	iter_3	0.02692629536613822	0.026266959042121202	843	843	2995	2995	1273	1273
abstract_large	test_QASMBench_large[adder_n64-heavy-hex]	iter_3	0.029692527564132914	0.029062355320681545	1003	1003	3475	3475	1539	1539
abstract_large	test_QASMBench_large[adder_n64-linear]	iter_3	0.022707010661675173	0.02188309711282668	691	691	2638	2638	1030	1030
abstract_large	test_QASMBench_large[bv_n140-all-to-all]	iter_3	0.3408442474901676	0.3700943427781264	72	72	1071	1071	118	118
abstract_large	test_QASMBench_large[bv_n140-square]	iter_3	0.03836514855976458	0.03681806178280601	362	362	2009	2009	887	887
abstract_large	test_QASMBench_large[bv_n140-heavy-hex]	iter_3	0.05237966254353523	0.05112506048753858	513	513	2378	2378	1068	1068
abstract_large	test_QASMBench_large[bv_n140-linear]	iter_3	0.023069442054906557	0.02298311906498532	359	359	2437	2437	1116	1116
abstract_large	test_QASMBench_large[bv_n280-all-to-all]	iter_3	1.7380777839571238	1.710669681429863	152	152	2190	2190	219	219
abstract_large	test_QASMBench_large[bv_n280-square]	iter_3	0.057131317237185106	0.05641755202992095	930	930	4757	4757	2113	2113
abstract_large	test_QASMBench_large[bv_n280-heavy-hex]	iter_3	0.06844122000038624	0.06620253017172217	1507	1507	6257	6257	2991	2991
abstract_large	test_QASMBench_large[bv_n280-linear]	iter_3	0.05458549233643632	0.054063658769193446	824	824	5350	5350	2471	2471
abstract_large	test_QASMBench_large[bv_n30-all-to-all]	iter_3	0.017315985004027045	0.016241936500255877	18	18	239	239	36	36
abstract_large	test_QASMBench_large[bv_n30-square]	iter_3	0.023463755629436915	0.02318713827324765	46	46	317	317	121	121
abstract_large	test_QASMBench_large[bv_n30-heavy-hex]	iter_3	0.008922768684411511	0.008807503240736755	75	75	369	369	165	165
abstract_large	test_QASMBench_large[bv_n30-linear]	iter_3	0.006437324318348577	0.006315877928940299	62	62	472	472	206	206
abstract_large	test_QASMBench_large[bv_n70-all-to-all]	iter_3	0.07100729231855699	0.06359765760134906	36	36	523	523	65	65
abstract_large	test_QASMBench_large[bv_n70-square]	iter_3	0.03149549567112417	0.03094618823943716	137	137	816	816	279	279
abstract_large	test_QASMBench_large[bv_n70-heavy-hex]	iter_3	0.03197680840328816	0.03152469696942717	164	164	910	910	411	411
abstract_large	test_QASMBench_large[bv_n70-linear]	iter_3	0.010871407524733753	0.010840636902842028	151	151	1105	1105	480	480
abstract_large	test_QASMBench_large[bwt_n37-all-to-all]	iter_3	15.297766035422683	14.316248387098312	604400	604400	2366497	2366497	1615901	1615901
abstract_large	test_QASMBench_large[bwt_n37-square]	iter_3	32.89031713269651	30.32104106619954	1537497	1537497	4937888	4937888	2956627	2956627
abstract_large	test_QASMBench_large[bwt_n37-heavy-hex]	iter_3	40.635332241654396	37.20291396044195	2026813	2026813	6143358	6143358	3631059	3631059
abstract_large	test_QASMBench_large[bwt_n37-linear]	iter_3	53.54832427203655	50.7278454285115	3279186	3279186	9318702	9318702	5220790	5220790
abstract_large	test_QASMBench_large[cat_n130-all-to-all]	iter_3	0.08251984732655379	0.0751934748675142	129	129	779	779	391	391
abstract_large	test_QASMBench_large[cat_n130-square]	iter_3	0.014278506284908336	0.01402557763670172	129	129	779	779	391	391
abstract_large	test_QASMBench_large[cat_n130-heavy-hex]	iter_3	0.024220950280626614	0.024105364889946093	129	129	779	779	391	391
abstract_large	test_QASMBench_large[cat_n130-linear]	iter_3	0.010493926471099257	0.010442276108772196	129	129	779	779	391	391
abstract_large	test_QASMBench_large[cat_n260-all-to-all]	iter_3	0.31047789100557566	0.3082448276691139	259	259	1559	1559	781	781
abstract_large	test_QASMBench_large[cat_n260-square]	iter_3	0.02274954407899217	0.022488301454318894	259	259	1559	1559	781	781
abstract_large	test_QASMBench_large[cat_n260-heavy-hex]	iter_3	6.8020685110241175	6.390282180160284	3001	3001	8395	8395	5402	5402
abstract_large	test_QASMBench_large[cat_n260-linear]	iter_3	0.016135079143890018	0.016049280762672424	259	259	1559	1559	781	781
abstract_large	test_QASMBench_large[cat_n35-all-to-all]	iter_3	0.015310943854274228	0.014504271119626032	34	34	209	209	106	106
abstract_large	test_QASMBench_large[cat_n35-square]	iter_3	0.008197655519623249	0.008173713108172288	34	34	209	209	106	106
abstract_large	test_QASMBench_large[cat_n35-heavy-hex]	iter_3	0.009381864581582616	0.009331861894358607	34	34	209	209	106	106
abstract_large	test_QASMBench_large[cat_n35-linear]	iter_3	0.00495800046938593	0.00498366019449621	34	34	209	209	106	106
abstract_large	test_QASMBench_large[cat_n65-all-to-all]	iter_3	0.027451397901451267	0.026087475646483272	64	64	389	389	196	196
abstract_large	test_QASMBench_large[cat_n65-square]	iter_3	0.012134981636382356	0.012078780106004373	64	64	389	389	196	196
abstract_large	test_QASMBench_large[cat_n65-heavy-hex]	iter_3	0.013748032216360603	0.013918331057271537	64	64	389	389	196	196
abstract_large	test_QASMBench_large[cat_n65-linear]	iter_3	0.0066378265186104665	0.006633538405285843	64	64	389	389	196	196
abstract_large	test_QASMBench_large[cc_n151-all-to-all]	iter_3	1.2692651711404324	1.2601807247847319	150	150	917	917	462	462
abstract_large	test_QASMBench_large[cc_n151-square]	iter_3	1.493630811572075	1.4790348764508963	740	740	2902	2902	2122	2122
abstract_large	test_QASMBench_large[cc_n151-heavy-hex]	iter_3	1.4821248706430197	1.4229729156941175	1341	1341	4447	4447	3149	3149
abstract_large	test_QASMBench_large[cc_n151-linear]	iter_3	1.4006979539990425	1.432432685047388	338	338	1962	1962	1365	1365
abstract_large	test_QASMBench_large[cc_n301-all-to-all]	iter_3	4.941619137302041	4.900701904669404	300	300	1817	1817	912	912
abstract_large	test_QASMBench_large[cc_n301-square]	iter_3	5.551244307309389	5.4659525863826275	1682	1682	6515	6515	4485	4485
abstract_large	test_QASMBench_large[cc_n301-heavy-hex]	iter_3	5.599493131041527	5.462644744664431	3564	3564	11881	11881	7982	7982
abstract_large	test_QASMBench_large[cc_n301-linear]	iter_3	5.594411578029394	5.52351076900959	665	665	3853	3853	2689	2689
abstract_large	test_QASMBench_large[cc_n32-all-to-all]	iter_3	0.09865892771631479	0.09805182977156206	31	31	201	201	105	105
abstract_large	test_QASMBench_large[cc_n32-square]	iter_3	0.11314456019964483	0.12010103389620781	96	96	391	391	287	287
abstract_large	test_QASMBench_large[cc_n32-heavy-hex]	iter_3	0.12271141322950523	0.12160141603089869	146	146	504	504	393	393
abstract_large	test_QASMBench_large[cc_n32-linear]	iter_3	0.1188260156661272	0.11355800719724761	64	64	367	367	259	259
abstract_large	test_QASMBench_large[cc_n64-all-to-all]	iter_3	0.274518396705389	0.2722781477496028	63	63	393	393	201	201
abstract_large	test_QASMBench_large[cc_n64-square]	iter_3	0.3388031932214896	0.33721231110394	227	227	966	966	698	698
abstract_large	test_QASMBench_large[cc_n64-heavy-hex]	iter_3	0.35516867352028686	0.3797254891445239	416	416	1467	1467	1102	1102
abstract_large	test_QASMBench_large[cc_n64-linear]	iter_3	0.36156499944627285	0.3354429556056857	131	131	792	792	550	550
abstract_large	test_QASMBench_large[dnn_n33-all-to-all]	iter_3	0.03385209521899621	0.031500700453761965	172	172	916	916	312	312
abstract_large	test_QASMBench_large[dnn_n33-square]	iter_3	0.03127536437276638	0.029839893364731	292	292	1210	1210	454	454
abstract_large	test_QASMBench_large[dnn_n33-heavy-hex]	iter_3	0.035860891586967876	0.03371276796377938	382	382	1463	1463	646	646
abstract_large	test_QASMBench_large[dnn_n33-linear]	iter_3	0.03237513225758448	0.029871593065121594	352	352	1496	1496	567	567
abstract_large	test_QASMBench_large[dnn_n51-all-to-all]	iter_3	0.051857941690832375	0.04910121075809002	271	271	1469	1469	466	466
abstract_large	test_QASMBench_large[dnn_n51-square]	iter_3	0.06213582559105228	0.05838144632677237	579	579	2277	2277	854	854
abstract_large	test_QASMBench_large[dnn_n51-heavy-hex]	iter_3	0.04995229920106275	0.04626289323310961	756	756	2801	2801	1058	1058
abstract_large	test_QASMBench_large[dnn_n51-linear]	iter_3	0.04752095720984719	0.04466829432741455	571	571	2405	2405	920	920
abstract_large	test_QASMBench_large[ghz_n127-all-to-all]	iter_3	0.07146643993577786	0.06644602013485772	126	126	761	761	382	382
abstract_large	test_QASMBench_large[ghz_n127-square]	iter_3	0.014632870951159433	0.01429674492272384	126	126	761	761	382	382
abstract_large	test_QASMBench_large[ghz_n127-heavy-hex]	iter_3	0.02411634582094848	0.022803832057186148	126	126	761	761	382	382
abstract_large	test_QASMBench_large[ghz_n127-linear]	iter_3	0.010493162646889686	0.010362802458036205	126	126	761	761	382	382
abstract_large	test_QASMBench_large[ghz_state_n255-all-to-all]	iter_3	0.2963282563723624	0.2933505140244961	254	254	1529	1529	766	766
abstract_large	test_QASMBench_large[ghz_state_n255-square]	iter_3	0.12744999420829117	0.12460733694024384	254	254	1529	1529	766	766
abstract_large	test_QASMBench_large[ghz_state_n255-heavy-hex]	iter_3	6.620528081431985	6.661744238808751	2879	2879	8050	8050	5168	5168
abstract_large	test_QASMBench_large[ghz_state_n255-linear]	iter_3	0.015841892146963184	0.015830571999994374	254	254	1529	1529	766	766
abstract_large	test_QASMBench_large[ghz_n40-all-to-all]	iter_3	0.016824750633289417	0.015957566100310107	39	39	239	239	121	121
abstract_large	test_QASMBench_large[ghz_n40-square]	iter_3	0.009655651555043979	0.00972957567302222	39	39	239	239	121	121
abstract_large	test_QASMBench_large[ghz_n40-heavy-hex]	iter_3	0.0095136383104892	0.009512590353979784	39	39	239	239	121	121
abstract_large	test_QASMBench_large[ghz_n40-linear]	iter_3	0.005209823978225609	0.005217775537822786	39	39	239	239	121	121
abstract_large	test_QASMBench_large[ghz_n78-all-to-all]	iter_3	0.03378500217764542	0.031521057830222195	77	77	467	467	235	235
abstract_large	test_QASMBench_large[ghz_n78-square]	iter_3	0.010430215675707745	0.01040650836632147	77	77	467	467	235	235
abstract_large	test_QASMBench_large[ghz_n78-heavy-hex]	iter_3	0.014343058285505875	0.014244578778743744	77	77	467	467	235	235
abstract_large	test_QASMBench_large[ghz_n78-linear]	iter_3	0.007617183621655139	0.0076239178742980585	77	77	467	467	235	235
abstract_large	test_QASMBench_large[ising_n34-all-to-all]	iter_3	0.015532701509073377	0.013813903177710803	66	66	377	377	22	22
abstract_large	test_QASMBench_large[ising_n34-square]	iter_3	0.01015723857562989	0.00928645278327167	66	66	370	370	21	21
abstract_large	test_QASMBench_large[ising_n34-heavy-hex]	iter_3	0.011263653170317411	0.010218949007090701	66	66	375	375	22	22
abstract_large	test_QASMBench_large[ising_n34-linear]	iter_3	0.006853133094097887	0.00587365310639143	66	66	380	380	21	21
abstract_large	test_QASMBench_large[ising_n42-all-to-all]	iter_3	0.019244447174780775	0.01710413454164719	82	82	468	468	22	22
abstract_large	test_QASMBench_large[ising_n42-square]	iter_3	0.011843336829811	0.010641796309705619	82	82	474	474	22	22
abstract_large	test_QASMBench_large[ising_n42-heavy-hex]	iter_3	0.01196426461406407	0.010748508596612562	82	82	466	466	22	22
abstract_large	test_QASMBench_large[ising_n42-linear]	iter_3	0.007692009117454291	0.006514764010486469	82	82	474	474	22	22
abstract_large	test_QASMBench_large[ising_n420-all-to-all]	iter_3	1.4078174103051424	1.3400885574519634	838	838	4794	4794	23	23
abstract_large	test_QASMBench_large[ising_n420-square]	iter_3	0.04245519839848081	0.03762571941371317	838	838	4749	4749	22	22
abstract_large	test_QASMBench_large[ising_n420-heavy-hex]	iter_3	0.05557152690986792	0.05114859351888299	838	838	4782	4782	23	23
abstract_large	test_QASMBench_large[ising_n420-linear]	iter_3	0.0358720953975405	0.03188184497412294	838	838	4760	4760	23	23
abstract_large	test_QASMBench_large[ising_n66-all-to-all]	iter_3	0.029020034415381295	0.02642805791018825	130	130	740	740	22	22
abstract_large	test_QASMBench_large[ising_n66-square]	iter_3	0.015103720827028155	0.013882030732929707	130	130	750	750	23	23
abstract_large	test_QASMBench_large[ising_n66-heavy-hex]	iter_3	0.01699333295359143	0.01588408811198127	130	130	755	755	23	23
abstract_large	test_QASMBench_large[ising_n66-linear]	iter_3	0.010012675566892875	0.00879227026814112	130	130	744	744	22	22
abstract_large	test_QASMBench_large[ising_n98-all-to-all]	iter_3	0.04916491014882922	0.04424194754524664	194	194	1113	1113	22	22
abstract_large	test_QASMBench_large[ising_n98-square]	iter_3	0.015528417134191841	0.013859444244631699	194	194	1100	1100	22	22
abstract_large	test_QASMBench_large[ising_n98-heavy-hex]	iter_3	2.872905543074012	2.847578126937151	590	590	2107	2107	120	120
abstract_large	test_QASMBench_large[ising_n98-linear]	iter_3	0.013390457742426493	0.012039356213063002	194	194	1118	1118	23	23
abstract_large	test_QASMBench_large[knn_129-all-to-all]	iter_3	0.08715916340324012	0.08438344532623887	448	448	2093	2093	1092	1092
abstract_large	test_QASMBench_large[knn_129-square]	iter_3	0.0655892874347046	0.06523964460939169	1307	1307	4299	4299	2506	2506
abstract_large	test_QASMBench_large[knn_129-heavy-hex]	iter_3	0.06591381579637527	0.06521428015548736	1651	1651	5167	5167	3195	3195
abstract_large	test_QASMBench_large[knn_129-linear]	iter_3	0.04332343213584112	0.04053574688732624	831	831	3213	3213	2197	2197
abstract_large	test_QASMBench_large[knn_n31-all-to-all]	iter_3	0.014447316746501362	0.01384295360185206	105	105	497	497	272	272
abstract_large	test_QASMBench_large[knn_n31-square]	iter_3	0.012143704923801124	0.012078230765152288	210	210	738	738	496	496
abstract_large	test_QASMBench_large[knn_n31-heavy-hex]	iter_3	0.019092965213691488	0.018665567599236967	269	269	830	830	621	621
abstract_large	test_QASMBench_large[knn_n31-linear]	iter_3	0.01030223057555255	0.010350114936309477	171	171	744	744	479	479
abstract_large	test_QASMBench_large[knn_341-all-to-all]	iter_3	0.7105608889833093	0.7242140443995595	1190	1190	5700	5700	2988	2988
abstract_large	test_QASMBench_large[knn_341-square]	iter_3	0.19111548271030188	0.17890452003727356	3495	3495	11367	11367	6591	6591
abstract_large	test_QASMBench_large[knn_341-heavy-hex]	iter_3	0.17312403271595636	0.17339741252362728	5343	5343	16076	16076	9319	9319
abstract_large	test_QASMBench_large[knn_341-linear]	iter_3	1.7720813900232315	1.738277804106474	3615	3615	12102	12102	7747	7747
abstract_large	test_QASMBench_large[knn_n41-all-to-all]	iter_3	0.019341638274490834	0.018564180721743748	140	140	679	679	357	357
abstract_large	test_QASMBench_large[knn_n41-square]	iter_3	0.02524661793349645	0.023292160681670622	291	291	1066	1066	642	642
abstract_large	test_QASMBench_large[knn_n41-heavy-hex]	iter_3	0.017117845697392678	0.01682186891035787	372	372	1258	1258	913	913
abstract_large	test_QASMBench_large[knn_n41-linear]	iter_3	0.012608263886680729	0.012492856220670149	228	228	1004	1004	620	620
abstract_large	test_QASMBench_large[knn_n67-all-to-all]	iter_3	0.03167596363252209	0.030275321650234135	231	231	1100	1100	584	584
abstract_large	test_QASMBench_large[knn_n67-square]	iter_3	0.04334158142623694	0.04059775961706272	578	578	1954	1954	1219	1219
abstract_large	test_QASMBench_large[knn_n67-heavy-hex]	iter_3	0.028993753343820573	0.028368506208062173	710	710	2253	2253	1532	1532
abstract_large	test_QASMBench_large[knn_n67-linear]	iter_3	0.01851294993388432	0.01843653685029815	393	393	1653	1653	1052	1052
abstract_large	test_QASMBench_large[multiplier_n350-all-to-all]	iter_3	3.918787417933345	4.009011482819915	145880	145880	544035	544035	288935	288935
abstract_large	test_QASMBench_large[multiplier_n350-square]	iter_3	8.461895387619734	7.6261300425976515	431215	431215	1298083	1298083	557166	557166
abstract_large	test_QASMBench_large[multiplier_n350-heavy-hex]	iter_3	10.719731142744422	9.948221130296588	585014	585014	1712121	1712121	694850	694850
abstract_large	test_QASMBench_large[multiplier_n350-linear]	iter_3	16.25279206968844	12.858430583029985	1029644	1029644	2822330	2822330	918533	918533
abstract_large	test_QASMBench_large[multiplier_n400-all-to-all]	iter_3	5.581236582249403	5.263548664748669	190720	190720	708082	708082	376823	376823
abstract_large	test_QASMBench_large[multiplier_n400-square]	iter_3	11.689442289993167	10.890278235077858	567778	567778	1719997	1719997	738395	738395
abstract_large	test_QASMBench_large[multiplier_n400-heavy-hex]	iter_3	14.074974844232202	13.136479733511806	761398	761398	2240544	2240544	900192	900192
abstract_large	test_QASMBench_large[multiplier_n400-linear]	iter_3	21.564791224896908	16.79140255227685	1357932	1357932	3739412	3739412	1211862	1211862
abstract_large	test_QASMBench_large[multiplier_n45-all-to-all]	iter_3	0.060337106813676655	0.05803689437315745	2286	2286	8341	8341	4516	4516
abstract_large	test_QASMBench_large[multiplier_n45-square]	iter_3	0.081778766730657	0.0791545153523867	5050	5050	16533	16533	7982	7982
abstract_large	test_QASMBench_large[multiplier_n45-heavy-hex]	iter_3	0.08446280357356255	0.08078859101694363	5995	5995	18756	18756	9285	9285
abstract_large	test_QASMBench_large[multiplier_n45-linear]	iter_3	0.09618709236383438	0.09500259093262932	7648	7648	23561	23561	9992	9992
abstract_large	test_QASMBench_large[multiplier_n75-all-to-all]	iter_3	0.14921017283839838	0.14039779055331433	6510	6510	24289	24289	13020	13020
abstract_large	test_QASMBench_large[multiplier_n75-square]	iter_3	0.25886973831802607	0.22029350884258747	15790	15790	49622	49622	24130	24130
abstract_large	test_QASMBench_large[multiplier_n75-heavy-hex]	iter_3	0.28337565530091524	0.24508131481707096	18967	18967	58790	58790	27105	27105
abstract_large	test_QASMBench_large[multiplier_n75-linear]	iter_3	0.29450925113633275	0.28292126348242164	27110	27110	79555	79555	31414	31414
abstract_large	test_QASMBench_large[qft_n160-all-to-all]	iter_3	0.2809460782445967	0.25582098923623564	4270	4270	14867	14867	2360	2360
abstract_large	test_QASMBench_large[qft_n160-square]	iter_3	0.2656743717379868	0.23091361336410046	12992	12992	41385	41385	9578	9578
abstract_large	test_QASMBench_large[qft_n160-heavy-hex]	iter_3	0.2684561153873801	0.22501812055706977	14606	14606	50519	50519	7653	7653
abstract_large	test_QASMBench_large[qft_n160-linear]	iter_3	0.5052640428766608	0.4207875144978364	47880	47880	132973	132973	23928	23928
abstract_large	test_QASMBench_large[qft_n29-all-to-all]	iter_3	0.03169171903282404	0.028506253987099186	602	602	2106	2106	408	408
abstract_large	test_QASMBench_large[qft_n29-square]	iter_3	0.030598110909904202	0.02618032419640157	1259	1259	4228	4228	1176	1176
abstract_large	test_QASMBench_large[qft_n29-heavy-hex]	iter_3	0.034720891465743385	0.030162844637578182	1311	1311	5266	5266	908	908
abstract_large	test_QASMBench_large[qft_n29-linear]	iter_3	0.030376682057976723	0.026310488178923324	1339	1339	5193	5193	935	935
abstract_large	test_QASMBench_large[qft_n320-all-to-all]	iter_3	1.0006408877670765	0.9563788417726755	8750	8750	30201	30201	4730	4730
abstract_large	test_QASMBench_large[qft_n320-square]	iter_3	0.6175537155941129	0.5170033937320113	29324	29324	93764	93764	20750	20750
abstract_large	test_QASMBench_large[qft_n320-heavy-hex]	iter_3	0.6837012451142073	0.5841592261567712	40100	40100	123889	123889	19345	19345
abstract_large	test_QASMBench_large[qft_n320-linear]	iter_3	2.0944737941026688	1.695827141404152	181247	181247	487563	487563	111921	111921
abstract_large	test_QASMBench_large[qft_n63-all-to-all]	iter_3	0.07277840602078609	0.06630126933256784	1554	1554	5310	5310	905	905
abstract_large	test_QASMBench_large[qft_n63-square]	iter_3	0.08002214405972224	0.0681444227695465	4015	4015	12877	12877	3611	3611
abstract_large	test_QASMBench_large[qft_n63-heavy-hex]	iter_3	0.10098777879029512	0.08827542001381516	4240	4240	15519	15519	2635	2635
abstract_large	test_QASMBench_large[qft_n63-linear]	iter_3	0.10875844229012728	0.09095618998010953	8052	8052	24971	24971	3231	3231
abstract_large	test_QASMBench_large[qugan_n111-all-to-all]	iter_3	0.16252365366866192	0.16076589779307446	601	601	3246	3246	979	979
abstract_large	test_QASMBench_large[qugan_n111-square]	iter_3	0.14917857785310065	0.14383220779044287	1609	1609	6105	6105	2011	2011
abstract_large	test_QASMBench_large[qugan_n111-heavy-hex]	iter_3	0.14631650942776883	0.1413273939397186	2015	2015	7147	7147	2610	2610
abstract_large	test_QASMBench_large[qugan_n111-linear]	iter_3	0.13997762696817517	0.1350345043465495	1253	1253	5250	5250	1827	1827
abstract_large	test_QASMBench_large[qugan_n39-all-to-all]	iter_3	0.05483432516063515	0.05382675491273403	205	205	1112	1112	355	355
abstract_large	test_QASMBench_large[qugan_n39-square]	iter_3	0.05788280369920863	0.05488269844729649	405	405	1671	1671	704	704
abstract_large	test_QASMBench_large[qugan_n39-heavy-hex]	iter_3	0.052877511177212	0.05268311211839318	516	516	1944	1944	821	821
abstract_large	test_QASMBench_large[qugan_n39-linear]	iter_3	0.055292077176272866	0.05270576423832348	435	435	1818	1818	696	696
abstract_large	test_QASMBench_large[qugan_n395-all-to-all]	iter_3	1.5362645834684372	1.4982093535363674	2163	2163	11674	11674	3454	3454
abstract_large	test_QASMBench_large[qugan_n395-square]	iter_3	0.5798405557870865	0.5545686073601246	7593	7593	26644	26644	7886	7886
abstract_large	test_QASMBench_large[qugan_n395-heavy-hex]	iter_3	0.5751005513593554	0.5511364340782166	11806	11806	37583	37583	10009	10009
abstract_large	test_QASMBench_large[qugan_n395-linear]	iter_3	2.0689880549907684	2.0804129391908646	9144	9144	30569	30569	9598	9598
abstract_large	test_QASMBench_large[qugan_n71-all-to-all]	iter_3	0.10098986979573965	0.09839650169014931	381	381	2070	2070	646	646
abstract_large	test_QASMBench_large[qugan_n71-square]	iter_3	0.09613270583477887	0.09209732812913982	930	930	3662	3662	1270	1270
abstract_large	test_QASMBench_large[qugan_n71-heavy-hex]	iter_3	0.09761637364598838	0.09319067780267108	1162	1162	4263	4263	1446	1446
abstract_large	test_QASMBench_large[qugan_n71-linear]	iter_3	0.09169341149655255	0.08829076215624809	797	797	3348	3348	1157	1157
abstract_large	test_QASMBench_large[square_root_n45-all-to-all]	iter_3	0.9591410141438246	0.9435171317309141	54151	54151	212867	212867	148771	148771
abstract_large	test_QASMBench_large[square_root_n45-square]	iter_3	2.7905356232076883	2.3355853240936995	168177	168177	529450	529450	305108	305108
abstract_large	test_QASMBench_large[square_root_n45-heavy-hex]	iter_3	2.857086233794689	2.7235605102032423	220459	220459	655187	655187	380393	380393
abstract_large	test_QASMBench_large[square_root_n45-linear]	iter_3	3.602456036955118	3.5698802415281534	296286	296286	864219	864219	488429	488429
abstract_large	test_QASMBench_large[square_root_n60-all-to-all]	iter_3	10.22015729919076	9.705520851537585	415123	415123	1651788	1651788	1139186	1139186
abstract_large	test_QASMBench_large[square_root_n60-square]	iter_3	26.74787624552846	21.640864776447415	1413498	1413498	4299747	4299747	2429432	2429432
abstract_large	test_QASMBench_large[square_root_n60-heavy-hex]	iter_3	34.08559406362474	27.64899691194296	1962518	1962518	5705555	5705555	3130159	3130159
abstract_large	test_QASMBench_large[square_root_n60-linear]	iter_3	47.8449973128736	36.719526363536716	3284113	3284113	8827066	8827066	4904648	4904648
abstract_large	test_QASMBench_large[swap_test_n115-all-to-all]	iter_3	0.07497041925255742	0.0726541880518198	399	399	2173	2173	1014	1014
abstract_large	test_QASMBench_large[swap_test_n115-square]	iter_3	0.07719898503273726	0.07186406810900994	1008	1008	3600	3600	2118	2118
abstract_large	test_QASMBench_large[swap_test_n115-heavy-hex]	iter_3	0.05276531745728694	0.048254496550985744	1321	1321	4243	4243	2739	2739
abstract_large	test_QASMBench_large[swap_test_n115-linear]	iter_3	0.03758289527010034	0.03459412424728788	709	709	2981	2981	1898	1898
abstract_large	test_QASMBench_large[swap_test_n361-all-to-all]	iter_3	0.8772116731852293	0.8472193004563451	1260	1260	6856	6856	3153	3153
abstract_large	test_QASMBench_large[swap_test_n361-square]	iter_3	0.21055912226438522	0.2078546889126301	4773	4773	15258	15258	8536	8536
abstract_large	test_QASMBench_large[swap_test_n361-heavy-hex]	iter_3	0.1887527803579966	0.18325864616781473	6104	6104	18802	18802	10804	10804
abstract_large	test_QASMBench_large[swap_test_n361-linear]	iter_3	2.046773238107562	2.080058952793479	3826	3826	13069	13069	8223	8223
abstract_large	test_QASMBench_large[swap_test_n41-all-to-all]	iter_3	0.019587680771946905	0.018603471371362795	140	140	757	757	359	359
abstract_large	test_QASMBench_large[swap_test_n41-square]	iter_3	0.02522837952710688	0.023329341375246282	291	291	1131	1131	644	644
abstract_large	test_QASMBench_large[swap_test_n41-heavy-hex]	iter_3	0.01706850542263551	0.0168178419076037	372	372	1334	1334	914	914
abstract_large	test_QASMBench_large[swap_test_n41-linear]	iter_3	0.012558600379967354	0.01247057695992482	228	228	1019	1019	622	622
abstract_large	test_QASMBench_large[swap_test_n83-all-to-all]	iter_3	0.04288843306510345	0.04037007912993431	287	287	1589	1589	741	741
abstract_large	test_QASMBench_large[swap_test_n83-square]	iter_3	0.04829701180146499	0.047587175897899125	678	678	2335	2335	1482	1482
abstract_large	test_QASMBench_large[swap_test_n83-heavy-hex]	iter_3	0.037772765245150636	0.03693472281364458	948	948	3130	3130	2084	2084
abstract_large	test_QASMBench_large[swap_test_n83-linear]	iter_3	0.02309211881153963	0.023143933493305336	501	501	2119	2119	1340	1340
abstract_large	test_QASMBench_large[vqe_uccsd_n28-all-to-all]	iter_3	7.303058298304677	6.5611085537821054	234574	234574	625203	625203	715272	715272
abstract_large	test_QASMBench_large[vqe_uccsd_n28-square]	iter_3	14.37464975565672	12.655950168147683	276380	276380	799677	799677	803046	803046
abstract_large	test_QASMBench_large[vqe_uccsd_n28-heavy-hex]	iter_3	19.42004539258778	18.174560263752937	362326	362326	1125351	1125351	1003334	1003334
abstract_large	test_QASMBench_large[vqe_uccsd_n28-linear]	iter_3	10.131335701793432	8.970628298819065	275504	275504	738620	738620	791091	791091
abstract_large	test_QASMBench_large[wstate_n118-all-to-all]	iter_3	0.0651885349303484	0.06431902293115854	234	234	1505	1505	549	549
abstract_large	test_QASMBench_large[wstate_n118-square]	iter_3	0.015027606073999777	0.014897620083013577	234	234	1499	1499	545	545
abstract_large	test_QASMBench_large[wstate_n118-heavy-hex]	iter_3	0.025184729250102508	0.024146154389849732	234	234	1492	1492	541	541
abstract_large	test_QASMBench_large[wstate_n118-linear]	iter_3	0.012647416883785473	0.012386326138910494	234	234	1502	1502	548	548
abstract_large	test_QASMBench_large[wstate_n36-all-to-all]	iter_3	0.016413221577719107	0.015433341236502834	70	70	449	449	169	169
abstract_large	test_QASMBench_large[wstate_n36-square]	iter_3	0.008919822339984503	0.008858379995766675	70	70	447	447	169	169
abstract_large	test_QASMBench_large[wstate_n36-heavy-hex]	iter_3	0.01011900327315456	0.00988224381119898	70	70	450	450	171	171
abstract_large	test_QASMBench_large[wstate_n36-linear]	iter_3	0.006022018203340425	0.006556679931595737	70	70	453	453	166	166
abstract_large	test_QASMBench_large[wstate_n380-all-to-all]	iter_3	0.9851793544366956	0.9510969612747431	758	758	4816	4816	1719	1719
abstract_large	test_QASMBench_large[wstate_n380-square]	iter_3	0.032513650879263875	0.032044669072474205	758	758	4847	4847	1723	1723
abstract_large	test_QASMBench_large[wstate_n380-heavy-hex]	iter_3	6.673827789723873	6.400855174288154	8395	8395	23441	23441	7402	7402
abstract_large	test_QASMBench_large[wstate_n380-linear]	iter_3	0.027922057679721286	0.02703952502358604	758	758	4841	4841	1723	1723
abstract_large	test_QASMBench_large[wstate_n76-all-to-all]	iter_3	0.0340169192602237	0.031243923178408295	150	150	959	959	354	354
abstract_large	test_QASMBench_large[wstate_n76-square]	iter_3	0.011848242401524826	0.011935063460959664	150	150	969	969	353	353
abstract_large	test_QASMBench_large[wstate_n76-heavy-hex]	iter_3	0.014847161109322932	0.014592786073027289	150	150	974	974	356	356
abstract_large	test_QASMBench_large[wstate_n76-linear]	iter_3	0.009255450697881834	0.00909153496225675	150	150	973	973	354	354
abstract_hamiltonians	test_hamiltonians[ham_enc_stdbinary_dvalues_d-level-4-all-to-all]	iter_3	0.00925853604880663	0.009348050232476262	3	3	27	27	19	19
abstract_hamiltonians	test_hamiltonians[ham_enc_stdbinary_dvalues_d-level-4-square]	iter_3	0.009414877814169113	0.009423206711099261	3	3	27	27	19	19
abstract_hamiltonians	test_hamiltonians[ham_enc_stdbinary_dvalues_d-level-4-heavy-hex]	iter_3	0.01013333462178707	0.010168060660362244	3	3	26	26	19	19
abstract_hamiltonians	test_hamiltonians[ham_enc_stdbinary_dvalues_d-level-4-linear]	iter_3	0.008910098028453913	0.009099458520476883	3	3	27	27	19	19
abstract_hamiltonians	test_hamiltonians[ham_mu_y_prime_enc_stdbinary_dvalues_8-8-4-4-all-to-all]	iter_3	0.0037378589558299236	0.003675491115019332	16	16	69	69	56	56
abstract_hamiltonians	test_hamiltonians[ham_mu_y_prime_enc_stdbinary_dvalues_8-8-4-4-square]	iter_3	0.005668313581814137	0.004892542433218668	22	22	95	95	69	69
abstract_hamiltonians	test_hamiltonians[ham_mu_y_prime_enc_stdbinary_dvalues_8-8-4-4-heavy-hex]	iter_3	0.00556112004115301	0.00552491501517845	18	18	86	86	68	68
abstract_hamiltonians	test_hamiltonians[ham_mu_y_prime_enc_stdbinary_dvalues_8-8-4-4-linear]	iter_3	0.004605751342037648	0.004541658143573832	18	18	86	86	68	68
abstract_hamiltonians	test_hamiltonians[ham_mu_y_prime_enc_unary_dvalues_4-4-4-all-to-all]	iter_3	0.0025039926040971937	0.0024256245813651174	6	6	52	52	32	32
abstract_hamiltonians	test_hamiltonians[ham_mu_y_prime_enc_unary_dvalues_4-4-4-square]	iter_3	0.002488848760493042	0.0024300236965863757	6	6	52	52	32	32
abstract_hamiltonians	test_hamiltonians[ham_mu_y_prime_enc_unary_dvalues_4-4-4-heavy-hex]	iter_3	0.003257231938384347	0.0032388011819308566	6	6	52	52	32	32
abstract_hamiltonians	test_hamiltonians[ham_mu_y_prime_enc_unary_dvalues_4-4-4-linear]	iter_3	0.0025146521547573276	0.002422556439919989	6	6	52	52	32	32
abstract_hamiltonians	test_hamiltonians[ham_mu_z_prime_enc_gray_dvalues_4-4-4-4-all-to-all]	iter_3	0.0020886540894695573	0.002054856570212396	4	4	33	33	11	11
abstract_hamiltonians	test_hamiltonians[ham_mu_z_prime_enc_gray_dvalues_4-4-4-4-square]	iter_3	0.00242192485408547	0.0020506120167688795	4	4	35	35	14	14
abstract_hamiltonians	test_hamiltonians[ham_mu_z_prime_enc_gray_dvalues_4-4-4-4-heavy-hex]	iter_3	0.0028816105030283804	0.0028686828766308144	4	4	34	34	14	14
abstract_hamiltonians	test_hamiltonians[ham_mu_z_prime_enc_gray_dvalues_4-4-4-4-linear]	iter_3	0.0024136843947836985	0.0020487579232495693	4	4	34	34	14	14
abstract_hamiltonians	test_hamiltonians[ham_gnp-k_2_n-4_rinst-05-all-to-all]	iter_3	0.004207424598776898	0.0035152899769117247	21	21	77	77	75	75
abstract_hamiltonians	test_hamiltonians[ham_gnp-k_2_n-4_rinst-05-square]	iter_3	0.005426673736009333	0.004628295033443265	31	31	130	130	106	106
abstract_hamiltonians	test_hamiltonians[ham_gnp-k_2_n-4_rinst-05-heavy-hex]	iter_3	0.006244027948317428	0.005241071897911729	22	22	92	92	81	81
abstract_hamiltonians	test_hamiltonians[ham_gnp-k_2_n-4_rinst-05-linear]	iter_3	0.0054060769965872165	0.0046188160090402525	33	33	134	134	109	109
abstract_hamiltonians	test_hamiltonians[ham_ham_parity-4-all-to-all]	iter_3	0.005773089174752587	0.004977525855919615	47	47	149	149	159	159
abstract_hamiltonians	test_hamiltonians[ham_ham_parity-4-square]	iter_3	0.006109861331386166	0.006076438070618008	66	66	220	220	196	196
abstract_hamiltonians	test_hamiltonians[ham_ham_parity-4-heavy-hex]	iter_3	0.007482401896701302	0.006592708401555239	62	62	206	206	198	198
abstract_hamiltonians	test_hamiltonians[ham_ham_parity-4-linear]	iter_3	0.007025120659269017	0.006101900125267329	62	62	258	258	222	222
abstract_hamiltonians	test_hamiltonians[ham_mu_y_prime_enc_stdbinary_dvalues_16-16-16-16-8-8-8-all-to-all]	iter_3	0.006059355002694896	0.005237785409446116	49	49	197	197	165	165
abstract_hamiltonians	test_hamiltonians[ham_mu_y_prime_enc_stdbinary_dvalues_16-16-16-16-8-8-8-square]	iter_3	0.007208680788822034	0.006354235371710449	64	64	241	241	210	210
abstract_hamiltonians	test_hamiltonians[ham_mu_y_prime_enc_stdbinary_dvalues_16-16-16-16-8-8-8-heavy-hex]	iter_3	0.006922759654477608	0.006811242521955417	72	72	260	260	212	212
abstract_hamiltonians	test_hamiltonians[ham_mu_y_prime_enc_stdbinary_dvalues_16-16-16-16-8-8-8-linear]	iter_3	0.007421898303760423	0.006508784210370257	72	72	295	295	237	237
abstract_hamiltonians	test_hamiltonians[ham_mu_y_prime_enc_gray_dvalues_16-16-16-all-to-all]	iter_3	0.004820362495866464	0.0047755163074249315	58	58	198	198	190	190
abstract_hamiltonians	test_hamiltonians[ham_mu_y_prime_enc_gray_dvalues_16-16-16-square]	iter_3	0.0060396019039274775	0.005965935128430525	83	83	282	282	251	251
abstract_hamiltonians	test_hamiltonians[ham_mu_y_prime_enc_gray_dvalues_16-16-16-heavy-hex]	iter_3	0.006687686721585235	0.006636498879840356	83	83	304	304	284	284
abstract_hamiltonians	test_hamiltonians[ham_mu_y_prime_enc_gray_dvalues_16-16-16-linear]	iter_3	0.006084750758529436	0.006031653866815714	92	92	308	308	265	265
abstract_hamiltonians	test_hamiltonians[ham_enc_gray_dvalues_d-level-16-all-to-all]	iter_3	0.009275102929677814	0.008158015662973578	128	128	539	539	458	458
abstract_hamiltonians	test_hamiltonians[ham_enc_gray_dvalues_d-level-16-square]	iter_3	0.010901225349781189	0.009572548419237136	187	187	729	729	597	597
abstract_hamiltonians	test_hamiltonians[ham_enc_gray_dvalues_d-level-16-heavy-hex]	iter_3	0.011729221009177926	0.01046451066874645	172	172	831	831	644	644
abstract_hamiltonians	test_hamiltonians[ham_enc_gray_dvalues_d-level-16-linear]	iter_3	0.011225861113737612	0.009907295812190194	196	196	897	897	680	680
abstract_hamiltonians	test_hamiltonians[ham_mu_y_prime_enc_stdbinary_dvalues_8-8-8-8-8-8-all-to-all]	iter_3	0.005776922684162855	0.005188589210085796	32	32	142	142	58	58
abstract_hamiltonians	test_hamiltonians[ham_mu_y_prime_enc_stdbinary_dvalues_8-8-8-8-8-8-square]	iter_3	0.006514794556061168	0.006151615859722936	38	38	153	153	71	71
abstract_hamiltonians	test_hamiltonians[ham_mu_y_prime_enc_stdbinary_dvalues_8-8-8-8-8-8-heavy-hex]	iter_3	0.006613835054513527	0.00653136965373288	36	36	183	183	74	74
abstract_hamiltonians	test_hamiltonians[ham_mu_y_prime_enc_stdbinary_dvalues_8-8-8-8-8-8-linear]	iter_3	0.006003823759300368	0.005970673528141701	36	36	183	183	74	74
abstract_hamiltonians	test_hamiltonians[ham_gnp-k_4_n-6_rinst-15-all-to-all]	iter_3	0.0065252595623723824	0.005557711224821283	87	87	331	331	263	263
abstract_hamiltonians	test_hamiltonians[ham_gnp-k_4_n-6_rinst-15-square]	iter_3	0.007926797807341865	0.006891228965599171	111	111	416	416	334	334
abstract_hamiltonians	test_hamiltonians[ham_gnp-k_4_n-6_rinst-15-heavy-hex]	iter_3	0.0070359578310716445	0.006967374617516091	131	131	463	463	403	403
abstract_hamiltonians	test_hamiltonians[ham_gnp-k_4_n-6_rinst-15-linear]	iter_3	0.008089628634082168	0.006907003656239577	171	171	579	579	436	436
abstract_hamiltonians	test_hamiltonians[ham_ham_JW-6-all-to-all]	iter_3	0.009345179311931134	0.008066686340000318	225	225	651	651	692	692
abstract_hamiltonians	test_hamiltonians[ham_ham_JW-6-square]	iter_3	0.01138936715090976	0.00995071032749755	294	294	888	888	835	835
abstract_hamiltonians	test_hamiltonians[ham_ham_JW-6-heavy-hex]	iter_3	0.01244052437444528	0.010643561267190509	329	329	1137	1137	1000	1000
abstract_hamiltonians	test_hamiltonians[ham_ham_JW-6-linear]	iter_3	0.010339527138664076	0.010151106288138124	378	378	1207	1207	974	974
abstract_hamiltonians	test_hamiltonians[ham_mu_y_prime_enc_unary_dvalues_8-8-8-8-8-8-8-all-to-all]	iter_3	0.0045484776933525884	0.004486114998240914	14	14	120	120	72	72
abstract_hamiltonians	test_hamiltonians[ham_mu_y_prime_enc_unary_dvalues_8-8-8-8-8-8-8-square]	iter_3	0.0037891005827042894	0.003751047122281349	14	14	120	120	72	72
abstract_hamiltonians	test_hamiltonians[ham_mu_y_prime_enc_unary_dvalues_8-8-8-8-8-8-8-heavy-hex]	iter_3	0.004198543783357215	0.004141349957582537	14	14	120	120	72	72
abstract_hamiltonians	test_hamiltonians[ham_mu_y_prime_enc_unary_dvalues_8-8-8-8-8-8-8-linear]	iter_3	0.00362399881881363	0.003624497549026273	14	14	120	120	72	72
abstract_hamiltonians	test_hamiltonians[ham_7-uf20-0384.cnf-8-res-all-to-all]	iter_3	0.007677245235373807	0.00746205132176627	44	44	150	150	81	81
abstract_hamiltonians	test_hamiltonians[ham_7-uf20-0384.cnf-8-res-square]	iter_3	0.005808142650448069	0.005751417630170224	64	64	218	218	122	122
abstract_hamiltonians	test_hamiltonians[ham_7-uf20-0384.cnf-8-res-heavy-hex]	iter_3	0.006898764055222273	0.006012255206513099	78	78	269	269	148	148
abstract_hamiltonians	test_hamiltonians[ham_7-uf20-0384.cnf-8-res-linear]	iter_3	0.00597653632814234	0.00593091341267739	91	91	302	302	163	163
abstract_hamiltonians	test_hamiltonians[ham_tsp_rand-002_Ncity-4_enc-stdbinary-all-to-all]	iter_3	0.010745882166809934	0.010690529677239094	80	80	271	271	208	208
abstract_hamiltonians	test_hamiltonians[ham_tsp_rand-002_Ncity-4_enc-stdbinary-square]	iter_3	0.008239500502353175	0.007124242991322779	120	120	400	400	303	303
abstract_hamiltonians	test_hamiltonians[ham_tsp_rand-002_Ncity-4_enc-stdbinary-heavy-hex]	iter_3	0.007604874953627586	0.007490271730846121	133	133	500	500	337	337
abstract_hamiltonians	test_hamiltonians[ham_tsp_rand-002_Ncity-4_enc-stdbinary-linear]	iter_3	0.00843640260531434	0.007294481690747269	164	164	546	546	367	367
abstract_hamiltonians	test_hamiltonians[ham_ham_JW-8-all-to-all]	iter_3	0.02725011586315102	0.026416965030335093	850	850	2294	2294	2572	2572
abstract_hamiltonians	test_hamiltonians[ham_ham_JW-8-square]	iter_3	0.02772869494344507	0.026280727791222366	1262	1262	3867	3867	3483	3483
abstract_hamiltonians	test_hamiltonians[ham_ham_JW-8-heavy-hex]	iter_3	0.029031342464602657	0.027953187658174616	1367	1367	4343	4343	3654	3654
abstract_hamiltonians	test_hamiltonians[ham_ham_JW-8-linear]	iter_3	0.027935088033208978	0.02679639192003953	1370	1370	4325	4325	3629	3629
abstract_hamiltonians	test_hamiltonians[ham_enc_gray_dvalues_8-8-8-all-to-all]	iter_3	0.3455887089172999	0.3219567150808871	6640	6640	18561	18561	21041	21041
abstract_hamiltonians	test_hamiltonians[ham_enc_gray_dvalues_8-8-8-square]	iter_3	0.42530105262994766	0.37626262195408344	11709	11709	37371	37371	32935	32935
abstract_hamiltonians	test_hamiltonians[ham_enc_gray_dvalues_8-8-8-heavy-hex]	iter_3	0.43846679913500947	0.42244992032647133	12635	12635	37612	37612	32482	32482
abstract_hamiltonians	test_hamiltonians[ham_enc_gray_dvalues_8-8-8-linear]	iter_3	0.4329605468859275	0.39014689934750396	13027	13027	39230	39230	32628	32628
abstract_hamiltonians	test_hamiltonians[ham_complbipart-n-10_a-5_b-5-all-to-all]	iter_3	0.011672185285936427	0.010882035069081974	150	150	550	550	406	406
abstract_hamiltonians	test_hamiltonians[ham_complbipart-n-10_a-5_b-5-square]	iter_3	0.010658468559875593	0.009069622645065898	239	239	791	791	642	642
abstract_hamiltonians	test_hamiltonians[ham_complbipart-n-10_a-5_b-5-heavy-hex]	iter_3	0.011727499487322001	0.009590399269832343	290	290	932	932	682	682
abstract_hamiltonians	test_hamiltonians[ham_complbipart-n-10_a-5_b-5-linear]	iter_3	0.01090602201150089	0.009440794139384078	305	305	1105	1105	790	790
abstract_hamiltonians	test_hamiltonians[ham_ham_JW10-all-to-all]	iter_3	0.05267967117068015	0.047273525524707066	1484	1484	4037	4037	4446	4446
abstract_hamiltonians	test_hamiltonians[ham_ham_JW10-square]	iter_3	0.045622150329026306	0.04254581474445083	2293	2293	7056	7056	6147	6147
abstract_hamiltonians	test_hamiltonians[ham_ham_JW10-heavy-hex]	iter_3	0.06019910501644892	0.05117556707639443	2329	2329	6986	6986	6413	6413
abstract_hamiltonians	test_hamiltonians[ham_ham_JW10-linear]	iter_3	0.04669063208116726	0.04500385212965987	2765	2765	8388	8388	7498	7498
abstract_hamiltonians	test_hamiltonians[ham_ham_parity10-all-to-all]	iter_3	0.05640388073192702	0.05327594731199114	1573	1573	4152	4152	4801	4801
abstract_hamiltonians	test_hamiltonians[ham_ham_parity10-square]	iter_3	0.05297852621266717	0.04988067671656608	2273	2273	7077	7077	6434	6434
abstract_hamiltonians	test_hamiltonians[ham_ham_parity10-heavy-hex]	iter_3	0.06046387849046903	0.05227536796347091	2269	2269	6824	6824	6591	6591
abstract_hamiltonians	test_hamiltonians[ham_ham_parity10-linear]	iter_3	0.055225099333458476	0.04673161535439166	2810	2810	8349	8349	7642	7642
abstract_hamiltonians	test_hamiltonians[ham_ham_JW-10-all-to-all]	iter_3	0.052858326304703954	0.047086452799183984	1484	1484	4047	4047	4446	4446
abstract_hamiltonians	test_hamiltonians[ham_ham_JW-10-square]	iter_3	0.045851278880780395	0.04287514203916425	2293	2293	7029	7029	6128	6128
abstract_hamiltonians	test_hamiltonians[ham_ham_JW-10-heavy-hex]	iter_3	0.0603255940710797	0.050995113980025056	2329	2329	6962	6962	6400	6400
abstract_hamiltonians	test_hamiltonians[ham_ham_JW-10-linear]	iter_3	0.046857396394691685	0.044783829184977905	2765	2765	8366	8366	7509	7509
abstract_hamiltonians	test_hamiltonians[ham_mu_x_prime_enc_stdbinary_dvalues_8-8-8-8-8-8-8-8-8-4-4-4-4-4-4-all-to-all]	iter_3	0.012063492618409204	0.010758235678076744	50	50	236	236	60	60
abstract_hamiltonians	test_hamiltonians[ham_mu_x_prime_enc_stdbinary_dvalues_8-8-8-8-8-8-8-8-8-4-4-4-4-4-4-square]	iter_3	0.007834925581284655	0.007760264552556551	60	60	276	276	72	72
abstract_hamiltonians	test_hamiltonians[ham_mu_x_prime_enc_stdbinary_dvalues_8-8-8-8-8-8-8-8-8-4-4-4-4-4-4-heavy-hex]	iter_3	0.01418963721435931	0.013842941207044265	56	56	291	291	74	74
abstract_hamiltonians	test_hamiltonians[ham_mu_x_prime_enc_stdbinary_dvalues_8-8-8-8-8-8-8-8-8-4-4-4-4-4-4-linear]	iter_3	0.008428608126065752	0.007596397565470802	56	56	297	297	74	74
abstract_hamiltonians	test_hamiltonians[ham_mu_x_prime_enc_unary_dvalues_4-4-4-all-to-all]	iter_3	0.008201258086288968	0.007902735210701723	18	18	156	156	32	32
abstract_hamiltonians	test_hamiltonians[ham_mu_x_prime_enc_unary_dvalues_4-4-4-square]	iter_3	0.007361018842608809	0.007171768113039434	18	18	156	156	32	32
abstract_hamiltonians	test_hamiltonians[ham_mu_x_prime_enc_unary_dvalues_4-4-4-heavy-hex]	iter_3	0.007438955244733326	0.007268488252985066	18	18	156	156	32	32
abstract_hamiltonians	test_hamiltonians[ham_mu_x_prime_enc_unary_dvalues_4-4-4-linear]	iter_3	0.004305376709181799	0.004282081439332278	18	18	156	156	32	32
abstract_hamiltonians	test_hamiltonians[ham_ham_parity12-all-to-all]	iter_3	0.12632795004174113	0.11905350349843502	3172	3172	8592	8592	9951	9951
abstract_hamiltonians	test_hamiltonians[ham_ham_parity12-square]	iter_3	0.16431424740169728	0.1487310834761177	5174	5174	15727	15727	14200	14200
abstract_hamiltonians	test_hamiltonians[ham_ham_parity12-heavy-hex]	iter_3	0.15844213563416684	0.1445836459419557	5776	5776	17295	17295	15546	15546
abstract_hamiltonians	test_hamiltonians[ham_ham_parity12-linear]	iter_3	0.13089653383940458	0.12257803906686604	6063	6063	17444	17444	16566	16566
abstract_hamiltonians	test_hamiltonians[ham_ham_BK12-all-to-all]	iter_3	0.08200171876412171	0.07660853543451854	3123	3123	8369	8369	9587	9587
abstract_hamiltonians	test_hamiltonians[ham_ham_BK12-square]	iter_3	0.11526677467756802	0.10840847363902463	5791	5791	18512	18512	14197	14197
abstract_hamiltonians	test_hamiltonians[ham_ham_BK12-heavy-hex]	iter_3	0.1281848547514528	0.11998529194129838	7014	7014	22256	22256	15683	15683
abstract_hamiltonians	test_hamiltonians[ham_ham_BK12-linear]	iter_3	0.13352664839476347	0.12457707873545587	8145	8145	24739	24739	17946	17946
abstract_hamiltonians	test_hamiltonians[ham_ham_JW12-all-to-all]	iter_3	0.1333076108712703	0.11640616382161777	3029	3029	8089	8089	9193	9193
abstract_hamiltonians	test_hamiltonians[ham_ham_JW12-square]	iter_3	0.15207887467529094	0.1438884176313877	5372	5372	16167	16167	14496	14496
abstract_hamiltonians	test_hamiltonians[ham_ham_JW12-heavy-hex]	iter_3	0.1751618521908919	0.14966060061539924	5232	5232	16291	16291	14781	14781
abstract_hamiltonians	test_hamiltonians[ham_ham_JW12-linear]	iter_3	0.11505336749056976	0.10730084925889968	6008	6008	17406	17406	15830	15830
abstract_hamiltonians	test_hamiltonians[ham_bh_graph-1D-grid-pbc-qubitnodes_Lx-4_U-40_enc-gray_d-8-all-to-all]	iter_3	0.07660160213708878	0.07282837014645338	2454	2454	7334	7334	7887	7887
abstract_hamiltonians	test_hamiltonians[ham_bh_graph-1D-grid-pbc-qubitnodes_Lx-4_U-40_enc-gray_d-8-square]	iter_3	0.09062731793771188	0.08771970185140769	4005	4005	13666	13666	11804	11804
abstract_hamiltonians	test_hamiltonians[ham_bh_graph-1D-grid-pbc-qubitnodes_Lx-4_U-40_enc-gray_d-8-heavy-hex]	iter_3	0.09345176849852908	0.0889987270347774	4726	4726	15755	15755	12665	12665
abstract_hamiltonians	test_hamiltonians[ham_bh_graph-1D-grid-pbc-qubitnodes_Lx-4_U-40_enc-gray_d-8-linear]	iter_3	0.09724211264401675	0.09543569233607162	5293	5293	17267	17267	14204	14204
abstract_hamiltonians	test_hamiltonians[ham_enc_unary_dvalues_4-4-4-all-to-all]	iter_3	0.15289359699402535	0.1410933275307928	5002	5002	16580	16580	15835	15835
abstract_hamiltonians	test_hamiltonians[ham_enc_unary_dvalues_4-4-4-square]	iter_3	0.18483014963567257	0.1758320229128003	8558	8558	28793	28793	22912	22912
abstract_hamiltonians	test_hamiltonians[ham_enc_unary_dvalues_4-4-4-heavy-hex]	iter_3	0.20842006541788577	0.20711114145815374	12254	12254	38360	38360	28087	28087
abstract_hamiltonians	test_hamiltonians[ham_enc_unary_dvalues_4-4-4-linear]	iter_3	0.23977172560989857	0.22946252524852753	14255	14255	47903	47903	32245	32245
abstract_hamiltonians	test_hamiltonians[ham_ham_parity-14-all-to-all]	iter_3	0.10638332888484	0.09842441100627183	3814	3814	10194	10194	11520	11520
abstract_hamiltonians	test_hamiltonians[ham_ham_parity-14-square]	iter_3	0.15302130340465478	0.12687399866990745	6259	6259	19421	19421	16403	16403
abstract_hamiltonians	test_hamiltonians[ham_ham_parity-14-heavy-hex]	iter_3	0.17576338847478232	0.161912042381508	7186	7186	21294	21294	17559	17559
abstract_hamiltonians	test_hamiltonians[ham_ham_parity-14-linear]	iter_3	0.15447174784328258	0.14468537563724176	8420	8420	24353	24353	20088	20088
abstract_hamiltonians	test_hamiltonians[ham_ham_JW14-all-to-all]	iter_3	0.16296546400657722	0.14125779271125793	3754	3754	9683	9683	11277	11277
abstract_hamiltonians	test_hamiltonians[ham_ham_JW14-square]	iter_3	0.18650085013359785	0.16757824396093687	6527	6527	18961	18961	17723	17723
abstract_hamiltonians	test_hamiltonians[ham_ham_JW14-heavy-hex]	iter_3	0.19504916574805975	0.1682522472526346	7286	7286	20089	20089	18467	18467
abstract_hamiltonians	test_hamiltonians[ham_ham_JW14-linear]	iter_3	0.1573299720351185	0.13352542254142463	7089	7089	19747	19747	18300	18300
abstract_hamiltonians	test_hamiltonians[ham_enc_gray_dvalues_4-4-4-4-4-4-4-all-to-all]	iter_3	0.07462848257273436	0.06546196597628295	2064	2064	7329	7329	6491	6491
abstract_hamiltonians	test_hamiltonians[ham_enc_gray_dvalues_4-4-4-4-4-4-4-square]	iter_3	0.07650988269597292	0.0729270778330309	3347	3347	11293	11293	9028	9028
abstract_hamiltonians	test_hamiltonians[ham_enc_gray_dvalues_4-4-4-4-4-4-4-heavy-hex]	iter_3	0.08014076604292943	0.06637650951743126	3525	3525	11951	11951	9526	9526
abstract_hamiltonians	test_hamiltonians[ham_enc_gray_dvalues_4-4-4-4-4-4-4-linear]	iter_3	0.08663820335641503	0.07809300228421177	3953	3953	12959	12959	10211	10211
abstract_hamiltonians	test_hamiltonians[ham_ham_BK-14-all-to-all]	iter_3	0.17539627446482578	0.1608111383393407	6103	6103	16122	16122	18698	18698
abstract_hamiltonians	test_hamiltonians[ham_ham_BK-14-square]	iter_3	0.28074266482144594	0.23602105863392353	12262	12262	38348	38348	30006	30006
abstract_hamiltonians	test_hamiltonians[ham_ham_BK-14-heavy-hex]	iter_3	0.2853471888229251	0.259922016877681	14493	14493	43961	43961	33064	33064
abstract_hamiltonians	test_hamiltonians[ham_ham_BK-14-linear]	iter_3	0.34121277059117955	0.31656146375462413	18213	18213	51764	51764	41594	41594
abstract_hamiltonians	test_hamiltonians[ham_ham_JW-14-all-to-all]	iter_3	0.22297966182231904	0.20323464535176755	6851	6851	18584	18584	20910	20910
abstract_hamiltonians	test_hamiltonians[ham_ham_JW-14-square]	iter_3	0.37757009950776893	0.33852687788506347	12697	12697	38017	38017	33112	33112
abstract_hamiltonians	test_hamiltonians[ham_ham_JW-14-heavy-hex]	iter_3	0.34144992257157963	0.31354890344664454	14013	14013	40961	40961	35664	35664
abstract_hamiltonians	test_hamiltonians[ham_ham_JW-14-linear]	iter_3	0.2809673873707652	0.2641838351264596	14989	14989	42098	42098	37925	37925
abstract_hamiltonians	test_hamiltonians[ham_mu_z_prime_enc_unary_dvalues_16-16-16-16-16-16-16-all-to-all]	iter_3	0.01044227407142824	0.009558733022951205	30	30	256	256	152	152
abstract_hamiltonians	test_hamiltonians[ham_mu_z_prime_enc_unary_dvalues_16-16-16-16-16-16-16-square]	iter_3	0.00813406219258327	0.00790820343127428	30	30	256	256	152	152
abstract_hamiltonians	test_hamiltonians[ham_mu_z_prime_enc_unary_dvalues_16-16-16-16-16-16-16-heavy-hex]	iter_3	0.005107375665714866	0.005024996199744179	30	30	256	256	152	152
abstract_hamiltonians	test_hamiltonians[ham_mu_z_prime_enc_unary_dvalues_16-16-16-16-16-16-16-linear]	iter_3	0.0047635631974447855	0.004687652742327417	30	30	256	256	152	152
abstract_hamiltonians	test_hamiltonians[ham_graph-1D-grid-pbc-qubitnodes_Lx-16_h-2-all-to-all]	iter_3	0.008864145822309214	0.008352395726226959	32	32	159	159	123	123
abstract_hamiltonians	test_hamiltonians[ham_graph-1D-grid-pbc-qubitnodes_Lx-16_h-2-square]	iter_3	0.007661117438339826	0.007614550295357521	32	32	154	154	128	128
abstract_hamiltonians	test_hamiltonians[ham_graph-1D-grid-pbc-qubitnodes_Lx-16_h-2-heavy-hex]	iter_3	0.004849653432600236	0.004847832099737855	32	32	151	151	127	127
abstract_hamiltonians	test_hamiltonians[ham_graph-1D-grid-pbc-qubitnodes_Lx-16_h-2-linear]	iter_3	0.0057174906184609305	0.005977665197174504	75	75	266	266	208	208
abstract_hamiltonians	test_hamiltonians[ham_ham_JW-18-all-to-all]	iter_3	0.4600577875971794	0.42693606701989967	18092	18092	42583	42583	54239	54239
abstract_hamiltonians	test_hamiltonians[ham_ham_JW-18-square]	iter_3	0.9377864599227905	0.8312359834089875	30229	30229	86333	86333	76678	76678
abstract_hamiltonians	test_hamiltonians[ham_ham_JW-18-heavy-hex]	iter_3	0.9072176599875093	0.7972372733056545	38192	38192	110022	110022	95330	95330
abstract_hamiltonians	test_hamiltonians[ham_ham_JW-18-linear]	iter_3	0.7982923109084368	0.6751440539956093	44058	44058	120326	120326	111701	111701
abstract_hamiltonians	test_hamiltonians[ham_ham_JW-22-all-to-all]	iter_3	1.9298266787081957	1.7261824496090412	55830	55830	133827	133827	169661	169661
abstract_hamiltonians	test_hamiltonians[ham_ham_JW-22-square]	iter_3	3.6903125569224358	2.8506747726351023	88872	88872	248677	248677	229849	229849
abstract_hamiltonians	test_hamiltonians[ham_ham_JW-22-heavy-hex]	iter_3	4.504574099555612	4.078279685229063	116833	116833	329360	329360	295689	295689
abstract_hamiltonians	test_hamiltonians[ham_ham_JW-22-linear]	iter_3	5.512887569144368	4.608051216229796	140255	140255	360820	360820	335209	335209
abstract_hamiltonians	test_hamiltonians[ham_ham_BK22-all-to-all]	iter_3	1.3123914562165737	1.146715696901083	40536	40536	101893	101893	123003	123003
abstract_hamiltonians	test_hamiltonians[ham_ham_BK22-square]	iter_3	2.695148043334484	2.380209930241108	90359	90359	265254	265254	206017	206017
abstract_hamiltonians	test_hamiltonians[ham_ham_BK22-heavy-hex]	iter_3	3.515675051137805	3.1690835282206535	135966	135966	393562	393562	300515	300515
abstract_hamiltonians	test_hamiltonians[ham_ham_BK22-linear]	iter_3	4.544701935723424	3.7121530175209045	205937	205937	527215	527215	420646	420646
abstract_hamiltonians	test_hamiltonians[ham_mu_y_prime_enc_stdbinary_dvalues_4-4-4-4-4-4-4-4-4-4-4-4-4-4-4-4-4-4-all-to-all]	iter_3	0.01338354117748603	0.011552060466437112	24	24	228	228	13	13
abstract_hamiltonians	test_hamiltonians[ham_mu_y_prime_enc_stdbinary_dvalues_4-4-4-4-4-4-4-4-4-4-4-4-4-4-4-4-4-4-square]	iter_3	0.007836788419192121	0.006894706425050067	24	24	219	219	13	13
abstract_hamiltonians	test_hamiltonians[ham_mu_y_prime_enc_stdbinary_dvalues_4-4-4-4-4-4-4-4-4-4-4-4-4-4-4-4-4-4-heavy-hex]	iter_3	0.010828649064385763	0.009839574091269501	24	24	216	216	13	13
abstract_hamiltonians	test_hamiltonians[ham_mu_y_prime_enc_stdbinary_dvalues_4-4-4-4-4-4-4-4-4-4-4-4-4-4-4-4-4-4-linear]	iter_3	0.5057004364207387	0.501011336222291	24	24	219	219	13	13
abstract_hamiltonians	test_hamiltonians[ham_gnp-k_5_n-24_rinst-04-all-to-all]	iter_3	0.023410245598781677	0.02087624565242453	376	376	1054	1054	268	268
abstract_hamiltonians	test_hamiltonians[ham_gnp-k_5_n-24_rinst-04-square]	iter_3	0.01912797483451226	0.016445327061610143	779	779	2282	2282	822	822
abstract_hamiltonians	test_hamiltonians[ham_gnp-k_5_n-24_rinst-04-heavy-hex]	iter_3	0.023616796403768518	0.0202017056196928	964	964	3054	3054	1042	1042
abstract_hamiltonians	test_hamiltonians[ham_gnp-k_5_n-24_rinst-04-linear]	iter_3	0.021185653567638085	0.0178782387890599	994	994	3308	3308	772	772
abstract_hamiltonians	test_hamiltonians[ham_tsp_prob-ulysses22_Ncity-8_enc-stdbinary-all-to-all]	iter_3	0.03588127936901791	0.03219164547820886	848	848	2557	2557	2440	2440
abstract_hamiltonians	test_hamiltonians[ham_tsp_prob-ulysses22_Ncity-8_enc-stdbinary-square]	iter_3	0.03340230862899073	0.028834003407289	1613	1613	4983	4983	3935	3935
abstract_hamiltonians	test_hamiltonians[ham_tsp_prob-ulysses22_Ncity-8_enc-stdbinary-heavy-hex]	iter_3	0.04041290402412415	0.03438377932741724	1868	1868	6230	6230	4400	4400
abstract_hamiltonians	test_hamiltonians[ham_tsp_prob-ulysses22_Ncity-8_enc-stdbinary-linear]	iter_3	0.03730039712455538	0.03129677333194634	2038	2038	6972	6972	4656	4656
abstract_hamiltonians	test_hamiltonians[ham_ham_JW24-all-to-all]	iter_3	3.3338801376521587	2.9549041371792555	70411	70411	157875	157875	206398	206398
abstract_hamiltonians	test_hamiltonians[ham_ham_JW24-square]	iter_3	6.987565031275153	5.998643333092332	132903	132903	372532	372532	337988	337988
abstract_hamiltonians	test_hamiltonians[ham_ham_JW24-heavy-hex]	iter_3	8.622910426929593	6.8647528029978275	206068	206068	578812	578812	516407	516407
abstract_hamiltonians	test_hamiltonians[ham_ham_JW24-linear]	iter_3	7.340295907109976	5.919022597372532	220785	220785	607549	607549	577849	577849
abstract_hamiltonians	test_hamiltonians[ham_tsp_prob-ts225_Ncity-5_enc-unary-all-to-all]	iter_3	0.01746834791265428	0.01660971381460075	200	200	599	599	155	155
abstract_hamiltonians	test_hamiltonians[ham_tsp_prob-ts225_Ncity-5_enc-unary-square]	iter_3	0.014010625784950596	0.012044385666163957	399	399	1228	1228	432	432
abstract_hamiltonians	test_hamiltonians[ham_tsp_prob-ts225_Ncity-5_enc-unary-heavy-hex]	iter_3	0.018245132340650474	0.015602428873535246	515	515	1565	1565	465	465
abstract_hamiltonians	test_hamiltonians[ham_tsp_prob-ts225_Ncity-5_enc-unary-linear]	iter_3	0.015826517410698484	0.013430342366787749	595	595	2031	2031	488	488
abstract_hamiltonians	test_hamiltonians[ham_graph-1D-grid-pbc-qubitnodes_Lx-26_h-6-all-to-all]	iter_3	0.012694780611329608	0.011711349513600854	52	52	254	254	215	215
abstract_hamiltonians	test_hamiltonians[ham_graph-1D-grid-pbc-qubitnodes_Lx-26_h-6-square]	iter_3	0.010257487815588412	0.010003300266046273	52	52	250	250	218	218
abstract_hamiltonians	test_hamiltonians[ham_graph-1D-grid-pbc-qubitnodes_Lx-26_h-6-heavy-hex]	iter_3	0.01051517610027585	0.010259385230113762	52	52	246	246	216	216
abstract_hamiltonians	test_hamiltonians[ham_graph-1D-grid-pbc-qubitnodes_Lx-26_h-6-linear]	iter_3	0.007516267892645031	0.007411639257444171	123	123	437	437	290	290
abstract_hamiltonians	test_hamiltonians[ham_bh_graph-1D-grid-pbc-qubitnodes_Lx-14_U-10_enc-stdbinary_d-4-all-to-all]	iter_3	0.040054237081979714	0.03665563795301649	890	890	3096	3096	2547	2547
abstract_hamiltonians	test_hamiltonians[ham_bh_graph-1D-grid-pbc-qubitnodes_Lx-14_U-10_enc-stdbinary_d-4-square]	iter_3	0.04157656151801348	0.035406625657169906	1018	1018	3789	3789	3021	3021
abstract_hamiltonians	test_hamiltonians[ham_bh_graph-1D-grid-pbc-qubitnodes_Lx-14_U-10_enc-stdbinary_d-4-heavy-hex]	iter_3	0.04626512595198371	0.0397742173075676	1010	1010	3842	3842	3011	3011
abstract_hamiltonians	test_hamiltonians[ham_bh_graph-1D-grid-pbc-qubitnodes_Lx-14_U-10_enc-stdbinary_d-4-linear]	iter_3	0.03582839874018516	0.030273264493135846	1199	1199	4231	4231	3271	3271
abstract_hamiltonians	test_hamiltonians[ham_bh_graph-2D-triag-nonpbc-qubitnodes_Lx-3_Ly-5_U-30_enc-gray_d-4-all-to-all]	iter_3	0.059567482935057744	0.052208525314927104	1773	1773	6396	6396	5734	5734
abstract_hamiltonians	test_hamiltonians[ham_bh_graph-2D-triag-nonpbc-qubitnodes_Lx-3_Ly-5_U-30_enc-gray_d-4-square]	iter_3	0.06591532297898084	0.0570456072067221	2896	2896	10252	10252	8224	8224
abstract_hamiltonians	test_hamiltonians[ham_bh_graph-2D-triag-nonpbc-qubitnodes_Lx-3_Ly-5_U-30_enc-gray_d-4-heavy-hex]	iter_3	0.07451139505092914	0.06400937400758266	3848	3848	13012	13012	9930	9930
abstract_hamiltonians	test_hamiltonians[ham_bh_graph-2D-triag-nonpbc-qubitnodes_Lx-3_Ly-5_U-30_enc-gray_d-4-linear]	iter_3	0.08152257077969037	0.07055687258640925	5291	5291	16940	16940	13303	13303
abstract_hamiltonians	test_hamiltonians[ham_reg-5_n-10_rinst-07-all-to-all]	iter_3	0.07872864073858811	0.07124898582696915	2530	2530	6451	6451	5448	5448
abstract_hamiltonians	test_hamiltonians[ham_reg-5_n-10_rinst-07-square]	iter_3	0.08960084803402424	0.07520227678693257	5292	5292	16926	16926	10539	10539
abstract_hamiltonians	test_hamiltonians[ham_reg-5_n-10_rinst-07-heavy-hex]	iter_3	0.09937471456148407	0.081955355950273	6116	6116	20179	20179	11901	11901
abstract_hamiltonians	test_hamiltonians[ham_reg-5_n-10_rinst-07-linear]	iter_3	0.09861078435047106	0.08001554972277237	6402	6402	21186	21186	12429	12429
abstract_hamiltonians	test_hamiltonians[ham_mu_y_prime_enc_unary_dvalues_16-16-16-16-16-16-all-to-all]	iter_3	0.016068219955338806	0.014961211069021374	60	60	512	512	152	152
abstract_hamiltonians	test_hamiltonians[ham_mu_y_prime_enc_unary_dvalues_16-16-16-16-16-16-square]	iter_3	0.009953714465511214	0.009694872029985372	60	60	512	512	152	152
abstract_hamiltonians	test_hamiltonians[ham_mu_y_prime_enc_unary_dvalues_16-16-16-16-16-16-heavy-hex]	iter_3	0.01059996986642797	0.010392196107810983	60	60	512	512	152	152
abstract_hamiltonians	test_hamiltonians[ham_mu_y_prime_enc_unary_dvalues_16-16-16-16-16-16-linear]	iter_3	0.007526397549857696	0.007446518181549276	60	60	512	512	152	152
abstract_hamiltonians	test_hamiltonians[ham_bh_graph-3D-grid-nonpbc-qubitnodes_Lx-2_Ly-2_Lz-2_U-20_enc-unary_d-4-all-to-all]	iter_3	0.08407273733367522	0.0731078101588147	3150	3150	9737	9737	8634	8634
abstract_hamiltonians	test_hamiltonians[ham_bh_graph-3D-grid-nonpbc-qubitnodes_Lx-2_Ly-2_Lz-2_U-20_enc-unary_d-4-square]	iter_3	0.09540581025860527	0.07951433326189335	4811	4811	15177	15177	12077	12077
abstract_hamiltonians	test_hamiltonians[ham_bh_graph-3D-grid-nonpbc-qubitnodes_Lx-2_Ly-2_Lz-2_U-20_enc-unary_d-4-heavy-hex]	iter_3	0.09618893062526529	0.08083273828602754	5230	5230	16410	16410	13169	13169
abstract_hamiltonians	test_hamiltonians[ham_bh_graph-3D-grid-nonpbc-qubitnodes_Lx-2_Ly-2_Lz-2_U-20_enc-unary_d-4-linear]	iter_3	0.10652175090379185	0.08797650039196014	7353	7353	22296	22296	17457	17457
abstract_hamiltonians	test_hamiltonians[ham_0-uuf100-0810.cnf-40-res-all-to-all]	iter_3	0.026221808242170436	0.02367600696604876	300	300	1049	1049	377	377
abstract_hamiltonians	test_hamiltonians[ham_0-uuf100-0810.cnf-40-res-square]	iter_3	0.022848307790065355	0.019328678538109743	855	855	2573	2573	959	959
abstract_hamiltonians	test_hamiltonians[ham_0-uuf100-0810.cnf-40-res-heavy-hex]	iter_3	0.02600448740980564	0.021677978458287922	1277	1277	3691	3691	1363	1363
abstract_hamiltonians	test_hamiltonians[ham_0-uuf100-0810.cnf-40-res-linear]	iter_3	0.03236082510557026	0.02681839033155828	2352	2352	6414	6414	1797	1797
abstract_hamiltonians	test_hamiltonians[ham_8-uuf100-0509.cnf-40-cc-all-to-all]	iter_3	0.02699903570311634	0.023762333098539087	346	346	1246	1246	409	409
abstract_hamiltonians	test_hamiltonians[ham_8-uuf100-0509.cnf-40-cc-square]	iter_3	0.02523810393176973	0.021507975624667275	985	985	3026	3026	1046	1046
abstract_hamiltonians	test_hamiltonians[ham_8-uuf100-0509.cnf-40-cc-heavy-hex]	iter_3	0.024595781206721214	0.023554004285307156	1420	1420	4044	4044	1271	1271
abstract_hamiltonians	test_hamiltonians[ham_8-uuf100-0509.cnf-40-cc-linear]	iter_3	0.037698553660168097	0.03050108708660392	3039	3039	8109	8109	2524	2524
abstract_hamiltonians	test_hamiltonians[ham_gnp-k_4_n-40_rinst-07-all-to-all]	iter_3	0.05418878646665498	0.04405588680959266	1602	1602	6119	6119	4123	4123
abstract_hamiltonians	test_hamiltonians[ham_gnp-k_4_n-40_rinst-07-square]	iter_3	0.06520883832126856	0.053705279922319785	4177	4177	13331	13331	8713	8713
abstract_hamiltonians	test_hamiltonians[ham_gnp-k_4_n-40_rinst-07-heavy-hex]	iter_3	0.07606454322544429	0.06092932469704572	5948	5948	17767	17767	10611	10611
abstract_hamiltonians	test_hamiltonians[ham_gnp-k_4_n-40_rinst-07-linear]	iter_3	0.10526587963104247	0.08191605828081568	10332	10332	29423	29423	19755	19755
abstract_hamiltonians	test_hamiltonians[ham_2-uf100-0396.cnf-46-res-all-to-all]	iter_3	0.030588220974261112	0.026431786982963484	454	454	1582	1582	581	581
abstract_hamiltonians	test_hamiltonians[ham_2-uf100-0396.cnf-46-res-square]	iter_3	0.029994684186848728	0.02680965871191942	1394	1394	4225	4225	1412	1412
abstract_hamiltonians	test_hamiltonians[ham_2-uf100-0396.cnf-46-res-heavy-hex]	iter_3	0.03509915220950331	0.029235684805933165	2123	2123	6116	6116	1802	1802
abstract_hamiltonians	test_hamiltonians[ham_2-uf100-0396.cnf-46-res-linear]	iter_3	0.049967803619802	0.03983483613970188	4402	4402	11335	11335	2993	2993
abstract_hamiltonians	test_hamiltonians[ham_2-uf100-0601.cnf-46-res-all-to-all]	iter_3	0.034668231782104285	0.030892387822721943	488	488	1662	1662	536	536
abstract_hamiltonians	test_hamiltonians[ham_2-uf100-0601.cnf-46-res-square]	iter_3	0.031838936997311454	0.027156182202614017	1589	1589	4778	4778	1478	1478
abstract_hamiltonians	test_hamiltonians[ham_2-uf100-0601.cnf-46-res-heavy-hex]	iter_3	0.03633178590929934	0.03031922989722454	2326	2326	6602	6602	1882	1882
abstract_hamiltonians	test_hamiltonians[ham_2-uf100-0601.cnf-46-res-linear]	iter_3	0.053570628852436415	0.04352927743457258	5023	5023	12679	12679	3329	3329
abstract_hamiltonians	test_hamiltonians[ham_bh_graph-1D-grid-nonpbc-qubitnodes_Lx-12_U-40_enc-unary_d-4-all-to-all]	iter_3	0.08353864898284276	0.07314092652606112	2970	2970	9313	9313	8400	8400
abstract_hamiltonians	test_hamiltonians[ham_bh_graph-1D-grid-nonpbc-qubitnodes_Lx-12_U-40_enc-unary_d-4-square]	iter_3	0.08529403666034341	0.07690224409676515	4293	4293	13859	13859	11303	11303
abstract_hamiltonians	test_hamiltonians[ham_bh_graph-1D-grid-nonpbc-qubitnodes_Lx-12_U-40_enc-unary_d-4-heavy-hex]	iter_3	0.08754865794132154	0.07526863313147	4366	4366	14744	14744	12032	12032
abstract_hamiltonians	test_hamiltonians[ham_bh_graph-1D-grid-nonpbc-qubitnodes_Lx-12_U-40_enc-unary_d-4-linear]	iter_3	0.08229073431963722	0.0703252633412679	4357	4357	14533	14533	12285	12285
abstract_hamiltonians	test_hamiltonians[ham_bh_graph-1D-grid-pbc-qubitnodes_Lx-24_U-20_enc-stdbinary_d-4-all-to-all]	iter_3	0.06265545357018709	0.055996132230288105	1530	1530	5711	5711	4550	4550
abstract_hamiltonians	test_hamiltonians[ham_bh_graph-1D-grid-pbc-qubitnodes_Lx-24_U-20_enc-stdbinary_d-4-square]	iter_3	0.05926148516728597	0.05318508307008367	1765	1765	6601	6601	5066	5066
abstract_hamiltonians	test_hamiltonians[ham_bh_graph-1D-grid-pbc-qubitnodes_Lx-24_U-20_enc-stdbinary_d-4-heavy-hex]	iter_3	0.06045770875233061	0.05566487601026893	1890	1890	6920	6920	5433	5433
abstract_hamiltonians	test_hamiltonians[ham_bh_graph-1D-grid-pbc-qubitnodes_Lx-24_U-20_enc-stdbinary_d-4-linear]	iter_3	0.05562572481317653	0.0483394530380056	2317	2317	7999	7999	6170	6170
abstract_hamiltonians	test_hamiltonians[ham_tsp_prob-lin105_Ncity-7_enc-unary-all-to-all]	iter_3	0.03473780124351896	0.03284707719520215	588	588	1607	1607	308	308
abstract_hamiltonians	test_hamiltonians[ham_tsp_prob-lin105_Ncity-7_enc-unary-square]	iter_3	0.029271982610225677	0.025252628546112623	1284	1284	3994	3994	1116	1116
abstract_hamiltonians	test_hamiltonians[ham_tsp_prob-lin105_Ncity-7_enc-unary-heavy-hex]	iter_3	0.03243605498104326	0.02801452311021941	1655	1655	5071	5071	1307	1307
abstract_hamiltonians	test_hamiltonians[ham_tsp_prob-lin105_Ncity-7_enc-unary-linear]	iter_3	0.04063994854688644	0.03387838918715715	2653	2653	8153	8153	1431	1431
abstract_hamiltonians	test_hamiltonians[ham_gnp-k_5_n-60_rinst-19-all-to-all]	iter_3	0.10823125448077917	0.091447325931354	3939	3939	14880	14880	9999	9999
abstract_hamiltonians	test_hamiltonians[ham_gnp-k_5_n-60_rinst-19-square]	iter_3	0.15337155306977884	0.1268733167089522	11674	11674	35256	35256	22088	22088
abstract_hamiltonians	test_hamiltonians[ham_gnp-k_5_n-60_rinst-19-heavy-hex]	iter_3	0.19683952890336515	0.15689133728543916	16265	16265	48808	48808	28289	28289
abstract_hamiltonians	test_hamiltonians[ham_gnp-k_5_n-60_rinst-19-linear]	iter_3	0.2588588912039995	0.20715959407389165	28091	28091	77842	77842	48540	48540
abstract_hamiltonians	test_hamiltonians[ham_bh_graph-2D-triag-pbc-qubitnodes_Lx-5_Ly-5_U-30_enc-unary_d-4-all-to-all]	iter_3	0.2419330170378089	0.2201292898505926	11592	11592	36453	36453	31942	31942
abstract_hamiltonians	test_hamiltonians[ham_bh_graph-2D-triag-pbc-qubitnodes_Lx-5_Ly-5_U-30_enc-unary_d-4-square]	iter_3	0.34007777149478596	0.28780485736206174	19902	19902	62241	62241	45964	45964
abstract_hamiltonians	test_hamiltonians[ham_bh_graph-2D-triag-pbc-qubitnodes_Lx-5_Ly-5_U-30_enc-unary_d-4-heavy-hex]	iter_3	0.36307747724155587	0.30484389793127775	21937	21937	70160	70160	52476	52476
abstract_hamiltonians	test_hamiltonians[ham_bh_graph-2D-triag-pbc-qubitnodes_Lx-5_Ly-5_U-30_enc-unary_d-4-linear]	iter_3	0.40504050192733604	0.33265845850110054	31271	31271	92730	92730	68854	68854
abstract_hamiltonians	test_hamiltonians[ham_mu_x_prime_enc_unary_dvalues_16-16-16-16-16-16-16-16-16-16-16-16-16-16-16-all-to-all]	iter_3	0.030690485378727317	0.028684104354504275	120	120	1024	1024	152	152
abstract_hamiltonians	test_hamiltonians[ham_mu_x_prime_enc_unary_dvalues_16-16-16-16-16-16-16-16-16-16-16-16-16-16-16-square]	iter_3	0.23196917660534383	0.22726392038166524	120	120	1024	1024	152	152
abstract_hamiltonians	test_hamiltonians[ham_mu_x_prime_enc_unary_dvalues_16-16-16-16-16-16-16-16-16-16-16-16-16-16-16-heavy-hex]	iter_3	0.015831079718375964	0.015594440221320838	120	120	1024	1024	152	152
abstract_hamiltonians	test_hamiltonians[ham_mu_x_prime_enc_unary_dvalues_16-16-16-16-16-16-16-16-16-16-16-16-16-16-16-linear]	iter_3	0.011712520915482725	0.01159480995996747	120	120	1024	1024	152	152
abstract_hamiltonians	test_hamiltonians[ham_tsp_prob-d198_Ncity-8_enc-unary-all-to-all]	iter_3	0.04482397485686385	0.04358522261938323	896	896	2577	2577	422	422
abstract_hamiltonians	test_hamiltonians[ham_tsp_prob-d198_Ncity-8_enc-unary-square]	iter_3	0.041607026709243655	0.03584637439676693	1964	1964	6039	6039	1560	1560
abstract_hamiltonians	test_hamiltonians[ham_tsp_prob-d198_Ncity-8_enc-unary-heavy-hex]	iter_3	0.05469275107607245	0.046494376083666626	2323	2323	7640	7640	1644	1644
abstract_hamiltonians	test_hamiltonians[ham_tsp_prob-d198_Ncity-8_enc-unary-linear]	iter_3	0.0658133548994859	0.05382025261458598	4715	4715	14748	14748	2566	2566
abstract_hamiltonians	test_hamiltonians[ham_tsp_prob-kroD100_Ncity-16_enc-stdbinary-all-to-all]	iter_3	0.20689189247787	0.1954612459987402	7594	7594	19997	19997	22549	22549
abstract_hamiltonians	test_hamiltonians[ham_tsp_prob-kroD100_Ncity-16_enc-stdbinary-square]	iter_3	0.28406708873808384	0.24965988136827946	15294	15294	48016	48016	38444	38444
abstract_hamiltonians	test_hamiltonians[ham_tsp_prob-kroD100_Ncity-16_enc-stdbinary-heavy-hex]	iter_3	0.346406489610672	0.2881896570324898	18802	18802	62112	62112	44221	44221
abstract_hamiltonians	test_hamiltonians[ham_tsp_prob-kroD100_Ncity-16_enc-stdbinary-linear]	iter_3	0.3704424587388833	0.3128838688135147	20114	20114	65571	65571	44717	44717
abstract_hamiltonians	test_hamiltonians[ham_tsp_prob-fl417_Ncity-16_enc-stdbinary-all-to-all]	iter_3	0.21915331929922105	0.20393379852175714	7606	7606	20022	20022	22468	22468
abstract_hamiltonians	test_hamiltonians[ham_tsp_prob-fl417_Ncity-16_enc-stdbinary-square]	iter_3	0.29569685691967607	0.24797202423214912	15294	15294	48031	48031	38454	38454
abstract_hamiltonians	test_hamiltonians[ham_tsp_prob-fl417_Ncity-16_enc-stdbinary-heavy-hex]	iter_3	0.345548606167237	0.28744269954040647	18804	18804	62145	62145	44203	44203
abstract_hamiltonians	test_hamiltonians[ham_tsp_prob-fl417_Ncity-16_enc-stdbinary-linear]	iter_3	0.32620295975357294	0.30600819271057844	20118	20118	65692	65692	44705	44705
abstract_hamiltonians	test_hamiltonians[ham_4-uf100-0246.cnf-70-res-all-to-all]	iter_3	0.07136894203722477	0.05874442484448938	1262	1262	4237	4237	1798	1798
abstract_hamiltonians	test_hamiltonians[ham_4-uf100-0246.cnf-70-res-square]	iter_3	0.07617905895624842	0.06185444595757872	5349	5349	15159	15159	5175	5175
abstract_hamiltonians	test_hamiltonians[ham_4-uf100-0246.cnf-70-res-heavy-hex]	iter_3	0.10381283219903707	0.08357511174220306	8364	8364	22999	22999	6707	6707
abstract_hamiltonians	test_hamiltonians[ham_4-uf100-0246.cnf-70-res-linear]	iter_3	0.1894317747404178	0.15083588154188224	22179	22179	55128	55128	14681	14681
abstract_hamiltonians	test_hamiltonians[ham_dsjc1000.1,n-36,rinst-4-all-to-all]	iter_3	0.06020807551548762	0.0531332208529899	1206	1206	4077	4077	1601	1601
abstract_hamiltonians	test_hamiltonians[ham_dsjc1000.1,n-36,rinst-4-square]	iter_3	0.058539635915723115	0.04855498609443506	2967	2967	9591	9591	3715	3715
abstract_hamiltonians	test_hamiltonians[ham_dsjc1000.1,n-36,rinst-4-heavy-hex]	iter_3	0.06980824582278729	0.058522109873592854	3717	3717	11937	11937	4525	4525
abstract_hamiltonians	test_hamiltonians[ham_dsjc1000.1,n-36,rinst-4-linear]	iter_3	0.08922338144232829	0.07167629258973258	7693	7693	22349	22349	7182	7182
abstract_hamiltonians	test_hamiltonians[ham_graph-2D-grid-nonpbc-qubitnodes_Lx-5_Ly-15_h-3-all-to-all]	iter_3	0.03918849798635794	0.03617210342333867	260	260	1110	1110	292	292
abstract_hamiltonians	test_hamiltonians[ham_graph-2D-grid-nonpbc-qubitnodes_Lx-5_Ly-15_h-3-square]	iter_3	0.044079547909938774	0.040734407901763914	636	636	2152	2152	568	568
abstract_hamiltonians	test_hamiltonians[ham_graph-2D-grid-nonpbc-qubitnodes_Lx-5_Ly-15_h-3-heavy-hex]	iter_3	0.04279313259758055	0.038926324663827054	1060	1060	3319	3319	822	822
abstract_hamiltonians	test_hamiltonians[ham_graph-2D-grid-nonpbc-qubitnodes_Lx-5_Ly-15_h-3-linear]	iter_3	0.028356256016663143	0.024648241931572556	1303	1303	3940	3940	924	924
abstract_hamiltonians	test_hamiltonians[ham_bh_graph-1D-grid-pbc-qubitnodes_Lx-10_U-30_enc-unary_d-8-all-to-all]	iter_3	0.3414298413942258	0.2865504150589307	14098	14098	42860	42860	39645	39645
abstract_hamiltonians	test_hamiltonians[ham_bh_graph-1D-grid-pbc-qubitnodes_Lx-10_U-30_enc-unary_d-8-square]	iter_3	0.39522896707057953	0.33395989891141653	23100	23100	74721	74721	57311	57311
abstract_hamiltonians	test_hamiltonians[ham_bh_graph-1D-grid-pbc-qubitnodes_Lx-10_U-30_enc-unary_d-8-heavy-hex]	iter_3	0.4064239387710889	0.3469080813229084	23807	23807	78461	78461	60626	60626
abstract_hamiltonians	test_hamiltonians[ham_bh_graph-1D-grid-pbc-qubitnodes_Lx-10_U-30_enc-unary_d-8-linear]	iter_3	0.42106565088033676	0.3491185276458661	26188	26188	86761	86761	65214	65214
abstract_hamiltonians	test_hamiltonians[ham_4-flat100-7.cnf-90-cc-all-to-all]	iter_3	0.04638965250480743	0.04412721571597186	268	268	963	963	89	89
abstract_hamiltonians	test_hamiltonians[ham_4-flat100-7.cnf-90-cc-square]	iter_3	0.03920327535328957	0.03600632179794567	711	711	2149	2149	264	264
abstract_hamiltonians	test_hamiltonians[ham_4-flat100-7.cnf-90-cc-heavy-hex]	iter_3	0.03197850419148322	0.02835254619518916	1050	1050	3130	3130	426	426
abstract_hamiltonians	test_hamiltonians[ham_4-flat100-7.cnf-90-cc-linear]	iter_3	0.042474133505796395	0.03681200596370867	2486	2486	6476	6476	821	821
abstract_hamiltonians	test_hamiltonians[ham_reg-4_n-90_rinst-07-all-to-all]	iter_3	0.06799393159647783	0.06306115619372576	1008	1008	4142	4142	636	636
abstract_hamiltonians	test_hamiltonians[ham_reg-4_n-90_rinst-07-square]	iter_3	0.09252081920082371	0.08391068053121369	2683	2683	8304	8304	1830	1830
abstract_hamiltonians	test_hamiltonians[ham_reg-4_n-90_rinst-07-heavy-hex]	iter_3	0.06430676928721368	0.05428838710251607	3661	3661	11155	11155	2188	2188
abstract_hamiltonians	test_hamiltonians[ham_reg-4_n-90_rinst-07-linear]	iter_3	0.10523064471781254	0.08578229354073603	9752	9752	25364	25364	4083	4083
abstract_hamiltonians	test_hamiltonians[ham_gnp-k_5_n-90_rinst-02-all-to-all]	iter_3	0.1673497125506401	0.1517607080084937	5898	5898	21860	21860	14417	14417
abstract_hamiltonians	test_hamiltonians[ham_gnp-k_5_n-90_rinst-02-square]	iter_3	0.25821617199108005	0.2166122581809759	20423	20423	60348	60348	35557	35557
abstract_hamiltonians	test_hamiltonians[ham_gnp-k_5_n-90_rinst-02-heavy-hex]	iter_3	0.33734244015067816	0.26157316379249096	29536	29536	84864	84864	45598	45598
abstract_hamiltonians	test_hamiltonians[ham_gnp-k_5_n-90_rinst-02-linear]	iter_3	0.6334058428183198	0.47373040672391653	70206	70206	187632	187632	101282	101282
abstract_hamiltonians	test_hamiltonians[ham_graph-2D-triag-pbc-qubitnodes_Lx-13_Ly-13_h-0.1-all-to-all]	iter_3	0.05829281896791037	0.053401155299261996	546	546	1947	1947	525	525
abstract_hamiltonians	test_hamiltonians[ham_graph-2D-triag-pbc-qubitnodes_Lx-13_Ly-13_h-0.1-square]	iter_3	0.04893238300626928	0.040962168201804164	1817	1817	5332	5332	1674	1674
abstract_hamiltonians	test_hamiltonians[ham_graph-2D-triag-pbc-qubitnodes_Lx-13_Ly-13_h-0.1-heavy-hex]	iter_3	0.04736219913783399	0.04001609114213632	2716	2716	7781	7781	1981	1981
abstract_hamiltonians	test_hamiltonians[ham_graph-2D-triag-pbc-qubitnodes_Lx-13_Ly-13_h-0.1-linear]	iter_3	0.07400914108646768	0.06028573412229033	6662	6662	17977	17977	3726	3726
abstract_hamiltonians	test_hamiltonians[ham_bh_graph-1D-grid-pbc-qubitnodes_Lx-46_U-2_enc-gray_d-4-all-to-all]	iter_3	0.1206723463255912	0.11737819719645712	3077	3077	11113	11113	10531	10531
abstract_hamiltonians	test_hamiltonians[ham_bh_graph-1D-grid-pbc-qubitnodes_Lx-46_U-2_enc-gray_d-4-square]	iter_3	0.12330052582547069	0.10958985593169927	5025	5025	17902	17902	14923	14923
abstract_hamiltonians	test_hamiltonians[ham_bh_graph-1D-grid-pbc-qubitnodes_Lx-46_U-2_enc-gray_d-4-heavy-hex]	iter_3	0.12700109905563295	0.11189681347459554	5851	5851	20678	20678	16126	16126
abstract_hamiltonians	test_hamiltonians[ham_bh_graph-1D-grid-pbc-qubitnodes_Lx-46_U-2_enc-gray_d-4-linear]	iter_3	0.117497350813614	0.10223059337586164	6136	6136	21541	21541	16830	16830
abstract_hamiltonians	test_hamiltonians[ham_bh_graph-2D-grid-nonpbc-qubitnodes_Lx-7_Ly-7_U-70_enc-gray_d-4-all-to-all]	iter_3	0.1949905836954713	0.17361437436193228	5378	5378	19650	19650	17759	17759
abstract_hamiltonians	test_hamiltonians[ham_bh_graph-2D-grid-nonpbc-qubitnodes_Lx-7_Ly-7_U-70_enc-gray_d-4-square]	iter_3	0.20614480879157782	0.16867207363247871	10433	10433	35403	35403	26928	26928
abstract_hamiltonians	test_hamiltonians[ham_bh_graph-2D-grid-nonpbc-qubitnodes_Lx-7_Ly-7_U-70_enc-gray_d-4-heavy-hex]	iter_3	0.23102932386100292	0.1893908578902483	14225	14225	46338	46338	34273	34273
abstract_hamiltonians	test_hamiltonians[ham_bh_graph-2D-grid-nonpbc-qubitnodes_Lx-7_Ly-7_U-70_enc-gray_d-4-linear]	iter_3	0.26266791904345155	0.22511202953755854	20557	20557	62014	62014	44703	44703
abstract_hamiltonians	test_hamiltonians[ham_fh-graph-1D-grid-pbc-qubitnodes_Lx-50_U-2_enc-jw-all-to-all]	iter_3	0.07043236188058342	0.0638161032150189	684	684	2913	2913	1838	1838
abstract_hamiltonians	test_hamiltonians[ham_fh-graph-1D-grid-pbc-qubitnodes_Lx-50_U-2_enc-jw-square]	iter_3	0.0713325078288714	0.06506748559574287	1726	1726	5693	5693	3275	3275
abstract_hamiltonians	test_hamiltonians[ham_fh-graph-1D-grid-pbc-qubitnodes_Lx-50_U-2_enc-jw-heavy-hex]	iter_3	0.051266834046691655	0.042770654040699206	3037	3037	9429	9429	5781	5781
abstract_hamiltonians	test_hamiltonians[ham_fh-graph-1D-grid-pbc-qubitnodes_Lx-50_U-2_enc-jw-linear]	iter_3	0.044359168115382396	0.03837451373261434	2096	2096	6462	6462	4861	4861
abstract_hamiltonians	test_hamiltonians[ham_tsp_prob-st70_Ncity-10_enc-unary-all-to-all]	iter_3	0.09219157035377892	0.08761596291636427	1800	1800	5026	5026	681	681
abstract_hamiltonians	test_hamiltonians[ham_tsp_prob-st70_Ncity-10_enc-unary-square]	iter_3	0.07976362424401137	0.0680660874893268	4084	4084	12602	12602	2742	2742
abstract_hamiltonians	test_hamiltonians[ham_tsp_prob-st70_Ncity-10_enc-unary-heavy-hex]	iter_3	0.088242057710886	0.07438583113253117	5253	5253	16744	16744	2657	2657
abstract_hamiltonians	test_hamiltonians[ham_tsp_prob-st70_Ncity-10_enc-unary-linear]	iter_3	0.14050635416060686	0.11622732981211609	11285	11285	33051	33051	5547	5547
abstract_hamiltonians	test_hamiltonians[ham_tsp_prob-pr76_Ncity-10_enc-unary-all-to-all]	iter_3	0.09225959110666405	0.08720412741725643	1800	1800	4987	4987	675	675
abstract_hamiltonians	test_hamiltonians[ham_tsp_prob-pr76_Ncity-10_enc-unary-square]	iter_3	0.07831474823447374	0.06778611515959104	4084	4084	12612	12612	2759	2759
abstract_hamiltonians	test_hamiltonians[ham_tsp_prob-pr76_Ncity-10_enc-unary-heavy-hex]	iter_3	0.08942690373144367	0.07484971130123505	5253	5253	16754	16754	2644	2644
abstract_hamiltonians	test_hamiltonians[ham_tsp_prob-pr76_Ncity-10_enc-unary-linear]	iter_3	0.13808830408379436	0.11569509049877524	11285	11285	33102	33102	5571	5571
abstract_hamiltonians	test_hamiltonians[ham_bh_graph-2D-triag-pbc-qubitnodes_Lx-10_Ly-10_U-30_enc-stdbinary_d-4-all-to-all]	iter_3	0.29097032453864813	0.27544021932408214	8794	8794	30797	30797	24136	24136
abstract_hamiltonians	test_hamiltonians[ham_bh_graph-2D-triag-pbc-qubitnodes_Lx-10_Ly-10_U-30_enc-stdbinary_d-4-square]	iter_3	0.33800511807203293	0.29905745293945074	17755	17755	55062	55062	40565	40565
abstract_hamiltonians	test_hamiltonians[ham_bh_graph-2D-triag-pbc-qubitnodes_Lx-10_Ly-10_U-30_enc-stdbinary_d-4-heavy-hex]	iter_3	0.3727307530740897	0.30527888735135394	22358	22358	69266	69266	51151	51151
abstract_hamiltonians	test_hamiltonians[ham_bh_graph-2D-triag-pbc-qubitnodes_Lx-10_Ly-10_U-30_enc-stdbinary_d-4-linear]	iter_3	0.5341544067487121	0.42382151260972023	44006	44006	125884	125884	85403	85403
abstract_hamiltonians	test_hamiltonians[ham_queen13_13,n-28,rinst-0-all-to-all]	iter_3	0.07543514411036785	0.07753985633070652	600	600	1917	1917	195	195
abstract_hamiltonians	test_hamiltonians[ham_queen13_13,n-28,rinst-0-square]	iter_3	0.08493306549886863	0.07832718253708802	1567	1567	4862	4862	645	645
abstract_hamiltonians	test_hamiltonians[ham_queen13_13,n-28,rinst-0-heavy-hex]	iter_3	0.045639713902188385	0.03987840376794338	2130	2130	6418	6418	785	785
abstract_hamiltonians	test_hamiltonians[ham_queen13_13,n-28,rinst-0-linear]	iter_3	0.07701950533581632	0.06930615089368075	3625	3625	10454	10454	894	894
abstract_hamiltonians	test_hamiltonians[ham_will199gpia,n-60,rinst-8-all-to-all]	iter_3	0.14341537707618304	0.14273171219974756	2784	2784	9108	9108	3473	3473
abstract_hamiltonians	test_hamiltonians[ham_will199gpia,n-60,rinst-8-square]	iter_3	0.12512246115754047	0.10704177506268024	7257	7257	23280	23280	8182	8182
abstract_hamiltonians	test_hamiltonians[ham_will199gpia,n-60,rinst-8-heavy-hex]	iter_3	0.15796990825661592	0.13498986256308854	9533	9533	29814	29814	9759	9759
abstract_hamiltonians	test_hamiltonians[ham_will199gpia,n-60,rinst-8-linear]	iter_3	0.22063713930547238	0.19038494459042946	21141	21141	57829	57829	16610	16610
abstract_hamiltonians	test_hamiltonians[ham_bh_graph-1D-grid-pbc-qubitnodes_Lx-60_U-10_enc-stdbinary_d-4-all-to-all]	iter_3	0.16661318329473337	0.15761975278811796	3834	3834	14046	14046	11308	11308
abstract_hamiltonians	test_hamiltonians[ham_bh_graph-1D-grid-pbc-qubitnodes_Lx-60_U-10_enc-stdbinary_d-4-square]	iter_3	0.14173417841084301	0.125426369615727	4761	4761	17342	17342	13120	13120
abstract_hamiltonians	test_hamiltonians[ham_bh_graph-1D-grid-pbc-qubitnodes_Lx-60_U-10_enc-stdbinary_d-4-heavy-hex]	iter_3	0.15325085712330683	0.14209112455137074	5036	5036	18294	18294	13528	13528
abstract_hamiltonians	test_hamiltonians[ham_bh_graph-1D-grid-pbc-qubitnodes_Lx-60_U-10_enc-stdbinary_d-4-linear]	iter_3	0.13087836652994156	0.11012708805501462	5037	5037	17757	17757	13432	13432
abstract_hamiltonians	test_hamiltonians[ham_bh_graph-2D-triag-pbc-qubitnodes_Lx-3_Ly-22_U-70_enc-unary_d-4-all-to-all]	iter_3	0.6180248269811273	0.536597135476768	25524	25524	79885	79885	69805	69805
abstract_hamiltonians	test_hamiltonians[ham_bh_graph-2D-triag-pbc-qubitnodes_Lx-3_Ly-22_U-70_enc-unary_d-4-square]	iter_3	0.7526456173509359	0.6313609266653657	46007	46007	145641	145641	104206	104206
abstract_hamiltonians	test_hamiltonians[ham_bh_graph-2D-triag-pbc-qubitnodes_Lx-3_Ly-22_U-70_enc-unary_d-4-heavy-hex]	iter_3	0.8754686322063208	0.7419822895899415	54637	54637	171140	171140	115350	115350
abstract_hamiltonians	test_hamiltonians[ham_bh_graph-2D-triag-pbc-qubitnodes_Lx-3_Ly-22_U-70_enc-unary_d-4-linear]	iter_3	1.1603581048548222	0.9173305416479707	95243	95243	273698	273698	160036	160036
abstract_hamiltonians	test_hamiltonians[ham_1-fullins_5,n-48,rinst-7-all-to-all]	iter_3	0.3636004099001487	0.3349984656088054	10380	10380	29358	29358	15275	15275
abstract_hamiltonians	test_hamiltonians[ham_1-fullins_5,n-48,rinst-7-square]	iter_3	0.4225568709274133	0.3379588934282462	25147	25147	79924	79924	33190	33190
abstract_hamiltonians	test_hamiltonians[ham_1-fullins_5,n-48,rinst-7-heavy-hex]	iter_3	0.5005087039122978	0.4280720328291257	33115	33115	103904	103904	37609	37609
abstract_hamiltonians	test_hamiltonians[ham_1-fullins_5,n-48,rinst-7-linear]	iter_3	0.7866840157657862	0.617294991388917	63649	63649	183422	183422	61391	61391
abstract_hamiltonians	test_hamiltonians[ham_bh_graph-2D-triag-nonpbc-qubitnodes_Lx-11_Ly-11_U-100_enc-gray_d-4-all-to-all]	iter_3	0.48026556832094985	0.4422032094250123	12421	12421	45445	45445	40205	40205
abstract_hamiltonians	test_hamiltonians[ham_bh_graph-2D-triag-nonpbc-qubitnodes_Lx-11_Ly-11_U-100_enc-gray_d-4-square]	iter_3	0.5011625296125809	0.4223615974187851	25622	25622	86878	86878	65243	65243
abstract_hamiltonians	test_hamiltonians[ham_bh_graph-2D-triag-nonpbc-qubitnodes_Lx-11_Ly-11_U-100_enc-gray_d-4-heavy-hex]	iter_3	0.5459350384771824	0.4607934405406316	34421	34421	110175	110175	81720	81720
abstract_hamiltonians	test_hamiltonians[ham_bh_graph-2D-triag-nonpbc-qubitnodes_Lx-11_Ly-11_U-100_enc-gray_d-4-linear]	iter_3	0.7877148864790797	0.6127017755061388	57341	57341	172068	172068	122452	122452
abstract_hamiltonians	test_hamiltonians[ham_fh-graph-1D-grid-nonpbc-qubitnodes_Lx-90_U-2_enc-jw-all-to-all]	iter_3	0.1684474345917503	0.17123933198551336	536	536	3332	3332	798	798
abstract_hamiltonians	test_hamiltonians[ham_fh-graph-1D-grid-nonpbc-qubitnodes_Lx-90_U-2_enc-jw-square]	iter_3	0.12242053863075045	0.11414301581680775	1951	1951	7184	7184	1964	1964
abstract_hamiltonians	test_hamiltonians[ham_fh-graph-1D-grid-nonpbc-qubitnodes_Lx-90_U-2_enc-jw-heavy-hex]	iter_3	0.07083159970740477	0.061927148962722105	3022	3022	9730	9730	3259	3259
abstract_hamiltonians	test_hamiltonians[ham_fh-graph-1D-grid-nonpbc-qubitnodes_Lx-90_U-2_enc-jw-linear]	iter_3	0.06002866641125258	0.05636773703412877	1110	1110	4974	4974	1636	1636
abstract_hamiltonians	test_hamiltonians[ham_graph-2D-triag-pbc-qubitnodes_Lx-19_Ly-19_h-0.5-all-to-all]	iter_3	0.19373886212706565	0.19954808354377745	1140	1140	4253	4253	971	971
abstract_hamiltonians	test_hamiltonians[ham_graph-2D-triag-pbc-qubitnodes_Lx-19_Ly-19_h-0.5-square]	iter_3	0.12344045233395365	0.11038853228092194	4560	4560	13361	13361	3273	3273
abstract_hamiltonians	test_hamiltonians[ham_graph-2D-triag-pbc-qubitnodes_Lx-19_Ly-19_h-0.5-heavy-hex]	iter_3	0.11477561336424616	0.0978414478965781	6804	6804	19209	19209	3998	3998
abstract_hamiltonians	test_hamiltonians[ham_graph-2D-triag-pbc-qubitnodes_Lx-19_Ly-19_h-0.5-linear]	iter_3	0.21885564923286438	0.1812466656168302	21971	21971	58118	58118	10496	10496
abstract_hamiltonians	test_hamiltonians[ham_graph-2D-grid-nonpbc-qubitnodes_Lx-5_Ly-58_h-2-all-to-all]	iter_3	0.4609721315403779	0.4644263666123152	1551	1551	7634	7634	1503	1503
abstract_hamiltonians	test_hamiltonians[ham_graph-2D-grid-nonpbc-qubitnodes_Lx-5_Ly-58_h-2-square]	iter_3	0.23321771109476686	0.2260708723217249	5172	5172	17018	17018	3633	3633
abstract_hamiltonians	test_hamiltonians[ham_graph-2D-grid-nonpbc-qubitnodes_Lx-5_Ly-58_h-2-heavy-hex]	iter_3	0.1328664836473763	0.12925818841904402	7128	7128	22259	22259	4288	4288
abstract_hamiltonians	test_hamiltonians[ham_graph-2D-grid-nonpbc-qubitnodes_Lx-5_Ly-58_h-2-linear]	iter_3	0.15563095467431204	0.15260739305189677	5805	5805	18723	18723	3213	3213
abstract_hamiltonians	test_hamiltonians[ham_fh-graph-2D-triag-nonpbc-qubitnodes_Lx-16_Ly-16_U-4_enc-bk-all-to-all]	iter_3	0.8351223189383745	0.8213774971663952	11437	11437	31694	31694	17715	17715
abstract_hamiltonians	test_hamiltonians[ham_fh-graph-2D-triag-nonpbc-qubitnodes_Lx-16_Ly-16_U-4_enc-bk-square]	iter_3	0.6622325526550412	0.5583741888403893	29624	29624	85465	85465	33497	33497
abstract_hamiltonians	test_hamiltonians[ham_fh-graph-2D-triag-nonpbc-qubitnodes_Lx-16_Ly-16_U-4_enc-bk-heavy-hex]	iter_3	0.8810926973819733	0.731111329048872	47021	47021	132651	132651	51445	51445
abstract_hamiltonians	test_hamiltonians[ham_fh-graph-2D-triag-nonpbc-qubitnodes_Lx-16_Ly-16_U-4_enc-bk-linear]	iter_3	2.25707202963531	1.98853057064116	156768	156768	416302	416302	148933	148933
abstract_hamiltonians	test_hamiltonians[ham_fh-graph-1D-grid-pbc-qubitnodes_Lx-160_U-12_enc-parity-all-to-all]	iter_3	0.6592050790786743	0.6542036095634103	3493	3493	11413	11413	11692	11692
abstract_hamiltonians	test_hamiltonians[ham_fh-graph-1D-grid-pbc-qubitnodes_Lx-160_U-12_enc-parity-square]	iter_3	0.4792818898955981	0.4420595671981573	9950	9950	29808	29808	19773	19773
abstract_hamiltonians	test_hamiltonians[ham_fh-graph-1D-grid-pbc-qubitnodes_Lx-160_U-12_enc-parity-heavy-hex]	iter_3	0.24392710020765662	0.20203263014554979	17526	17526	50155	50155	30843	30843
abstract_hamiltonians	test_hamiltonians[ham_fh-graph-1D-grid-pbc-qubitnodes_Lx-160_U-12_enc-parity-linear]	iter_3	0.34708391067882377	0.283595759421587	31891	31891	84069	84069	45738	45738
abstract_hamiltonians	test_hamiltonians[ham_graph-2D-triag-nonpbc-qubitnodes_Lx-3_Ly-160_h-0.1-all-to-all]	iter_3	0.6158325402066112	0.6044929027557373	1606	1606	6287	6287	1204	1204
abstract_hamiltonians	test_hamiltonians[ham_graph-2D-triag-nonpbc-qubitnodes_Lx-3_Ly-160_h-0.1-square]	iter_3	0.17063538637012243	0.15160927761878287	6347	6347	18865	18865	3350	3350
abstract_hamiltonians	test_hamiltonians[ham_graph-2D-triag-nonpbc-qubitnodes_Lx-3_Ly-160_h-0.1-heavy-hex]	iter_3	0.16911708346257606	0.14932768046855927	8655	8655	24822	24822	4432	4432
abstract_hamiltonians	test_hamiltonians[ham_graph-2D-triag-nonpbc-qubitnodes_Lx-3_Ly-160_h-0.1-linear]	iter_3	0.3016370804980397	0.25809880066663027	24404	24404	64353	64353	10432	10432
abstract_hamiltonians	test_hamiltonians[ham_graph-2D-grid-nonpbc-qubitnodes_Lx-19_Ly-19_h-5-all-to-all]	iter_3	0.8443992910906672	0.8426106823608279	1368	1368	5779	5779	677	677
abstract_hamiltonians	test_hamiltonians[ham_graph-2D-grid-nonpbc-qubitnodes_Lx-19_Ly-19_h-5-square]	iter_3	0.05613887474379119	0.05106868268921971	1368	1368	5760	5760	687	687
abstract_hamiltonians	test_hamiltonians[ham_graph-2D-grid-nonpbc-qubitnodes_Lx-19_Ly-19_h-5-heavy-hex]	iter_3	0.18300635709116855	0.16182210615703038	10040	10040	28802	28802	3541	3541
abstract_hamiltonians	test_hamiltonians[ham_graph-2D-grid-nonpbc-qubitnodes_Lx-19_Ly-19_h-5-linear]	iter_3	0.3648361247032881	0.3153985710814595	26897	26897	71257	71257	5101	5101
abstract_hamiltonians	test_hamiltonians[ham_graph-2D-grid-pbc-qubitnodes_Lx-2_Ly-185_h-0.5-all-to-all]	iter_3	0.9103625882416964	0.9325247183442116	1665	1665	8308	8308	4361	4361
abstract_hamiltonians	test_hamiltonians[ham_graph-2D-grid-pbc-qubitnodes_Lx-2_Ly-185_h-0.5-square]	iter_3	0.3022870267741382	0.2982589057646692	5295	5295	17731	17731	7052	7052
abstract_hamiltonians	test_hamiltonians[ham_graph-2D-grid-pbc-qubitnodes_Lx-2_Ly-185_h-0.5-heavy-hex]	iter_3	0.15645842706518515	0.15106886066496372	8367	8367	25568	25568	9118	9118
abstract_hamiltonians	test_hamiltonians[ham_graph-2D-grid-pbc-qubitnodes_Lx-2_Ly-185_h-0.5-linear]	iter_3	0.16540111521525042	0.1554319164050477	5430	5430	17796	17796	6520	6520
abstract_hamiltonians	test_hamiltonians[ham_fh-graph-2D-grid-pbc-qubitnodes_Lx-2_Ly-105_U-8_enc-bk-all-to-all]	iter_3	1.6249265242367983	1.6371951159089804	5788	5788	18289	18289	5209	5209
abstract_hamiltonians	test_hamiltonians[ham_fh-graph-2D-grid-pbc-qubitnodes_Lx-2_Ly-105_U-8_enc-bk-square]	iter_3	0.5006475908060869	0.4302688737710317	21049	21049	61474	61474	13979	13979
abstract_hamiltonians	test_hamiltonians[ham_fh-graph-2D-grid-pbc-qubitnodes_Lx-2_Ly-105_U-8_enc-bk-heavy-hex]	iter_3	0.5982212480157614	0.5178138958290219	33903	33903	95440	95440	22096	22096
abstract_hamiltonians	test_hamiltonians[ham_fh-graph-2D-grid-pbc-qubitnodes_Lx-2_Ly-105_U-8_enc-bk-linear]	iter_3	1.7553628962486982	1.4815419893711805	113212	113212	296522	296522	83036	83036
abstract_hamiltonians	test_hamiltonians[ham_ash608gpia,n-160,rinst-1-all-to-all]	iter_3	2.264918603003025	2.2509029787033796	2268	2268	7674	7674	381	381
abstract_hamiltonians	test_hamiltonians[ham_ash608gpia,n-160,rinst-1-square]	iter_3	0.3083137650974095	0.28376414766535163	10815	10815	31034	31034	3116	3116
abstract_hamiltonians	test_hamiltonians[ham_ash608gpia,n-160,rinst-1-heavy-hex]	iter_3	0.34581767084697884	0.31091279396787286	17169	17169	47738	47738	4291	4291
abstract_hamiltonians	test_hamiltonians[ham_ash608gpia,n-160,rinst-1-linear]	iter_3	1.3675126433372498	1.156638115644455	95983	95983	244778	244778	16215	16215
abstract_hamiltonians	test_hamiltonians[ham_graph-2D-grid-nonpbc-qubitnodes_Lx-4_Ly-133_h-0.1-all-to-all]	iter_3	3.1468818597495556	3.2343072816729546	2781	2781	13730	13730	3231	3231
abstract_hamiltonians	test_hamiltonians[ham_graph-2D-grid-nonpbc-qubitnodes_Lx-4_Ly-133_h-0.1-square]	iter_3	0.5214813714846969	0.5135420029982924	11571	11571	36170	36170	7553	7553
abstract_hamiltonians	test_hamiltonians[ham_graph-2D-grid-nonpbc-qubitnodes_Lx-4_Ly-133_h-0.1-heavy-hex]	iter_3	0.28705252474173903	0.2747659613378346	12150	12150	38158	38158	8255	8255
abstract_hamiltonians	test_hamiltonians[ham_graph-2D-grid-nonpbc-qubitnodes_Lx-4_Ly-133_h-0.1-linear]	iter_3	0.36366187284390133	0.36091867585976917	8337	8337	28436	28436	5979	5979
abstract_hamiltonians	test_hamiltonians[ham_graph-2D-grid-pbc-qubitnodes_Lx-4_Ly-148_h-6-all-to-all]	iter_3	4.383814236149192	4.354743055999279	2368	2368	9692	9692	3153	3153
abstract_hamiltonians	test_hamiltonians[ham_graph-2D-grid-pbc-qubitnodes_Lx-4_Ly-148_h-6-square]	iter_3	0.3327691523979108	0.3011734038591385	12828	12828	37713	37713	8791	8791
abstract_hamiltonians	test_hamiltonians[ham_graph-2D-grid-pbc-qubitnodes_Lx-4_Ly-148_h-6-heavy-hex]	iter_3	0.3351323337604602	0.29533972311764956	18164	18164	51426	51426	11770	11770
abstract_hamiltonians	test_hamiltonians[ham_graph-2D-grid-pbc-qubitnodes_Lx-4_Ly-148_h-6-linear]	iter_3	0.4565150545289119	0.41900216042995453	20958	20958	58638	58638	14013	14013
abstract_hamiltonians	test_hamiltonians[ham_fh-graph-2D-grid-pbc-qubitnodes_Lx-5_Ly-72_U-0_enc-parity-all-to-all]	iter_3	9.031320374459028	9.04493492655456	28644	28644	72326	72326	89248	89248
abstract_hamiltonians	test_hamiltonians[ham_fh-graph-2D-grid-pbc-qubitnodes_Lx-5_Ly-72_U-0_enc-parity-square]	iter_3	3.793137749657035	3.8079266399145126	28638	28638	72416	72416	89207	89207
abstract_hamiltonians	test_hamiltonians[ham_fh-graph-2D-grid-pbc-qubitnodes_Lx-5_Ly-72_U-0_enc-parity-heavy-hex]	iter_3	18.01645092666149	16.807654244825244	135554	135554	372865	372865	264691	264691
abstract_hamiltonians	test_hamiltonians[ham_fh-graph-2D-grid-pbc-qubitnodes_Lx-5_Ly-72_U-0_enc-parity-linear]	iter_3	0.49349994771182537	0.443648021047314	28694	28694	72819	72819	89521	89521
abstract_hamiltonians	test_hamiltonians[ham_graph-2D-grid-pbc-qubitnodes_Lx-4_Ly-190_h-0-all-to-all]	iter_3	10.037335319444537	10.388705240562558	4560	4560	22115	22115	6653	6653
abstract_hamiltonians	test_hamiltonians[ham_graph-2D-grid-pbc-qubitnodes_Lx-4_Ly-190_h-0-square]	iter_3	0.5243684593588114	0.5067659886553884	19197	19197	59853	59853	14515	14515
abstract_hamiltonians	test_hamiltonians[ham_graph-2D-grid-pbc-qubitnodes_Lx-4_Ly-190_h-0-heavy-hex]	iter_3	0.5407413095235825	0.5228440333157778	29784	29784	86923	86923	20796	20796
abstract_hamiltonians	test_hamiltonians[ham_graph-2D-grid-pbc-qubitnodes_Lx-4_Ly-190_h-0-linear]	iter_3	0.7574236942455173	0.7596270246431231	27417	27417	81289	81289	19644	19644
abstract_hamiltonians	test_hamiltonians[ham_graph-2D-triag-nonpbc-qubitnodes_Lx-40_Ly-40_h-0.1-all-to-all]	iter_3	15.496867252513766	15.493066990748048	7380	7380	35713	35713	3161	3161
abstract_hamiltonians	test_hamiltonians[ham_graph-2D-triag-nonpbc-qubitnodes_Lx-40_Ly-40_h-0.1-square]	iter_3	0.8660342628136277	0.852737202309072	31842	31842	98608	98608	14689	14689
abstract_hamiltonians	test_hamiltonians[ham_graph-2D-triag-nonpbc-qubitnodes_Lx-40_Ly-40_h-0.1-heavy-hex]	iter_3	0.9051294047385454	0.877592627890408	50877	50877	147189	147189	18947	18947
abstract_hamiltonians	test_hamiltonians[ham_graph-2D-triag-nonpbc-qubitnodes_Lx-40_Ly-40_h-0.1-linear]	iter_3	1.7147996090352535	1.6840202659368515	93627	93627	254614	254614	26091	26091
abstract_hamiltonians	test_hamiltonians[ham_graph-2D-grid-nonpbc-qubitnodes_Lx-5_Ly-186_h-0.5-all-to-all]	iter_3	19.141819709911942	19.731747068464756	5007	5007	24610	24610	4547	4547
abstract_hamiltonians	test_hamiltonians[ham_graph-2D-grid-nonpbc-qubitnodes_Lx-5_Ly-186_h-0.5-square]	iter_3	1.453904565423727	1.4173462372273207	25812	25812	78385	78385	13552	13552
abstract_hamiltonians	test_hamiltonians[ham_graph-2D-grid-nonpbc-qubitnodes_Lx-5_Ly-186_h-0.5-heavy-hex]	iter_3	0.7937234444543719	0.7810899242758751	33282	33282	96467	96467	17782	17782
abstract_hamiltonians	test_hamiltonians[ham_graph-2D-grid-nonpbc-qubitnodes_Lx-5_Ly-186_h-0.5-linear]	iter_3	1.0474085435271263	1.0460279285907745	18066	18066	58831	58831	10007	10007
abstract_hamiltonians	test_hamiltonians[ham_graph-2D-grid-pbc-qubitnodes_Lx-5_Ly-186_h-3-all-to-all]	iter_3	19.80300845578313	19.895800955593586	5580	5580	27147	27147	6524	6524
abstract_hamiltonians	test_hamiltonians[ham_graph-2D-grid-pbc-qubitnodes_Lx-5_Ly-186_h-3-square]	iter_3	0.8224035929888487	0.7994282525032759	25557	25557	79061	79061	14976	14976
abstract_hamiltonians	test_hamiltonians[ham_graph-2D-grid-pbc-qubitnodes_Lx-5_Ly-186_h-3-heavy-hex]	iter_3	0.8267792165279388	0.8258343990892172	40311	40311	115816	115816	23529	23529
abstract_hamiltonians	test_hamiltonians[ham_graph-2D-grid-pbc-qubitnodes_Lx-5_Ly-186_h-3-linear]	iter_3	1.1789426635950804	1.1524283159524202	42678	42678	121534	121534	27432	27432
feynman	test_feynman_transpile[W-state.qasm]	iter_4	0.008345856585285881	0.00831389141365372	10	10	41	41	36	36
feynman	test_feynman_transpile[adder.qasm]	iter_4	0.010146500978183436	0.010118584295636729	94	94	336	336	288	288
feynman	test_feynman_transpile[adder_8.qasm]	iter_4	0.02265022825449705	0.02224874691594215	760	760	2419	2419	994	994
feynman	test_feynman_transpile[barenco_tof_10.qasm]	iter_4	0.016374254958671435	0.016200163019973724	319	319	1149	1149	889	889
feynman	test_feynman_transpile[barenco_tof_3.qasm]	iter_4	0.007933689188981845	0.007870639712224162	36	36	128	128	124	124
feynman	test_feynman_transpile[barenco_tof_4.qasm]	iter_4	0.0085891421352114	0.00850641649439294	78	78	272	272	230	230
feynman	test_feynman_transpile[barenco_tof_5.qasm]	iter_4	0.010119511661204424	0.009936911170370877	119	119	433	433	341	341
feynman	test_feynman_transpile[bigadder.qasm]	iter_4	0.014157823074076857	0.014076730635549341	240	240	807	807	497	497
feynman	test_feynman_transpile[csla_mux_3.qasm]	iter_4	0.01125264629115199	0.011112653305021565	153	153	488	488	246	246
feynman	test_feynman_transpile[csum_mux_9.qasm]	iter_4	0.01922781616449356	0.019052580948553832	411	411	1232	1232	324	324
feynman	test_feynman_transpile[gf2^10_mult.qasm]	iter_4	0.03372208741975242	0.0330430005259555	1804	1804	5164	5164	1786	1786
feynman	test_feynman_transpile[gf2^16_mult.qasm]	iter_4	0.07080207126481193	0.06810646144052347	4690	4690	13283	13283	3600	3600
feynman	test_feynman_transpile[gf2^32_mult.qasm]	iter_4	0.24623360820114612	0.23741030618548392	18246	18246	50984	50984	9183	9183
feynman	test_feynman_transpile[gf2^4_mult.qasm]	iter_4	0.011751792796734554	0.01170196086652093	225	225	687	687	446	446
feynman	test_feynman_transpile[gf2^5_mult.qasm]	iter_4	0.014281596935221127	0.01417769888854202	361	361	1132	1132	608	608
feynman	test_feynman_transpile[gf2^6_mult.qasm]	iter_4	0.01728617879389613	0.017229894339515453	543	543	1639	1639	790	790
feynman	test_feynman_transpile[gf2^7_mult.qasm]	iter_4	0.020684201468495613	0.020288657194570354	785	785	2340	2340	1020	1020
feynman	test_feynman_transpile[gf2^8_mult.qasm]	iter_4	0.02509978408805835	0.024813627537626486	1139	1139	3268	3268	1424	1424
feynman	test_feynman_transpile[gf2^9_mult.qasm]	iter_4	0.028473092562385966	0.028039173481778965	1436	1436	4075	4075	1634	1634
feynman	test_feynman_transpile[grover_5.qasm]	iter_4	0.016885765794930712	0.01675851148521078	470	470	1668	1668	1383	1383
feynman	test_feynman_transpile[ham15-high.qasm]	iter_4	0.07152961779917989	0.06975562537887267	4925	4925	14667	14667	11253	11253
feynman	test_feynman_transpile[ham15-low.qasm]	iter_4	0.018443529070778328	0.01809576597403396	781	781	2156	2156	1207	1207
feynman	test_feynman_transpile[ham15-med.qasm]	iter_4	0.026049014080215146	0.02566872824515615	1220	1220	3699	3699	2684	2684
feynman	test_feynman_transpile[hwb10.qasm]	iter_4	1.5284686610102654	1.2113689426332712	109341	109341	305083	305083	183344	183344
feynman	test_feynman_transpile[hwb11.qasm]	iter_4	5.202299835160375	3.965671857818961	331684	331684	909866	909866	557210	557210
feynman	test_feynman_transpile[hwb12.qasm]	iter_4	10.829472839832306	8.503203835338354	644148	644148	1765257	1765257	1066858	1066858
feynman	test_feynman_transpile[hwb6.qasm]	iter_4	0.01160815536875177	0.011526759965596971	210	210	717	717	564	564
feynman	test_feynman_transpile[hwb8.qasm]	iter_4	0.2676069042645395	0.22416074723005294	18229	18229	54367	54367	36534	36534
feynman	test_feynman_transpile[inverseqft1.qasm]	iter_4	0.008872730985145879	0.008950046670523662	0	0	40	40	30	30
feynman	test_feynman_transpile[inverseqft2.qasm]	iter_4	0.006087074322359902	0.006064260640414432	0	0	35	35	22	22
feynman	test_feynman_transpile[mod5_4.qasm]	iter_4	0.008187668986226382	0.007933043810571062	45	45	144	144	154	154
feynman	test_feynman_transpile[mod_adder_1024.qasm]	iter_4	0.06371552008204162	0.06028929241001606	3961	3961	11915	11915	8813	8813
feynman	test_feynman_transpile[mod_mult_55.qasm]	iter_4	0.009073145078638425	0.008867822997272014	85	85	288	288	167	167
feynman	test_feynman_transpile[mod_red_21.qasm]	iter_4	0.01146156025961751	0.011321659933994798	199	199	642	642	511	511
feynman	test_feynman_transpile[qcla_adder_10.qasm]	iter_4	0.025714466534554958	0.02513081468641758	485	485	1547	1547	442	442
feynman	test_feynman_transpile[qcla_com_7.qasm]	iter_4	0.019708988579864403	0.019291387615250608	355	355	1185	1185	334	334
feynman	test_feynman_transpile[qcla_mod_7.qasm]	iter_4	0.02559015455727394	0.02510475772432983	915	915	2730	2730	890	890
feynman	test_feynman_transpile[qec.qasm]	iter_4	0.006532683240755504	0.006429506418933658	4	4	20	20	14	14
feynman	test_feynman_transpile[qft.qasm]	iter_4	0.0070122575638353404	0.006855820701138614	16	16	65	65	61	61
feynman	test_feynman_transpile[qft_4.qasm]	iter_4	0.009806586708873511	0.008863333257084544	83	83	269	269	243	243
feynman	test_feynman_transpile[qpt.qasm]	iter_4	0.002803253352148346	0.002781975808587696	0	0	6	6	4	4
feynman	test_feynman_transpile[rb.qasm]	iter_4	0.0034178762273354966	0.0027777098665206596	2	2	12	12	9	9
feynman	test_feynman_transpile[rc_adder_6.qasm]	iter_4	0.011530587117054633	0.011524232060593716	157	157	507	507	320	320
feynman	test_feynman_transpile[teleport.qasm]	iter_4	0.00577199533378166	0.005746408597086415	2	2	27	27	17	17
feynman	test_feynman_transpile[teleportv2.qasm]	iter_4	0.006594847499227232	0.006667123739852717	2	2	28	28	18	18
feynman	test_feynman_transpile[tof_10.qasm]	iter_4	0.013305863287920753	0.013224027145447003	145	145	572	572	473	473
feynman	test_feynman_transpile[tof_3.qasm]	iter_4	0.007820042744865568	0.007820805769384378	24	24	94	94	84	84
feynman	test_feynman_transpile[tof_4.qasm]	iter_4	0.008114149793982506	0.008079835788036387	41	41	165	165	146	146
feynman	test_feynman_transpile[tof_5.qasm]	iter_4	0.008713524675239687	0.008770551549137704	58	58	232	232	194	194
feynman	test_feynman_transpile[vbe_adder_3.qasm]	iter_4	0.01011618013052564	0.010233107052351299	98	98	327	327	245	245
device_hamiltonians	test_hamlib_hamiltonians_transpile[ham_enc_stdbinary_dvalues_d-level-4]	iter_4	0.011957989311685749	0.012123268885681262	3	3	27	27	19	19
device_hamiltonians	test_hamlib_hamiltonians_transpile[ham_mu_y_prime_enc_stdbinary_dvalues_8-8-4-4]	iter_4	0.008156985068669567	0.008125481234021383	18	18	93	93	72	72
device_hamiltonians	test_hamlib_hamiltonians_transpile[ham_mu_y_prime_enc_unary_dvalues_4-4-4]	iter_4	0.004667757111258837	0.0046190839536764	6	6	52	52	32	32
device_hamiltonians	test_hamlib_hamiltonians_transpile[ham_mu_z_prime_enc_gray_dvalues_4-4-4-4]	iter_4	0.005728029137000788	0.005710266892974441	4	4	33	33	11	11
device_hamiltonians	test_hamlib_hamiltonians_transpile[ham_gnp-k_2_n-4_rinst-05]	iter_4	0.008691307010227129	0.007704988564746302	22	22	97	97	83	83
device_hamiltonians	test_hamlib_hamiltonians_transpile[ham_ham_parity-4]	iter_4	0.009151995038756957	0.009185576042079407	62	62	207	207	194	194
device_hamiltonians	test_hamlib_hamiltonians_transpile[ham_mu_y_prime_enc_stdbinary_dvalues_16-16-16-16-8-8-8]	iter_4	0.009761978739074298	0.009422767996078446	72	72	255	255	209	209
device_hamiltonians	test_hamlib_hamiltonians_transpile[ham_mu_y_prime_enc_gray_dvalues_16-16-16]	iter_4	0.010117936394332597	0.009589322054615388	92	92	314	314	269	269
device_hamiltonians	test_hamlib_hamiltonians_transpile[ham_enc_gray_dvalues_d-level-16]	iter_4	0.013443954184021749	0.013365556341661533	196	196	804	804	646	646
device_hamiltonians	test_hamlib_hamiltonians_transpile[ham_mu_y_prime_enc_stdbinary_dvalues_8-8-8-8-8-8]	iter_4	0.014230784247903264	0.013352390513687895	36	36	186	186	72	72
device_hamiltonians	test_hamlib_hamiltonians_transpile[ham_gnp-k_4_n-6_rinst-15]	iter_4	0.010813880110940626	0.009730616799340798	136	136	454	454	404	404
device_hamiltonians	test_hamlib_hamiltonians_transpile[ham_ham_JW-6]	iter_4	0.015438239648938179	0.013633721306718685	351	351	1168	1168	1015	1015
device_hamiltonians	test_hamlib_hamiltonians_transpile[ham_mu_y_prime_enc_unary_dvalues_8-8-8-8-8-8-8]	iter_4	0.006125012844255785	0.006097492280191389	14	14	120	120	72	72
device_hamiltonians	test_hamlib_hamiltonians_transpile[ham_7-uf20-0384.cnf-8-res]	iter_4	0.008503805350409736	0.008540096921486813	78	78	248	248	160	160
device_hamiltonians	test_hamlib_hamiltonians_transpile[ham_tsp_rand-002_Ncity-4_enc-stdbinary]	iter_4	0.010133869166733051	0.010097693108643094	137	137	460	460	330	330
device_hamiltonians	test_hamlib_hamiltonians_transpile[ham_ham_JW-8]	iter_4	0.03319959049778325	0.03187545094518892	1374	1374	4196	4196	3566	3566
device_hamiltonians	test_hamlib_hamiltonians_transpile[ham_enc_gray_dvalues_8-8-8]	iter_4	0.43316074336568516	0.40711247610549134	12551	12551	36713	36713	31460	31460
device_hamiltonians	test_hamlib_hamiltonians_transpile[ham_complbipart-n-10_a-5_b-5]	iter_4	0.014237336441874504	0.012703509548945086	287	287	955	955	685	685
device_hamiltonians	test_hamlib_hamiltonians_transpile[ham_ham_JW10]	iter_4	0.07227886534695115	0.0626542583340779	2407	2407	7030	7030	6344	6344
device_hamiltonians	test_hamlib_hamiltonians_transpile[ham_ham_parity10]	iter_4	0.0699042484164238	0.06524513252079486	2440	2440	7107	7107	6634	6634
device_hamiltonians	test_hamlib_hamiltonians_transpile[ham_ham_JW-10]	iter_4	0.07215161701398236	0.06364956346806139	2407	2407	7031	7031	6341	6341
device_hamiltonians	test_hamlib_hamiltonians_transpile[ham_mu_x_prime_enc_stdbinary_dvalues_8-8-8-8-8-8-8-8-8-4-4-4-4-4-4]	iter_4	0.028105785325169563	0.028231530243323907	56	56	295	295	73	73
device_hamiltonians	test_hamlib_hamiltonians_transpile[ham_mu_x_prime_enc_unary_dvalues_4-4-4]	iter_4	0.010290004216979459	0.010218434547092401	18	18	156	156	32	32
device_hamiltonians	test_hamlib_hamiltonians_transpile[ham_ham_parity12]	iter_4	0.1619593951230248	0.15112182178667613	4740	4740	13855	13855	13321	13321
device_hamiltonians	test_hamlib_hamiltonians_transpile[ham_ham_BK12]	iter_4	0.12832599459216	0.1230396474711597	7063	7063	20486	20486	15320	15320
device_hamiltonians	test_hamlib_hamiltonians_transpile[ham_ham_JW12]	iter_4	0.1682998426258564	0.14747826675219194	4630	4630	13241	13241	12371	12371
device_hamiltonians	test_hamlib_hamiltonians_transpile[ham_bh_graph-1D-grid-pbc-qubitnodes_Lx-4_U-40_enc-gray_d-8]	iter_4	0.09821214154362679	0.09494741701266983	4158	4158	14759	14759	12684	12684
device_hamiltonians	test_hamlib_hamiltonians_transpile[ham_enc_unary_dvalues_4-4-4]	iter_4	0.22148520462214946	0.20896635837852956	12070	12070	39001	39001	27916	27916
device_hamiltonians	test_hamlib_hamiltonians_transpile[ham_ham_parity-14]	iter_4	0.18063945043832064	0.15429131074675492	7159	7159	20541	20541	17017	17017
device_hamiltonians	test_hamlib_hamiltonians_transpile[ham_ham_JW14]	iter_4	0.21038420982658862	0.19383880930642286	6267	6267	17022	17022	15625	15625
device_hamiltonians	test_hamlib_hamiltonians_transpile[ham_enc_gray_dvalues_4-4-4-4-4-4-4]	iter_4	0.08515915790429482	0.08006393551253356	3667	3667	11853	11853	9385	9385
device_hamiltonians	test_hamlib_hamiltonians_transpile[ham_ham_BK-14]	iter_4	0.3172268937341869	0.3101837928406894	15524	15524	43160	43160	34192	34192
device_hamiltonians	test_hamlib_hamiltonians_transpile[ham_ham_JW-14]	iter_4	0.3507606902470191	0.3205927908420563	12221	12221	33583	33583	30474	30474
device_hamiltonians	test_hamlib_hamiltonians_transpile[ham_mu_z_prime_enc_unary_dvalues_16-16-16-16-16-16-16]	iter_4	0.009827746637165546	0.009784061250459287	30	30	256	256	152	152
device_hamiltonians	test_hamlib_hamiltonians_transpile[ham_graph-1D-grid-pbc-qubitnodes_Lx-16_h-2]	iter_4	0.025205096093619744	0.02522136222216345	71	71	236	236	170	170
device_hamiltonians	test_hamlib_hamiltonians_transpile[ham_ham_JW-18]	iter_4	0.9740005638450384	0.8861200949177146	37239	37239	98291	98291	88794	88794
device_hamiltonians	test_hamlib_hamiltonians_transpile[ham_ham_JW-22]	iter_4	3.999994281679392	3.754507752135396	110022	110022	292583	292583	268040	268040
device_hamiltonians	test_hamlib_hamiltonians_transpile[ham_ham_BK22]	iter_4	3.4059213269501925	3.028334768489003	135268	135268	367012	367012	279934	279934
device_hamiltonians	test_hamlib_hamiltonians_transpile[ham_mu_y_prime_enc_stdbinary_dvalues_4-4-4-4-4-4-4-4-4-4-4-4-4-4-4-4-4-4]	iter_4	0.012129370752774494	0.010999341041031407	24	24	240	240	13	13
device_hamiltonians	test_hamlib_hamiltonians_transpile[ham_gnp-k_5_n-24_rinst-04]	iter_4	0.022461795647229468	0.021945251069135138	1007	1007	2861	2861	884	884
device_hamiltonians	test_hamlib_hamiltonians_transpile[ham_tsp_prob-ulysses22_Ncity-8_enc-stdbinary]	iter_4	0.03774061626582234	0.03697966891699112	1864	1864	5999	5999	4253	4253
device_hamiltonians	test_hamlib_hamiltonians_transpile[ham_ham_JW24]	iter_4	9.134538143873215	7.805737603455782	187285	187285	504449	504449	447466	447466
device_hamiltonians	test_hamlib_hamiltonians_transpile[ham_tsp_prob-ts225_Ncity-5_enc-unary]	iter_4	0.017190036536366853	0.016976316307078708	474	474	1431	1431	407	407
device_hamiltonians	test_hamlib_hamiltonians_transpile[ham_graph-1D-grid-pbc-qubitnodes_Lx-26_h-6]	iter_4	0.21617021225392818	0.2172395098954439	109	109	358	358	275	275
device_hamiltonians	test_hamlib_hamiltonians_transpile[ham_bh_graph-1D-grid-pbc-qubitnodes_Lx-14_U-10_enc-stdbinary_d-4]	iter_4	0.04583923510191115	0.042636938393116	1067	1067	3868	3868	3048	3048
device_hamiltonians	test_hamlib_hamiltonians_transpile[ham_bh_graph-2D-triag-nonpbc-qubitnodes_Lx-3_Ly-5_U-30_enc-gray_d-4]	iter_4	0.07620371119784457	0.06696484883626302	3707	3707	11982	11982	9233	9233
device_hamiltonians	test_hamlib_hamiltonians_transpile[ham_reg-5_n-10_rinst-07]	iter_4	0.09056900086050684	0.08722544698552652	6155	6155	19169	19169	11185	11185
device_hamiltonians	test_hamlib_hamiltonians_transpile[ham_mu_y_prime_enc_unary_dvalues_16-16-16-16-16-16]	iter_4	0.012427752121136738	0.012326471532384555	60	60	512	512	152	152
device_hamiltonians	test_hamlib_hamiltonians_transpile[ham_bh_graph-3D-grid-nonpbc-qubitnodes_Lx-2_Ly-2_Lz-2_U-20_enc-unary_d-4]	iter_4	0.09939927123486995	0.08857794726888339	5201	5201	15785	15785	12696	12696
device_hamiltonians	test_hamlib_hamiltonians_transpile[ham_0-uuf100-0810.cnf-40-res]	iter_4	0.029870212237749782	0.02915009105991986	1341	1341	3452	3452	1176	1176
device_hamiltonians	test_hamlib_hamiltonians_transpile[ham_8-uuf100-0509.cnf-40-cc]	iter_4	0.03062829499443372	0.029614305921963284	1546	1546	4016	4016	1330	1330
device_hamiltonians	test_hamlib_hamiltonians_transpile[ham_gnp-k_4_n-40_rinst-07]	iter_4	0.08247359756093758	0.0669846311211586	6028	6028	16665	16665	9916	9916
device_hamiltonians	test_hamlib_hamiltonians_transpile[ham_2-uf100-0396.cnf-46-res]	iter_4	0.03468750769804631	0.03377310788879792	2213	2213	5581	5581	1712	1712
device_hamiltonians	test_hamlib_hamiltonians_transpile[ham_2-uf100-0601.cnf-46-res]	iter_4	0.036868693573134284	0.03597946724455271	2511	2511	6241	6241	1913	1913
device_hamiltonians	test_hamlib_hamiltonians_transpile[ham_bh_graph-1D-grid-nonpbc-qubitnodes_Lx-12_U-40_enc-unary_d-4]	iter_4	0.09653970649973913	0.08419469433526199	4545	4545	14328	14328	11704	11704
device_hamiltonians	test_hamlib_hamiltonians_transpile[ham_bh_graph-1D-grid-pbc-qubitnodes_Lx-24_U-20_enc-stdbinary_d-4]	iter_4	0.07495702191122941	0.07404326181858778	1781	1781	6629	6629	5182	5182
device_hamiltonians	test_hamlib_hamiltonians_transpile[ham_tsp_prob-lin105_Ncity-7_enc-unary]	iter_4	0.033988314059873424	0.03277146571781486	1650	1650	4769	4769	1212	1212
device_hamiltonians	test_hamlib_hamiltonians_transpile[ham_gnp-k_5_n-60_rinst-19]	iter_4	0.19946988144268593	0.15869733850870812	16063	16063	44641	44641	27012	27012
device_hamiltonians	test_hamlib_hamiltonians_transpile[ham_bh_graph-2D-triag-pbc-qubitnodes_Lx-5_Ly-5_U-30_enc-unary_d-4]	iter_4	0.3406439224878947	0.28985619405284524	21933	21933	65331	65331	48769	48769
device_hamiltonians	test_hamlib_hamiltonians_transpile[ham_mu_x_prime_enc_unary_dvalues_16-16-16-16-16-16-16-16-16-16-16-16-16-16-16]	iter_4	0.016077298344227307	0.01585432780640466	120	120	1024	1024	152	152
device_hamiltonians	test_hamlib_hamiltonians_transpile[ham_tsp_prob-d198_Ncity-8_enc-unary]	iter_4	0.047526556466306956	0.04647673959178584	2679	2679	7619	7619	1811	1811
device_hamiltonians	test_hamlib_hamiltonians_transpile[ham_tsp_prob-kroD100_Ncity-16_enc-stdbinary]	iter_4	0.32912829238921404	0.2789341467432678	19013	19013	58716	58716	41423	41423
device_hamiltonians	test_hamlib_hamiltonians_transpile[ham_tsp_prob-fl417_Ncity-16_enc-stdbinary]	iter_4	0.33021666994318366	0.2730240016244352	19015	19015	58515	58515	41292	41292
device_hamiltonians	test_hamlib_hamiltonians_transpile[ham_4-uf100-0246.cnf-70-res]	iter_4	0.08804769356819717	0.08395037691419323	8566	8566	20532	20532	6347	6347
device_hamiltonians	test_hamlib_hamiltonians_transpile[ham_dsjc1000.1,n-36,rinst-4]	iter_4	0.06353746389504522	0.06024684077676605	3912	3912	11333	11333	4110	4110
device_hamiltonians	test_hamlib_hamiltonians_transpile[ham_graph-2D-grid-nonpbc-qubitnodes_Lx-5_Ly-15_h-3]	iter_4	0.042808673810213804	0.04177152037620544	1027	1027	2864	2864	815	815
device_hamiltonians	test_hamlib_hamiltonians_transpile[ham_bh_graph-1D-grid-pbc-qubitnodes_Lx-10_U-30_enc-unary_d-8]	iter_4	0.40704503903786343	0.34364471584558487	23507	23507	73386	73386	58257	58257
device_hamiltonians	test_hamlib_hamiltonians_transpile[ham_4-flat100-7.cnf-90-cc]	iter_4	0.03267241948314251	0.032098254188895226	1166	1166	2923	2923	473	473
device_hamiltonians	test_hamlib_hamiltonians_transpile[ham_reg-4_n-90_rinst-07]	iter_4	0.07031992015739282	0.06106391768245136	3830	3830	10497	10497	2032	2032
device_hamiltonians	test_hamlib_hamiltonians_transpile[ham_gnp-k_5_n-90_rinst-02]	iter_4	0.3092693618188302	0.2604580889455974	29444	29444	78077	78077	43612	43612
device_hamiltonians	test_hamlib_hamiltonians_transpile[ham_graph-2D-triag-pbc-qubitnodes_Lx-13_Ly-13_h-0.1]	iter_4	0.04108455575381716	0.0400837966054678	2556	2556	6498	6498	1780	1780
device_hamiltonians	test_hamlib_hamiltonians_transpile[ham_bh_graph-1D-grid-pbc-qubitnodes_Lx-46_U-2_enc-gray_d-4]	iter_4	0.12809644849039614	0.127223565760586	5367	5367	18852	18852	15475	15475
device_hamiltonians	test_hamlib_hamiltonians_transpile[ham_bh_graph-2D-grid-nonpbc-qubitnodes_Lx-7_Ly-7_U-70_enc-gray_d-4]	iter_4	0.2195787362754345	0.19283969731380543	14411	14411	42744	42744	32706	32706
device_hamiltonians	test_hamlib_hamiltonians_transpile[ham_fh-graph-1D-grid-pbc-qubitnodes_Lx-50_U-2_enc-jw]	iter_4	0.05310290267592982	0.04469276956566002	3224	3224	8870	8870	5709	5709
device_hamiltonians	test_hamlib_hamiltonians_transpile[ham_tsp_prob-st70_Ncity-10_enc-unary]	iter_4	0.08239907197033365	0.08100820633654411	5220	5220	15244	15244	2879	2879
device_hamiltonians	test_hamlib_hamiltonians_transpile[ham_tsp_prob-pr76_Ncity-10_enc-unary]	iter_4	0.08236970100551844	0.08062119223177433	5220	5220	15151	15151	2854	2854
device_hamiltonians	test_hamlib_hamiltonians_transpile[ham_bh_graph-2D-triag-pbc-qubitnodes_Lx-10_Ly-10_U-30_enc-stdbinary_d-4]	iter_4	0.318868441041559	0.3047962076961994	21309	21309	61614	61614	44190	44190
device_hamiltonians	test_hamlib_hamiltonians_transpile[ham_queen13_13,n-28,rinst-0]	iter_4	0.05821449516548051	0.05560595107575258	2343	2343	6164	6164	594	594
device_hamiltonians	test_hamlib_hamiltonians_transpile[ham_will199gpia,n-60,rinst-8]	iter_4	0.11915694570375814	0.11523437375823657	9510	9510	26876	26876	9578	9578
device_hamiltonians	test_hamlib_hamiltonians_transpile[ham_bh_graph-1D-grid-pbc-qubitnodes_Lx-60_U-10_enc-stdbinary_d-4]	iter_4	0.1320371152833104	0.12376382108777761	4488	4488	16408	16408	12751	12751
device_hamiltonians	test_hamlib_hamiltonians_transpile[ham_bh_graph-2D-triag-pbc-qubitnodes_Lx-3_Ly-22_U-70_enc-unary_d-4]	iter_4	0.7935480335727334	0.6337833600118756	52899	52899	154509	154509	110189	110189
abstract_small	test_QASMBench_small[adder_n10-all-to-all]	iter_4	0.0095523972308538	0.009249118173070121	65	65	247	247	200	200
abstract_small	test_QASMBench_small[adder_n10-square]	iter_4	0.007386444741043083	0.007351186447089813	91	91	360	360	274	274
abstract_small	test_QASMBench_small[adder_n10-heavy-hex]	iter_4	0.0074810177922762676	0.007458570168206566	105	105	385	385	334	334
abstract_small	test_QASMBench_small[adder_n10-linear]	iter_4	0.007351684234752	0.007398829016773427	94	94	358	358	300	300
abstract_small	test_QASMBench_small[adder_n4-all-to-all]	iter_4	0.0021125652715771313	0.0021068918302443356	10	10	44	44	23	23
abstract_small	test_QASMBench_small[adder_n4-square]	iter_4	0.0021194586149332196	0.002076610204967804	10	10	44	44	23	23
abstract_small	test_QASMBench_small[adder_n4-heavy-hex]	iter_4	0.004469172014958328	0.004411389847853403	16	16	63	63	33	33
abstract_small	test_QASMBench_small[adder_n4-linear]	iter_4	0.003741595944054282	0.003684984419781428	16	16	70	70	39	39
abstract_small	test_QASMBench_small[basis_change_n3-all-to-all]	iter_4	0.002092375009730979	0.0020499767082350516	10	10	86	86	54	54
abstract_small	test_QASMBench_small[basis_change_n3-square]	iter_4	0.0021599996632531934	0.0020648830144861597	10	10	86	86	54	54
abstract_small	test_QASMBench_small[basis_change_n3-heavy-hex]	iter_4	0.0029019509952160575	0.002825798625100098	10	10	86	86	54	54
abstract_small	test_QASMBench_small[basis_change_n3-linear]	iter_4	0.0020848600216853766	0.0020677331810306132	10	10	86	86	54	54
abstract_small	test_QASMBench_small[basis_test_n4-all-to-all]	iter_4	0.0019427985497332315	0.0019209819455300607	6	6	48	48	19	19
abstract_small	test_QASMBench_small[basis_test_n4-square]	iter_4	0.0019276584421615464	0.0018997606581326613	6	6	50	50	20	20
abstract_small	test_QASMBench_small[basis_test_n4-heavy-hex]	iter_4	0.002821732290200333	0.002743365055772179	6	6	50	50	20	20
abstract_small	test_QASMBench_small[basis_test_n4-linear]	iter_4	0.0020588722899387213	0.001888715726224266	6	6	50	50	20	20
abstract_small	test_QASMBench_small[basis_trotter_n4-all-to-all]	iter_4	0.009948771511919276	0.008683336956292084	179	179	973	973	493	493
abstract_small	test_QASMBench_small[basis_trotter_n4-square]	iter_4	0.011611588208413706	0.010327692585997283	207	207	1081	1081	513	513
abstract_small	test_QASMBench_small[basis_trotter_n4-heavy-hex]	iter_4	0.013329337159281267	0.011718475869224395	268	268	1261	1261	956	956
abstract_small	test_QASMBench_small[basis_trotter_n4-linear]	iter_4	0.011972818813927762	0.010650561494606265	229	229	1171	1171	625	625
abstract_small	test_QASMBench_small[bb84_n8-all-to-all]	iter_4	0.001619890115448627	0.0012160410067463847	0	0	39	39	8	8
abstract_small	test_QASMBench_small[bb84_n8-square]	iter_4	0.0016354228862944771	0.0012092346011044143	0	0	39	39	8	8
abstract_small	test_QASMBench_small[bb84_n8-heavy-hex]	iter_4	0.0021809429363246115	0.0014586873270025448	0	0	39	39	8	8
abstract_small	test_QASMBench_small[bb84_n8-linear]	iter_4	0.0015988505318864712	0.0011186626667001177	0	0	39	39	8	8
abstract_small	test_QASMBench_small[bell_n4-all-to-all]	iter_4	0.0024028447550282907	0.0019963447096230467	5	5	38	38	14	14
abstract_small	test_QASMBench_small[bell_n4-square]	iter_4	0.0020356253419567616	0.001978055297840836	5	5	42	42	17	17
abstract_small	test_QASMBench_small[bell_n4-heavy-hex]	iter_4	0.00338387677477578	0.002712733848670194	5	5	39	39	17	17
abstract_small	test_QASMBench_small[bell_n4-linear]	iter_4	0.0023844989289234326	0.001989213405446645	5	5	39	39	15	15
abstract_small	test_QASMBench_small[cat_state_n4-all-to-all]	iter_4	0.0014182552665941359	0.0013911732543895315	3	3	22	22	13	13
abstract_small	test_QASMBench_small[cat_state_n4-square]	iter_4	0.0013746084519346855	0.0013368670761719078	3	3	22	22	13	13
abstract_small	test_QASMBench_small[cat_state_n4-heavy-hex]	iter_4	0.0021198045571669388	0.002078623035901904	3	3	22	22	13	13
abstract_small	test_QASMBench_small[cat_state_n4-linear]	iter_4	0.001381544707674373	0.0013857381035612055	3	3	22	22	13	13
abstract_small	test_QASMBench_small[deutsch_n2-all-to-all]	iter_4	0.001001113723793061	0.0009312558565730608	1	1	11	11	8	8
abstract_small	test_QASMBench_small[deutsch_n2-square]	iter_4	0.0011576267393760323	0.0011128545226415387	1	1	11	11	8	8
abstract_small	test_QASMBench_small[deutsch_n2-heavy-hex]	iter_4	0.0017847644113965064	0.0017420088472636605	1	1	11	11	8	8
abstract_small	test_QASMBench_small[deutsch_n2-linear]	iter_4	0.0009898928031598256	0.0009334967362859818	1	1	11	11	8	8
abstract_small	test_QASMBench_small[dnn_n2-all-to-all]	iter_4	0.0012670335350038419	0.001218044567308829	3	3	31	31	20	20
abstract_small	test_QASMBench_small[dnn_n2-square]	iter_4	0.0013821951224613333	0.001345124376076524	3	3	31	31	20	20
abstract_small	test_QASMBench_small[dnn_n2-heavy-hex]	iter_4	0.0020396575939246003	0.002009347859536104	3	3	31	31	20	20
abstract_small	test_QASMBench_small[dnn_n2-linear]	iter_4	0.0012519394227287226	0.0011381201173474148	3	3	31	31	20	20
abstract_small	test_QASMBench_small[dnn_n8-all-to-all]	iter_4	0.0070622967970040106	0.0068287682444067065	64	64	444	444	80	80
abstract_small	test_QASMBench_small[dnn_n8-square]	iter_4	0.004960681218653918	0.00486752316890436	64	64	442	442	80	80
abstract_small	test_QASMBench_small[dnn_n8-heavy-hex]	iter_4	0.007211839904387792	0.007154508399358694	94	94	521	521	112	112
abstract_small	test_QASMBench_small[dnn_n8-linear]	iter_4	0.007946151184539	0.006919883803403291	109	109	596	596	124	124
abstract_small	test_QASMBench_small[error_correctiond3_n5-all-to-all]	iter_4	0.0037019149403730443	0.003634757601381262	35	35	116	116	102	102
abstract_small	test_QASMBench_small[error_correctiond3_n5-square]	iter_4	0.005187193227603155	0.005145981956350927	38	38	133	133	98	98
abstract_small	test_QASMBench_small[error_correctiond3_n5-heavy-hex]	iter_4	0.005274262360762805	0.00524529194823964	44	44	133	133	110	110
abstract_small	test_QASMBench_small[error_correctiond3_n5-linear]	iter_4	0.004913519310089303	0.004846763130612848	53	53	153	153	115	115
abstract_small	test_QASMBench_small[fredkin_n3-all-to-all]	iter_4	0.0017785071859143646	0.0017789887109150488	8	8	34	34	25	25
abstract_small	test_QASMBench_small[fredkin_n3-square]	iter_4	0.00341733041823956	0.0034298741825877278	14	14	49	49	37	37
abstract_small	test_QASMBench_small[fredkin_n3-heavy-hex]	iter_4	0.005045199755798368	0.0042004281954871395	14	14	58	58	47	47
abstract_small	test_QASMBench_small[fredkin_n3-linear]	iter_4	0.0033010627839948747	0.003261487847515221	14	14	53	53	42	42
abstract_small	test_QASMBench_small[grover_n2-all-to-all]	iter_4	0.0011560514594624643	0.0010184369930257536	2	2	12	12	10	10
abstract_small	test_QASMBench_small[grover_n2-square]	iter_4	0.0012408160500463237	0.001262313373315318	2	2	12	12	10	10
abstract_small	test_QASMBench_small[grover_n2-heavy-hex]	iter_4	0.0019222720354858463	0.0018938935852499418	2	2	14	14	9	9
abstract_small	test_QASMBench_small[grover_n2-linear]	iter_4	0.0010273977971214162	0.0010134352573244146	2	2	12	12	10	10
abstract_small	test_QASMBench_small[hhl_n7-all-to-all]	iter_4	0.01006682916603824	0.009031915562409981	92	92	397	397	323	323
abstract_small	test_QASMBench_small[hhl_n7-square]	iter_4	0.009244441844168163	0.008029968982909695	138	138	532	532	403	403
abstract_small	test_QASMBench_small[hhl_n7-heavy-hex]	iter_4	0.009842459367294061	0.008549056712303075	196	196	692	692	478	478
abstract_small	test_QASMBench_small[hhl_n7-linear]	iter_4	0.009672149904072285	0.008424814003680286	240	240	801	801	534	534
abstract_small	test_QASMBench_small[hs4_n4-all-to-all]	iter_4	0.0016332993045249816	0.0015608837349287957	4	4	28	28	11	11
abstract_small	test_QASMBench_small[hs4_n4-square]	iter_4	0.001597278855969103	0.001565563480302789	4	4	28	28	10	10
abstract_small	test_QASMBench_small[hs4_n4-heavy-hex]	iter_4	0.00242207484566142	0.0023562397642914825	4	4	28	28	10	10
abstract_small	test_QASMBench_small[hs4_n4-linear]	iter_4	0.001680173930520146	0.001569059249606023	4	4	26	26	10	10
abstract_small	test_QASMBench_small[inverseqft_n4-all-to-all]	iter_4	0.0035452331307709428	0.003524735669865919	0	0	35	35	22	22
abstract_small	test_QASMBench_small[inverseqft_n4-square]	iter_4	0.003583864823488866	0.0035520194371710867	0	0	35	35	22	22
abstract_small	test_QASMBench_small[inverseqft_n4-heavy-hex]	iter_4	0.004432197652315184	0.0043365399508426584	0	0	35	35	22	22
abstract_small	test_QASMBench_small[inverseqft_n4-linear]	iter_4	0.00371274723217833	0.003598824598722988	0	0	35	35	22	22
abstract_small	test_QASMBench_small[ipea_n2-all-to-all]	iter_4	0.02048498336225748	0.020571742245617013	5	5	59	59	56	56
abstract_small	test_QASMBench_small[ipea_n2-square]	iter_4	0.02023279815912247	0.02154354199621023	5	5	58	58	54	54
abstract_small	test_QASMBench_small[ipea_n2-heavy-hex]	iter_4	0.021227076467053563	0.021458121426403524	5	5	58	58	54	54
abstract_small	test_QASMBench_small[ipea_n2-linear]	iter_4	0.020573686306866314	0.02067291218787432	5	5	59	59	56	56
abstract_small	test_QASMBench_small[ising_n10-all-to-all]	iter_4	0.008145799021456988	0.007936090087661376	90	90	423	423	93	93
abstract_small	test_QASMBench_small[ising_n10-square]	iter_4	0.00790009382698271	0.0068386696968917495	90	90	466	466	98	98
abstract_small	test_QASMBench_small[ising_n10-heavy-hex]	iter_4	0.005617395509034395	0.005546526086551172	90	90	445	445	94	94
abstract_small	test_QASMBench_small[ising_n10-linear]	iter_4	0.0061523102772382135	0.005187498553404732	90	90	462	462	98	98
abstract_small	test_QASMBench_small[iswap_n2-all-to-all]	iter_4	0.0010578828080305977	0.0010341838313063575	2	2	13	13	9	9
abstract_small	test_QASMBench_small[iswap_n2-square]	iter_4	0.0012717571656042923	0.0011904595983459761	2	2	13	13	9	9
abstract_small	test_QASMBench_small[iswap_n2-heavy-hex]	iter_4	0.0019852486550807954	0.0018904131835220227	2	2	14	14	10	10
abstract_small	test_QASMBench_small[iswap_n2-linear]	iter_4	0.0010904205099107752	0.0010282364164148016	2	2	13	13	9	9
abstract_small	test_QASMBench_small[linearsolver_n3-all-to-all]	iter_4	0.001538955017952006	0.0015088499640114605	4	4	27	27	16	16
abstract_small	test_QASMBench_small[linearsolver_n3-square]	iter_4	0.0015958432530891811	0.0015551464841939483	4	4	29	29	18	18
abstract_small	test_QASMBench_small[linearsolver_n3-heavy-hex]	iter_4	0.0023610921305082643	0.0023389553481882267	4	4	27	27	17	17
abstract_small	test_QASMBench_small[linearsolver_n3-linear]	iter_4	0.0015374863974186553	0.001527690118988147	4	4	27	27	16	16
abstract_small	test_QASMBench_small[lpn_n5-all-to-all]	iter_4	0.0013795977264271925	0.0013633863064928212	2	2	18	18	8	8
abstract_small	test_QASMBench_small[lpn_n5-square]	iter_4	0.0015934265996377492	0.0015754762282806332	2	2	19	19	11	11
abstract_small	test_QASMBench_small[lpn_n5-heavy-hex]	iter_4	0.0020571932478974093	0.001994994825021752	2	2	18	18	8	8
abstract_small	test_QASMBench_small[lpn_n5-linear]	iter_4	0.0014133717066885326	0.0013685778845328746	2	2	18	18	8	8
abstract_small	test_QASMBench_small[pea_n5-all-to-all]	iter_4	0.016187327974025282	0.015364875989979591	17	17	86	86	57	57
abstract_small	test_QASMBench_small[pea_n5-square]	iter_4	0.018258042068087628	0.01829123591668293	26	26	101	101	85	85
abstract_small	test_QASMBench_small[pea_n5-heavy-hex]	iter_4	0.020045552230267612	0.018277554772794247	29	29	114	114	96	96
abstract_small	test_QASMBench_small[pea_n5-linear]	iter_4	0.017863545566797256	0.017085393151593586	29	29	121	121	96	96
abstract_small	test_QASMBench_small[qaoa_n3-all-to-all]	iter_4	0.0015619244955524185	0.0015187438590507725	6	6	29	29	27	27
abstract_small	test_QASMBench_small[qaoa_n3-square]	iter_4	0.003051625129668728	0.002988713556783821	9	9	35	35	33	33
abstract_small	test_QASMBench_small[qaoa_n3-heavy-hex]	iter_4	0.003695981288576021	0.0036848435679880474	7	7	41	41	34	34
abstract_small	test_QASMBench_small[qaoa_n3-linear]	iter_4	0.0028259408875153614	0.0026810216973337845	7	7	40	40	33	33
abstract_small	test_QASMBench_small[qaoa_n6-all-to-all]	iter_4	0.0049052605644250525	0.0040644884017134505	36	36	223	223	87	87
abstract_small	test_QASMBench_small[qaoa_n6-square]	iter_4	0.006604511344007084	0.005725640446661475	54	54	288	288	176	176
abstract_small	test_QASMBench_small[qaoa_n6-heavy-hex]	iter_4	0.006665635994342092	0.0057937957698831685	60	60	310	310	186	186
abstract_small	test_QASMBench_small[qaoa_n6-linear]	iter_4	0.006612159984393252	0.005628345927430524	72	72	338	338	175	175
abstract_small	test_QASMBench_small[qec_en_n5-all-to-all]	iter_4	0.002496115068513718	0.0020391849960868405	10	10	37	37	23	23
abstract_small	test_QASMBench_small[qec_en_n5-square]	iter_4	0.0024005058979572253	0.00233480798022956	10	10	47	49	33	33
abstract_small	test_QASMBench_small[qec_en_n5-heavy-hex]	iter_4	0.004141672488746293	0.004071584332789948	13	13	44	44	27	27
abstract_small	test_QASMBench_small[qec_en_n5-linear]	iter_4	0.004708911162904567	0.004224950955672698	18	18	76	76	56	56
abstract_small	test_QASMBench_small[qec_sm_n5-all-to-all]	iter_4	0.003384036235511303	0.0034645050691038955	4	4	20	20	14	14
abstract_small	test_QASMBench_small[qec_sm_n5-square]	iter_4	0.0037980298134120734	0.003643213538452983	4	4	20	20	14	14
abstract_small	test_QASMBench_small[qec_sm_n5-heavy-hex]	iter_4	0.0044955234619833175	0.004335710534699334	4	4	20	20	14	14
abstract_small	test_QASMBench_small[qec_sm_n5-linear]	iter_4	0.003870406035942385	0.0035849331473966814	4	4	21	21	14	14
abstract_small	test_QASMBench_small[qft_n4-all-to-all]	iter_4	0.0023654770125581333	0.002301993428683672	12	12	46	46	37	37
abstract_small	test_QASMBench_small[qft_n4-square]	iter_4	0.004463259772098852	0.003741212341087059	16	16	62	62	46	46
abstract_small	test_QASMBench_small[qft_n4-heavy-hex]	iter_4	0.004436331169436807	0.004449715959976931	18	18	67	67	68	68
abstract_small	test_QASMBench_small[qft_n4-linear]	iter_4	0.00399422667863056	0.003949653398294806	19	19	75	75	62	62
abstract_small	test_QASMBench_small[qpe_n9-all-to-all]	iter_4	0.008090980610875197	0.007821882639320628	43	43	219	219	158	158
abstract_small	test_QASMBench_small[qpe_n9-square]	iter_4	0.007459131986692999	0.006537231827775637	71	71	306	306	235	235
abstract_small	test_QASMBench_small[qpe_n9-heavy-hex]	iter_4	0.006705039589525127	0.00663037758346621	78	78	319	319	240	240
abstract_small	test_QASMBench_small[qpe_n9-linear]	iter_4	0.006520562166781546	0.006499255795417161	90	90	337	337	271	271
abstract_small	test_QASMBench_small[qrng_n4-all-to-all]	iter_4	0.0006966457961628971	0.0006829138073806811	0	0	16	16	4	4
abstract_small	test_QASMBench_small[qrng_n4-square]	iter_4	0.0006773436274542881	0.0006775989606137651	0	0	16	16	4	4
abstract_small	test_QASMBench_small[qrng_n4-heavy-hex]	iter_4	0.0012213869561110773	0.0011919410091943048	0	0	16	16	4	4
abstract_small	test_QASMBench_small[qrng_n4-linear]	iter_4	0.0006742690280776158	0.0006850370603601505	0	0	16	16	4	4
abstract_small	test_QASMBench_small[quantumwalks_n2-all-to-all]	iter_4	0.0012655076595020046	0.0012678628935750608	3	3	32	32	22	22
abstract_small	test_QASMBench_small[quantumwalks_n2-square]	iter_4	0.0014167150994126821	0.0013705543199829908	3	3	32	32	22	22
abstract_small	test_QASMBench_small[quantumwalks_n2-heavy-hex]	iter_4	0.0020917294198995106	0.002055257794281161	3	3	32	32	21	21
abstract_small	test_QASMBench_small[quantumwalks_n2-linear]	iter_4	0.0013084765844357065	0.0012392765450952709	3	3	32	32	22	22
abstract_small	test_QASMBench_small[sat_n7-all-to-all]	iter_4	0.006680079982901106	0.0065007293398710005	60	60	259	259	182	182
abstract_small	test_QASMBench_small[sat_n7-square]	iter_4	0.006950688576607993	0.006814285610795867	92	92	348	348	276	276
abstract_small	test_QASMBench_small[sat_n7-heavy-hex]	iter_4	0.0069103733294730565	0.006930674959457557	99	99	362	362	275	275
abstract_small	test_QASMBench_small[sat_n7-linear]	iter_4	0.006850874181706589	0.006858441489238809	110	110	412	412	293	293
abstract_small	test_QASMBench_small[shor_n5-all-to-all]	iter_4	0.00942107730912506	0.009373676859670214	25	25	132	132	95	95
abstract_small	test_QASMBench_small[shor_n5-square]	iter_4	0.00980229532022191	0.009794232901185751	43	43	160	160	133	133
abstract_small	test_QASMBench_small[shor_n5-heavy-hex]	iter_4	0.010152608377508598	0.010114328586496413	46	46	172	172	154	154
abstract_small	test_QASMBench_small[shor_n5-linear]	iter_4	0.009308015220557098	0.009212536789546503	49	49	190	190	167	167
abstract_small	test_QASMBench_small[simon_n6-all-to-all]	iter_4	0.0037256658841402102	0.0036115558895887983	14	14	84	84	58	58
abstract_small	test_QASMBench_small[simon_n6-square]	iter_4	0.005435963451034493	0.005304512426095164	19	19	102	102	76	76
abstract_small	test_QASMBench_small[simon_n6-heavy-hex]	iter_4	0.005546953220734533	0.005453412350314327	22	22	123	123	95	95
abstract_small	test_QASMBench_small[simon_n6-linear]	iter_4	0.0050749484933702285	0.005085347396372563	22	22	100	100	80	80
abstract_small	test_QASMBench_small[teleportation_n3-all-to-all]	iter_4	0.0012831457456706687	0.0012598771496587211	2	2	22	22	11	11
abstract_small	test_QASMBench_small[teleportation_n3-square]	iter_4	0.0012961474869063576	0.0012097120965170168	2	2	18	18	9	9
abstract_small	test_QASMBench_small[teleportation_n3-heavy-hex]	iter_4	0.002024230209616559	0.0019634711654945096	2	2	18	18	9	9
abstract_small	test_QASMBench_small[teleportation_n3-linear]	iter_4	0.0012776781990573888	0.0012432052432945844	2	2	22	22	10	10
abstract_small	test_QASMBench_small[toffoli_n3-all-to-all]	iter_4	0.0019240848070313764	0.0015604126236253592	6	6	27	27	23	23
abstract_small	test_QASMBench_small[toffoli_n3-square]	iter_4	0.003369551362172639	0.00289350976797385	9	9	33	33	29	29
abstract_small	test_QASMBench_small[toffoli_n3-heavy-hex]	iter_4	0.004466149318095756	0.0037455647649251825	7	7	41	41	32	32
abstract_small	test_QASMBench_small[toffoli_n3-linear]	iter_4	0.0031838051274718855	0.0027426797795392895	7	7	36	36	30	30
abstract_small	test_QASMBench_small[variational_n4-all-to-all]	iter_4	0.002027593058811729	0.001914418801881265	8	8	72	72	32	32
abstract_small	test_QASMBench_small[variational_n4-square]	iter_4	0.0018846573826578476	0.001933983017463149	8	8	72	72	32	32
abstract_small	test_QASMBench_small[variational_n4-heavy-hex]	iter_4	0.0027471876534100794	0.0026880620580388196	8	8	72	72	32	32
abstract_small	test_QASMBench_small[variational_n4-linear]	iter_4	0.0019167332111724785	0.001873087336938096	8	8	72	72	32	32
abstract_small	test_QASMBench_small[vqe_n4-all-to-all]	iter_4	0.002290803907146933	0.0022511213133111596	9	9	84	84	33	33
abstract_small	test_QASMBench_small[vqe_n4-square]	iter_4	0.0022887582045057497	0.002380160614848137	9	9	84	84	33	33
abstract_small	test_QASMBench_small[vqe_n4-heavy-hex]	iter_4	0.0030927946761106755	0.0030397877225992066	9	9	84	84	33	33
abstract_small	test_QASMBench_small[vqe_n4-linear]	iter_4	0.0022836706305675875	0.0022463199610893545	9	9	84	84	33	33
abstract_small	test_QASMBench_small[vqe_uccsd_n4-all-to-all]	iter_4	0.004764001725895985	0.004693765686277081	71	71	219	219	224	224
abstract_small	test_QASMBench_small[vqe_uccsd_n4-square]	iter_4	0.004729019524068526	0.004667392411562199	71	71	219	219	225	225
abstract_small	test_QASMBench_small[vqe_uccsd_n4-heavy-hex]	iter_4	0.005268083980022851	0.005167611930075856	71	71	222	222	226	226
abstract_small	test_QASMBench_small[vqe_uccsd_n4-linear]	iter_4	0.004710032713619318	0.004711001907867161	71	71	252	252	231	231
abstract_small	test_QASMBench_small[vqe_uccsd_n6-all-to-all]	iter_4	0.016613384542454566	0.016251060164027047	923	923	2490	2490	2922	2922
abstract_small	test_QASMBench_small[vqe_uccsd_n6-square]	iter_4	0.021706022533842108	0.018637442253530024	947	947	2770	2770	2912	2912
abstract_small	test_QASMBench_small[vqe_uccsd_n6-heavy-hex]	iter_4	0.022179529633979466	0.019076786254747555	987	987	2723	2723	3048	3048
abstract_small	test_QASMBench_small[vqe_uccsd_n6-linear]	iter_4	0.021404680023167994	0.018386967039921067	987	987	2894	2894	3072	3072
abstract_small	test_QASMBench_small[vqe_uccsd_n8-all-to-all]	iter_4	0.07256386171166714	0.06131356721743941	4815	4815	12404	12404	15014	15014
abstract_small	test_QASMBench_small[vqe_uccsd_n8-square]	iter_4	0.08174176809067528	0.0682648734322616	5058	5058	13813	13813	15151	15151
abstract_small	test_QASMBench_small[vqe_uccsd_n8-heavy-hex]	iter_4	0.08393020865817864	0.0713957053210054	5388	5388	14065	14065	16043	16043
abstract_small	test_QASMBench_small[vqe_uccsd_n8-linear]	iter_4	0.08163210811714332	0.06848087335626284	5420	5420	14310	14310	16160	16160
abstract_small	test_QASMBench_small[wstate_n3-all-to-all]	iter_4	0.0036179532575959395	0.0032345225076805726	6	6	34	34	28	28
abstract_small	test_QASMBench_small[wstate_n3-square]	iter_4	0.005520491935740942	0.005338098884529465	12	12	53	53	37	37
abstract_small	test_QASMBench_small[wstate_n3-heavy-hex]	iter_4	0.005981801039449973	0.0059657756559896155	10	10	53	53	44	44
abstract_small	test_QASMBench_small[wstate_n3-linear]	iter_4	0.004945620688560762	0.004946474784186908	10	10	41	41	36	36
abstract_medium	test_QASMBench_medium[bigadder_n18-all-to-all]	iter_4	0.013673142595000045	0.013156641740351915	130	130	499	499	318	318
abstract_medium	test_QASMBench_medium[bigadder_n18-square]	iter_4	0.0111307758319227	0.011009901985526085	201	201	731	731	432	432
abstract_medium	test_QASMBench_medium[bigadder_n18-heavy-hex]	iter_4	0.010017479828093201	0.009859644644653675	218	218	769	769	498	498
abstract_medium	test_QASMBench_medium[bigadder_n18-linear]	iter_4	0.009879500503935244	0.009760464910262575	228	228	829	829	584	584
abstract_medium	test_QASMBench_medium[bv_n14-all-to-all]	iter_4	0.005905789980555282	0.0056999872571655685	13	13	107	107	28	28
abstract_medium	test_QASMBench_medium[bv_n14-square]	iter_4	0.0051237646928604915	0.005080672248732298	27	27	171	171	75	75
abstract_medium	test_QASMBench_medium[bv_n14-heavy-hex]	iter_4	0.00529249425491561	0.00522584512474991	40	40	179	179	96	96
abstract_medium	test_QASMBench_medium[bv_n14-linear]	iter_4	0.0047964097477903415	0.004811806507756055	24	24	220	220	91	91
abstract_medium	test_QASMBench_medium[bv_n19-all-to-all]	iter_4	0.00739208635687828	0.007299571263569372	18	18	144	144	33	33
abstract_medium	test_QASMBench_medium[bv_n19-square]	iter_4	0.014117105672245516	0.013719809161765234	43	43	244	244	105	105
abstract_medium	test_QASMBench_medium[bv_n19-heavy-hex]	iter_4	0.005653271513680617	0.00558279847313544	72	72	296	296	163	163
abstract_medium	test_QASMBench_medium[bv_n19-linear]	iter_4	0.005386536590980761	0.005340795306598439	34	34	302	302	118	118
abstract_medium	test_QASMBench_medium[bwt_n21-all-to-all]	iter_4	5.760738572105765	5.544078955426812	169200	169200	658875	658875	428309	428309
abstract_medium	test_QASMBench_medium[bwt_n21-square]	iter_4	8.104793975129724	7.301598159596324	395444	395444	1265957	1265957	755106	755106
abstract_medium	test_QASMBench_medium[bwt_n21-heavy-hex]	iter_4	10.487553853541613	9.910227527841926	527050	527050	1690104	1690104	972598	972598
abstract_medium	test_QASMBench_medium[bwt_n21-linear]	iter_4	13.325829990208149	10.439903624355793	805890	805890	2329558	2329558	1345578	1345578
abstract_medium	test_QASMBench_medium[cat_state_n22-all-to-all]	iter_4	0.01041364968689375	0.009852269877834866	21	21	131	131	67	67
abstract_medium	test_QASMBench_medium[cat_state_n22-square]	iter_4	0.007819224176998426	0.007656384514824998	21	21	131	131	67	67
abstract_medium	test_QASMBench_medium[cat_state_n22-heavy-hex]	iter_4	0.008504094586016671	0.008417591469082157	21	21	131	131	67	67
abstract_medium	test_QASMBench_medium[cat_state_n22-linear]	iter_4	0.004163005087577122	0.0041617956915090785	21	21	131	131	67	67
abstract_medium	test_QASMBench_medium[cc_n12-all-to-all]	iter_4	0.027117314944533927	0.02635945823903267	11	11	77	77	43	43
abstract_medium	test_QASMBench_medium[cc_n12-square]	iter_4	0.0318578002794135	0.03208517535559593	23	23	113	113	78	78
abstract_medium	test_QASMBench_medium[cc_n12-heavy-hex]	iter_4	0.03206666390178725	0.031534297451857596	30	30	135	135	99	99
abstract_medium	test_QASMBench_medium[cc_n12-linear]	iter_4	0.03241301293019205	0.03288190177408978	20	20	135	135	93	93
abstract_medium	test_QASMBench_medium[dnn_n16-all-to-all]	iter_4	0.012479698329287418	0.013563122134655714	128	128	883	883	80	80
abstract_medium	test_QASMBench_medium[dnn_n16-square]	iter_4	0.010844716187962827	0.010663205074767272	128	128	884	884	80	80
abstract_medium	test_QASMBench_medium[dnn_n16-heavy-hex]	iter_4	0.008988859759149502	0.0076729122367573946	128	128	882	882	80	80
abstract_medium	test_QASMBench_medium[dnn_n16-linear]	iter_4	0.01154470467605652	0.009899717492415853	233	233	1238	1238	128	128
abstract_medium	test_QASMBench_medium[factor247_n15-all-to-all]	iter_4	8.073564015328884	6.487872641533613	267223	267223	992014	992014	928867	928867
abstract_medium	test_QASMBench_medium[factor247_n15-square]	iter_4	11.097780345007777	8.725150628015399	392552	392552	1434014	1434014	1203239	1203239
abstract_medium	test_QASMBench_medium[factor247_n15-heavy-hex]	iter_4	10.814560297876596	8.865073945373297	392914	392914	1369471	1369471	1195588	1195588
abstract_medium	test_QASMBench_medium[factor247_n15-linear]	iter_4	11.833217592909932	9.616483295336366	422910	422910	1595821	1595821	1248167	1248167
abstract_medium	test_QASMBench_medium[gcm_h6-all-to-all]	iter_4	0.07554532680660486	0.0733663338635649	528	528	2560	2560	2056	2056
abstract_medium	test_QASMBench_medium[gcm_h6-square]	iter_4	0.07545402631736718	0.07353848764406783	771	771	3561	3561	2695	2695
abstract_medium	test_QASMBench_medium[gcm_h6-heavy-hex]	iter_4	0.07557670253195933	0.07442729707275118	764	764	3337	3337	2674	2674
abstract_medium	test_QASMBench_medium[gcm_h6-linear]	iter_4	0.0743126632379634	0.07321289740502834	834	834	3583	3583	2754	2754
abstract_medium	test_QASMBench_medium[ghz_state_n23-all-to-all]	iter_4	0.010288444831967353	0.009731087453880356	22	22	137	137	70	70
abstract_medium	test_QASMBench_medium[ghz_state_n23-square]	iter_4	0.007970504447451381	0.007642480702354358	22	22	137	137	70	70
abstract_medium	test_QASMBench_medium[ghz_state_n23-heavy-hex]	iter_4	0.008682471263197671	0.00853093431777313	22	22	137	137	70	70
abstract_medium	test_QASMBench_medium[ghz_state_n23-linear]	iter_4	0.004352319790493875	0.004236598178110224	22	22	137	137	70	70
abstract_medium	test_QASMBench_medium[ising_n26-all-to-all]	iter_4	0.01290019693593663	0.011176747634359028	50	50	282	282	21	21
abstract_medium	test_QASMBench_medium[ising_n26-square]	iter_4	0.011005723032723652	0.009732005836547545	50	50	279	279	21	21
abstract_medium	test_QASMBench_medium[ising_n26-heavy-hex]	iter_4	0.0107160814843335	0.009495139820501208	50	50	285	285	22	22
abstract_medium	test_QASMBench_medium[ising_n26-linear]	iter_4	0.006185745170928146	0.0051750410840940226	50	50	286	286	21	21
abstract_medium	test_QASMBench_medium[knn_n25-all-to-all]	iter_4	0.012222676188685	0.0117250377065446	84	84	425	425	226	227
abstract_medium	test_QASMBench_medium[knn_n25-square]	iter_4	0.00938693048812232	0.009229888669350773	155	155	536	536	372	372
abstract_medium	test_QASMBench_medium[knn_n25-heavy-hex]	iter_4	0.020165900878132657	0.019747177759806316	209	209	703	703	531	531
abstract_medium	test_QASMBench_medium[knn_n25-linear]	iter_4	0.00931354737595508	0.009147408716742274	134	134	585	585	374	374
abstract_medium	test_QASMBench_medium[multiplier_n15-all-to-all]	iter_4	0.015404402440975584	0.014565835357643664	222	222	827	827	494	494
abstract_medium	test_QASMBench_medium[multiplier_n15-square]	iter_4	0.01245379813015461	0.012225802324406088	390	390	1345	1345	750	750
abstract_medium	test_QASMBench_medium[multiplier_n15-heavy-hex]	iter_4	0.012582970587046523	0.012537387875865584	427	427	1481	1481	840	840
abstract_medium	test_QASMBench_medium[multiplier_n15-linear]	iter_4	0.01291671392818292	0.012482391018420459	482	482	1635	1635	818	818
abstract_medium	test_QASMBench_medium[multiply_n13-all-to-all]	iter_4	0.009775499234328399	0.009407300941364945	40	40	174	174	99	99
abstract_medium	test_QASMBench_medium[multiply_n13-square]	iter_4	0.006593148682766886	0.006486215973346252	59	59	255	255	139	139
abstract_medium	test_QASMBench_medium[multiply_n13-heavy-hex]	iter_4	0.006732781988879045	0.0066354665411821265	79	79	305	305	200	200
abstract_medium	test_QASMBench_medium[multiply_n13-linear]	iter_4	0.006531960641344388	0.0063571648357750535	101	101	328	328	205	205
abstract_medium	test_QASMBench_medium[qec9xz_n17-all-to-all]	iter_4	0.008828746677752127	0.008569033743697219	32	32	133	133	28	28
abstract_medium	test_QASMBench_medium[qec9xz_n17-square]	iter_4	0.006936424634361689	0.006845752092993865	68	68	241	241	77	77
abstract_medium	test_QASMBench_medium[qec9xz_n17-heavy-hex]	iter_4	0.005922577137540201	0.00587274544175316	100	100	323	323	132	132
abstract_medium	test_QASMBench_medium[qec9xz_n17-linear]	iter_4	0.006243832454264882	0.006149494854656801	133	133	440	440	122	122
abstract_medium	test_QASMBench_medium[qf21_n15-all-to-all]	iter_4	0.012189647159826608	0.0116437800009461	115	115	501	501	386	386
abstract_medium	test_QASMBench_medium[qf21_n15-square]	iter_4	0.008988252806442755	0.00890438004650853	196	196	787	787	582	582
abstract_medium	test_QASMBench_medium[qf21_n15-heavy-hex]	iter_4	0.010668553970754146	0.009241823994806993	227	227	892	892	714	714
abstract_medium	test_QASMBench_medium[qf21_n15-linear]	iter_4	0.010785695405737046	0.009366181272181492	270	270	1045	1045	803	803
abstract_medium	test_QASMBench_medium[qft_n18-all-to-all]	iter_4	0.019673865653720556	0.017899324414583872	294	294	1000	1000	243	243
abstract_medium	test_QASMBench_medium[qft_n18-square]	iter_4	0.016431105960356563	0.014161360046979207	526	526	1810	1810	669	669
abstract_medium	test_QASMBench_medium[qft_n18-heavy-hex]	iter_4	0.01637796900267231	0.014086878440086392	576	576	2073	2073	789	789
abstract_medium	test_QASMBench_medium[qft_n18-linear]	iter_4	0.015562136554055743	0.01329698602426542	501	501	2111	2111	499	499
abstract_medium	test_QASMBench_medium[qram_n20-all-to-all]	iter_4	0.01332462623610463	0.012750876446564993	130	130	541	541	299	299
abstract_medium	test_QASMBench_medium[qram_n20-square]	iter_4	0.011811541149481422	0.010425844874519568	224	224	837	837	438	438
abstract_medium	test_QASMBench_medium[qram_n20-heavy-hex]	iter_4	0.012269185641064094	0.012225905527608305	308	308	990	990	568	568
abstract_medium	test_QASMBench_medium[qram_n20-linear]	iter_4	0.011177582753931775	0.011018048308190259	374	374	1291	1291	705	705
abstract_medium	test_QASMBench_medium[sat_n11-all-to-all]	iter_4	0.013196204219841294	0.012445683727661768	252	252	1037	1037	869	869
abstract_medium	test_QASMBench_medium[sat_n11-square]	iter_4	0.012370387168779765	0.01245193447095233	408	408	1405	1405	1074	1074
abstract_medium	test_QASMBench_medium[sat_n11-heavy-hex]	iter_4	0.012943206480830102	0.012786421577135722	457	457	1526	1526	1205	1205
abstract_medium	test_QASMBench_medium[sat_n11-linear]	iter_4	0.013025280684232712	0.012990456854773534	528	528	1846	1846	1320	1320
abstract_medium	test_QASMBench_medium[seca_n11-all-to-all]	iter_4	0.00949971802016296	0.009340647572897515	80	80	322	322	154	154
abstract_medium	test_QASMBench_medium[seca_n11-square]	iter_4	0.008866628833316468	0.0078353719722669	119	119	447	447	258	258
abstract_medium	test_QASMBench_medium[seca_n11-heavy-hex]	iter_4	0.007863247767090797	0.007964350722306142	124	124	453	453	218	218
abstract_medium	test_QASMBench_medium[seca_n11-linear]	iter_4	0.007774475947022438	0.007811999554193117	130	130	472	472	240	240
abstract_medium	test_QASMBench_medium[square_root_n18-all-to-all]	iter_4	0.027285461520983115	0.026663969684806135	898	898	3549	3549	2607	2607
abstract_medium	test_QASMBench_medium[square_root_n18-square]	iter_4	0.034027004999847246	0.033428830965872736	1925	1925	6343	6343	4173	4173
abstract_medium	test_QASMBench_medium[square_root_n18-heavy-hex]	iter_4	0.03504178240629179	0.0341323510711563	2235	2235	7287	7287	4994	4994
abstract_medium	test_QASMBench_medium[square_root_n18-linear]	iter_4	0.038015042001811356	0.03723483794817218	2699	2699	8734	8734	5814	5814
abstract_medium	test_QASMBench_medium[swap_test_n25-all-to-all]	iter_4	0.01217485754750669	0.01194315872810505	84	84	474	474	228	229
abstract_medium	test_QASMBench_medium[swap_test_n25-square]	iter_4	0.009361673791248065	0.009397625426451365	155	155	584	584	372	372
abstract_medium	test_QASMBench_medium[swap_test_n25-heavy-hex]	iter_4	0.02000078384061249	0.019944833262878305	209	209	753	753	533	533
abstract_medium	test_QASMBench_medium[swap_test_n25-linear]	iter_4	0.00922452719933396	0.00930813404128832	134	134	615	615	376	376
abstract_medium	test_QASMBench_medium[wstate_n27-all-to-all]	iter_4	0.01230654208920896	0.011779489938491657	52	52	335	335	127	127
abstract_medium	test_QASMBench_medium[wstate_n27-square]	iter_4	0.00930850999429822	0.009400554191045187	52	52	330	330	126	126
abstract_medium	test_QASMBench_medium[wstate_n27-heavy-hex]	iter_4	0.00941842534350899	0.009434600964326549	52	52	332	332	127	127
abstract_medium	test_QASMBench_medium[wstate_n27-linear]	iter_4	0.005365545569031045	0.005466654687450173	52	52	333	333	126	126
abstract_large	test_QASMBench_large[100-all-to-all]	iter_4	0.5484034009277821	0.5178227834403515	14835	14835	94559	94559	1412	1412
abstract_large	test_QASMBench_large[100-square]	iter_4	1.3039300702512264	1.130191070958972	67890	67890	233936	233936	28922	28922
abstract_large	test_QASMBench_large[100-heavy-hex]	iter_4	1.6206778790801764	1.3683019317686558	97404	97404	311217	311217	30286	30286
abstract_large	test_QASMBench_large[100-linear]	iter_4	5.747309118509293	4.309458030387759	347676	347676	936925	936925	58327	58327
abstract_large	test_QASMBench_large[32-all-to-all]	iter_4	0.06283054931554943	0.06028403888922185	1488	1488	9617	9617	454	454
abstract_large	test_QASMBench_large[32-square]	iter_4	0.08680195640772581	0.07474006419735295	3633	3633	15532	15532	3235	3235
abstract_large	test_QASMBench_large[32-heavy-hex]	iter_4	0.10080279726535082	0.0859319433908571	4959	4959	18939	18939	3139	3139
abstract_large	test_QASMBench_large[32-linear]	iter_4	0.14382651368422167	0.11829979365898503	9870	9870	31262	31262	4746	4746
abstract_large	test_QASMBench_large[adder_n118-all-to-all]	iter_4	0.08417666299889486	0.08100401594613989	845	845	3259	3259	1128	1128
abstract_large	test_QASMBench_large[adder_n118-square]	iter_4	0.07146188896149397	0.06963158460954826	1660	1660	5745	5745	1982	1982
abstract_large	test_QASMBench_large[adder_n118-heavy-hex]	iter_4	0.05135445296764374	0.04959326654317833	2313	2313	7466	7466	2873	2873
abstract_large	test_QASMBench_large[adder_n118-linear]	iter_4	0.04360369268966758	0.04372637362583824	1579	1579	5597	5597	2246	2246
abstract_large	test_QASMBench_large[adder_n28-all-to-all]	iter_4	0.018084835364586778	0.01705385163297941	195	195	747	747	355	355
abstract_large	test_QASMBench_large[adder_n28-square]	iter_4	0.013704691374940531	0.013548303972667371	319	319	1134	1134	551	551
abstract_large	test_QASMBench_large[adder_n28-heavy-hex]	iter_4	0.015098924562335015	0.014951130347044178	365	365	1273	1273	741	741
abstract_large	test_QASMBench_large[adder_n28-linear]	iter_4	0.012043571288261232	0.012002231529913842	294	294	1116	1116	533	533
abstract_large	test_QASMBench_large[adder_n433-all-to-all]	iter_4	1.5662189461290836	1.5455541331321	3120	3120	12202	12202	3900	3900
abstract_large	test_QASMBench_large[adder_n433-square]	iter_4	0.24914457835257053	0.2476861819624901	7270	7270	24455	24455	7719	7719
abstract_large	test_QASMBench_large[adder_n433-heavy-hex]	iter_4	0.2395869441330433	0.2347155947238207	11546	11546	36146	36146	12925	12925
abstract_large	test_QASMBench_large[adder_n433-linear]	iter_4	2.032814996317029	2.0062228590250015	16602	16602	49359	49359	19660	19660
abstract_large	test_QASMBench_large[adder_n64-all-to-all]	iter_4	0.03751949076023367	0.03509253276319339	455	455	1763	1763	674	674
abstract_large	test_QASMBench_large[adder_n64-square]	iter_4	0.02677905298769474	0.026367043874956465	843	843	2995	2995	1273	1273
abstract_large	test_QASMBench_large[adder_n64-heavy-hex]	iter_4	0.029666570563088444	0.029059355914154473	1003	1003	3475	3475	1539	1539
abstract_large	test_QASMBench_large[adder_n64-linear]	iter_4	0.022647695361890575	0.02191432634758395	691	691	2638	2638	1030	1030
abstract_large	test_QASMBench_large[bv_n140-all-to-all]	iter_4	0.329888760112226	0.35081903884808224	72	72	1071	1071	118	118
abstract_large	test_QASMBench_large[bv_n140-square]	iter_4	0.038615625351667404	0.03683067352644035	362	362	2009	2009	887	887
abstract_large	test_QASMBench_large[bv_n140-heavy-hex]	iter_4	0.052252719963067455	0.050571299623697996	513	513	2378	2378	1068	1068
abstract_large	test_QASMBench_large[bv_n140-linear]	iter_4	0.023144281469285488	0.02314397735013203	359	359	2437	2437	1116	1116
abstract_large	test_QASMBench_large[bv_n280-all-to-all]	iter_4	1.592155184596777	1.7949610389769077	152	152	2190	2190	219	219
abstract_large	test_QASMBench_large[bv_n280-square]	iter_4	0.056860936909086175	0.05630718461341328	930	930	4757	4757	2113	2113
abstract_large	test_QASMBench_large[bv_n280-heavy-hex]	iter_4	0.06824988884230455	0.06602758057415485	1507	1507	6257	6257	2991	2991
abstract_large	test_QASMBench_large[bv_n280-linear]	iter_4	0.054431219340155	0.05378687636632668	824	824	5350	5350	2471	2471
abstract_large	test_QASMBench_large[bv_n30-all-to-all]	iter_4	0.017036633478710428	0.016229044560056468	18	18	239	239	36	36
abstract_large	test_QASMBench_large[bv_n30-square]	iter_4	0.02353794439587482	0.02320637857151586	46	46	317	317	121	121
abstract_large	test_QASMBench_large[bv_n30-heavy-hex]	iter_4	0.00891129443929954	0.008761091965489683	75	75	369	369	165	165
abstract_large	test_QASMBench_large[bv_n30-linear]	iter_4	0.006391734624935302	0.006338911747951416	62	62	472	472	206	206
abstract_large	test_QASMBench_large[bv_n70-all-to-all]	iter_4	0.07119536186967577	0.06992711153413568	36	36	523	523	65	65
abstract_large	test_QASMBench_large[bv_n70-square]	iter_4	0.03130878931419416	0.030926479084882885	137	137	816	816	279	279
abstract_large	test_QASMBench_large[bv_n70-heavy-hex]	iter_4	0.03197582415305078	0.031885237782262266	164	164	910	910	411	411
abstract_large	test_QASMBench_large[bv_n70-linear]	iter_4	0.010851482395082712	0.010828933509236032	151	151	1105	1105	480	480
abstract_large	test_QASMBench_large[bwt_n37-all-to-all]	iter_4	15.002640165388584	14.559864213690162	604400	604400	2366497	2366497	1615901	1615901
abstract_large	test_QASMBench_large[bwt_n37-square]	iter_4	33.14631459116936	30.650478407740593	1537497	1537497	4937888	4937888	2956627	2956627
abstract_large	test_QASMBench_large[bwt_n37-heavy-hex]	iter_4	40.17011302895844	38.251416362822056	2026813	2026813	6143358	6143358	3631059	3631059
abstract_large	test_QASMBench_large[bwt_n37-linear]	iter_4	54.805564088746905	50.73348046094179	3279186	3279186	9318702	9318702	5220790	5220790
abstract_large	test_QASMBench_large[cat_n130-all-to-all]	iter_4	0.07914087677804324	0.07821049469594772	129	129	779	779	391	391
abstract_large	test_QASMBench_large[cat_n130-square]	iter_4	0.014248865875689423	0.013939393461862607	129	129	779	779	391	391
abstract_large	test_QASMBench_large[cat_n130-heavy-hex]	iter_4	0.024390357280416147	0.022939575229619823	129	129	779	779	391	391
abstract_large	test_QASMBench_large[cat_n130-linear]	iter_4	0.01046976921045118	0.010395067373430857	129	129	779	779	391	391
abstract_large	test_QASMBench_large[cat_n260-all-to-all]	iter_4	0.29636651277542114	0.29354657558724284	259	259	1559	1559	781	781
abstract_large	test_QASMBench_large[cat_n260-square]	iter_4	0.02289601614360105	0.022519648335007733	259	259	1559	1559	781	781
abstract_large	test_QASMBench_large[cat_n260-heavy-hex]	iter_4	6.923213420435786	6.628077147528529	3001	3001	8395	8395	5402	5402
abstract_large	test_QASMBench_large[cat_n260-linear]	iter_4	0.016169159362713497	0.015981856236855187	259	259	1559	1559	781	781
abstract_large	test_QASMBench_large[cat_n35-all-to-all]	iter_4	0.015440610751732071	0.014285693024950369	34	34	209	209	106	106
abstract_large	test_QASMBench_large[cat_n35-square]	iter_4	0.008149161117902974	0.008149800905292588	34	34	209	209	106	106
abstract_large	test_QASMBench_large[cat_n35-heavy-hex]	iter_4	0.009305294237232633	0.009338076280143399	34	34	209	209	106	106
abstract_large	test_QASMBench_large[cat_n35-linear]	iter_4	0.00495262765165033	0.0049899515159969226	34	34	209	209	106	106
abstract_large	test_QASMBench_large[cat_n65-all-to-all]	iter_4	0.02768220431688759	0.02610689124617821	64	64	389	389	196	196
abstract_large	test_QASMBench_large[cat_n65-square]	iter_4	0.012118430038293203	0.012061144039034844	64	64	389	389	196	196
abstract_large	test_QASMBench_large[cat_n65-heavy-hex]	iter_4	0.01376761767702798	0.01362473267529692	64	64	389	389	196	196
abstract_large	test_QASMBench_large[cat_n65-linear]	iter_4	0.006627081261648165	0.006599007830233641	64	64	389	389	196	196
abstract_large	test_QASMBench_large[cc_n151-all-to-all]	iter_4	1.274742715060711	1.2446899842470884	150	150	917	917	462	462
abstract_large	test_QASMBench_large[cc_n151-square]	iter_4	1.4434901382774115	1.4947227872908115	740	740	2902	2902	2122	2122
abstract_large	test_QASMBench_large[cc_n151-heavy-hex]	iter_4	1.4880411680787802	1.4143325965851545	1341	1341	4447	4447	3149	3149
abstract_large	test_QASMBench_large[cc_n151-linear]	iter_4	1.5493846777826548	1.4337017480283976	338	338	1962	1962	1365	1365
abstract_large	test_QASMBench_large[cc_n301-all-to-all]	iter_4	4.994281806051731	4.945253590121865	300	300	1817	1817	912	912
abstract_large	test_QASMBench_large[cc_n301-square]	iter_4	5.5194262489676476	5.476140977814794	1682	1682	6515	6515	4485	4485
abstract_large	test_QASMBench_large[cc_n301-heavy-hex]	iter_4	5.502006871625781	5.750455340370536	3564	3564	11881	11881	7982	7982
abstract_large	test_QASMBench_large[cc_n301-linear]	iter_4	5.467822602018714	5.536912601441145	665	665	3853	3853	2689	2689
abstract_large	test_QASMBench_large[cc_n32-all-to-all]	iter_4	0.11248491946607828	0.09782440029084682	31	31	201	201	105	105
abstract_large	test_QASMBench_large[cc_n32-square]	iter_4	0.11454124352894723	0.11539127822551462	96	96	391	391	287	287
abstract_large	test_QASMBench_large[cc_n32-heavy-hex]	iter_4	0.12290688790380955	0.13609229628410605	146	146	504	504	393	393
abstract_large	test_QASMBench_large[cc_n32-linear]	iter_4	0.11435424246721798	0.11430257395841181	64	64	367	367	259	259
abstract_large	test_QASMBench_large[cc_n64-all-to-all]	iter_4	0.2751101623289287	0.29006913490593433	63	63	393	393	201	201
abstract_large	test_QASMBench_large[cc_n64-square]	iter_4	0.34523052101333934	0.33898765159149963	227	227	966	966	698	698
abstract_large	test_QASMBench_large[cc_n64-heavy-hex]	iter_4	0.38595179716746014	0.34304337327678996	416	416	1467	1467	1102	1102
abstract_large	test_QASMBench_large[cc_n64-linear]	iter_4	0.34589286148548126	0.3702707067131996	131	131	792	792	550	550
abstract_large	test_QASMBench_large[dnn_n33-all-to-all]	iter_4	0.03371758793515188	0.031299193807203196	172	172	916	916	312	312
abstract_large	test_QASMBench_large[dnn_n33-square]	iter_4	0.03233744516488044	0.029685838264413178	292	292	1210	1210	454	454
abstract_large	test_QASMBench_large[dnn_n33-heavy-hex]	iter_4	0.036640363944960494	0.033637599150339766	382	382	1463	1463	646	646
abstract_large	test_QASMBench_large[dnn_n33-linear]	iter_4	0.033032011601232716	0.0302073287722819	352	352	1496	1496	567	567
abstract_large	test_QASMBench_large[dnn_n51-all-to-all]	iter_4	0.053826586343348026	0.04891147349207174	271	271	1469	1469	466	466
abstract_large	test_QASMBench_large[dnn_n51-square]	iter_4	0.06282832495429937	0.05858349924286207	579	579	2277	2277	854	854
abstract_large	test_QASMBench_large[dnn_n51-heavy-hex]	iter_4	0.05004922282837686	0.04604761675000191	756	756	2801	2801	1058	1058
abstract_large	test_QASMBench_large[dnn_n51-linear]	iter_4	0.048040504700371196	0.04444441255991873	571	571	2405	2405	920	920
abstract_large	test_QASMBench_large[ghz_n127-all-to-all]	iter_4	0.07102694788149425	0.06762080527842045	126	126	761	761	382	382
abstract_large	test_QASMBench_large[ghz_n127-square]	iter_4	0.014526513512017296	0.014227606467346646	126	126	761	761	382	382
abstract_large	test_QASMBench_large[ghz_n127-heavy-hex]	iter_4	0.024344826879149132	0.02299045021759301	126	126	761	761	382	382
abstract_large	test_QASMBench_large[ghz_n127-linear]	iter_4	0.010487679565368696	0.010303824919686523	126	126	761	761	382	382
abstract_large	test_QASMBench_large[ghz_state_n255-all-to-all]	iter_4	0.2903442685492337	0.2838310347869992	254	254	1529	1529	766	766
abstract_large	test_QASMBench_large[ghz_state_n255-square]	iter_4	0.1265821021515876	0.12488303729332983	254	254	1529	1529	766	766
abstract_large	test_QASMBench_large[ghz_state_n255-heavy-hex]	iter_4	6.915630932897329	6.4957820773124695	2879	2879	8050	8050	5168	5168
abstract_large	test_QASMBench_large[ghz_state_n255-linear]	iter_4	0.015893354156955343	0.015782645430232656	254	254	1529	1529	766	766
abstract_large	test_QASMBench_large[ghz_n40-all-to-all]	iter_4	0.016950236144857328	0.015957136157779925	39	39	239	239	121	121
abstract_large	test_QASMBench_large[ghz_n40-square]	iter_4	0.009811478108167649	0.009614296694647292	39	39	239	239	121	121
abstract_large	test_QASMBench_large[ghz_n40-heavy-hex]	iter_4	0.009580272200860475	0.009569414891302586	39	39	239	239	121	121
abstract_large	test_QASMBench_large[ghz_n40-linear]	iter_4	0.00518458582417563	0.005225806927947856	39	39	239	239	121	121
abstract_large	test_QASMBench_large[ghz_n78-all-to-all]	iter_4	0.03377427989295844	0.03163360268808901	77	77	467	467	235	235
abstract_large	test_QASMBench_large[ghz_n78-square]	iter_4	0.01045455282760991	0.010429047606885433	77	77	467	467	235	235
abstract_large	test_QASMBench_large[ghz_n78-heavy-hex]	iter_4	0.014266539474620539	0.014119697681495121	77	77	467	467	235	235
abstract_large	test_QASMBench_large[ghz_n78-linear]	iter_4	0.007647809758782387	0.007593581137517767	77	77	467	467	235	235
abstract_large	test_QASMBench_large[ising_n34-all-to-all]	iter_4	0.015756986302430512	0.013709249805558371	66	66	377	377	22	22
abstract_large	test_QASMBench_large[ising_n34-square]	iter_4	0.010241687912097636	0.009215825201513676	66	66	370	370	21	21
abstract_large	test_QASMBench_large[ising_n34-heavy-hex]	iter_4	0.011434605147908715	0.010259064944817665	66	66	375	375	22	22
abstract_large	test_QASMBench_large[ising_n34-linear]	iter_4	0.00685967952834771	0.005945664951029946	66	66	380	380	21	21
abstract_large	test_QASMBench_large[ising_n42-all-to-all]	iter_4	0.019229415123565838	0.017274537091625148	82	82	468	468	22	22
abstract_large	test_QASMBench_large[ising_n42-square]	iter_4	0.01162722846493125	0.010694534577270771	82	82	474	474	22	22
abstract_large	test_QASMBench_large[ising_n42-heavy-hex]	iter_4	0.011745439332333348	0.010783014231887848	82	82	466	466	22	22
abstract_large	test_QASMBench_large[ising_n42-linear]	iter_4	0.007511789247280721	0.00650391198694706	82	82	474	474	22	22
abstract_large	test_QASMBench_large[ising_n420-all-to-all]	iter_4	1.3766482900828123	1.292955569922924	838	838	4794	4794	23	23
abstract_large	test_QASMBench_large[ising_n420-square]	iter_4	0.04251612164080143	0.03780124633124581	838	838	4749	4749	22	22
abstract_large	test_QASMBench_large[ising_n420-heavy-hex]	iter_4	0.05543292882955737	0.0506585824879862	838	838	4782	4782	23	23
abstract_large	test_QASMBench_large[ising_n420-linear]	iter_4	0.03621347468080265	0.03172296826960519	838	838	4760	4760	23	23
abstract_large	test_QASMBench_large[ising_n66-all-to-all]	iter_4	0.029620981859889896	0.02638763576549919	130	130	740	740	22	22
abstract_large	test_QASMBench_large[ising_n66-square]	iter_4	0.015204420915016762	0.0138210894782906	130	130	750	750	23	23
abstract_large	test_QASMBench_large[ising_n66-heavy-hex]	iter_4	0.016996760444160094	0.015693765606672044	130	130	755	755	23	23
abstract_large	test_QASMBench_large[ising_n66-linear]	iter_4	0.009994002268174472	0.008824691750875142	130	130	744	744	22	22
abstract_large	test_QASMBench_large[ising_n98-all-to-all]	iter_4	0.04835885437205434	0.04504710994660854	194	194	1113	1113	22	22
abstract_large	test_QASMBench_large[ising_n98-square]	iter_4	0.015433186403242871	0.01377933203954907	194	194	1100	1100	22	22
abstract_large	test_QASMBench_large[ising_n98-heavy-hex]	iter_4	2.881503961980343	2.8196752592921257	590	590	2107	2107	120	120
abstract_large	test_QASMBench_large[ising_n98-linear]	iter_4	0.013282389406647001	0.011928656628649486	194	194	1118	1118	23	23
abstract_large	test_QASMBench_large[knn_129-all-to-all]	iter_4	0.0850349812147518	0.08326876660188039	448	448	2093	2093	1092	1092
abstract_large	test_QASMBench_large[knn_129-square]	iter_4	0.06546735076699406	0.06457620207220316	1307	1307	4299	4299	2506	2506
abstract_large	test_QASMBench_large[knn_129-heavy-hex]	iter_4	0.06587667129933834	0.06579021888319403	1651	1651	5167	5167	3195	3195
abstract_large	test_QASMBench_large[knn_129-linear]	iter_4	0.04499290187073791	0.040554511323571206	831	831	3213	3213	2197	2197
abstract_large	test_QASMBench_large[knn_n31-all-to-all]	iter_4	0.01429045289181746	0.013719712254694767	105	105	497	497	272	272
abstract_large	test_QASMBench_large[knn_n31-square]	iter_4	0.012083164160139858	0.012080718495257914	210	210	738	738	496	496
abstract_large	test_QASMBench_large[knn_n31-heavy-hex]	iter_4	0.019064226279071735	0.018759479228821065	269	269	830	830	621	621
abstract_large	test_QASMBench_large[knn_n31-linear]	iter_4	0.010341721329283207	0.010357341174274049	171	171	744	744	479	479
abstract_large	test_QASMBench_large[knn_341-all-to-all]	iter_4	0.6676089251413941	0.6705121761187911	1190	1190	5700	5700	2988	2988
abstract_large	test_QASMBench_large[knn_341-square]	iter_4	0.19070988334715366	0.17863495958348116	3495	3495	11367	11367	6591	6591
abstract_large	test_QASMBench_large[knn_341-heavy-hex]	iter_4	0.17317507974803448	0.17008846315244833	5343	5343	16076	16076	9319	9319
abstract_large	test_QASMBench_large[knn_341-linear]	iter_4	1.7380571700632572	1.7442372497171164	3615	3615	12102	12102	7747	7747
abstract_large	test_QASMBench_large[knn_n41-all-to-all]	iter_4	0.01948823679238558	0.018441398377315357	140	140	679	679	357	357
abstract_large	test_QASMBench_large[knn_n41-square]	iter_4	0.02510659545660019	0.023257661653174597	291	291	1066	1066	642	642
abstract_large	test_QASMBench_large[knn_n41-heavy-hex]	iter_4	0.017108739000456088	0.016806032881140708	372	372	1258	1258	913	913
abstract_large	test_QASMBench_large[knn_n41-linear]	iter_4	0.01262085578453384	0.012501462479121983	228	228	1004	1004	620	620
abstract_large	test_QASMBench_large[knn_n67-all-to-all]	iter_4	0.03159179997940858	0.03027497831499204	231	231	1100	1100	584	584
abstract_large	test_QASMBench_large[knn_n67-square]	iter_4	0.043128186371177435	0.0405070023983717	578	578	1954	1954	1219	1219
abstract_large	test_QASMBench_large[knn_n67-heavy-hex]	iter_4	0.02903627500157146	0.0284285379839795	710	710	2253	2253	1532	1532
abstract_large	test_QASMBench_large[knn_n67-linear]	iter_4	0.01857467099196381	0.018607808277010918	393	393	1653	1653	1052	1052
abstract_large	test_QASMBench_large[multiplier_n350-all-to-all]	iter_4	3.7560686226934195	3.674489662051201	145880	145880	544035	544035	288935	288935
abstract_large	test_QASMBench_large[multiplier_n350-square]	iter_4	8.376747334375978	7.925651226192713	431215	431215	1298083	1298083	557166	557166
abstract_large	test_QASMBench_large[multiplier_n350-heavy-hex]	iter_4	10.6068712528795	9.840754237025976	585014	585014	1712121	1712121	694850	694850
abstract_large	test_QASMBench_large[multiplier_n350-linear]	iter_4	16.500463608652353	12.747586401179433	1029644	1029644	2822330	2822330	918533	918533
abstract_large	test_QASMBench_large[multiplier_n400-all-to-all]	iter_4	5.388731669634581	5.220057245343924	190720	190720	708082	708082	376823	376823
abstract_large	test_QASMBench_large[multiplier_n400-square]	iter_4	11.51834238320589	10.595934784039855	567778	567778	1719997	1719997	738395	738395
abstract_large	test_QASMBench_large[multiplier_n400-heavy-hex]	iter_4	14.117599088698626	12.904438946396112	761398	761398	2240544	2240544	900192	900192
abstract_large	test_QASMBench_large[multiplier_n400-linear]	iter_4	21.40604787133634	16.729746727272868	1357932	1357932	3739412	3739412	1211862	1211862
abstract_large	test_QASMBench_large[multiplier_n45-all-to-all]	iter_4	0.06071648467332125	0.05818835503476508	2286	2286	8341	8341	4516	4516
abstract_large	test_QASMBench_large[multiplier_n45-square]	iter_4	0.08159935144850841	0.07855005146792302	5050	5050	16533	16533	7982	7982
abstract_large	test_QASMBench_large[multiplier_n45-heavy-hex]	iter_4	0.0847180134927233	0.08179449762862462	5995	5995	18756	18756	9285	9285
abstract_large	test_QASMBench_large[multiplier_n45-linear]	iter_4	0.09719741027802228	0.09451878909021616	7648	7648	23561	23561	9992	9992
abstract_large	test_QASMBench_large[multiplier_n75-all-to-all]	iter_4	0.14760004808860167	0.14315217547118664	6510	6510	24289	24289	13020	13020
abstract_large	test_QASMBench_large[multiplier_n75-square]	iter_4	0.25954845966771245	0.22076563946902752	15790	15790	49622	49622	24130	24130
abstract_large	test_QASMBench_large[multiplier_n75-heavy-hex]	iter_4	0.2889416040852666	0.24643660429865122	18967	18967	58790	58790	27105	27105
abstract_large	test_QASMBench_large[multiplier_n75-linear]	iter_4	0.29613804491236806	0.28186464309692383	27110	27110	79555	79555	31414	31414
abstract_large	test_QASMBench_large[qft_n160-all-to-all]	iter_4	0.27411657804623246	0.2784577268175781	4270	4270	14867	14867	2360	2360
abstract_large	test_QASMBench_large[qft_n160-square]	iter_4	0.26986539270728827	0.23118914254009723	12992	12992	41385	41385	9578	9578
abstract_large	test_QASMBench_large[qft_n160-heavy-hex]	iter_4	0.26712412340566516	0.22505043782293796	14606	14606	50519	50519	7653	7653
abstract_large	test_QASMBench_large[qft_n160-linear]	iter_4	0.506199274212122	0.40727266979714233	47880	47880	132973	132973	23928	23928
abstract_large	test_QASMBench_large[qft_n29-all-to-all]	iter_4	0.031650782232323	0.02825025064604623	602	602	2106	2106	408	408
abstract_large	test_QASMBench_large[qft_n29-square]	iter_4	0.030685049830935895	0.02634644724831388	1259	1259	4228	4228	1176	1176
abstract_large	test_QASMBench_large[qft_n29-heavy-hex]	iter_4	0.03478333257652562	0.02979883283842355	1311	1311	5266	5266	908	908
abstract_large	test_QASMBench_large[qft_n29-linear]	iter_4	0.030525121081154794	0.026951177045702934	1339	1339	5193	5193	935	935
abstract_large	test_QASMBench_large[qft_n320-all-to-all]	iter_4	0.9515914199873805	0.9344439478591084	8750	8750	30201	30201	4730	4730
abstract_large	test_QASMBench_large[qft_n320-square]	iter_4	0.6053786659613252	0.5228675296530128	29324	29324	93764	93764	20750	20750
abstract_large	test_QASMBench_large[qft_n320-heavy-hex]	iter_4	0.6661977022886276	0.5834943177178502	40100	40100	123889	123889	19345	19345
abstract_large	test_QASMBench_large[qft_n320-linear]	iter_4	2.1123877074569464	1.7546872813254595	181247	181247	487563	487563	111921	111921
abstract_large	test_QASMBench_large[qft_n63-all-to-all]	iter_4	0.07148507995797056	0.06543457893033823	1554	1554	5310	5310	905	905
abstract_large	test_QASMBench_large[qft_n63-square]	iter_4	0.07619823542024408	0.06824590675532818	4015	4015	12877	12877	3611	3611
abstract_large	test_QASMBench_large[qft_n63-heavy-hex]	iter_4	0.09775427784770727	0.08830805510903399	4240	4240	15519	15519	2635	2635
abstract_large	test_QASMBench_large[qft_n63-linear]	iter_4	0.10392217487096786	0.09018485543007652	8052	8052	24971	24971	3231	3231
abstract_large	test_QASMBench_large[qugan_n111-all-to-all]	iter_4	0.16626890220989785	0.16171569346139827	601	601	3246	3246	979	979
abstract_large	test_QASMBench_large[qugan_n111-square]	iter_4	0.1510375945695809	0.14416466786393098	1609	1609	6105	6105	2011	2011
abstract_large	test_QASMBench_large[qugan_n111-heavy-hex]	iter_4	0.1489873073462929	0.14098075378154004	2015	2015	7147	7147	2610	2610
abstract_large	test_QASMBench_large[qugan_n111-linear]	iter_4	0.14089187128203257	0.13435495481826365	1253	1253	5250	5250	1827	1827
abstract_large	test_QASMBench_large[qugan_n39-all-to-all]	iter_4	0.05519355010045202	0.05396102584506336	205	205	1112	1112	355	355
abstract_large	test_QASMBench_large[qugan_n39-square]	iter_4	0.05849892180413008	0.05533077930541415	405	405	1671	1671	704	704
abstract_large	test_QASMBench_large[qugan_n39-heavy-hex]	iter_4	0.05367490659026723	0.05287373860023523	516	516	1944	1944	821	821
abstract_large	test_QASMBench_large[qugan_n39-linear]	iter_4	0.05324172150147589	0.050561032816767694	435	435	1818	1818	696	696
abstract_large	test_QASMBench_large[qugan_n395-all-to-all]	iter_4	1.4683970976620913	1.4573773611336946	2163	2163	11674	11674	3454	3454
abstract_large	test_QASMBench_large[qugan_n395-square]	iter_4	0.5904089342802763	0.5589506207033992	7593	7593	26644	26644	7886	7886
abstract_large	test_QASMBench_large[qugan_n395-heavy-hex]	iter_4	0.5855891443789005	0.5483974851667881	11806	11806	37583	37583	10009	10009
abstract_large	test_QASMBench_large[qugan_n395-linear]	iter_4	2.0867634527385235	2.051771055907011	9144	9144	30569	30569	9598	9598
abstract_large	test_QASMBench_large[qugan_n71-all-to-all]	iter_4	0.10312277730554342	0.10012779887765647	381	381	2070	2070	646	646
abstract_large	test_QASMBench_large[qugan_n71-square]	iter_4	0.09688426469537345	0.09205892360345884	930	930	3662	3662	1270	1270
abstract_large	test_QASMBench_large[qugan_n71-heavy-hex]	iter_4	0.09895900208503008	0.09386327049948952	1162	1162	4263	4263	1446	1446
abstract_large	test_QASMBench_large[qugan_n71-linear]	iter_4	0.09273508224974979	0.08906183283155163	797	797	3348	3348	1157	1157
abstract_large	test_QASMBench_large[square_root_n45-all-to-all]	iter_4	0.9553637551143765	0.9435272309929132	54151	54151	212867	212867	148771	148771
abstract_large	test_QASMBench_large[square_root_n45-square]	iter_4	2.758083987981081	2.324173854663968	168177	168177	529450	529450	305108	305108
abstract_large	test_QASMBench_large[square_root_n45-heavy-hex]	iter_4	3.0188631620258093	2.6959353908896446	220459	220459	655187	655187	380393	380393
abstract_large	test_QASMBench_large[square_root_n45-linear]	iter_4	3.711150413379073	3.5270491745322943	296286	296286	864219	864219	488429	488429
abstract_large	test_QASMBench_large[square_root_n60-all-to-all]	iter_4	10.014645271003246	9.825506672263145	415123	415123	1651788	1651788	1139186	1139186
abstract_large	test_QASMBench_large[square_root_n60-square]	iter_4	27.211574658751488	21.606302965432405	1413498	1413498	4299747	4299747	2429432	2429432
abstract_large	test_QASMBench_large[square_root_n60-heavy-hex]	iter_4	34.97024894319475	27.79374353773892	1962518	1962518	5705555	5705555	3130159	3130159
abstract_large	test_QASMBench_large[square_root_n60-linear]	iter_4	48.763999067246914	37.56036692671478	3284113	3284113	8827066	8827066	4904648	4904648
abstract_large	test_QASMBench_large[swap_test_n115-all-to-all]	iter_4	0.07648816199174949	0.0713559544334809	399	399	2173	2173	1014	1014
abstract_large	test_QASMBench_large[swap_test_n115-square]	iter_4	0.07694336186562266	0.07167666777968407	1008	1008	3600	3600	2118	2118
abstract_large	test_QASMBench_large[swap_test_n115-heavy-hex]	iter_4	0.05270047868160825	0.048060513145866846	1321	1321	4243	4243	2739	2739
abstract_large	test_QASMBench_large[swap_test_n115-linear]	iter_4	0.03751311759249522	0.03467529420075672	709	709	2981	2981	1898	1898
abstract_large	test_QASMBench_large[swap_test_n361-all-to-all]	iter_4	0.8380372542887926	0.8132279850542545	1260	1260	6856	6856	3153	3153
abstract_large	test_QASMBench_large[swap_test_n361-square]	iter_4	0.21233427077531813	0.21207611821591854	4773	4773	15258	15258	8536	8536
abstract_large	test_QASMBench_large[swap_test_n361-heavy-hex]	iter_4	0.18736616149544716	0.18311689049005508	6104	6104	18802	18802	10804	10804
abstract_large	test_QASMBench_large[swap_test_n361-linear]	iter_4	2.080631325021386	2.0837181005626917	3826	3826	13069	13069	8223	8223
abstract_large	test_QASMBench_large[swap_test_n41-all-to-all]	iter_4	0.019671824377249267	0.018459061898712843	140	140	757	757	359	359
abstract_large	test_QASMBench_large[swap_test_n41-square]	iter_4	0.02518487594237453	0.023251816283824833	291	291	1131	1131	644	644
abstract_large	test_QASMBench_large[swap_test_n41-heavy-hex]	iter_4	0.01699387417598204	0.01671596531266883	372	372	1334	1334	914	914
abstract_large	test_QASMBench_large[swap_test_n41-linear]	iter_4	0.01256731271066449	0.01244178060677987	228	228	1019	1019	622	622
abstract_large	test_QASMBench_large[swap_test_n83-all-to-all]	iter_4	0.043142755394396576	0.03994749329984188	287	287	1589	1589	741	741
abstract_large	test_QASMBench_large[swap_test_n83-square]	iter_4	0.048092564656620936	0.04721224545077844	678	678	2335	2335	1482	1482
abstract_large	test_QASMBench_large[swap_test_n83-heavy-hex]	iter_4	0.037769487915703885	0.03698842806209411	948	948	3130	3130	2084	2084
abstract_large	test_QASMBench_large[swap_test_n83-linear]	iter_4	0.023270373486659744	0.02294788018546321	501	501	2119	2119	1340	1340
abstract_large	test_QASMBench_large[vqe_uccsd_n28-all-to-all]	iter_4	7.641943505033851	6.85245618224144	234574	234574	625203	625203	715272	715272
abstract_large	test_QASMBench_large[vqe_uccsd_n28-square]	iter_4	14.739833388477564	12.467055881395936	276380	276380	799677	799677	803046	803046
abstract_large	test_QASMBench_large[vqe_uccsd_n28-heavy-hex]	iter_4	20.042749226093292	17.8528362903744	362326	362326	1125351	1125351	1003334	1003334
abstract_large	test_QASMBench_large[vqe_uccsd_n28-linear]	iter_4	10.17208300344646	9.053177958354354	275504	275504	738620	738620	791091	791091
abstract_large	test_QASMBench_large[wstate_n118-all-to-all]	iter_4	0.06510832334558168	0.06255888764280826	234	234	1505	1505	549	549
abstract_large	test_QASMBench_large[wstate_n118-square]	iter_4	0.014813841378781945	0.014836844557256841	234	234	1499	1499	545	545
abstract_large	test_QASMBench_large[wstate_n118-heavy-hex]	iter_4	0.024650971246201817	0.02426682963139481	234	234	1492	1492	541	541
abstract_large	test_QASMBench_large[wstate_n118-linear]	iter_4	0.012450037335481825	0.012434190793617352	234	234	1502	1502	548	548
abstract_large	test_QASMBench_large[wstate_n36-all-to-all]	iter_4	0.016320087399984164	0.015399074626725111	70	70	449	449	169	169
abstract_large	test_QASMBench_large[wstate_n36-square]	iter_4	0.008804335753928434	0.008824348227556693	70	70	447	447	169	169
abstract_large	test_QASMBench_large[wstate_n36-heavy-hex]	iter_4	0.010027549862861633	0.009883379330858588	70	70	450	450	171	171
abstract_large	test_QASMBench_large[wstate_n36-linear]	iter_4	0.005979356367185891	0.0060343392885839325	70	70	453	453	166	166
abstract_large	test_QASMBench_large[wstate_n380-all-to-all]	iter_4	0.9183458164334297	0.9247696846723557	758	758	4816	4816	1719	1719
abstract_large	test_QASMBench_large[wstate_n380-square]	iter_4	0.032348717314501604	0.03173868249981634	758	758	4847	4847	1723	1723
abstract_large	test_QASMBench_large[wstate_n380-heavy-hex]	iter_4	6.637077808380127	6.439638623967767	8395	8395	23441	23441	7402	7402
abstract_large	test_QASMBench_large[wstate_n380-linear]	iter_4	0.027683804609945843	0.027197875910335116	758	758	4841	4841	1723	1723
abstract_large	test_QASMBench_large[wstate_n76-all-to-all]	iter_4	0.03374621265664183	0.031516064307652414	150	150	959	959	354	354
abstract_large	test_QASMBench_large[wstate_n76-square]	iter_4	0.011963430242851758	0.011772368918173015	150	150	969	969	353	353
abstract_large	test_QASMBench_large[wstate_n76-heavy-hex]	iter_4	0.014825785306818558	0.014547899557167994	150	150	974	974	356	356
abstract_large	test_QASMBench_large[wstate_n76-linear]	iter_4	0.00923274801600547	0.00910595906715767	150	150	973	973	354	354
abstract_hamiltonians	test_hamiltonians[ham_enc_stdbinary_dvalues_d-level-4-all-to-all]	iter_4	0.009396484034368768	0.009276269681074402	3	3	27	27	19	19
abstract_hamiltonians	test_hamiltonians[ham_enc_stdbinary_dvalues_d-level-4-square]	iter_4	0.00932166486175037	0.009342599873031888	3	3	27	27	19	19
abstract_hamiltonians	test_hamiltonians[ham_enc_stdbinary_dvalues_d-level-4-heavy-hex]	iter_4	0.010040774922817946	0.010154595749095233	3	3	26	26	19	19
abstract_hamiltonians	test_hamiltonians[ham_enc_stdbinary_dvalues_d-level-4-linear]	iter_4	0.009181355831222	0.00882330207553293	3	3	27	27	19	19
abstract_hamiltonians	test_hamiltonians[ham_mu_y_prime_enc_stdbinary_dvalues_8-8-4-4-all-to-all]	iter_4	0.0037165533834033542	0.0036776151890600367	16	16	69	69	56	56
abstract_hamiltonians	test_hamiltonians[ham_mu_y_prime_enc_stdbinary_dvalues_8-8-4-4-square]	iter_4	0.005621173859451168	0.004884002008803294	22	22	95	95	69	69
abstract_hamiltonians	test_hamiltonians[ham_mu_y_prime_enc_stdbinary_dvalues_8-8-4-4-heavy-hex]	iter_4	0.0055264041105412545	0.005487672689944338	18	18	86	86	68	68
abstract_hamiltonians	test_hamiltonians[ham_mu_y_prime_enc_stdbinary_dvalues_8-8-4-4-linear]	iter_4	0.004578110628894397	0.00456674314924691	18	18	86	86	68	68
abstract_hamiltonians	test_hamiltonians[ham_mu_y_prime_enc_unary_dvalues_4-4-4-all-to-all]	iter_4	0.002466917276265727	0.002460442172984282	6	6	52	52	32	32
abstract_hamiltonians	test_hamiltonians[ham_mu_y_prime_enc_unary_dvalues_4-4-4-square]	iter_4	0.0024500271333521935	0.002422871290451652	6	6	52	52	32	32
abstract_hamiltonians	test_hamiltonians[ham_mu_y_prime_enc_unary_dvalues_4-4-4-heavy-hex]	iter_4	0.0032695155694252914	0.0032196017362329426	6	6	52	52	32	32
abstract_hamiltonians	test_hamiltonians[ham_mu_y_prime_enc_unary_dvalues_4-4-4-linear]	iter_4	0.002516007404968453	0.002422590629209446	6	6	52	52	32	32
abstract_hamiltonians	test_hamiltonians[ham_mu_z_prime_enc_gray_dvalues_4-4-4-4-all-to-all]	iter_4	0.0021351690374348804	0.0020480497694536567	4	4	33	33	11	11
abstract_hamiltonians	test_hamiltonians[ham_mu_z_prime_enc_gray_dvalues_4-4-4-4-square]	iter_4	0.0023860293846481887	0.002022919165932275	4	4	35	35	14	14
abstract_hamiltonians	test_hamiltonians[ham_mu_z_prime_enc_gray_dvalues_4-4-4-4-heavy-hex]	iter_4	0.002875127170569081	0.002834443014227983	4	4	34	34	14	14
abstract_hamiltonians	test_hamiltonians[ham_mu_z_prime_enc_gray_dvalues_4-4-4-4-linear]	iter_4	0.002374016749922947	0.0020381877101228016	4	4	34	34	14	14
abstract_hamiltonians	test_hamiltonians[ham_gnp-k_2_n-4_rinst-05-all-to-all]	iter_4	0.004238817495880304	0.0035178430498125084	21	21	77	77	75	75
abstract_hamiltonians	test_hamiltonians[ham_gnp-k_2_n-4_rinst-05-square]	iter_4	0.005450196533828326	0.004638883813570898	31	31	130	130	106	106
abstract_hamiltonians	test_hamiltonians[ham_gnp-k_2_n-4_rinst-05-heavy-hex]	iter_4	0.0062089313793441524	0.005259498388373426	22	22	92	92	81	81
abstract_hamiltonians	test_hamiltonians[ham_gnp-k_2_n-4_rinst-05-linear]	iter_4	0.00541029155254364	0.004587055001247443	33	33	134	134	109	109
abstract_hamiltonians	test_hamiltonians[ham_ham_parity-4-all-to-all]	iter_4	0.0057837213881267524	0.004975361443722426	47	47	149	149	159	159
abstract_hamiltonians	test_hamiltonians[ham_ham_parity-4-square]	iter_4	0.00610282290962678	0.0060734175428559505	66	66	220	220	196	196
abstract_hamiltonians	test_hamiltonians[ham_ham_parity-4-heavy-hex]	iter_4	0.007413245542947926	0.006558760026326546	62	62	206	206	198	198
abstract_hamiltonians	test_hamiltonians[ham_ham_parity-4-linear]	iter_4	0.006997070633448088	0.0061673004744630874	62	62	258	258	222	222
abstract_hamiltonians	test_hamiltonians[ham_mu_y_prime_enc_stdbinary_dvalues_16-16-16-16-8-8-8-all-to-all]	iter_4	0.006085269915109331	0.005245648900777595	49	49	197	197	165	165
abstract_hamiltonians	test_hamiltonians[ham_mu_y_prime_enc_stdbinary_dvalues_16-16-16-16-8-8-8-square]	iter_4	0.007164800620014719	0.006310146773693624	64	64	241	241	210	210
abstract_hamiltonians	test_hamiltonians[ham_mu_y_prime_enc_stdbinary_dvalues_16-16-16-16-8-8-8-heavy-hex]	iter_4	0.006889452872267604	0.006826169093820586	72	72	260	260	212	212
abstract_hamiltonians	test_hamiltonians[ham_mu_y_prime_enc_stdbinary_dvalues_16-16-16-16-8-8-8-linear]	iter_4	0.007409476975982006	0.00652608135715127	72	72	295	295	237	237
abstract_hamiltonians	test_hamiltonians[ham_mu_y_prime_enc_gray_dvalues_16-16-16-all-to-all]	iter_4	0.004810783149743521	0.004746238264074258	58	58	198	198	190	190
abstract_hamiltonians	test_hamiltonians[ham_mu_y_prime_enc_gray_dvalues_16-16-16-square]	iter_4	0.006019779539201409	0.005931092856022028	83	83	282	282	251	251
abstract_hamiltonians	test_hamiltonians[ham_mu_y_prime_enc_gray_dvalues_16-16-16-heavy-hex]	iter_4	0.006670445247436874	0.006581725552678108	83	83	304	304	284	284
abstract_hamiltonians	test_hamiltonians[ham_mu_y_prime_enc_gray_dvalues_16-16-16-linear]	iter_4	0.006079764839335783	0.006012624573727317	92	92	308	308	265	265
abstract_hamiltonians	test_hamiltonians[ham_enc_gray_dvalues_d-level-16-all-to-all]	iter_4	0.009268792383749076	0.008173123893574772	128	128	539	539	458	458
abstract_hamiltonians	test_hamiltonians[ham_enc_gray_dvalues_d-level-16-square]	iter_4	0.010836747359861149	0.009544547866372502	187	187	729	729	597	597
abstract_hamiltonians	test_hamiltonians[ham_enc_gray_dvalues_d-level-16-heavy-hex]	iter_4	0.011729775951243937	0.010848430496069693	172	172	831	831	644	644
abstract_hamiltonians	test_hamiltonians[ham_enc_gray_dvalues_d-level-16-linear]	iter_4	0.011310667554034462	0.009881107400011534	196	196	897	897	680	680
abstract_hamiltonians	test_hamiltonians[ham_mu_y_prime_enc_stdbinary_dvalues_8-8-8-8-8-8-all-to-all]	iter_4	0.0057173563611947675	0.004935724533977308	32	32	142	142	58	58
abstract_hamiltonians	test_hamiltonians[ham_mu_y_prime_enc_stdbinary_dvalues_8-8-8-8-8-8-square]	iter_4	0.0062051226198673246	0.00616646778283629	38	38	153	153	71	71
abstract_hamiltonians	test_hamiltonians[ham_mu_y_prime_enc_stdbinary_dvalues_8-8-8-8-8-8-heavy-hex]	iter_4	0.006595724489627861	0.006569965038704508	36	36	183	183	74	74
abstract_hamiltonians	test_hamiltonians[ham_mu_y_prime_enc_stdbinary_dvalues_8-8-8-8-8-8-linear]	iter_4	0.006009373514513884	0.005947814945794322	36	36	183	183	74	74
abstract_hamiltonians	test_hamiltonians[ham_gnp-k_4_n-6_rinst-15-all-to-all]	iter_4	0.006534756751718864	0.005551286616495677	87	87	331	331	263	263
abstract_hamiltonians	test_hamiltonians[ham_gnp-k_4_n-6_rinst-15-square]	iter_4	0.007934780853490035	0.006849084240830925	111	111	416	416	334	334
abstract_hamiltonians	test_hamiltonians[ham_gnp-k_4_n-6_rinst-15-heavy-hex]	iter_4	0.007059017287903145	0.0069136156305444965	131	131	463	463	403	403
abstract_hamiltonians	test_hamiltonians[ham_gnp-k_4_n-6_rinst-15-linear]	iter_4	0.008097659680061042	0.006895263326065293	171	171	579	579	436	436
abstract_hamiltonians	test_hamiltonians[ham_ham_JW-6-all-to-all]	iter_4	0.009328668310057998	0.008022905969671134	225	225	651	651	692	692
abstract_hamiltonians	test_hamiltonians[ham_ham_JW-6-square]	iter_4	0.011418154463171959	0.009861912967248277	294	294	888	888	835	835
abstract_hamiltonians	test_hamiltonians[ham_ham_JW-6-heavy-hex]	iter_4	0.012308107497982489	0.01058797773227773	329	329	1137	1137	1000	1000
abstract_hamiltonians	test_hamiltonians[ham_ham_JW-6-linear]	iter_4	0.010269998795474354	0.010098559458797075	378	378	1207	1207	974	974
abstract_hamiltonians	test_hamiltonians[ham_mu_y_prime_enc_unary_dvalues_8-8-8-8-8-8-8-all-to-all]	iter_4	0.004566678284529614	0.004474924521690065	14	14	120	120	72	72
abstract_hamiltonians	test_hamiltonians[ham_mu_y_prime_enc_unary_dvalues_8-8-8-8-8-8-8-square]	iter_4	0.0038080576129935003	0.0037445755080640817	14	14	120	120	72	72
abstract_hamiltonians	test_hamiltonians[ham_mu_y_prime_enc_unary_dvalues_8-8-8-8-8-8-8-heavy-hex]	iter_4	0.004208416873868954	0.004135741525862971	14	14	120	120	72	72
abstract_hamiltonians	test_hamiltonians[ham_mu_y_prime_enc_unary_dvalues_8-8-8-8-8-8-8-linear]	iter_4	0.003635118991951458	0.0036277752875011095	14	14	120	120	72	72
abstract_hamiltonians	test_hamiltonians[ham_7-uf20-0384.cnf-8-res-all-to-all]	iter_4	0.007620777327705313	0.007318246920687565	44	44	150	150	81	81
abstract_hamiltonians	test_hamiltonians[ham_7-uf20-0384.cnf-8-res-square]	iter_4	0.005837708801390177	0.005721096236856632	64	64	218	218	122	122
abstract_hamiltonians	test_hamiltonians[ham_7-uf20-0384.cnf-8-res-heavy-hex]	iter_4	0.006927261598349556	0.005986821384647408	78	78	269	269	148	148
abstract_hamiltonians	test_hamiltonians[ham_7-uf20-0384.cnf-8-res-linear]	iter_4	0.005977764341514558	0.005920541466875646	91	91	302	302	163	163
abstract_hamiltonians	test_hamiltonians[ham_tsp_rand-002_Ncity-4_enc-stdbinary-all-to-all]	iter_4	0.010749524873163965	0.010588713931620763	80	80	271	271	208	208
abstract_hamiltonians	test_hamiltonians[ham_tsp_rand-002_Ncity-4_enc-stdbinary-square]	iter_4	0.00818556680654486	0.0070683814428903	120	120	400	400	303	303
abstract_hamiltonians	test_hamiltonians[ham_tsp_rand-002_Ncity-4_enc-stdbinary-heavy-hex]	iter_4	0.007581199937331395	0.007504199999709462	133	133	500	500	337	337
abstract_hamiltonians	test_hamiltonians[ham_tsp_rand-002_Ncity-4_enc-stdbinary-linear]	iter_4	0.008418174542948208	0.007347448994099659	164	164	546	546	367	367
abstract_hamiltonians	test_hamiltonians[ham_ham_JW-8-all-to-all]	iter_4	0.027045971300039027	0.02621765741826715	850	850	2294	2294	2572	2572
abstract_hamiltonians	test_hamiltonians[ham_ham_JW-8-square]	iter_4	0.027627980939167386	0.02637287617794105	1262	1262	3867	3867	3483	3483
abstract_hamiltonians	test_hamiltonians[ham_ham_JW-8-heavy-hex]	iter_4	0.02883485081838444	0.027527249027644436	1367	1367	4343	4343	3654	3654
abstract_hamiltonians	test_hamiltonians[ham_ham_JW-8-linear]	iter_4	0.02793892172889577	0.02692886990936179	1370	1370	4325	4325	3629	3629
abstract_hamiltonians	test_hamiltonians[ham_enc_gray_dvalues_8-8-8-all-to-all]	iter_4	0.34372709194819134	0.3216728172264993	6640	6640	18561	18561	21041	21041
abstract_hamiltonians	test_hamiltonians[ham_enc_gray_dvalues_8-8-8-square]	iter_4	0.4232349619269371	0.3687915137658517	11709	11709	37371	37371	32935	32935
abstract_hamiltonians	test_hamiltonians[ham_enc_gray_dvalues_8-8-8-heavy-hex]	iter_4	0.4362778887152672	0.4143036622554064	12635	12635	37612	37612	32482	32482
abstract_hamiltonians	test_hamiltonians[ham_enc_gray_dvalues_8-8-8-linear]	iter_4	0.44166899596651393	0.37949872265259427	13027	13027	39230	39230	32628	32628
abstract_hamiltonians	test_hamiltonians[ham_complbipart-n-10_a-5_b-5-all-to-all]	iter_4	0.011620561718756769	0.01032387796830345	150	150	550	550	406	406
abstract_hamiltonians	test_hamiltonians[ham_complbipart-n-10_a-5_b-5-square]	iter_4	0.010543693233741804	0.009126614254799862	239	239	791	791	642	642
abstract_hamiltonians	test_hamiltonians[ham_complbipart-n-10_a-5_b-5-heavy-hex]	iter_4	0.011246862094395044	0.009548839948633137	290	290	932	932	682	682
abstract_hamiltonians	test_hamiltonians[ham_complbipart-n-10_a-5_b-5-linear]	iter_4	0.011044684146721679	0.009416963958314487	305	305	1105	1105	790	790
abstract_hamiltonians	test_hamiltonians[ham_ham_JW10-all-to-all]	iter_4	0.05229071468899125	0.04718604142821971	1484	1484	4037	4037	4446	4446
abstract_hamiltonians	test_hamiltonians[ham_ham_JW10-square]	iter_4	0.04574682013216344	0.04318007389488428	2293	2293	7056	7056	6147	6147
abstract_hamiltonians	test_hamiltonians[ham_ham_JW10-heavy-hex]	iter_4	0.0601234957575798	0.05311274724081159	2329	2329	6986	6986	6413	6413
abstract_hamiltonians	test_hamiltonians[ham_ham_JW10-linear]	iter_4	0.047406794680725964	0.04463439163836566	2765	2765	8388	8388	7498	7498
abstract_hamiltonians	test_hamiltonians[ham_ham_parity10-all-to-all]	iter_4	0.05612181346206104	0.053895400150826105	1573	1573	4152	4152	4801	4801
abstract_hamiltonians	test_hamiltonians[ham_ham_parity10-square]	iter_4	0.052949045735754464	0.04987249318510294	2273	2273	7077	7077	6434	6434
abstract_hamiltonians	test_hamiltonians[ham_ham_parity10-heavy-hex]	iter_4	0.06048346069805762	0.05160459028556943	2269	2269	6824	6824	6591	6591
abstract_hamiltonians	test_hamiltonians[ham_ham_parity10-linear]	iter_4	0.05501141046222888	0.046813917656739555	2810	2810	8349	8349	7642	7642
abstract_hamiltonians	test_hamiltonians[ham_ham_JW-10-all-to-all]	iter_4	0.052804938051849604	0.046510065397755665	1484	1484	4047	4047	4446	4446
abstract_hamiltonians	test_hamiltonians[ham_ham_JW-10-square]	iter_4	0.04581162799149752	0.04272148610713581	2293	2293	7029	7029	6128	6128
abstract_hamiltonians	test_hamiltonians[ham_ham_JW-10-heavy-hex]	iter_4	0.060401091023403054	0.05117308348417282	2329	2329	6962	6962	6400	6400
abstract_hamiltonians	test_hamiltonians[ham_ham_JW-10-linear]	iter_4	0.04710537584667856	0.04463221958797911	2765	2765	8366	8366	7509	7509
abstract_hamiltonians	test_hamiltonians[ham_mu_x_prime_enc_stdbinary_dvalues_8-8-8-8-8-8-8-8-8-4-4-4-4-4-4-all-to-all]	iter_4	0.011947686868635092	0.010455431436876888	50	50	236	236	60	60
abstract_hamiltonians	test_hamiltonians[ham_mu_x_prime_enc_stdbinary_dvalues_8-8-8-8-8-8-8-8-8-4-4-4-4-4-4-square]	iter_4	0.007863069962089261	0.00774979099440269	60	60	276	276	72	72
abstract_hamiltonians	test_hamiltonians[ham_mu_x_prime_enc_stdbinary_dvalues_8-8-8-8-8-8-8-8-8-4-4-4-4-4-4-heavy-hex]	iter_4	0.014301635830530098	0.013815156043800588	56	56	291	291	74	74
abstract_hamiltonians	test_hamiltonians[ham_mu_x_prime_enc_stdbinary_dvalues_8-8-8-8-8-8-8-8-8-4-4-4-4-4-4-linear]	iter_4	0.008459132986965481	0.007599934994701355	56	56	297	297	74	74
abstract_hamiltonians	test_hamiltonians[ham_mu_x_prime_enc_unary_dvalues_4-4-4-all-to-all]	iter_4	0.008201256724855593	0.007826201015509161	18	18	156	156	32	32
abstract_hamiltonians	test_hamiltonians[ham_mu_x_prime_enc_unary_dvalues_4-4-4-square]	iter_4	0.007294650123055492	0.007137656211853027	18	18	156	156	32	32
abstract_hamiltonians	test_hamiltonians[ham_mu_x_prime_enc_unary_dvalues_4-4-4-heavy-hex]	iter_4	0.007460139151932537	0.007220240462928602	18	18	156	156	32	32
abstract_hamiltonians	test_hamiltonians[ham_mu_x_prime_enc_unary_dvalues_4-4-4-linear]	iter_4	0.004293001545050219	0.004229401057172153	18	18	156	156	32	32
abstract_hamiltonians	test_hamiltonians[ham_ham_parity12-all-to-all]	iter_4	0.1279804352670908	0.11850047649608718	3172	3172	8592	8592	9951	9951
abstract_hamiltonians	test_hamiltonians[ham_ham_parity12-square]	iter_4	0.16344101323435703	0.14782278718692915	5174	5174	15727	15727	14200	14200
abstract_hamiltonians	test_hamiltonians[ham_ham_parity12-heavy-hex]	iter_4	0.1576504193778549	0.14589114088032926	5776	5776	17295	17295	15546	15546
abstract_hamiltonians	test_hamiltonians[ham_ham_parity12-linear]	iter_4	0.13044103607535362	0.12161632565160592	6063	6063	17444	17444	16566	16566
abstract_hamiltonians	test_hamiltonians[ham_ham_BK12-all-to-all]	iter_4	0.0817701406776905	0.07538301377956357	3123	3123	8369	8369	9587	9587
abstract_hamiltonians	test_hamiltonians[ham_ham_BK12-square]	iter_4	0.11673636279172367	0.10824452609651619	5791	5791	18512	18512	14197	14197
abstract_hamiltonians	test_hamiltonians[ham_ham_BK12-heavy-hex]	iter_4	0.12845174176618457	0.11955247571070989	7014	7014	22256	22256	15683	15683
abstract_hamiltonians	test_hamiltonians[ham_ham_BK12-linear]	iter_4	0.13208408863283694	0.12680300511419773	8145	8145	24739	24739	17946	17946
abstract_hamiltonians	test_hamiltonians[ham_ham_JW12-all-to-all]	iter_4	0.1314347602892667	0.11674823570582601	3029	3029	8089	8089	9193	9193
abstract_hamiltonians	test_hamiltonians[ham_ham_JW12-square]	iter_4	0.14995258088622773	0.13731175687696254	5372	5372	16167	16167	14496	14496
abstract_hamiltonians	test_hamiltonians[ham_ham_JW12-heavy-hex]	iter_4	0.17455049821486077	0.14915113018027373	5232	5232	16291	16291	14781	14781
abstract_hamiltonians	test_hamiltonians[ham_ham_JW12-linear]	iter_4	0.11471652198168966	0.10793290866745843	6008	6008	17406	17406	15830	15830
abstract_hamiltonians	test_hamiltonians[ham_bh_graph-1D-grid-pbc-qubitnodes_Lx-4_U-40_enc-gray_d-8-all-to-all]	iter_4	0.0745731766980428	0.07216840382251474	2454	2454	7334	7334	7887	7887
abstract_hamiltonians	test_hamiltonians[ham_bh_graph-1D-grid-pbc-qubitnodes_Lx-4_U-40_enc-gray_d-8-square]	iter_4	0.09135093353688717	0.08776564663276076	4005	4005	13666	13666	11804	11804
abstract_hamiltonians	test_hamiltonians[ham_bh_graph-1D-grid-pbc-qubitnodes_Lx-4_U-40_enc-gray_d-8-heavy-hex]	iter_4	0.09315058538182215	0.08921521377157081	4726	4726	15755	15755	12665	12665
abstract_hamiltonians	test_hamiltonians[ham_bh_graph-1D-grid-pbc-qubitnodes_Lx-4_U-40_enc-gray_d-8-linear]	iter_4	0.09718057801100341	0.0915959021923217	5293	5293	17267	17267	14204	14204
abstract_hamiltonians	test_hamiltonians[ham_enc_unary_dvalues_4-4-4-all-to-all]	iter_4	0.15221476767744338	0.14000317578514418	5002	5002	16580	16580	15835	15835
abstract_hamiltonians	test_hamiltonians[ham_enc_unary_dvalues_4-4-4-square]	iter_4	0.18692324589937925	0.17769276133428016	8558	8558	28793	28793	22912	22912
abstract_hamiltonians	test_hamiltonians[ham_enc_unary_dvalues_4-4-4-heavy-hex]	iter_4	0.21018193438649177	0.20686486456543207	12254	12254	38360	38360	28087	28087
abstract_hamiltonians	test_hamiltonians[ham_enc_unary_dvalues_4-4-4-linear]	iter_4	0.23575712414458394	0.22487040348351	14255	14255	47903	47903	32245	32245
abstract_hamiltonians	test_hamiltonians[ham_ham_parity-14-all-to-all]	iter_4	0.1057611221447587	0.10060268193483353	3814	3814	10194	10194	11520	11520
abstract_hamiltonians	test_hamiltonians[ham_ham_parity-14-square]	iter_4	0.15108939685991832	0.12566888239234686	6259	6259	19421	19421	16403	16403
abstract_hamiltonians	test_hamiltonians[ham_ham_parity-14-heavy-hex]	iter_4	0.17531202205767235	0.15981964554105485	7186	7186	21294	21294	17559	17559
abstract_hamiltonians	test_hamiltonians[ham_ham_parity-14-linear]	iter_4	0.1554767760847296	0.14609785856945173	8420	8420	24353	24353	20088	20088
abstract_hamiltonians	test_hamiltonians[ham_ham_JW14-all-to-all]	iter_4	0.16254756413400173	0.1411927313144718	3754	3754	9683	9683	11277	11277
abstract_hamiltonians	test_hamiltonians[ham_ham_JW14-square]	iter_4	0.185875639008979	0.1664658753822247	6527	6527	18961	18961	17723	17723
abstract_hamiltonians	test_hamiltonians[ham_ham_JW14-heavy-hex]	iter_4	0.1925204824656248	0.16186816351754324	7286	7286	20089	20089	18467	18467
abstract_hamiltonians	test_hamiltonians[ham_ham_JW14-linear]	iter_4	0.16104526232395852	0.1339065576903522	7089	7089	19747	19747	18300	18300
abstract_hamiltonians	test_hamiltonians[ham_enc_gray_dvalues_4-4-4-4-4-4-4-all-to-all]	iter_4	0.07393333661769118	0.06913692562375218	2064	2064	7329	7329	6491	6491
abstract_hamiltonians	test_hamiltonians[ham_enc_gray_dvalues_4-4-4-4-4-4-4-square]	iter_4	0.07787851829613958	0.0720215289454375	3347	3347	11293	11293	9028	9028
abstract_hamiltonians	test_hamiltonians[ham_enc_gray_dvalues_4-4-4-4-4-4-4-heavy-hex]	iter_4	0.07588991537117042	0.06625103006760279	3525	3525	11951	11951	9526	9526
abstract_hamiltonians	test_hamiltonians[ham_enc_gray_dvalues_4-4-4-4-4-4-4-linear]	iter_4	0.08718031536166866	0.075657972533788	3953	3953	12959	12959	10211	10211
abstract_hamiltonians	test_hamiltonians[ham_ham_BK-14-all-to-all]	iter_4	0.1746036261320114	0.1686618115220751	6103	6103	16122	16122	18698	18698
abstract_hamiltonians	test_hamiltonians[ham_ham_BK-14-square]	iter_4	0.28119534580037	0.233031003177166	12262	12262	38348	38348	30006	30006
abstract_hamiltonians	test_hamiltonians[ham_ham_BK-14-heavy-hex]	iter_4	0.281615786254406	0.26623143488541245	14493	14493	43961	43961	33064	33064
abstract_hamiltonians	test_hamiltonians[ham_ham_BK-14-linear]	iter_4	0.3494847174733877	0.3083922937512398	18213	18213	51764	51764	41594	41594
abstract_hamiltonians	test_hamiltonians[ham_ham_JW-14-all-to-all]	iter_4	0.22252262383699417	0.20241207927465438	6851	6851	18584	18584	20910	20910
abstract_hamiltonians	test_hamiltonians[ham_ham_JW-14-square]	iter_4	0.3798715577771266	0.3355697064350049	12697	12697	38017	38017	33112	33112
abstract_hamiltonians	test_hamiltonians[ham_ham_JW-14-heavy-hex]	iter_4	0.3386951244125764	0.31283664843067527	14013	14013	40961	40961	35664	35664
abstract_hamiltonians	test_hamiltonians[ham_ham_JW-14-linear]	iter_4	0.2782011735253036	0.25792956119403243	14989	14989	42098	42098	37925	37925
abstract_hamiltonians	test_hamiltonians[ham_mu_z_prime_enc_unary_dvalues_16-16-16-16-16-16-16-all-to-all]	iter_4	0.009977342037018389	0.009478741484853599	30	30	256	256	152	152
abstract_hamiltonians	test_hamiltonians[ham_mu_z_prime_enc_unary_dvalues_16-16-16-16-16-16-16-square]	iter_4	0.008151566945627088	0.00782449697529463	30	30	256	256	152	152
abstract_hamiltonians	test_hamiltonians[ham_mu_z_prime_enc_unary_dvalues_16-16-16-16-16-16-16-heavy-hex]	iter_4	0.005091470505320589	0.005014205872626502	30	30	256	256	152	152
abstract_hamiltonians	test_hamiltonians[ham_mu_z_prime_enc_unary_dvalues_16-16-16-16-16-16-16-linear]	iter_4	0.004742283763706076	0.004736402738547208	30	30	256	256	152	152
abstract_hamiltonians	test_hamiltonians[ham_graph-1D-grid-pbc-qubitnodes_Lx-16_h-2-all-to-all]	iter_4	0.008799824572127798	0.008414141217789313	32	32	159	159	123	123
abstract_hamiltonians	test_hamiltonians[ham_graph-1D-grid-pbc-qubitnodes_Lx-16_h-2-square]	iter_4	0.007682188072859651	0.00750285859755946	32	32	154	154	128	128
abstract_hamiltonians	test_hamiltonians[ham_graph-1D-grid-pbc-qubitnodes_Lx-16_h-2-heavy-hex]	iter_4	0.004866125516185713	0.004856020240683337	32	32	151	151	127	127
abstract_hamiltonians	test_hamiltonians[ham_graph-1D-grid-pbc-qubitnodes_Lx-16_h-2-linear]	iter_4	0.005740948389039228	0.00566755433728595	75	75	266	266	208	208
abstract_hamiltonians	test_hamiltonians[ham_ham_JW-18-all-to-all]	iter_4	0.4621337680146098	0.4482466398427884	18092	18092	42583	42583	54239	54239
abstract_hamiltonians	test_hamiltonians[ham_ham_JW-18-square]	iter_4	0.9630882004275918	0.803450670093298	30229	30229	86333	86333	76678	76678
abstract_hamiltonians	test_hamiltonians[ham_ham_JW-18-heavy-hex]	iter_4	0.8900361759588122	0.8226278489455581	38192	38192	110022	110022	95330	95330
abstract_hamiltonians	test_hamiltonians[ham_ham_JW-18-linear]	iter_4	0.8038280308246613	0.6507217306643724	44058	44058	120326	120326	111701	111701
abstract_hamiltonians	test_hamiltonians[ham_ham_JW-22-all-to-all]	iter_4	2.0233035814017057	1.7216811776161194	55830	55830	133827	133827	169661	169661
abstract_hamiltonians	test_hamiltonians[ham_ham_JW-22-square]	iter_4	3.5272701159119606	2.979420581832528	88872	88872	248677	248677	229849	229849
abstract_hamiltonians	test_hamiltonians[ham_ham_JW-22-heavy-hex]	iter_4	4.540421029552817	3.999975811690092	116833	116833	329360	329360	295689	295689
abstract_hamiltonians	test_hamiltonians[ham_ham_JW-22-linear]	iter_4	5.658815560862422	4.716213462874293	140255	140255	360820	360820	335209	335209
abstract_hamiltonians	test_hamiltonians[ham_ham_BK22-all-to-all]	iter_4	1.294111106544733	1.1659201681613922	40536	40536	101893	101893	123003	123003
abstract_hamiltonians	test_hamiltonians[ham_ham_BK22-square]	iter_4	2.6232222821563482	2.4576176069676876	90359	90359	265254	265254	206017	206017
abstract_hamiltonians	test_hamiltonians[ham_ham_BK22-heavy-hex]	iter_4	3.365655032917857	3.179332409054041	135966	135966	393562	393562	300515	300515
abstract_hamiltonians	test_hamiltonians[ham_ham_BK22-linear]	iter_4	4.478175798431039	3.71302012167871	205937	205937	527215	527215	420646	420646
abstract_hamiltonians	test_hamiltonians[ham_mu_y_prime_enc_stdbinary_dvalues_4-4-4-4-4-4-4-4-4-4-4-4-4-4-4-4-4-4-all-to-all]	iter_4	0.013373221887249343	0.011521391127081145	24	24	228	228	13	13
abstract_hamiltonians	test_hamiltonians[ham_mu_y_prime_enc_stdbinary_dvalues_4-4-4-4-4-4-4-4-4-4-4-4-4-4-4-4-4-4-square]	iter_4	0.007793964631855488	0.00689014739583473	24	24	219	219	13	13
abstract_hamiltonians	test_hamiltonians[ham_mu_y_prime_enc_stdbinary_dvalues_4-4-4-4-4-4-4-4-4-4-4-4-4-4-4-4-4-4-heavy-hex]	iter_4	0.010775380188392268	0.009832431553202925	24	24	216	216	13	13
abstract_hamiltonians	test_hamiltonians[ham_mu_y_prime_enc_stdbinary_dvalues_4-4-4-4-4-4-4-4-4-4-4-4-4-4-4-4-4-4-linear]	iter_4	0.5104610892012715	0.4983155100295941	24	24	219	219	13	13
abstract_hamiltonians	test_hamiltonians[ham_gnp-k_5_n-24_rinst-04-all-to-all]	iter_4	0.023606570350915887	0.02062751546812554	376	376	1054	1054	268	268
abstract_hamiltonians	test_hamiltonians[ham_gnp-k_5_n-24_rinst-04-square]	iter_4	0.01908891862974717	0.016463482626161333	779	779	2282	2282	822	822
abstract_hamiltonians	test_hamiltonians[ham_gnp-k_5_n-24_rinst-04-heavy-hex]	iter_4	0.02351067301838897	0.02013065347758432	964	964	3054	3054	1042	1042
abstract_hamiltonians	test_hamiltonians[ham_gnp-k_5_n-24_rinst-04-linear]	iter_4	0.020872997818514705	0.017844311012463136	994	994	3308	3308	772	772
abstract_hamiltonians	test_hamiltonians[ham_tsp_prob-ulysses22_Ncity-8_enc-stdbinary-all-to-all]	iter_4	0.03574878086560759	0.031888169585727155	848	848	2557	2557	2440	2440
abstract_hamiltonians	test_hamiltonians[ham_tsp_prob-ulysses22_Ncity-8_enc-stdbinary-square]	iter_4	0.033688905231397726	0.028468625832881247	1613	1613	4983	4983	3935	3935
abstract_hamiltonians	test_hamiltonians[ham_tsp_prob-ulysses22_Ncity-8_enc-stdbinary-heavy-hex]	iter_4	0.040400680974125865	0.03425268955262644	1868	1868	6230	6230	4400	4400
abstract_hamiltonians	test_hamiltonians[ham_tsp_prob-ulysses22_Ncity-8_enc-stdbinary-linear]	iter_4	0.03707742442687353	0.031075650244019926	2038	2038	6972	6972	4656	4656
abstract_hamiltonians	test_hamiltonians[ham_ham_JW24-all-to-all]	iter_4	3.2642530761659145	2.8053568564355373	70411	70411	157875	157875	206398	206398
abstract_hamiltonians	test_hamiltonians[ham_ham_JW24-square]	iter_4	6.926691059023142	6.077245080843568	132903	132903	372532	372532	337988	337988
abstract_hamiltonians	test_hamiltonians[ham_ham_JW24-heavy-hex]	iter_4	8.336127011105418	6.952274279668927	206068	206068	578812	578812	516407	516407
abstract_hamiltonians	test_hamiltonians[ham_ham_JW24-linear]	iter_4	7.022271044552326	6.034974170848727	220785	220785	607549	607549	577849	577849
abstract_hamiltonians	test_hamiltonians[ham_tsp_prob-ts225_Ncity-5_enc-unary-all-to-all]	iter_4	0.017634529514976266	0.016398302046582103	200	200	599	599	155	155
abstract_hamiltonians	test_hamiltonians[ham_tsp_prob-ts225_Ncity-5_enc-unary-square]	iter_4	0.014078583102673292	0.011998901839356825	399	399	1228	1228	432	432
abstract_hamiltonians	test_hamiltonians[ham_tsp_prob-ts225_Ncity-5_enc-unary-heavy-hex]	iter_4	0.018182700258438236	0.015688796335506062	515	515	1565	1565	465	465
abstract_hamiltonians	test_hamiltonians[ham_tsp_prob-ts225_Ncity-5_enc-unary-linear]	iter_4	0.015855904579872175	0.013481220557681611	595	595	2031	2031	488	488
abstract_hamiltonians	test_hamiltonians[ham_graph-1D-grid-pbc-qubitnodes_Lx-26_h-6-all-to-all]	iter_4	0.012645213024281874	0.011751310035054172	52	52	254	254	215	215
abstract_hamiltonians	test_hamiltonians[ham_graph-1D-grid-pbc-qubitnodes_Lx-26_h-6-square]	iter_4	0.01014367558739402	0.009950564815363752	52	52	250	250	218	218
abstract_hamiltonians	test_hamiltonians[ham_graph-1D-grid-pbc-qubitnodes_Lx-26_h-6-heavy-hex]	iter_4	0.01045439274981618	0.010276865638276138	52	52	246	246	216	216
abstract_hamiltonians	test_hamiltonians[ham_graph-1D-grid-pbc-qubitnodes_Lx-26_h-6-linear]	iter_4	0.007538877697732612	0.007383294499896723	123	123	437	437	290	290
abstract_hamiltonians	test_hamiltonians[ham_bh_graph-1D-grid-pbc-qubitnodes_Lx-14_U-10_enc-stdbinary_d-4-all-to-all]	iter_4	0.04016583025455475	0.03550379502552527	890	890	3096	3096	2547	2547
abstract_hamiltonians	test_hamiltonians[ham_bh_graph-1D-grid-pbc-qubitnodes_Lx-14_U-10_enc-stdbinary_d-4-square]	iter_4	0.040817708475515246	0.03695124925838576	1018	1018	3789	3789	3021	3021
abstract_hamiltonians	test_hamiltonians[ham_bh_graph-1D-grid-pbc-qubitnodes_Lx-14_U-10_enc-stdbinary_d-4-heavy-hex]	iter_4	0.04557429707568625	0.040996883660554886	1010	1010	3842	3842	3011	3011
abstract_hamiltonians	test_hamiltonians[ham_bh_graph-1D-grid-pbc-qubitnodes_Lx-14_U-10_enc-stdbinary_d-4-linear]	iter_4	0.035276673534618955	0.030959899001049274	1199	1199	4231	4231	3271	3271
abstract_hamiltonians	test_hamiltonians[ham_bh_graph-2D-triag-nonpbc-qubitnodes_Lx-3_Ly-5_U-30_enc-gray_d-4-all-to-all]	iter_4	0.06291744764894247	0.05507279452132551	1773	1773	6396	6396	5734	5734
abstract_hamiltonians	test_hamiltonians[ham_bh_graph-2D-triag-nonpbc-qubitnodes_Lx-3_Ly-5_U-30_enc-gray_d-4-square]	iter_4	0.07282290235161781	0.060247123590670526	2896	2896	10252	10252	8224	8224
abstract_hamiltonians	test_hamiltonians[ham_bh_graph-2D-triag-nonpbc-qubitnodes_Lx-3_Ly-5_U-30_enc-gray_d-4-heavy-hex]	iter_4	0.0753780362595405	0.0686115201562643	3848	3848	13012	13012	9930	9930
abstract_hamiltonians	test_hamiltonians[ham_bh_graph-2D-triag-nonpbc-qubitnodes_Lx-3_Ly-5_U-30_enc-gray_d-4-linear]	iter_4	0.08164494639883439	0.0668555265913407	5291	5291	16940	16940	13303	13303
abstract_hamiltonians	test_hamiltonians[ham_reg-5_n-10_rinst-07-all-to-all]	iter_4	0.08026378845366147	0.07006811996301016	2530	2530	6451	6451	5448	5448
abstract_hamiltonians	test_hamiltonians[ham_reg-5_n-10_rinst-07-square]	iter_4	0.0947044263170524	0.07971802253562671	5292	5292	16926	16926	10539	10539
abstract_hamiltonians	test_hamiltonians[ham_reg-5_n-10_rinst-07-heavy-hex]	iter_4	0.09974505566060543	0.08180879672559407	6116	6116	20179	20179	11901	11901
abstract_hamiltonians	test_hamiltonians[ham_reg-5_n-10_rinst-07-linear]	iter_4	0.09777361154556274	0.08033328818587157	6402	6402	21186	21186	12429	12429
abstract_hamiltonians	test_hamiltonians[ham_mu_y_prime_enc_unary_dvalues_16-16-16-16-16-16-all-to-all]	iter_4	0.01609779204257199	0.015225350185007345	60	60	512	512	152	152
abstract_hamiltonians	test_hamiltonians[ham_mu_y_prime_enc_unary_dvalues_16-16-16-16-16-16-square]	iter_4	0.009873342949270022	0.009704204645218715	60	60	512	512	152	152
abstract_hamiltonians	test_hamiltonians[ham_mu_y_prime_enc_unary_dvalues_16-16-16-16-16-16-heavy-hex]	iter_4	0.010620074967543284	0.010413549264374468	60	60	512	512	152	152
abstract_hamiltonians	test_hamiltonians[ham_mu_y_prime_enc_unary_dvalues_16-16-16-16-16-16-linear]	iter_4	0.0075294519774615765	0.007396478687862416	60	60	512	512	152	152
abstract_hamiltonians	test_hamiltonians[ham_bh_graph-3D-grid-nonpbc-qubitnodes_Lx-2_Ly-2_Lz-2_U-20_enc-unary_d-4-all-to-all]	iter_4	0.08357120879615347	0.07378151400813035	3150	3150	9737	9737	8634	8634
abstract_hamiltonians	test_hamiltonians[ham_bh_graph-3D-grid-nonpbc-qubitnodes_Lx-2_Ly-2_Lz-2_U-20_enc-unary_d-4-square]	iter_4	0.09172654456712982	0.08214131944502394	4811	4811	15177	15177	12077	12077
abstract_hamiltonians	test_hamiltonians[ham_bh_graph-3D-grid-nonpbc-qubitnodes_Lx-2_Ly-2_Lz-2_U-20_enc-unary_d-4-heavy-hex]	iter_4	0.09911897710778496	0.08176670954204522	5230	5230	16410	16410	13169	13169
abstract_hamiltonians	test_hamiltonians[ham_bh_graph-3D-grid-nonpbc-qubitnodes_Lx-2_Ly-2_Lz-2_U-20_enc-unary_d-4-linear]	iter_4	0.1067230250686407	0.08788666827604175	7353	7353	22296	22296	17457	17457
abstract_hamiltonians	test_hamiltonians[ham_0-uuf100-0810.cnf-40-res-all-to-all]	iter_4	0.02627541791451605	0.02363683651526307	300	300	1049	1049	377	377
abstract_hamiltonians	test_hamiltonians[ham_0-uuf100-0810.cnf-40-res-square]	iter_4	0.022558262571692467	0.019489934193153008	855	855	2573	2573	959	959
abstract_hamiltonians	test_hamiltonians[ham_0-uuf100-0810.cnf-40-res-heavy-hex]	iter_4	0.02590850883951554	0.021867789783411556	1277	1277	3691	3691	1363	1363
abstract_hamiltonians	test_hamiltonians[ham_0-uuf100-0810.cnf-40-res-linear]	iter_4	0.03255021548829973	0.02651785568971383	2352	2352	6414	6414	1797	1797
abstract_hamiltonians	test_hamiltonians[ham_8-uuf100-0509.cnf-40-cc-all-to-all]	iter_4	0.02729924360441195	0.02394803786384208	346	346	1246	1246	409	409
abstract_hamiltonians	test_hamiltonians[ham_8-uuf100-0509.cnf-40-cc-square]	iter_4	0.024809271001662962	0.021433890270798103	985	985	3026	3026	1046	1046
abstract_hamiltonians	test_hamiltonians[ham_8-uuf100-0509.cnf-40-cc-heavy-hex]	iter_4	0.024503576546543983	0.023800448582666677	1420	1420	4044	4044	1271	1271
abstract_hamiltonians	test_hamiltonians[ham_8-uuf100-0509.cnf-40-cc-linear]	iter_4	0.03746945279891844	0.030397143389564008	3039	3039	8109	8109	2524	2524
abstract_hamiltonians	test_hamiltonians[ham_gnp-k_4_n-40_rinst-07-all-to-all]	iter_4	0.05194459185004234	0.04392341532123586	1602	1602	6119	6119	4123	4123
abstract_hamiltonians	test_hamiltonians[ham_gnp-k_4_n-40_rinst-07-square]	iter_4	0.06631779757638773	0.05390352010726929	4177	4177	13331	13331	8713	8713
abstract_hamiltonians	test_hamiltonians[ham_gnp-k_4_n-40_rinst-07-heavy-hex]	iter_4	0.07590957265347242	0.06173524786444271	5948	5948	17767	17767	10611	10611
abstract_hamiltonians	test_hamiltonians[ham_gnp-k_4_n-40_rinst-07-linear]	iter_4	0.10500544272363185	0.08166769659146667	10332	10332	29423	29423	19755	19755
abstract_hamiltonians	test_hamiltonians[ham_2-uf100-0396.cnf-46-res-all-to-all]	iter_4	0.03065979994381919	0.026952212417705193	454	454	1582	1582	581	581
abstract_hamiltonians	test_hamiltonians[ham_2-uf100-0396.cnf-46-res-square]	iter_4	0.029937731917016208	0.025654019501346808	1394	1394	4225	4225	1412	1412
abstract_hamiltonians	test_hamiltonians[ham_2-uf100-0396.cnf-46-res-heavy-hex]	iter_4	0.03496383849916787	0.029445164752277462	2123	2123	6116	6116	1802	1802
abstract_hamiltonians	test_hamiltonians[ham_2-uf100-0396.cnf-46-res-linear]	iter_4	0.049202531576156616	0.04026595495641232	4402	4402	11335	11335	2993	2993
abstract_hamiltonians	test_hamiltonians[ham_2-uf100-0601.cnf-46-res-all-to-all]	iter_4	0.03448748255946806	0.03083692933432758	488	488	1662	1662	536	536
abstract_hamiltonians	test_hamiltonians[ham_2-uf100-0601.cnf-46-res-square]	iter_4	0.031761668261981776	0.027236274821130006	1589	1589	4778	4778	1478	1478
abstract_hamiltonians	test_hamiltonians[ham_2-uf100-0601.cnf-46-res-heavy-hex]	iter_4	0.036343752027109814	0.030547984113747425	2326	2326	6602	6602	1882	1882
abstract_hamiltonians	test_hamiltonians[ham_2-uf100-0601.cnf-46-res-linear]	iter_4	0.05394594449745981	0.04573646778969661	5023	5023	12679	12679	3329	3329
abstract_hamiltonians	test_hamiltonians[ham_bh_graph-1D-grid-nonpbc-qubitnodes_Lx-12_U-40_enc-unary_d-4-all-to-all]	iter_4	0.08300264423283246	0.07306461927614041	2970	2970	9313	9313	8400	8400
abstract_hamiltonians	test_hamiltonians[ham_bh_graph-1D-grid-nonpbc-qubitnodes_Lx-12_U-40_enc-unary_d-4-square]	iter_4	0.08568374129633109	0.07299366353877954	4293	4293	13859	13859	11303	11303
abstract_hamiltonians	test_hamiltonians[ham_bh_graph-1D-grid-nonpbc-qubitnodes_Lx-12_U-40_enc-unary_d-4-heavy-hex]	iter_4	0.08833774939800303	0.07482909278145858	4366	4366	14744	14744	12032	12032
abstract_hamiltonians	test_hamiltonians[ham_bh_graph-1D-grid-nonpbc-qubitnodes_Lx-12_U-40_enc-unary_d-4-linear]	iter_4	0.08294627070426941	0.07044115836421648	4357	4357	14533	14533	12285	12285
abstract_hamiltonians	test_hamiltonians[ham_bh_graph-1D-grid-pbc-qubitnodes_Lx-24_U-20_enc-stdbinary_d-4-all-to-all]	iter_4	0.06291463889647275	0.05796357469731256	1530	1530	5711	5711	4550	4550
abstract_hamiltonians	test_hamiltonians[ham_bh_graph-1D-grid-pbc-qubitnodes_Lx-24_U-20_enc-stdbinary_d-4-square]	iter_4	0.06163530150318847	0.0530321373604238	1765	1765	6601	6601	5066	5066
abstract_hamiltonians	test_hamiltonians[ham_bh_graph-1D-grid-pbc-qubitnodes_Lx-24_U-20_enc-stdbinary_d-4-heavy-hex]	iter_4	0.06036390560782618	0.05415036950848604	1890	1890	6920	6920	5433	5433
abstract_hamiltonians	test_hamiltonians[ham_bh_graph-1D-grid-pbc-qubitnodes_Lx-24_U-20_enc-stdbinary_d-4-linear]	iter_4	0.0555354814584318	0.04870474498186793	2317	2317	7999	7999	6170	6170
abstract_hamiltonians	test_hamiltonians[ham_tsp_prob-lin105_Ncity-7_enc-unary-all-to-all]	iter_4	0.03528719690853152	0.03294458534688719	588	588	1607	1607	308	308
abstract_hamiltonians	test_hamiltonians[ham_tsp_prob-lin105_Ncity-7_enc-unary-square]	iter_4	0.029352055862545967	0.02611419926278102	1284	1284	3994	3994	1116	1116
abstract_hamiltonians	test_hamiltonians[ham_tsp_prob-lin105_Ncity-7_enc-unary-heavy-hex]	iter_4	0.032553991182677204	0.02798206379844083	1655	1655	5071	5071	1307	1307
abstract_hamiltonians	test_hamiltonians[ham_tsp_prob-lin105_Ncity-7_enc-unary-linear]	iter_4	0.04055242247879505	0.033721001619207006	2653	2653	8153	8153	1431	1431
abstract_hamiltonians	test_hamiltonians[ham_gnp-k_5_n-60_rinst-19-all-to-all]	iter_4	0.10316602196544408	0.09134892482931416	3939	3939	14880	14880	9999	9999
abstract_hamiltonians	test_hamiltonians[ham_gnp-k_5_n-60_rinst-19-square]	iter_4	0.1622408027095454	0.12548393942415714	11674	11674	35256	35256	22088	22088
abstract_hamiltonians	test_hamiltonians[ham_gnp-k_5_n-60_rinst-19-heavy-hex]	iter_4	0.19513579985747734	0.1563111868287836	16265	16265	48808	48808	28289	28289
abstract_hamiltonians	test_hamiltonians[ham_gnp-k_5_n-60_rinst-19-linear]	iter_4	0.27147013740614057	0.20545177683234214	28091	28091	77842	77842	48540	48540
abstract_hamiltonians	test_hamiltonians[ham_bh_graph-2D-triag-pbc-qubitnodes_Lx-5_Ly-5_U-30_enc-unary_d-4-all-to-all]	iter_4	0.2557044979184866	0.21961998082697393	11592	11592	36453	36453	31942	31942
abstract_hamiltonians	test_hamiltonians[ham_bh_graph-2D-triag-pbc-qubitnodes_Lx-5_Ly-5_U-30_enc-unary_d-4-square]	iter_4	0.3425689465366304	0.2867185832001269	19902	19902	62241	62241	45964	45964
abstract_hamiltonians	test_hamiltonians[ham_bh_graph-2D-triag-pbc-qubitnodes_Lx-5_Ly-5_U-30_enc-unary_d-4-heavy-hex]	iter_4	0.34603272937238216	0.30603714380413294	21937	21937	70160	70160	52476	52476
abstract_hamiltonians	test_hamiltonians[ham_bh_graph-2D-triag-pbc-qubitnodes_Lx-5_Ly-5_U-30_enc-unary_d-4-linear]	iter_4	0.41078412532806396	0.33540970211227733	31271	31271	92730	92730	68854	68854
abstract_hamiltonians	test_hamiltonians[ham_mu_x_prime_enc_unary_dvalues_16-16-16-16-16-16-16-16-16-16-16-16-16-16-16-all-to-all]	iter_4	0.03130290002351807	0.02912070794087468	120	120	1024	1024	152	152
abstract_hamiltonians	test_hamiltonians[ham_mu_x_prime_enc_unary_dvalues_16-16-16-16-16-16-16-16-16-16-16-16-16-16-16-square]	iter_4	0.22340118549764157	0.22829071581363677	120	120	1024	1024	152	152
abstract_hamiltonians	test_hamiltonians[ham_mu_x_prime_enc_unary_dvalues_16-16-16-16-16-16-16-16-16-16-16-16-16-16-16-heavy-hex]	iter_4	0.015655592497852113	0.015556882975287125	120	120	1024	1024	152	152
abstract_hamiltonians	test_hamiltonians[ham_mu_x_prime_enc_unary_dvalues_16-16-16-16-16-16-16-16-16-16-16-16-16-16-16-linear]	iter_4	0.011671115333835283	0.011518111564667827	120	120	1024	1024	152	152
abstract_hamiltonians	test_hamiltonians[ham_tsp_prob-d198_Ncity-8_enc-unary-all-to-all]	iter_4	0.046259231357411904	0.04281226638704538	896	896	2577	2577	422	422
abstract_hamiltonians	test_hamiltonians[ham_tsp_prob-d198_Ncity-8_enc-unary-square]	iter_4	0.04162392641107241	0.03569849241258843	1964	1964	6039	6039	1560	1560
abstract_hamiltonians	test_hamiltonians[ham_tsp_prob-d198_Ncity-8_enc-unary-heavy-hex]	iter_4	0.05642205006197879	0.04697288674387065	2323	2323	7640	7640	1644	1644
abstract_hamiltonians	test_hamiltonians[ham_tsp_prob-d198_Ncity-8_enc-unary-linear]	iter_4	0.06501994328573346	0.054310007118865064	4715	4715	14748	14748	2566	2566
abstract_hamiltonians	test_hamiltonians[ham_tsp_prob-kroD100_Ncity-16_enc-stdbinary-all-to-all]	iter_4	0.21809470728039743	0.2053048461675644	7594	7594	19997	19997	22549	22549
abstract_hamiltonians	test_hamiltonians[ham_tsp_prob-kroD100_Ncity-16_enc-stdbinary-square]	iter_4	0.29118210915476084	0.24673601388931274	15294	15294	48016	48016	38444	38444
abstract_hamiltonians	test_hamiltonians[ham_tsp_prob-kroD100_Ncity-16_enc-stdbinary-heavy-hex]	iter_4	0.3293305616825819	0.28800812643021345	18802	18802	62112	62112	44221	44221
abstract_hamiltonians	test_hamiltonians[ham_tsp_prob-kroD100_Ncity-16_enc-stdbinary-linear]	iter_4	0.355672091866533	0.30278247967362404	20114	20114	65571	65571	44717	44717
abstract_hamiltonians	test_hamiltonians[ham_tsp_prob-fl417_Ncity-16_enc-stdbinary-all-to-all]	iter_4	0.2180682025849819	0.20666560642421244	7606	7606	20022	20022	22468	22468
abstract_hamiltonians	test_hamiltonians[ham_tsp_prob-fl417_Ncity-16_enc-stdbinary-square]	iter_4	0.2847643247805536	0.24643521048128605	15294	15294	48031	48031	38454	38454
abstract_hamiltonians	test_hamiltonians[ham_tsp_prob-fl417_Ncity-16_enc-stdbinary-heavy-hex]	iter_4	0.3274689552684625	0.2831994816660881	18804	18804	62145	62145	44203	44203
abstract_hamiltonians	test_hamiltonians[ham_tsp_prob-fl417_Ncity-16_enc-stdbinary-linear]	iter_4	0.3235470913350582	0.30601853877305984	20118	20118	65692	65692	44705	44705
abstract_hamiltonians	test_hamiltonians[ham_4-uf100-0246.cnf-70-res-all-to-all]	iter_4	0.06803813092410564	0.059902231921167934	1262	1262	4237	4237	1798	1798
abstract_hamiltonians	test_hamiltonians[ham_4-uf100-0246.cnf-70-res-square]	iter_4	0.07599088907814942	0.06339496304281056	5349	5349	15159	15159	5175	5175
abstract_hamiltonians	test_hamiltonians[ham_4-uf100-0246.cnf-70-res-heavy-hex]	iter_4	0.10435798745602369	0.08467628605042894	8364	8364	22999	22999	6707	6707
abstract_hamiltonians	test_hamiltonians[ham_4-uf100-0246.cnf-70-res-linear]	iter_4	0.1901371881365776	0.14904290198215417	22179	22179	55128	55128	14681	14681
abstract_hamiltonians	test_hamiltonians[ham_dsjc1000.1,n-36,rinst-4-all-to-all]	iter_4	0.0608645146164824	0.054625989673169034	1206	1206	4077	4077	1601	1601
abstract_hamiltonians	test_hamiltonians[ham_dsjc1000.1,n-36,rinst-4-square]	iter_4	0.056683763965136476	0.048294072438563616	2967	2967	9591	9591	3715	3715
abstract_hamiltonians	test_hamiltonians[ham_dsjc1000.1,n-36,rinst-4-heavy-hex]	iter_4	0.06938652011255424	0.05864493383301629	3717	3717	11937	11937	4525	4525
abstract_hamiltonians	test_hamiltonians[ham_dsjc1000.1,n-36,rinst-4-linear]	iter_4	0.08937754058702425	0.07275635868843112	7693	7693	22349	22349	7182	7182
abstract_hamiltonians	test_hamiltonians[ham_graph-2D-grid-nonpbc-qubitnodes_Lx-5_Ly-15_h-3-all-to-all]	iter_4	0.04033756325952709	0.036564501718832895	260	260	1110	1110	292	292
abstract_hamiltonians	test_hamiltonians[ham_graph-2D-grid-nonpbc-qubitnodes_Lx-5_Ly-15_h-3-square]	iter_4	0.04395821820134702	0.0406457357108593	636	636	2152	2152	568	568
abstract_hamiltonians	test_hamiltonians[ham_graph-2D-grid-nonpbc-qubitnodes_Lx-5_Ly-15_h-3-heavy-hex]	iter_4	0.04267190691704551	0.03873167251451658	1060	1060	3319	3319	822	822
abstract_hamiltonians	test_hamiltonians[ham_graph-2D-grid-nonpbc-qubitnodes_Lx-5_Ly-15_h-3-linear]	iter_4	0.0283318644699951	0.024686988310090134	1303	1303	3940	3940	924	924
abstract_hamiltonians	test_hamiltonians[ham_bh_graph-1D-grid-pbc-qubitnodes_Lx-10_U-30_enc-unary_d-8-all-to-all]	iter_4	0.3222615607082844	0.2792872544378042	14098	14098	42860	42860	39645	39645
abstract_hamiltonians	test_hamiltonians[ham_bh_graph-1D-grid-pbc-qubitnodes_Lx-10_U-30_enc-unary_d-8-square]	iter_4	0.3903147087742885	0.3356962311081588	23100	23100	74721	74721	57311	57311
abstract_hamiltonians	test_hamiltonians[ham_bh_graph-1D-grid-pbc-qubitnodes_Lx-10_U-30_enc-unary_d-8-heavy-hex]	iter_4	0.39238346616427106	0.3399040256626904	23807	23807	78461	78461	60626	60626
abstract_hamiltonians	test_hamiltonians[ham_bh_graph-1D-grid-pbc-qubitnodes_Lx-10_U-30_enc-unary_d-8-linear]	iter_4	0.4056608273337285	0.3480730385830005	26188	26188	86761	86761	65214	65214
abstract_hamiltonians	test_hamiltonians[ham_4-flat100-7.cnf-90-cc-all-to-all]	iter_4	0.04721605218946934	0.04585346756946473	268	268	963	963	89	89
abstract_hamiltonians	test_hamiltonians[ham_4-flat100-7.cnf-90-cc-square]	iter_4	0.038766609433178716	0.03578157224027174	711	711	2149	2149	264	264
abstract_hamiltonians	test_hamiltonians[ham_4-flat100-7.cnf-90-cc-heavy-hex]	iter_4	0.031956500315573066	0.02823144111882996	1050	1050	3130	3130	426	426
abstract_hamiltonians	test_hamiltonians[ham_4-flat100-7.cnf-90-cc-linear]	iter_4	0.04255316685885191	0.03682876670999186	2486	2486	6476	6476	821	821
abstract_hamiltonians	test_hamiltonians[ham_reg-4_n-90_rinst-07-all-to-all]	iter_4	0.06788600819806258	0.0600419690942063	1008	1008	4142	4142	636	636
abstract_hamiltonians	test_hamiltonians[ham_reg-4_n-90_rinst-07-square]	iter_4	0.0918024153533307	0.08353843912482262	2683	2683	8304	8304	1830	1830
abstract_hamiltonians	test_hamiltonians[ham_reg-4_n-90_rinst-07-heavy-hex]	iter_4	0.0668678319780156	0.05487411880963727	3661	3661	11155	11155	2188	2188
abstract_hamiltonians	test_hamiltonians[ham_reg-4_n-90_rinst-07-linear]	iter_4	0.10642208252102137	0.08663992180178563	9752	9752	25364	25364	4083	4083
abstract_hamiltonians	test_hamiltonians[ham_gnp-k_5_n-90_rinst-02-all-to-all]	iter_4	0.16834091674536467	0.15042287297546864	5898	5898	21860	21860	14417	14417
abstract_hamiltonians	test_hamiltonians[ham_gnp-k_5_n-90_rinst-02-square]	iter_4	0.2584106740541756	0.2181992881000042	20423	20423	60348	60348	35557	35557
abstract_hamiltonians	test_hamiltonians[ham_gnp-k_5_n-90_rinst-02-heavy-hex]	iter_4	0.32137362596889335	0.2649138863198459	29536	29536	84864	84864	45598	45598
abstract_hamiltonians	test_hamiltonians[ham_gnp-k_5_n-90_rinst-02-linear]	iter_4	0.6435147114098072	0.5002595642581582	70206	70206	187632	187632	101282	101282
abstract_hamiltonians	test_hamiltonians[ham_graph-2D-triag-pbc-qubitnodes_Lx-13_Ly-13_h-0.1-all-to-all]	iter_4	0.05816484921995331	0.0530777775535458	546	546	1947	1947	525	525
abstract_hamiltonians	test_hamiltonians[ham_graph-2D-triag-pbc-qubitnodes_Lx-13_Ly-13_h-0.1-square]	iter_4	0.04631451144814491	0.04082688182592392	1817	1817	5332	5332	1674	1674
abstract_hamiltonians	test_hamiltonians[ham_graph-2D-triag-pbc-qubitnodes_Lx-13_Ly-13_h-0.1-heavy-hex]	iter_4	0.04709761030972004	0.04030586929562	2716	2716	7781	7781	1981	1981
abstract_hamiltonians	test_hamiltonians[ham_graph-2D-triag-pbc-qubitnodes_Lx-13_Ly-13_h-0.1-linear]	iter_4	0.07360063360205718	0.06269640683689538	6662	6662	17977	17977	3726	3726
abstract_hamiltonians	test_hamiltonians[ham_bh_graph-1D-grid-pbc-qubitnodes_Lx-46_U-2_enc-gray_d-4-all-to-all]	iter_4	0.12232273700647056	0.11034941114485264	3077	3077	11113	11113	10531	10531
abstract_hamiltonians	test_hamiltonians[ham_bh_graph-1D-grid-pbc-qubitnodes_Lx-46_U-2_enc-gray_d-4-square]	iter_4	0.12584264995530248	0.10902265794575214	5025	5025	17902	17902	14923	14923
abstract_hamiltonians	test_hamiltonians[ham_bh_graph-1D-grid-pbc-qubitnodes_Lx-46_U-2_enc-gray_d-4-heavy-hex]	iter_4	0.13043202576227486	0.11121765356510878	5851	5851	20678	20678	16126	16126
abstract_hamiltonians	test_hamiltonians[ham_bh_graph-1D-grid-pbc-qubitnodes_Lx-46_U-2_enc-gray_d-4-linear]	iter_4	0.11395893884556633	0.10079407598823309	6136	6136	21541	21541	16830	16830
abstract_hamiltonians	test_hamiltonians[ham_bh_graph-2D-grid-nonpbc-qubitnodes_Lx-7_Ly-7_U-70_enc-gray_d-4-all-to-all]	iter_4	0.2007532026618719	0.17955710490544638	5378	5378	19650	19650	17759	17759
abstract_hamiltonians	test_hamiltonians[ham_bh_graph-2D-grid-nonpbc-qubitnodes_Lx-7_Ly-7_U-70_enc-gray_d-4-square]	iter_4	0.20462823659181595	0.17588293304045996	10433	10433	35403	35403	26928	26928
abstract_hamiltonians	test_hamiltonians[ham_bh_graph-2D-grid-nonpbc-qubitnodes_Lx-7_Ly-7_U-70_enc-gray_d-4-heavy-hex]	iter_4	0.23200838603079318	0.1897528044258555	14225	14225	46338	46338	34273	34273
abstract_hamiltonians	test_hamiltonians[ham_bh_graph-2D-grid-nonpbc-qubitnodes_Lx-7_Ly-7_U-70_enc-gray_d-4-linear]	iter_4	0.26500254310667515	0.21766044721007347	20557	20557	62014	62014	44703	44703
abstract_hamiltonians	test_hamiltonians[ham_fh-graph-1D-grid-pbc-qubitnodes_Lx-50_U-2_enc-jw-all-to-all]	iter_4	0.06951824243047408	0.06489411604901155	684	684	2913	2913	1838	1838
abstract_hamiltonians	test_hamiltonians[ham_fh-graph-1D-grid-pbc-qubitnodes_Lx-50_U-2_enc-jw-square]	iter_4	0.07158407270908355	0.06518907030113041	1726	1726	5693	5693	3275	3275
abstract_hamiltonians	test_hamiltonians[ham_fh-graph-1D-grid-pbc-qubitnodes_Lx-50_U-2_enc-jw-heavy-hex]	iter_4	0.05113741365217027	0.04283201127933959	3037	3037	9429	9429	5781	5781
abstract_hamiltonians	test_hamiltonians[ham_fh-graph-1D-grid-pbc-qubitnodes_Lx-50_U-2_enc-jw-linear]	iter_4	0.044147092525077904	0.03846566873387648	2096	2096	6462	6462	4861	4861
abstract_hamiltonians	test_hamiltonians[ham_tsp_prob-st70_Ncity-10_enc-unary-all-to-all]	iter_4	0.09137202189727263	0.08739064752378246	1800	1800	5026	5026	681	681
abstract_hamiltonians	test_hamiltonians[ham_tsp_prob-st70_Ncity-10_enc-unary-square]	iter_4	0.08022856239516002	0.06834457529087862	4084	4084	12602	12602	2742	2742
abstract_hamiltonians	test_hamiltonians[ham_tsp_prob-st70_Ncity-10_enc-unary-heavy-hex]	iter_4	0.08864388770113389	0.07404850104025432	5253	5253	16744	16744	2657	2657
abstract_hamiltonians	test_hamiltonians[ham_tsp_prob-st70_Ncity-10_enc-unary-linear]	iter_4	0.1397678985127381	0.11561013137300809	11285	11285	33051	33051	5547	5547
abstract_hamiltonians	test_hamiltonians[ham_tsp_prob-pr76_Ncity-10_enc-unary-all-to-all]	iter_4	0.09197629158469764	0.09050272625278342	1800	1800	4987	4987	675	675
abstract_hamiltonians	test_hamiltonians[ham_tsp_prob-pr76_Ncity-10_enc-unary-square]	iter_4	0.07914789321903999	0.06788102863356471	4084	4084	12612	12612	2759	2759
abstract_hamiltonians	test_hamiltonians[ham_tsp_prob-pr76_Ncity-10_enc-unary-heavy-hex]	iter_4	0.0919757611118257	0.07464350134666477	5253	5253	16754	16754	2644	2644
abstract_hamiltonians	test_hamiltonians[ham_tsp_prob-pr76_Ncity-10_enc-unary-linear]	iter_4	0.1385741434060037	0.1165524408635166	11285	11285	33102	33102	5571	5571
abstract_hamiltonians	test_hamiltonians[ham_bh_graph-2D-triag-pbc-qubitnodes_Lx-10_Ly-10_U-30_enc-stdbinary_d-4-all-to-all]	iter_4	0.2961084949783981	0.2642998290248215	8794	8794	30797	30797	24136	24136
abstract_hamiltonians	test_hamiltonians[ham_bh_graph-2D-triag-pbc-qubitnodes_Lx-10_Ly-10_U-30_enc-stdbinary_d-4-square]	iter_4	0.3301882389932871	0.2975459429435432	17755	17755	55062	55062	40565	40565
abstract_hamiltonians	test_hamiltonians[ham_bh_graph-2D-triag-pbc-qubitnodes_Lx-10_Ly-10_U-30_enc-stdbinary_d-4-heavy-hex]	iter_4	0.3633883415410916	0.3173530730418861	22358	22358	69266	69266	51151	51151
abstract_hamiltonians	test_hamiltonians[ham_bh_graph-2D-triag-pbc-qubitnodes_Lx-10_Ly-10_U-30_enc-stdbinary_d-4-linear]	iter_4	0.5104661928489804	0.42915604015191394	44006	44006	125884	125884	85403	85403
abstract_hamiltonians	test_hamiltonians[ham_queen13_13,n-28,rinst-0-all-to-all]	iter_4	0.08000509684475568	0.07757748491488971	600	600	1917	1917	195	195
abstract_hamiltonians	test_hamiltonians[ham_queen13_13,n-28,rinst-0-square]	iter_4	0.08419429697096348	0.07711759661989552	1567	1567	4862	4862	645	645
abstract_hamiltonians	test_hamiltonians[ham_queen13_13,n-28,rinst-0-heavy-hex]	iter_4	0.04563406126743013	0.03966513147147802	2130	2130	6418	6418	785	785
abstract_hamiltonians	test_hamiltonians[ham_queen13_13,n-28,rinst-0-linear]	iter_4	0.07734147502252689	0.0722189761698246	3625	3625	10454	10454	894	894
abstract_hamiltonians	test_hamiltonians[ham_will199gpia,n-60,rinst-8-all-to-all]	iter_4	0.15145700637783324	0.1371838473714888	2784	2784	9108	9108	3473	3473
abstract_hamiltonians	test_hamiltonians[ham_will199gpia,n-60,rinst-8-square]	iter_4	0.12729520280845463	0.10551357753574848	7257	7257	23280	23280	8182	8182
abstract_hamiltonians	test_hamiltonians[ham_will199gpia,n-60,rinst-8-heavy-hex]	iter_4	0.16095379473907606	0.1406060690060258	9533	9533	29814	29814	9759	9759
abstract_hamiltonians	test_hamiltonians[ham_will199gpia,n-60,rinst-8-linear]	iter_4	0.23593779131770135	0.18328821752220392	21141	21141	57829	57829	16610	16610
abstract_hamiltonians	test_hamiltonians[ham_bh_graph-1D-grid-pbc-qubitnodes_Lx-60_U-10_enc-stdbinary_d-4-all-to-all]	iter_4	0.17039646053065857	0.16413850417094572	3834	3834	14046	14046	11308	11308
abstract_hamiltonians	test_hamiltonians[ham_bh_graph-1D-grid-pbc-qubitnodes_Lx-60_U-10_enc-stdbinary_d-4-square]	iter_4	0.1384985608359178	0.12143392716017035	4761	4761	17342	17342	13120	13120
abstract_hamiltonians	test_hamiltonians[ham_bh_graph-1D-grid-pbc-qubitnodes_Lx-60_U-10_enc-stdbinary_d-4-heavy-hex]	iter_4	0.1613526325672865	0.13545868382789195	5036	5036	18294	18294	13528	13528
abstract_hamiltonians	test_hamiltonians[ham_bh_graph-1D-grid-pbc-qubitnodes_Lx-60_U-10_enc-stdbinary_d-4-linear]	iter_4	0.1248129734562503	0.11444876177443399	5037	5037	17757	17757	13432	13432
abstract_hamiltonians	test_hamiltonians[ham_bh_graph-2D-triag-pbc-qubitnodes_Lx-3_Ly-22_U-70_enc-unary_d-4-all-to-all]	iter_4	0.6400587316602468	0.5632021790370345	25524	25524	79885	79885	69805	69805
abstract_hamiltonians	test_hamiltonians[ham_bh_graph-2D-triag-pbc-qubitnodes_Lx-3_Ly-22_U-70_enc-unary_d-4-square]	iter_4	0.7655295925214887	0.6086577819660306	46007	46007	145641	145641	104206	104206
abstract_hamiltonians	test_hamiltonians[ham_bh_graph-2D-triag-pbc-qubitnodes_Lx-3_Ly-22_U-70_enc-unary_d-4-heavy-hex]	iter_4	0.8901237985119224	0.737289709970355	54637	54637	171140	171140	115350	115350
abstract_hamiltonians	test_hamiltonians[ham_bh_graph-2D-triag-pbc-qubitnodes_Lx-3_Ly-22_U-70_enc-unary_d-4-linear]	iter_4	1.1872559003531933	0.9300395715981722	95243	95243	273698	273698	160036	160036
abstract_hamiltonians	test_hamiltonians[ham_1-fullins_5,n-48,rinst-7-all-to-all]	iter_4	0.3731206227093935	0.30829098634421825	10380	10380	29358	29358	15275	15275
abstract_hamiltonians	test_hamiltonians[ham_1-fullins_5,n-48,rinst-7-square]	iter_4	0.4188639434675376	0.3513979339040816	25147	25147	79924	79924	33190	33190
abstract_hamiltonians	test_hamiltonians[ham_1-fullins_5,n-48,rinst-7-heavy-hex]	iter_4	0.4926493242383003	0.4166284619520108	33115	33115	103904	103904	37609	37609
abstract_hamiltonians	test_hamiltonians[ham_1-fullins_5,n-48,rinst-7-linear]	iter_4	0.7869690107181668	0.6019123736768961	63649	63649	183422	183422	61391	61391
abstract_hamiltonians	test_hamiltonians[ham_bh_graph-2D-triag-nonpbc-qubitnodes_Lx-11_Ly-11_U-100_enc-gray_d-4-all-to-all]	iter_4	0.4993444426606099	0.42649942574401695	12421	12421	45445	45445	40205	40205
abstract_hamiltonians	test_hamiltonians[ham_bh_graph-2D-triag-nonpbc-qubitnodes_Lx-11_Ly-11_U-100_enc-gray_d-4-square]	iter_4	0.49921379176278907	0.43679502544303733	25622	25622	86878	86878	65243	65243
abstract_hamiltonians	test_hamiltonians[ham_bh_graph-2D-triag-nonpbc-qubitnodes_Lx-11_Ly-11_U-100_enc-gray_d-4-heavy-hex]	iter_4	0.5409038159996271	0.4694160930812359	34421	34421	110175	110175	81720	81720
abstract_hamiltonians	test_hamiltonians[ham_bh_graph-2D-triag-nonpbc-qubitnodes_Lx-11_Ly-11_U-100_enc-gray_d-4-linear]	iter_4	0.7827980658039451	0.5891483835875988	57341	57341	172068	172068	122452	122452
abstract_hamiltonians	test_hamiltonians[ham_fh-graph-1D-grid-nonpbc-qubitnodes_Lx-90_U-2_enc-jw-all-to-all]	iter_4	0.16694722138345242	0.1608430647424289	536	536	3332	3332	798	798
abstract_hamiltonians	test_hamiltonians[ham_fh-graph-1D-grid-nonpbc-qubitnodes_Lx-90_U-2_enc-jw-square]	iter_4	0.12050270558231407	0.11274935884608163	1951	1951	7184	7184	1964	1964
abstract_hamiltonians	test_hamiltonians[ham_fh-graph-1D-grid-nonpbc-qubitnodes_Lx-90_U-2_enc-jw-heavy-hex]	iter_4	0.07058321349322796	0.06265036411145154	3022	3022	9730	9730	3259	3259
abstract_hamiltonians	test_hamiltonians[ham_fh-graph-1D-grid-nonpbc-qubitnodes_Lx-90_U-2_enc-jw-linear]	iter_4	0.06033838943888744	0.056882575154304504	1110	1110	4974	4974	1636	1636
abstract_hamiltonians	test_hamiltonians[ham_graph-2D-triag-pbc-qubitnodes_Lx-19_Ly-19_h-0.5-all-to-all]	iter_4	0.19978837184607984	0.19013932378341755	1140	1140	4253	4253	971	971
abstract_hamiltonians	test_hamiltonians[ham_graph-2D-triag-pbc-qubitnodes_Lx-19_Ly-19_h-0.5-square]	iter_4	0.12276928375164668	0.10964298341423273	4560	4560	13361	13361	3273	3273
abstract_hamiltonians	test_hamiltonians[ham_graph-2D-triag-pbc-qubitnodes_Lx-19_Ly-19_h-0.5-heavy-hex]	iter_4	0.11391328295899762	0.09738377947360277	6804	6804	19209	19209	3998	3998
abstract_hamiltonians	test_hamiltonians[ham_graph-2D-triag-pbc-qubitnodes_Lx-19_Ly-19_h-0.5-linear]	iter_4	0.22179292589426042	0.18228549820681414	21971	21971	58118	58118	10496	10496
abstract_hamiltonians	test_hamiltonians[ham_graph-2D-grid-nonpbc-qubitnodes_Lx-5_Ly-58_h-2-all-to-all]	iter_4	0.43417979901035625	0.43781530546645325	1551	1551	7634	7634	1503	1503
abstract_hamiltonians	test_hamiltonians[ham_graph-2D-grid-nonpbc-qubitnodes_Lx-5_Ly-58_h-2-square]	iter_4	0.23345836624503136	0.2243180364370346	5172	5172	17018	17018	3633	3633
abstract_hamiltonians	test_hamiltonians[ham_graph-2D-grid-nonpbc-qubitnodes_Lx-5_Ly-58_h-2-heavy-hex]	iter_4	0.13237593905068934	0.12983434041962028	7128	7128	22259	22259	4288	4288
abstract_hamiltonians	test_hamiltonians[ham_graph-2D-grid-nonpbc-qubitnodes_Lx-5_Ly-58_h-2-linear]	iter_4	0.15582957145358836	0.15295531494276865	5805	5805	18723	18723	3213	3213
abstract_hamiltonians	test_hamiltonians[ham_fh-graph-2D-triag-nonpbc-qubitnodes_Lx-16_Ly-16_U-4_enc-bk-all-to-all]	iter_4	0.7976475162431598	0.7787370253354311	11437	11437	31694	31694	17715	17715
abstract_hamiltonians	test_hamiltonians[ham_fh-graph-2D-triag-nonpbc-qubitnodes_Lx-16_Ly-16_U-4_enc-bk-square]	iter_4	0.653007467277348	0.5741766560822725	29624	29624	85465	85465	33497	33497
abstract_hamiltonians	test_hamiltonians[ham_fh-graph-2D-triag-nonpbc-qubitnodes_Lx-16_Ly-16_U-4_enc-bk-heavy-hex]	iter_4	0.8954076590016484	0.7379428818821907	47021	47021	132651	132651	51445	51445
abstract_hamiltonians	test_hamiltonians[ham_fh-graph-2D-triag-nonpbc-qubitnodes_Lx-16_Ly-16_U-4_enc-bk-linear]	iter_4	2.2447367776185274	2.022801887243986	156768	156768	416302	416302	148933	148933
abstract_hamiltonians	test_hamiltonians[ham_fh-graph-1D-grid-pbc-qubitnodes_Lx-160_U-12_enc-parity-all-to-all]	iter_4	0.6129438215866685	0.6144549679011106	3493	3493	11413	11413	11692	11692
abstract_hamiltonians	test_hamiltonians[ham_fh-graph-1D-grid-pbc-qubitnodes_Lx-160_U-12_enc-parity-square]	iter_4	0.47647568335135776	0.4453967983524005	9950	9950	29808	29808	19773	19773
abstract_hamiltonians	test_hamiltonians[ham_fh-graph-1D-grid-pbc-qubitnodes_Lx-160_U-12_enc-parity-heavy-hex]	iter_4	0.2442197473719716	0.20577375342448553	17526	17526	50155	50155	30843	30843
abstract_hamiltonians	test_hamiltonians[ham_fh-graph-1D-grid-pbc-qubitnodes_Lx-160_U-12_enc-parity-linear]	iter_4	0.35565382180114585	0.2859451654367149	31891	31891	84069	84069	45738	45738
abstract_hamiltonians	test_hamiltonians[ham_graph-2D-triag-nonpbc-qubitnodes_Lx-3_Ly-160_h-0.1-all-to-all]	iter_4	0.5654232054948807	0.5761347943916917	1606	1606	6287	6287	1204	1204
abstract_hamiltonians	test_hamiltonians[ham_graph-2D-triag-nonpbc-qubitnodes_Lx-3_Ly-160_h-0.1-square]	iter_4	0.17059683054685593	0.15205304510891438	6347	6347	18865	18865	3350	3350
abstract_hamiltonians	test_hamiltonians[ham_graph-2D-triag-nonpbc-qubitnodes_Lx-3_Ly-160_h-0.1-heavy-hex]	iter_4	0.1701738562967096	0.14896680787205696	8655	8655	24822	24822	4432	4432
abstract_hamiltonians	test_hamiltonians[ham_graph-2D-triag-nonpbc-qubitnodes_Lx-3_Ly-160_h-0.1-linear]	iter_4	0.29864943446591496	0.25824618386104703	24404	24404	64353	64353	10432	10432
abstract_hamiltonians	test_hamiltonians[ham_graph-2D-grid-nonpbc-qubitnodes_Lx-19_Ly-19_h-5-all-to-all]	iter_4	0.8282026741653681	0.8532460732385516	1368	1368	5779	5779	677	677
abstract_hamiltonians	test_hamiltonians[ham_graph-2D-grid-nonpbc-qubitnodes_Lx-19_Ly-19_h-5-square]	iter_4	0.05603092205193308	0.050630349200218916	1368	1368	5760	5760	687	687
abstract_hamiltonians	test_hamiltonians[ham_graph-2D-grid-nonpbc-qubitnodes_Lx-19_Ly-19_h-5-heavy-hex]	iter_4	0.1858867583796382	0.16021542650248324	10040	10040	28802	28802	3541	3541
abstract_hamiltonians	test_hamiltonians[ham_graph-2D-grid-nonpbc-qubitnodes_Lx-19_Ly-19_h-5-linear]	iter_4	0.36623141293724376	0.31848000176250935	26897	26897	71257	71257	5101	5101
abstract_hamiltonians	test_hamiltonians[ham_graph-2D-grid-pbc-qubitnodes_Lx-2_Ly-185_h-0.5-all-to-all]	iter_4	0.8913124985992908	0.9272219873964787	1665	1665	8308	8308	4361	4361
abstract_hamiltonians	test_hamiltonians[ham_graph-2D-grid-pbc-qubitnodes_Lx-2_Ly-185_h-0.5-square]	iter_4	0.2997770388610661	0.29125416185706854	5295	5295	17731	17731	7052	7052
abstract_hamiltonians	test_hamiltonians[ham_graph-2D-grid-pbc-qubitnodes_Lx-2_Ly-185_h-0.5-heavy-hex]	iter_4	0.15768563241830894	0.1517823873353856	8367	8367	25568	25568	9118	9118
abstract_hamiltonians	test_hamiltonians[ham_graph-2D-grid-pbc-qubitnodes_Lx-2_Ly-185_h-0.5-linear]	iter_4	0.1596248336136341	0.1547983560178961	5430	5430	17796	17796	6520	6520
abstract_hamiltonians	test_hamiltonians[ham_fh-graph-2D-grid-pbc-qubitnodes_Lx-2_Ly-105_U-8_enc-bk-all-to-all]	iter_4	1.6164470370858908	1.645037280395627	5788	5788	18289	18289	5209	5209
abstract_hamiltonians	test_hamiltonians[ham_fh-graph-2D-grid-pbc-qubitnodes_Lx-2_Ly-105_U-8_enc-bk-square]	iter_4	0.4882170222699642	0.4222125442077716	21049	21049	61474	61474	13979	13979
abstract_hamiltonians	test_hamiltonians[ham_fh-graph-2D-grid-pbc-qubitnodes_Lx-2_Ly-105_U-8_enc-bk-heavy-hex]	iter_4	0.6010037735104561	0.5141723603010178	33903	33903	95440	95440	22096	22096
abstract_hamiltonians	test_hamiltonians[ham_fh-graph-2D-grid-pbc-qubitnodes_Lx-2_Ly-105_U-8_enc-bk-linear]	iter_4	1.770488701760769	1.4998976849019527	113212	113212	296522	296522	83036	83036
abstract_hamiltonians	test_hamiltonians[ham_ash608gpia,n-160,rinst-1-all-to-all]	iter_4	2.263104308396578	2.225584391504526	2268	2268	7674	7674	381	381
abstract_hamiltonians	test_hamiltonians[ham_ash608gpia,n-160,rinst-1-square]	iter_4	0.30779315810650587	0.28989993454888463	10815	10815	31034	31034	3116	3116
abstract_hamiltonians	test_hamiltonians[ham_ash608gpia,n-160,rinst-1-heavy-hex]	iter_4	0.3489411883056164	0.31333119235932827	17169	17169	47738	47738	4291	4291
abstract_hamiltonians	test_hamiltonians[ham_ash608gpia,n-160,rinst-1-linear]	iter_4	1.3462701234966516	1.1661919839680195	95983	95983	244778	244778	16215	16215
abstract_hamiltonians	test_hamiltonians[ham_graph-2D-grid-nonpbc-qubitnodes_Lx-4_Ly-133_h-0.1-all-to-all]	iter_4	3.1643614005297422	3.1576972398906946	2781	2781	13730	13730	3231	3231
abstract_hamiltonians	test_hamiltonians[ham_graph-2D-grid-nonpbc-qubitnodes_Lx-4_Ly-133_h-0.1-square]	iter_4	0.517629518173635	0.5075771622359753	11571	11571	36170	36170	7553	7553
abstract_hamiltonians	test_hamiltonians[ham_graph-2D-grid-nonpbc-qubitnodes_Lx-4_Ly-133_h-0.1-heavy-hex]	iter_4	0.2823484349064529	0.2777377376332879	12150	12150	38158	38158	8255	8255
abstract_hamiltonians	test_hamiltonians[ham_graph-2D-grid-nonpbc-qubitnodes_Lx-4_Ly-133_h-0.1-linear]	iter_4	0.3592017001161973	0.36066682326296967	8337	8337	28436	28436	5979	5979
abstract_hamiltonians	test_hamiltonians[ham_graph-2D-grid-pbc-qubitnodes_Lx-4_Ly-148_h-6-all-to-all]	iter_4	4.203302852809429	4.336051322519779	2368	2368	9692	9692	3153	3153
abstract_hamiltonians	test_hamiltonians[ham_graph-2D-grid-pbc-qubitnodes_Lx-4_Ly-148_h-6-square]	iter_4	0.33190440262357396	0.29997581662610173	12828	12828	37713	37713	8791	8791
abstract_hamiltonians	test_hamiltonians[ham_graph-2D-grid-pbc-qubitnodes_Lx-4_Ly-148_h-6-heavy-hex]	iter_4	0.3360059453795354	0.2903155433014035	18164	18164	51426	51426	11770	11770
abstract_hamiltonians	test_hamiltonians[ham_graph-2D-grid-pbc-qubitnodes_Lx-4_Ly-148_h-6-linear]	iter_4	0.46634568211932975	0.4237258949627479	20958	20958	58638	58638	14013	14013
abstract_hamiltonians	test_hamiltonians[ham_fh-graph-2D-grid-pbc-qubitnodes_Lx-5_Ly-72_U-0_enc-parity-all-to-all]	iter_4	9.031280552968383	8.830146010965109	28644	28644	72326	72326	89248	89248
abstract_hamiltonians	test_hamiltonians[ham_fh-graph-2D-grid-pbc-qubitnodes_Lx-5_Ly-72_U-0_enc-parity-square]	iter_4	3.798009557649493	3.7922801729291677	28638	28638	72416	72416	89207	89207
abstract_hamiltonians	test_hamiltonians[ham_fh-graph-2D-grid-pbc-qubitnodes_Lx-5_Ly-72_U-0_enc-parity-heavy-hex]	iter_4	17.875866586342454	16.99198284931481	135554	135554	372865	372865	264691	264691
abstract_hamiltonians	test_hamiltonians[ham_fh-graph-2D-grid-pbc-qubitnodes_Lx-5_Ly-72_U-0_enc-parity-linear]	iter_4	0.5001039858907461	0.44678318438430625	28694	28694	72819	72819	89521	89521
abstract_hamiltonians	test_hamiltonians[ham_graph-2D-grid-pbc-qubitnodes_Lx-4_Ly-190_h-0-all-to-all]	iter_4	10.423951933160424	10.082510102540255	4560	4560	22115	22115	6653	6653
abstract_hamiltonians	test_hamiltonians[ham_graph-2D-grid-pbc-qubitnodes_Lx-4_Ly-190_h-0-square]	iter_4	0.5198119431734085	0.5128732407465577	19197	19197	59853	59853	14515	14515
abstract_hamiltonians	test_hamiltonians[ham_graph-2D-grid-pbc-qubitnodes_Lx-4_Ly-190_h-0-heavy-hex]	iter_4	0.540111749432981	0.5335898930206895	29784	29784	86923	86923	20796	20796
abstract_hamiltonians	test_hamiltonians[ham_graph-2D-grid-pbc-qubitnodes_Lx-4_Ly-190_h-0-linear]	iter_4	0.7332564424723387	0.7524289228022099	27417	27417	81289	81289	19644	19644
abstract_hamiltonians	test_hamiltonians[ham_graph-2D-triag-nonpbc-qubitnodes_Lx-40_Ly-40_h-0.1-all-to-all]	iter_4	15.177324078977108	15.106859914958477	7380	7380	35713	35713	3161	3161
abstract_hamiltonians	test_hamiltonians[ham_graph-2D-triag-nonpbc-qubitnodes_Lx-40_Ly-40_h-0.1-square]	iter_4	0.8644334524869919	0.8471023552119732	31842	31842	98608	98608	14689	14689
abstract_hamiltonians	test_hamiltonians[ham_graph-2D-triag-nonpbc-qubitnodes_Lx-40_Ly-40_h-0.1-heavy-hex]	iter_4	0.9195348331704736	0.8733966844156384	50877	50877	147189	147189	18947	18947
abstract_hamiltonians	test_hamiltonians[ham_graph-2D-triag-nonpbc-qubitnodes_Lx-40_Ly-40_h-0.1-linear]	iter_4	1.7053096666932106	1.6794025488197803	93627	93627	254614	254614	26091	26091
abstract_hamiltonians	test_hamiltonians[ham_graph-2D-grid-nonpbc-qubitnodes_Lx-5_Ly-186_h-0.5-all-to-all]	iter_4	19.093620439991355	19.30477512255311	5007	5007	24610	24610	4547	4547
abstract_hamiltonians	test_hamiltonians[ham_graph-2D-grid-nonpbc-qubitnodes_Lx-5_Ly-186_h-0.5-square]	iter_4	1.457380011677742	1.4201702531427145	25812	25812	78385	78385	13552	13552
abstract_hamiltonians	test_hamiltonians[ham_graph-2D-grid-nonpbc-qubitnodes_Lx-5_Ly-186_h-0.5-heavy-hex]	iter_4	0.7834988934919238	0.7776126926764846	33282	33282	96467	96467	17782	17782
abstract_hamiltonians	test_hamiltonians[ham_graph-2D-grid-nonpbc-qubitnodes_Lx-5_Ly-186_h-0.5-linear]	iter_4	1.0452852752059698	1.02926642075181	18066	18066	58831	58831	10007	10007
abstract_hamiltonians	test_hamiltonians[ham_graph-2D-grid-pbc-qubitnodes_Lx-5_Ly-186_h-3-all-to-all]	iter_4	19.52856874279678	18.550167540088296	5580	5580	27147	27147	6524	6524
abstract_hamiltonians	test_hamiltonians[ham_graph-2D-grid-pbc-qubitnodes_Lx-5_Ly-186_h-3-square]	iter_4	0.8110399851575494	0.8044067276641726	25557	25557	79061	79061	14976	14976
abstract_hamiltonians	test_hamiltonians[ham_graph-2D-grid-pbc-qubitnodes_Lx-5_Ly-186_h-3-heavy-hex]	iter_4	0.829025948420167	0.8134480910375714	40311	40311	115816	115816	23529	23529
abstract_hamiltonians	test_hamiltonians[ham_graph-2D-grid-pbc-qubitnodes_Lx-5_Ly-186_h-3-linear]	iter_4	1.1719423774629831	1.156166149303317	42678	42678	121534	121534	27432	27432
feynman	test_feynman_transpile[W-state.qasm]	iter_5	0.008400413407278913	0.0083226407614519	10	10	41	41	36	36
feynman	test_feynman_transpile[adder.qasm]	iter_5	0.01019471755565761	0.010166633583895572	94	94	336	336	288	288
feynman	test_feynman_transpile[adder_8.qasm]	iter_5	0.022620002489264417	0.0221969823284847	760	760	2419	2419	994	994
feynman	test_feynman_transpile[barenco_tof_10.qasm]	iter_5	0.01640703138269362	0.016208618451825908	319	319	1149	1149	889	889
feynman	test_feynman_transpile[barenco_tof_3.qasm]	iter_5	0.007950652092695236	0.007897566500135133	36	36	128	128	124	124
feynman	test_feynman_transpile[barenco_tof_4.qasm]	iter_5	0.008587011381199485	0.008515613902116491	78	78	272	272	230	230
feynman	test_feynman_transpile[barenco_tof_5.qasm]	iter_5	0.010081678685941259	0.009982157789636403	119	119	433	433	341	341
feynman	test_feynman_transpile[bigadder.qasm]	iter_5	0.014247680583329344	0.014112870687884943	240	240	807	807	497	497
feynman	test_feynman_transpile[csla_mux_3.qasm]	iter_5	0.01117594310392936	0.011177152936715026	153	153	488	488	246	246
feynman	test_feynman_transpile[csum_mux_9.qasm]	iter_5	0.019234897389721412	0.018996686190366745	411	411	1232	1232	324	324
feynman	test_feynman_transpile[gf2^10_mult.qasm]	iter_5	0.03366174529595622	0.032951889435450236	1804	1804	5164	5164	1786	1786
feynman	test_feynman_transpile[gf2^16_mult.qasm]	iter_5	0.0704347693494388	0.06810786699255307	4690	4690	13283	13283	3600	3600
feynman	test_feynman_transpile[gf2^32_mult.qasm]	iter_5	0.24487865418195726	0.24269778840243816	18246	18246	50984	50984	9183	9183
feynman	test_feynman_transpile[gf2^4_mult.qasm]	iter_5	0.011904833708993263	0.011641785179575285	225	225	687	687	446	446
feynman	test_feynman_transpile[gf2^5_mult.qasm]	iter_5	0.014251499053309946	0.014245583941893918	361	361	1132	1132	608	608
feynman	test_feynman_transpile[gf2^6_mult.qasm]	iter_5	0.01743216250549283	0.017080958034577116	543	543	1639	1639	790	790
feynman	test_feynman_transpile[gf2^7_mult.qasm]	iter_5	0.02068500538977484	0.020387884695082903	785	785	2340	2340	1020	1020
feynman	test_feynman_transpile[gf2^8_mult.qasm]	iter_5	0.025365515588185727	0.02481480524307344	1139	1139	3268	3268	1424	1424
feynman	test_feynman_transpile[gf2^9_mult.qasm]	iter_5	0.028533604720400438	0.02804677447097169	1436	1436	4075	4075	1634	1634
feynman	test_feynman_transpile[grover_5.qasm]	iter_5	0.016981170725142748	0.016892032032566413	470	470	1668	1668	1383	1383
feynman	test_feynman_transpile[ham15-high.qasm]	iter_5	0.07214276665555579	0.06887067734662976	4925	4925	14667	14667	11253	11253
feynman	test_feynman_transpile[ham15-low.qasm]	iter_5	0.018466174172667358	0.018221893658240635	781	781	2156	2156	1207	1207
feynman	test_feynman_transpile[ham15-med.qasm]	iter_5	0.02611735316091462	0.02552166920250807	1220	1220	3699	3699	2684	2684
feynman	test_feynman_transpile[hwb10.qasm]	iter_5	1.4865269400179386	1.2667660880833864	109341	109341	305083	305083	183344	183344
feynman	test_feynman_transpile[hwb11.qasm]	iter_5	5.18684977479279	3.9516608733683825	331684	331684	909866	909866	557210	557210
feynman	test_feynman_transpile[hwb12.qasm]	iter_5	10.541234629228711	8.6925241779536	644148	644148	1765257	1765257	1066858	1066858
feynman	test_feynman_transpile[hwb6.qasm]	iter_5	0.011571318304664652	0.01142623280485471	210	210	717	717	564	564
feynman	test_feynman_transpile[hwb8.qasm]	iter_5	0.26896943151950836	0.22435930632054807	18229	18229	54367	54367	36534	36534
feynman	test_feynman_transpile[inverseqft1.qasm]	iter_5	0.008775154567973793	0.008723759784474285	0	0	40	40	30	30
feynman	test_feynman_transpile[inverseqft2.qasm]	iter_5	0.006092963647611892	0.005945231775856681	0	0	35	35	22	22
feynman	test_feynman_transpile[mod5_4.qasm]	iter_5	0.008167919249529332	0.00801658110236222	45	45	144	144	154	154
feynman	test_feynman_transpile[mod_adder_1024.qasm]	iter_5	0.06361656698087852	0.061723328894004226	3961	3961	11915	11915	8813	8813
feynman	test_feynman_transpile[mod_mult_55.qasm]	iter_5	0.00902329696342349	0.00886425291272727	85	85	288	288	167	167
feynman	test_feynman_transpile[mod_red_21.qasm]	iter_5	0.011458375380330142	0.011433403566479683	199	199	642	642	511	511
feynman	test_feynman_transpile[qcla_adder_10.qasm]	iter_5	0.025683612587886887	0.02501414864300153	485	485	1547	1547	442	442
feynman	test_feynman_transpile[qcla_com_7.qasm]	iter_5	0.019659170919718843	0.019282982666410653	355	355	1185	1185	334	334
feynman	test_feynman_transpile[qcla_mod_7.qasm]	iter_5	0.025570071899355985	0.025056273583322762	915	915	2730	2730	890	890
feynman	test_feynman_transpile[qec.qasm]	iter_5	0.006575270690794649	0.006350213550254257	4	4	20	20	14	14
feynman	test_feynman_transpile[qft.qasm]	iter_5	0.00698952176948873	0.0068673131414330926	16	16	65	65	61	61
feynman	test_feynman_transpile[qft_4.qasm]	iter_5	0.009862212851496027	0.008862673287064983	83	83	269	269	243	243
feynman	test_feynman_transpile[qpt.qasm]	iter_5	0.002804178576179817	0.0027859815571154535	0	0	6	6	4	4
feynman	test_feynman_transpile[rb.qasm]	iter_5	0.0034369092625309164	0.002801218787573976	2	2	12	12	9	9
feynman	test_feynman_transpile[rc_adder_6.qasm]	iter_5	0.011659793417762828	0.011659142515826516	157	157	507	507	320	320
feynman	test_feynman_transpile[teleport.qasm]	iter_5	0.005792635238037429	0.005747849281060504	2	2	27	27	17	17
feynman	test_feynman_transpile[teleportv2.qasm]	iter_5	0.006569980115101144	0.006626128791744665	2	2	28	28	18	18
feynman	test_feynman_transpile[tof_10.qasm]	iter_5	0.013304787118815713	0.013342842157628085	145	145	572	572	473	473
feynman	test_feynman_transpile[tof_3.qasm]	iter_5	0.007828579406391402	0.007852569777976003	24	24	94	94	84	84
feynman	test_feynman_transpile[tof_4.qasm]	iter_5	0.008105089841019205	0.008200780683478643	41	41	165	165	146	146
feynman	test_feynman_transpile[tof_5.qasm]	iter_5	0.008756540924439142	0.008768874838684512	58	58	232	232	194	194
feynman	test_feynman_transpile[vbe_adder_3.qasm]	iter_5	0.01017371471011147	0.010098321304509513	98	98	327	327	245	245
device_hamiltonians	test_hamlib_hamiltonians_transpile[ham_enc_stdbinary_dvalues_d-level-4]	iter_5	0.011948401944673791	0.011846044461946098	3	3	27	27	19	19
device_hamiltonians	test_hamlib_hamiltonians_transpile[ham_mu_y_prime_enc_stdbinary_dvalues_8-8-4-4]	iter_5	0.008146364749832586	0.008097331192863138	18	18	93	93	72	72
device_hamiltonians	test_hamlib_hamiltonians_transpile[ham_mu_y_prime_enc_unary_dvalues_4-4-4]	iter_5	0.004673751847197612	0.0046442827110045725	6	6	52	52	32	32
device_hamiltonians	test_hamlib_hamiltonians_transpile[ham_mu_z_prime_enc_gray_dvalues_4-4-4-4]	iter_5	0.005757501393201805	0.00568512988515025	4	4	33	33	11	11
device_hamiltonians	test_hamlib_hamiltonians_transpile[ham_gnp-k_2_n-4_rinst-05]	iter_5	0.008707547018473798	0.0076905651670745295	22	22	97	97	83	83
device_hamiltonians	test_hamlib_hamiltonians_transpile[ham_ham_parity-4]	iter_5	0.009197200081594612	0.00912598624478939	62	62	207	207	194	194
device_hamiltonians	test_hamlib_hamiltonians_transpile[ham_mu_y_prime_enc_stdbinary_dvalues_16-16-16-16-8-8-8]	iter_5	0.009374383036221299	0.009464971757694786	72	72	255	255	209	209
device_hamiltonians	test_hamlib_hamiltonians_transpile[ham_mu_y_prime_enc_gray_dvalues_16-16-16]	iter_5	0.010564327854663134	0.009560236778969947	92	92	314	314	269	269
device_hamiltonians	test_hamlib_hamiltonians_transpile[ham_enc_gray_dvalues_d-level-16]	iter_5	0.01343354164366273	0.013259205865125134	196	196	804	804	646	646
device_hamiltonians	test_hamlib_hamiltonians_transpile[ham_mu_y_prime_enc_stdbinary_dvalues_8-8-8-8-8-8]	iter_5	0.014297296167976821	0.013215942700442514	36	36	186	186	72	72
device_hamiltonians	test_hamlib_hamiltonians_transpile[ham_gnp-k_4_n-6_rinst-15]	iter_5	0.010839627935521064	0.00974627739740807	136	136	454	454	404	404
device_hamiltonians	test_hamlib_hamiltonians_transpile[ham_ham_JW-6]	iter_5	0.015576093503441966	0.013722181527151002	351	351	1168	1168	1015	1015
device_hamiltonians	test_hamlib_hamiltonians_transpile[ham_mu_y_prime_enc_unary_dvalues_8-8-8-8-8-8-8]	iter_5	0.006171322647173693	0.006128926648397666	14	14	120	120	72	72
device_hamiltonians	test_hamlib_hamiltonians_transpile[ham_7-uf20-0384.cnf-8-res]	iter_5	0.0085390688979934	0.008554090077828879	78	78	248	248	160	160
device_hamiltonians	test_hamlib_hamiltonians_transpile[ham_tsp_rand-002_Ncity-4_enc-stdbinary]	iter_5	0.010288760807289153	0.01010696059956993	137	137	460	460	330	330
device_hamiltonians	test_hamlib_hamiltonians_transpile[ham_ham_JW-8]	iter_5	0.03331251686503147	0.03225719106608424	1374	1374	4196	4196	3566	3566
device_hamiltonians	test_hamlib_hamiltonians_transpile[ham_enc_gray_dvalues_8-8-8]	iter_5	0.43030947508911294	0.40732452894250554	12551	12551	36713	36713	31460	31460
device_hamiltonians	test_hamlib_hamiltonians_transpile[ham_complbipart-n-10_a-5_b-5]	iter_5	0.014229082473320886	0.012588262609723542	287	287	955	955	685	685
device_hamiltonians	test_hamlib_hamiltonians_transpile[ham_ham_JW10]	iter_5	0.07279568538069725	0.0631866409132878	2407	2407	7030	7030	6344	6344
device_hamiltonians	test_hamlib_hamiltonians_transpile[ham_ham_parity10]	iter_5	0.07015895421306292	0.06627540080808103	2440	2440	7107	7107	6634	6634
device_hamiltonians	test_hamlib_hamiltonians_transpile[ham_ham_JW-10]	iter_5	0.07220995066953557	0.06268347109503605	2407	2407	7031	7031	6341	6341
device_hamiltonians	test_hamlib_hamiltonians_transpile[ham_mu_x_prime_enc_stdbinary_dvalues_8-8-8-8-8-8-8-8-8-4-4-4-4-4-4]	iter_5	0.02827136724122933	0.027883243966190255	56	56	295	295	73	73
device_hamiltonians	test_hamlib_hamiltonians_transpile[ham_mu_x_prime_enc_unary_dvalues_4-4-4]	iter_5	0.010328795576449668	0.010241204711536948	18	18	156	156	32	32
device_hamiltonians	test_hamlib_hamiltonians_transpile[ham_ham_parity12]	iter_5	0.16387454948077598	0.1569971085659095	4740	4740	13855	13855	13321	13321
device_hamiltonians	test_hamlib_hamiltonians_transpile[ham_ham_BK12]	iter_5	0.12926598521880805	0.12233365471992227	7063	7063	20486	20486	15320	15320
device_hamiltonians	test_hamlib_hamiltonians_transpile[ham_ham_JW12]	iter_5	0.1677383572484056	0.14658670952277525	4630	4630	13241	13241	12371	12371
device_hamiltonians	test_hamlib_hamiltonians_transpile[ham_bh_graph-1D-grid-pbc-qubitnodes_Lx-4_U-40_enc-gray_d-8]	iter_5	0.09959206442263993	0.09479899518191814	4158	4158	14759	14759	12684	12684
device_hamiltonians	test_hamlib_hamiltonians_transpile[ham_enc_unary_dvalues_4-4-4]	iter_5	0.21959442608058452	0.2147367112338543	12070	12070	39001	39001	27916	27916
device_hamiltonians	test_hamlib_hamiltonians_transpile[ham_ham_parity-14]	iter_5	0.18023245222866535	0.15355610874082362	7159	7159	20541	20541	17017	17017
device_hamiltonians	test_hamlib_hamiltonians_transpile[ham_ham_JW14]	iter_5	0.2117213375866413	0.19416418268034855	6267	6267	17022	17022	15625	15625
device_hamiltonians	test_hamlib_hamiltonians_transpile[ham_enc_gray_dvalues_4-4-4-4-4-4-4]	iter_5	0.08257640680919091	0.0822636098242723	3667	3667	11853	11853	9385	9385
device_hamiltonians	test_hamlib_hamiltonians_transpile[ham_ham_BK-14]	iter_5	0.3224915280006826	0.2963165291585028	15524	15524	43160	43160	34192	34192
device_hamiltonians	test_hamlib_hamiltonians_transpile[ham_ham_JW-14]	iter_5	0.3712525138010581	0.32664106832817197	12221	12221	33583	33583	30474	30474
device_hamiltonians	test_hamlib_hamiltonians_transpile[ham_mu_z_prime_enc_unary_dvalues_16-16-16-16-16-16-16]	iter_5	0.009826164692640305	0.009656874541389315	30	30	256	256	152	152
device_hamiltonians	test_hamlib_hamiltonians_transpile[ham_graph-1D-grid-pbc-qubitnodes_Lx-16_h-2]	iter_5	0.025407714678383455	0.025276313559749186	71	71	236	236	170	170
device_hamiltonians	test_hamlib_hamiltonians_transpile[ham_ham_JW-18]	iter_5	0.9675694238394499	0.8933803662657738	37239	37239	98291	98291	88794	88794
device_hamiltonians	test_hamlib_hamiltonians_transpile[ham_ham_JW-22]	iter_5	4.066316958516836	3.768985539674759	110022	110022	292583	292583	268040	268040
device_hamiltonians	test_hamlib_hamiltonians_transpile[ham_ham_BK22]	iter_5	3.38830853626132	3.0810719691216946	135268	135268	367012	367012	279934	279934
device_hamiltonians	test_hamlib_hamiltonians_transpile[ham_mu_y_prime_enc_stdbinary_dvalues_4-4-4-4-4-4-4-4-4-4-4-4-4-4-4-4-4-4]	iter_5	0.012080141279387148	0.010962681223948797	24	24	240	240	13	13
device_hamiltonians	test_hamlib_hamiltonians_transpile[ham_gnp-k_5_n-24_rinst-04]	iter_5	0.02231552882031316	0.022014654808394287	1007	1007	2861	2861	884	884
device_hamiltonians	test_hamlib_hamiltonians_transpile[ham_tsp_prob-ulysses22_Ncity-8_enc-stdbinary]	iter_5	0.03771081373382073	0.03665483949173774	1864	1864	5999	5999	4253	4253
device_hamiltonians	test_hamlib_hamiltonians_transpile[ham_ham_JW24]	iter_5	9.107498463243246	7.832038432359695	187285	187285	504449	504449	447466	447466
device_hamiltonians	test_hamlib_hamiltonians_transpile[ham_tsp_prob-ts225_Ncity-5_enc-unary]	iter_5	0.01719707408744209	0.016897621141238647	474	474	1431	1431	407	407
device_hamiltonians	test_hamlib_hamiltonians_transpile[ham_graph-1D-grid-pbc-qubitnodes_Lx-26_h-6]	iter_5	0.22147906571626663	0.21535279899835585	109	109	358	358	275	275
device_hamiltonians	test_hamlib_hamiltonians_transpile[ham_bh_graph-1D-grid-pbc-qubitnodes_Lx-14_U-10_enc-stdbinary_d-4]	iter_5	0.043871794319288296	0.04202159890986007	1067	1067	3868	3868	3048	3048
device_hamiltonians	test_hamlib_hamiltonians_transpile[ham_bh_graph-2D-triag-nonpbc-qubitnodes_Lx-3_Ly-5_U-30_enc-gray_d-4]	iter_5	0.07940945845956986	0.06661176821216941	3707	3707	11982	11982	9233	9233
device_hamiltonians	test_hamlib_hamiltonians_transpile[ham_reg-5_n-10_rinst-07]	iter_5	0.09130740944634784	0.09088260544971986	6155	6155	19169	19169	11185	11185
device_hamiltonians	test_hamlib_hamiltonians_transpile[ham_mu_y_prime_enc_unary_dvalues_16-16-16-16-16-16]	iter_5	0.012511337846517563	0.012226179000232127	60	60	512	512	152	152
device_hamiltonians	test_hamlib_hamiltonians_transpile[ham_bh_graph-3D-grid-nonpbc-qubitnodes_Lx-2_Ly-2_Lz-2_U-20_enc-unary_d-4]	iter_5	0.09964416902512312	0.08343516243621707	5201	5201	15785	15785	12696	12696
device_hamiltonians	test_hamlib_hamiltonians_transpile[ham_0-uuf100-0810.cnf-40-res]	iter_5	0.029783659360625526	0.02878700148846422	1341	1341	3452	3452	1176	1176
device_hamiltonians	test_hamlib_hamiltonians_transpile[ham_8-uuf100-0509.cnf-40-cc]	iter_5	0.0306285544682075	0.029626973380800337	1546	1546	4016	4016	1330	1330
device_hamiltonians	test_hamlib_hamiltonians_transpile[ham_gnp-k_4_n-40_rinst-07]	iter_5	0.08547651180281089	0.06659463283916314	6028	6028	16665	16665	9916	9916
device_hamiltonians	test_hamlib_hamiltonians_transpile[ham_2-uf100-0396.cnf-46-res]	iter_5	0.0341860252742966	0.03337429277598858	2213	2213	5581	5581	1712	1712
device_hamiltonians	test_hamlib_hamiltonians_transpile[ham_2-uf100-0601.cnf-46-res]	iter_5	0.036987966658281426	0.0356176954790436	2511	2511	6241	6241	1913	1913
device_hamiltonians	test_hamlib_hamiltonians_transpile[ham_bh_graph-1D-grid-nonpbc-qubitnodes_Lx-12_U-40_enc-unary_d-4]	iter_5	0.09576908295804804	0.08387831670160477	4545	4545	14328	14328	11704	11704
device_hamiltonians	test_hamlib_hamiltonians_transpile[ham_bh_graph-1D-grid-pbc-qubitnodes_Lx-24_U-20_enc-stdbinary_d-4]	iter_5	0.07554158654350501	0.07275376974471978	1781	1781	6629	6629	5182	5182
device_hamiltonians	test_hamlib_hamiltonians_transpile[ham_tsp_prob-lin105_Ncity-7_enc-unary]	iter_5	0.03359646884904754	0.03274527071945129	1650	1650	4769	4769	1212	1212
device_hamiltonians	test_hamlib_hamiltonians_transpile[ham_gnp-k_5_n-60_rinst-19]	iter_5	0.19728420209139585	0.15715499248887813	16063	16063	44641	44641	27012	27012
device_hamiltonians	test_hamlib_hamiltonians_transpile[ham_bh_graph-2D-triag-pbc-qubitnodes_Lx-5_Ly-5_U-30_enc-unary_d-4]	iter_5	0.35272125030557316	0.2844181666150689	21933	21933	65331	65331	48769	48769
device_hamiltonians	test_hamlib_hamiltonians_transpile[ham_mu_x_prime_enc_unary_dvalues_16-16-16-16-16-16-16-16-16-16-16-16-16-16-16]	iter_5	0.016064913078610386	0.015744141169956753	120	120	1024	1024	152	152
device_hamiltonians	test_hamlib_hamiltonians_transpile[ham_tsp_prob-d198_Ncity-8_enc-unary]	iter_5	0.0466714912856167	0.045505438931286335	2679	2679	7619	7619	1811	1811
device_hamiltonians	test_hamlib_hamiltonians_transpile[ham_tsp_prob-kroD100_Ncity-16_enc-stdbinary]	iter_5	0.3106647382179896	0.2774545382708311	19013	19013	58716	58716	41423	41423
device_hamiltonians	test_hamlib_hamiltonians_transpile[ham_tsp_prob-fl417_Ncity-16_enc-stdbinary]	iter_5	0.3120466065593064	0.2769022355787456	19015	19015	58515	58515	41292	41292
device_hamiltonians	test_hamlib_hamiltonians_transpile[ham_4-uf100-0246.cnf-70-res]	iter_5	0.0862476842647249	0.08311520113299291	8566	8566	20532	20532	6347	6347
device_hamiltonians	test_hamlib_hamiltonians_transpile[ham_dsjc1000.1,n-36,rinst-4]	iter_5	0.062421945745454115	0.06040937880821088	3912	3912	11333	11333	4110	4110
device_hamiltonians	test_hamlib_hamiltonians_transpile[ham_graph-2D-grid-nonpbc-qubitnodes_Lx-5_Ly-15_h-3]	iter_5	0.04310523443247961	0.041529668942093846	1027	1027	2864	2864	815	815
device_hamiltonians	test_hamlib_hamiltonians_transpile[ham_bh_graph-1D-grid-pbc-qubitnodes_Lx-10_U-30_enc-unary_d-8]	iter_5	0.4058561138808727	0.3445007087041934	23507	23507	73386	73386	58257	58257
device_hamiltonians	test_hamlib_hamiltonians_transpile[ham_4-flat100-7.cnf-90-cc]	iter_5	0.03300384599715471	0.03187021581006461	1166	1166	2923	2923	473	473
device_hamiltonians	test_hamlib_hamiltonians_transpile[ham_reg-4_n-90_rinst-07]	iter_5	0.07017885421713194	0.05972540466224446	3830	3830	10497	10497	2032	2032
device_hamiltonians	test_hamlib_hamiltonians_transpile[ham_gnp-k_5_n-90_rinst-02]	iter_5	0.3172510997392237	0.2530619129538536	29444	29444	78077	78077	43612	43612
device_hamiltonians	test_hamlib_hamiltonians_transpile[ham_graph-2D-triag-pbc-qubitnodes_Lx-13_Ly-13_h-0.1]	iter_5	0.041222757970293365	0.03998546466231346	2556	2556	6498	6498	1780	1780
device_hamiltonians	test_hamlib_hamiltonians_transpile[ham_bh_graph-1D-grid-pbc-qubitnodes_Lx-46_U-2_enc-gray_d-4]	iter_5	0.12729438650421798	0.1261795452899403	5367	5367	18852	18852	15475	15475
device_hamiltonians	test_hamlib_hamiltonians_transpile[ham_bh_graph-2D-grid-nonpbc-qubitnodes_Lx-7_Ly-7_U-70_enc-gray_d-4]	iter_5	0.21860360261052847	0.18312075082212687	14411	14411	42744	42744	32706	32706
device_hamiltonians	test_hamlib_hamiltonians_transpile[ham_fh-graph-1D-grid-pbc-qubitnodes_Lx-50_U-2_enc-jw]	iter_5	0.05282691964193394	0.04437974239276214	3224	3224	8870	8870	5709	5709
device_hamiltonians	test_hamlib_hamiltonians_transpile[ham_tsp_prob-st70_Ncity-10_enc-unary]	iter_5	0.08377221692353487	0.08086911230706252	5220	5220	15244	15244	2879	2879
device_hamiltonians	test_hamlib_hamiltonians_transpile[ham_tsp_prob-pr76_Ncity-10_enc-unary]	iter_5	0.08568220657224838	0.07963478735958536	5220	5220	15151	15151	2854	2854
device_hamiltonians	test_hamlib_hamiltonians_transpile[ham_bh_graph-2D-triag-pbc-qubitnodes_Lx-10_Ly-10_U-30_enc-stdbinary_d-4]	iter_5	0.32045355858281255	0.3071512505412102	21309	21309	61614	61614	44190	44190
device_hamiltonians	test_hamlib_hamiltonians_transpile[ham_queen13_13,n-28,rinst-0]	iter_5	0.05710870265546772	0.0572274135131585	2343	2343	6164	6164	594	594
device_hamiltonians	test_hamlib_hamiltonians_transpile[ham_will199gpia,n-60,rinst-8]	iter_5	0.12037453738351662	0.11365060052937931	9510	9510	26876	26876	9578	9578
device_hamiltonians	test_hamlib_hamiltonians_transpile[ham_bh_graph-1D-grid-pbc-qubitnodes_Lx-60_U-10_enc-stdbinary_d-4]	iter_5	0.12599396286532283	0.12607759837475088	4488	4488	16408	16408	12751	12751
device_hamiltonians	test_hamlib_hamiltonians_transpile[ham_bh_graph-2D-triag-pbc-qubitnodes_Lx-3_Ly-22_U-70_enc-unary_d-4]	iter_5	0.779596553184092	0.6584676103666425	52899	52899	154509	154509	110189	110189
abstract_small	test_QASMBench_small[adder_n10-all-to-all]	iter_5	0.009505171918620665	0.0093160521859924	65	65	247	247	200	200
abstract_small	test_QASMBench_small[adder_n10-square]	iter_5	0.007400608837737569	0.007343615742464517	91	91	360	360	274	274
abstract_small	test_QASMBench_small[adder_n10-heavy-hex]	iter_5	0.007483396213501692	0.007433292366888212	105	105	385	385	334	334
abstract_small	test_QASMBench_small[adder_n10-linear]	iter_5	0.0072999074757099155	0.007307321152913927	94	94	358	358	300	300
abstract_small	test_QASMBench_small[adder_n4-all-to-all]	iter_5	0.0021736574986868577	0.002079848267084403	10	10	44	44	23	23
abstract_small	test_QASMBench_small[adder_n4-square]	iter_5	0.002130690990544563	0.002047010326898226	10	10	44	44	23	23
abstract_small	test_QASMBench_small[adder_n4-heavy-hex]	iter_5	0.004439162080406502	0.00439878868991914	16	16	63	63	33	33
abstract_small	test_QASMBench_small[adder_n4-linear]	iter_5	0.00379909964746053	0.0037003559776796744	16	16	70	70	39	39
abstract_small	test_QASMBench_small[basis_change_n3-all-to-all]	iter_5	0.002089884310756644	0.0020228767146666846	10	10	86	86	54	54
abstract_small	test_QASMBench_small[basis_change_n3-square]	iter_5	0.002165067714193593	0.0020911715712332935	10	10	86	86	54	54
abstract_small	test_QASMBench_small[basis_change_n3-heavy-hex]	iter_5	0.0029169385577889457	0.002828188925400418	10	10	86	86	54	54
abstract_small	test_QASMBench_small[basis_change_n3-linear]	iter_5	0.0021149334240149944	0.002080236150967804	10	10	86	86	54	54
abstract_small	test_QASMBench_small[basis_test_n4-all-to-all]	iter_5	0.002085088419445445	0.0019093333441462066	6	6	48	48	19	19
abstract_small	test_QASMBench_small[basis_test_n4-square]	iter_5	0.002035512163792193	0.00189002419667326	6	6	50	50	20	20
abstract_small	test_QASMBench_small[basis_test_n4-heavy-hex]	iter_5	0.0028187652533671944	0.00275280532863854	6	6	50	50	20	20
abstract_small	test_QASMBench_small[basis_test_n4-linear]	iter_5	0.002026357695835979	0.0018757990192252774	6	6	50	50	20	20
abstract_small	test_QASMBench_small[basis_trotter_n4-all-to-all]	iter_5	0.009993401229042898	0.00869676776076715	179	179	973	973	493	493
abstract_small	test_QASMBench_small[basis_trotter_n4-square]	iter_5	0.011652872650117814	0.01035536062177066	207	207	1081	1081	513	513
abstract_small	test_QASMBench_small[basis_trotter_n4-heavy-hex]	iter_5	0.013366776906574765	0.011638850044411949	268	268	1261	1261	956	956
abstract_small	test_QASMBench_small[basis_trotter_n4-linear]	iter_5	0.012016388623020317	0.010551415916000093	229	229	1171	1171	625	625
abstract_small	test_QASMBench_small[bb84_n8-all-to-all]	iter_5	0.001656749742595773	0.0013189513423888803	0	0	39	39	8	8
abstract_small	test_QASMBench_small[bb84_n8-square]	iter_5	0.0016309599915560146	0.0013231069536806025	0	0	39	39	8	8
abstract_small	test_QASMBench_small[bb84_n8-heavy-hex]	iter_5	0.002195060590273654	0.0015009313072191506	0	0	39	39	8	8
abstract_small	test_QASMBench_small[bb84_n8-linear]	iter_5	0.0015808116758660395	0.0010997101252201858	0	0	39	39	8	8
abstract_small	test_QASMBench_small[bell_n4-all-to-all]	iter_5	0.002435445257606991	0.001952568117691123	5	5	38	38	14	14
abstract_small	test_QASMBench_small[bell_n4-square]	iter_5	0.0020402163594633667	0.0019892827294674155	5	5	42	42	17	17
abstract_small	test_QASMBench_small[bell_n4-heavy-hex]	iter_5	0.003437217411452106	0.0027221879119523015	5	5	39	39	17	17
abstract_small	test_QASMBench_small[bell_n4-linear]	iter_5	0.0024537321332157875	0.001996811405317673	5	5	39	39	15	15
abstract_small	test_QASMBench_small[cat_state_n4-all-to-all]	iter_5	0.0013997566694294223	0.0013658703844744474	3	3	22	22	13	13
abstract_small	test_QASMBench_small[cat_state_n4-square]	iter_5	0.00136312337902685	0.0013389512226320635	3	3	22	22	13	13
abstract_small	test_QASMBench_small[cat_state_n4-heavy-hex]	iter_5	0.0021256379783153533	0.002071740413301213	3	3	22	22	13	13
abstract_small	test_QASMBench_small[cat_state_n4-linear]	iter_5	0.001291667184743442	0.001323217780725564	3	3	22	22	13	13
abstract_small	test_QASMBench_small[deutsch_n2-all-to-all]	iter_5	0.0009295439052783963	0.0009464162032212063	1	1	11	11	8	8
abstract_small	test_QASMBench_small[deutsch_n2-square]	iter_5	0.0010746059957753044	0.0010921304354170836	1	1	11	11	8	8
abstract_small	test_QASMBench_small[deutsch_n2-heavy-hex]	iter_5	0.001800983504739826	0.0017552248047973344	1	1	11	11	8	8
abstract_small	test_QASMBench_small[deutsch_n2-linear]	iter_5	0.0009355050515872321	0.0009030657298266206	1	1	11	11	8	8
abstract_small	test_QASMBench_small[dnn_n2-all-to-all]	iter_5	0.0012007264761740683	0.001156808141540814	3	3	31	31	20	20
abstract_small	test_QASMBench_small[dnn_n2-square]	iter_5	0.0013306398881760277	0.0013434710114766536	3	3	31	31	20	20
abstract_small	test_QASMBench_small[dnn_n2-heavy-hex]	iter_5	0.0021006651714051082	0.001993730979470106	3	3	31	31	20	20
abstract_small	test_QASMBench_small[dnn_n2-linear]	iter_5	0.0012184162038777556	0.0011323274512757872	3	3	31	31	20	20
abstract_small	test_QASMBench_small[dnn_n8-all-to-all]	iter_5	0.007084901049507387	0.006830110295635202	64	64	444	444	80	80
abstract_small	test_QASMBench_small[dnn_n8-square]	iter_5	0.004979283618875322	0.004850064228112633	64	64	442	442	80	80
abstract_small	test_QASMBench_small[dnn_n8-heavy-hex]	iter_5	0.007188903813761088	0.007112817520775446	94	94	521	521	112	112
abstract_small	test_QASMBench_small[dnn_n8-linear]	iter_5	0.007974172059189657	0.006903451114125988	109	109	596	596	124	124
abstract_small	test_QASMBench_small[error_correctiond3_n5-all-to-all]	iter_5	0.0036832127620965356	0.003624698697504672	35	35	116	116	102	102
abstract_small	test_QASMBench_small[error_correctiond3_n5-square]	iter_5	0.005163176223001582	0.00513719598621286	38	38	133	133	98	98
abstract_small	test_QASMBench_small[error_correctiond3_n5-heavy-hex]	iter_5	0.005330222680471664	0.0052491163834929465	44	44	133	133	110	110
abstract_small	test_QASMBench_small[error_correctiond3_n5-linear]	iter_5	0.004876922273156631	0.004858657534192935	53	53	153	153	115	115
abstract_small	test_QASMBench_small[fredkin_n3-all-to-all]	iter_5	0.0018238405225541301	0.0018163634149331441	8	8	34	34	25	25
abstract_small	test_QASMBench_small[fredkin_n3-square]	iter_5	0.0034288374043888216	0.0033557201933228607	14	14	49	49	37	37
abstract_small	test_QASMBench_small[fredkin_n3-heavy-hex]	iter_5	0.005071824856148744	0.004175583508854009	14	14	58	58	47	47
abstract_small	test_QASMBench_small[fredkin_n3-linear]	iter_5	0.003294525546548159	0.0032670174038758244	14	14	53	53	42	42
abstract_small	test_QASMBench_small[grover_n2-all-to-all]	iter_5	0.001035085492032139	0.0010793024589267947	2	2	12	12	10	10
abstract_small	test_QASMBench_small[grover_n2-square]	iter_5	0.0011763391731898754	0.001236127179678037	2	2	12	12	10	10
abstract_small	test_QASMBench_small[grover_n2-heavy-hex]	iter_5	0.0019389446999275712	0.0019412611881828206	2	2	14	14	9	9
abstract_small	test_QASMBench_small[grover_n2-linear]	iter_5	0.0010978187520205565	0.0010670171029626685	2	2	12	12	10	10
abstract_small	test_QASMBench_small[hhl_n7-all-to-all]	iter_5	0.010001206115543186	0.009012345099248566	92	92	397	397	323	323
abstract_small	test_QASMBench_small[hhl_n7-square]	iter_5	0.009113417755739362	0.008058398791135998	138	138	532	532	403	403
abstract_small	test_QASMBench_small[hhl_n7-heavy-hex]	iter_5	0.009777196961426243	0.008538481688736815	196	196	692	692	478	478
abstract_small	test_QASMBench_small[hhl_n7-linear]	iter_5	0.009629865773022175	0.00841895413694081	240	240	801	801	534	534
abstract_small	test_QASMBench_small[hs4_n4-all-to-all]	iter_5	0.0015961282107786372	0.0015859426888405468	4	4	28	28	11	11
abstract_small	test_QASMBench_small[hs4_n4-square]	iter_5	0.0016812010164169	0.001552261916269108	4	4	28	28	10	10
abstract_small	test_QASMBench_small[hs4_n4-heavy-hex]	iter_5	0.002411385033636877	0.0023750410273827185	4	4	28	28	10	10
abstract_small	test_QASMBench_small[hs4_n4-linear]	iter_5	0.0015073253063263594	0.001528391931041152	4	4	26	26	10	10
abstract_small	test_QASMBench_small[inverseqft_n4-all-to-all]	iter_5	0.00352748680555403	0.003461067419266328	0	0	35	35	22	22
abstract_small	test_QASMBench_small[inverseqft_n4-square]	iter_5	0.003570385302273219	0.0035142757710945084	0	0	35	35	22	22
abstract_small	test_QASMBench_small[inverseqft_n4-heavy-hex]	iter_5	0.004394586070030221	0.004339194069156831	0	0	35	35	22	22
abstract_small	test_QASMBench_small[inverseqft_n4-linear]	iter_5	0.003562165028068112	0.0035373067745351067	0	0	35	35	22	22
abstract_small	test_QASMBench_small[ipea_n2-all-to-all]	iter_5	0.021479046466399213	0.02025841061025858	5	5	59	59	56	56
abstract_small	test_QASMBench_small[ipea_n2-square]	iter_5	0.020761449437807587	0.02126918505040967	5	5	58	58	54	54
abstract_small	test_QASMBench_small[ipea_n2-heavy-hex]	iter_5	0.021604479998350145	0.021503644596253122	5	5	58	58	54	54
abstract_small	test_QASMBench_small[ipea_n2-linear]	iter_5	0.021713058203458785	0.02077948241209497	5	5	59	59	56	56
abstract_small	test_QASMBench_small[ising_n10-all-to-all]	iter_5	0.008180155299412899	0.007888159885381659	90	90	423	423	93	93
abstract_small	test_QASMBench_small[ising_n10-square]	iter_5	0.007874279568392423	0.006824707820803136	90	90	466	466	98	98
abstract_small	test_QASMBench_small[ising_n10-heavy-hex]	iter_5	0.00559754171437281	0.005579026879032672	90	90	445	445	94	94
abstract_small	test_QASMBench_small[ising_n10-linear]	iter_5	0.0061140093335344745	0.005164490544486567	90	90	462	462	98	98
abstract_small	test_QASMBench_small[iswap_n2-all-to-all]	iter_5	0.0010596770139056303	0.0010312453659761483	2	2	13	13	9	9
abstract_small	test_QASMBench_small[iswap_n2-square]	iter_5	0.0011982174565059107	0.0012892918297793808	2	2	13	13	9	9
abstract_small	test_QASMBench_small[iswap_n2-heavy-hex]	iter_5	0.001931304074141013	0.0018730131001566267	2	2	14	14	10	10
abstract_small	test_QASMBench_small[iswap_n2-linear]	iter_5	0.0010523569133542524	0.0011011589982896854	2	2	13	13	9	9
abstract_small	test_QASMBench_small[linearsolver_n3-all-to-all]	iter_5	0.0015726524213106215	0.0015958320981306238	4	4	27	27	16	16
abstract_small	test_QASMBench_small[linearsolver_n3-square]	iter_5	0.001615283518194526	0.0015589869936983847	4	4	29	29	18	18
abstract_small	test_QASMBench_small[linearsolver_n3-heavy-hex]	iter_5	0.00238541624347126	0.00228808169544056	4	4	27	27	17	17
abstract_small	test_QASMBench_small[linearsolver_n3-linear]	iter_5	0.0015662074604183185	0.0014918885636525075	4	4	27	27	16	16
abstract_small	test_QASMBench_small[lpn_n5-all-to-all]	iter_5	0.001413114186187711	0.0013604806168960072	2	2	18	18	8	8
abstract_small	test_QASMBench_small[lpn_n5-square]	iter_5	0.0015832476448594478	0.0015690942392658793	2	2	19	19	11	11
abstract_small	test_QASMBench_small[lpn_n5-heavy-hex]	iter_5	0.002063751814895356	0.002013369571568087	2	2	18	18	8	8
abstract_small	test_QASMBench_small[lpn_n5-linear]	iter_5	0.0014135229789855464	0.001328645513732304	2	2	18	18	8	8
abstract_small	test_QASMBench_small[pea_n5-all-to-all]	iter_5	0.016282646771287546	0.015328080195820692	17	17	86	86	57	57
abstract_small	test_QASMBench_small[pea_n5-square]	iter_5	0.019194059041247033	0.017380134675835	26	26	101	101	85	85
abstract_small	test_QASMBench_small[pea_n5-heavy-hex]	iter_5	0.01924730792503666	0.018946005685026187	29	29	114	114	96	96
abstract_small	test_QASMBench_small[pea_n5-linear]	iter_5	0.01802244203697358	0.01707372988664335	29	29	121	121	96	96
abstract_small	test_QASMBench_small[qaoa_n3-all-to-all]	iter_5	0.001566396084661684	0.0015376408850978204	6	6	29	29	27	27
abstract_small	test_QASMBench_small[qaoa_n3-square]	iter_5	0.0029777880407031907	0.0029584290919664464	9	9	35	35	33	33
abstract_small	test_QASMBench_small[qaoa_n3-heavy-hex]	iter_5	0.003731037369640223	0.0036901273082808723	7	7	41	41	34	34
abstract_small	test_QASMBench_small[qaoa_n3-linear]	iter_5	0.002759123131590711	0.0027496076495894654	7	7	40	40	33	33
abstract_small	test_QASMBench_small[qaoa_n6-all-to-all]	iter_5	0.004945929668554404	0.004024617859535644	36	36	223	223	87	87
abstract_small	test_QASMBench_small[qaoa_n6-square]	iter_5	0.006610357368441477	0.005689600076621924	54	54	288	288	176	176
abstract_small	test_QASMBench_small[qaoa_n6-heavy-hex]	iter_5	0.0066847584373850855	0.005739202722907066	60	60	310	310	186	186
abstract_small	test_QASMBench_small[qaoa_n6-linear]	iter_5	0.006469343869101922	0.005607188684788681	72	72	338	338	175	175
abstract_small	test_QASMBench_small[qec_en_n5-all-to-all]	iter_5	0.0026139011634710692	0.001999962243147531	10	10	37	37	23	23
abstract_small	test_QASMBench_small[qec_en_n5-square]	iter_5	0.0024338478475441168	0.0023377603629515286	10	10	47	48	33	33
abstract_small	test_QASMBench_small[qec_en_n5-heavy-hex]	iter_5	0.004086458464227025	0.004086167045731835	13	13	44	44	27	27
abstract_small	test_QASMBench_small[qec_en_n5-linear]	iter_5	0.004594396737714609	0.003906434998561294	18	18	76	76	56	56
abstract_small	test_QASMBench_small[qec_sm_n5-all-to-all]	iter_5	0.003289857971002207	0.0032847542240916484	4	4	20	20	14	14
abstract_small	test_QASMBench_small[qec_sm_n5-square]	iter_5	0.003713500696694714	0.0037317333991831615	4	4	20	20	14	14
abstract_small	test_QASMBench_small[qec_sm_n5-heavy-hex]	iter_5	0.004333393166388445	0.004654418064954695	4	4	20	20	14	14
abstract_small	test_QASMBench_small[qec_sm_n5-linear]	iter_5	0.003520773730885524	0.0035665038647869278	4	4	21	21	14	14
abstract_small	test_QASMBench_small[qft_n4-all-to-all]	iter_5	0.0023762220491285193	0.0023064043512567877	12	12	46	46	37	37
abstract_small	test_QASMBench_small[qft_n4-square]	iter_5	0.004480057852152659	0.0037026529366424843	16	16	62	62	46	46
abstract_small	test_QASMBench_small[qft_n4-heavy-hex]	iter_5	0.0044305771884937135	0.004363048707063381	18	18	67	67	68	68
abstract_small	test_QASMBench_small[qft_n4-linear]	iter_5	0.003961330437431893	0.003937267659542461	19	19	75	75	62	62
abstract_small	test_QASMBench_small[qpe_n9-all-to-all]	iter_5	0.008062689201324247	0.0078977889640898	43	43	219	219	158	158
abstract_small	test_QASMBench_small[qpe_n9-square]	iter_5	0.00742400968586331	0.0065787642636672165	71	71	306	306	235	235
abstract_small	test_QASMBench_small[qpe_n9-heavy-hex]	iter_5	0.00660996152949867	0.00662134728793587	78	78	319	319	240	240
abstract_small	test_QASMBench_small[qpe_n9-linear]	iter_5	0.006449551580921758	0.006541467303859776	90	90	337	337	271	271
abstract_small	test_QASMBench_small[qrng_n4-all-to-all]	iter_5	0.000742647229977276	0.0007129056686581356	0	0	16	16	4	4
abstract_small	test_QASMBench_small[qrng_n4-square]	iter_5	0.0007118236983931342	0.0007187710898861302	0	0	16	16	4	4
abstract_small	test_QASMBench_small[qrng_n4-heavy-hex]	iter_5	0.001239787488864491	0.0011732971959685678	0	0	16	16	4	4
abstract_small	test_QASMBench_small[qrng_n4-linear]	iter_5	0.0007318830150582894	0.0006575234920570725	0	0	16	16	4	4
abstract_small	test_QASMBench_small[quantumwalks_n2-all-to-all]	iter_5	0.0012906121238060798	0.0011943448541564912	3	3	32	32	22	22
abstract_small	test_QASMBench_small[quantumwalks_n2-square]	iter_5	0.0013902811390325064	0.0013568931821415701	3	3	32	32	22	22
abstract_small	test_QASMBench_small[quantumwalks_n2-heavy-hex]	iter_5	0.002081797026415218	0.002042962140382425	3	3	32	32	21	21
abstract_small	test_QASMBench_small[quantumwalks_n2-linear]	iter_5	0.0012698608626936668	0.0011669320810245676	3	3	32	32	22	22
abstract_small	test_QASMBench_small[sat_n7-all-to-all]	iter_5	0.0066754136766706195	0.00649597270724674	60	60	259	259	182	182
abstract_small	test_QASMBench_small[sat_n7-square]	iter_5	0.006895059601626765	0.006834706480520359	92	92	348	348	276	276
abstract_small	test_QASMBench_small[sat_n7-heavy-hex]	iter_5	0.006819804819921653	0.006826356627551236	99	99	362	362	275	275
abstract_small	test_QASMBench_small[sat_n7-linear]	iter_5	0.006844508780964783	0.006802453213489391	110	110	412	412	293	293
abstract_small	test_QASMBench_small[shor_n5-all-to-all]	iter_5	0.009464049762622877	0.009368444733116606	25	25	132	132	95	95
abstract_small	test_QASMBench_small[shor_n5-square]	iter_5	0.009774059304321299	0.009800018923519884	43	43	160	160	133	133
abstract_small	test_QASMBench_small[shor_n5-heavy-hex]	iter_5	0.0100724951546524	0.010067053599863924	46	46	172	172	154	154
abstract_small	test_QASMBench_small[shor_n5-linear]	iter_5	0.009386810175049196	0.00929838630060355	49	49	190	190	167	167
abstract_small	test_QASMBench_small[simon_n6-all-to-all]	iter_5	0.0037105185233085093	0.0036167647913098334	14	14	84	84	58	58
abstract_small	test_QASMBench_small[simon_n6-square]	iter_5	0.005377351830916843	0.005366969728068019	19	19	102	102	76	76
abstract_small	test_QASMBench_small[simon_n6-heavy-hex]	iter_5	0.005441736872875836	0.0055164253430032145	22	22	123	123	95	95
abstract_small	test_QASMBench_small[simon_n6-linear]	iter_5	0.005056950600540384	0.005040681488545877	22	22	100	100	80	80
abstract_small	test_QASMBench_small[teleportation_n3-all-to-all]	iter_5	0.0013304569333273842	0.001249376701966293	2	2	22	22	11	11
abstract_small	test_QASMBench_small[teleportation_n3-square]	iter_5	0.0013623106109346458	0.0012428187280677991	2	2	18	18	9	9
abstract_small	test_QASMBench_small[teleportation_n3-heavy-hex]	iter_5	0.002009826262345475	0.001948623587103451	2	2	18	18	9	9
abstract_small	test_QASMBench_small[teleportation_n3-linear]	iter_5	0.00132282383608853	0.0012750391825943827	2	2	22	22	10	10
abstract_small	test_QASMBench_small[toffoli_n3-all-to-all]	iter_5	0.0020043127197813203	0.0015815339054525111	6	6	27	27	23	23
abstract_small	test_QASMBench_small[toffoli_n3-square]	iter_5	0.0034325960197395854	0.0029364945366978645	9	9	33	33	29	29
abstract_small	test_QASMBench_small[toffoli_n3-heavy-hex]	iter_5	0.004435473905196266	0.0037161100490225685	7	7	41	41	32	32
abstract_small	test_QASMBench_small[toffoli_n3-linear]	iter_5	0.0031719106936552487	0.0026998784220804367	7	7	36	36	30	30
abstract_small	test_QASMBench_small[variational_n4-all-to-all]	iter_5	0.0019961234063227127	0.0019189643679431683	8	8	72	72	32	32
abstract_small	test_QASMBench_small[variational_n4-square]	iter_5	0.001960250777528458	0.001877269185261574	8	8	72	72	32	32
abstract_small	test_QASMBench_small[variational_n4-heavy-hex]	iter_5	0.002785177575577997	0.0026822285553128084	8	8	72	72	32	32
abstract_small	test_QASMBench_small[variational_n4-linear]	iter_5	0.0020265174855896295	0.0018809652228734483	8	8	72	72	32	32
abstract_small	test_QASMBench_small[vqe_n4-all-to-all]	iter_5	0.002314520790560605	0.00230377568397671	9	9	84	84	33	33
abstract_small	test_QASMBench_small[vqe_n4-square]	iter_5	0.002367891146293009	0.002271215571090579	9	9	84	84	33	33
abstract_small	test_QASMBench_small[vqe_n4-heavy-hex]	iter_5	0.0031532657014418253	0.003022985683003468	9	9	84	84	33	33
abstract_small	test_QASMBench_small[vqe_n4-linear]	iter_5	0.002352691356441364	0.002184285914660095	9	9	84	84	33	33
abstract_small	test_QASMBench_small[vqe_uccsd_n4-all-to-all]	iter_5	0.004784873710610928	0.00470630813894483	71	71	219	219	224	224
abstract_small	test_QASMBench_small[vqe_uccsd_n4-square]	iter_5	0.004694714041989903	0.0046589020006720305	71	71	219	219	225	225
abstract_small	test_QASMBench_small[vqe_uccsd_n4-heavy-hex]	iter_5	0.0051201018033904975	0.005147736405110892	71	71	222	222	226	226
abstract_small	test_QASMBench_small[vqe_uccsd_n4-linear]	iter_5	0.004715548124387517	0.004705868205650055	71	71	252	252	231	231
abstract_small	test_QASMBench_small[vqe_uccsd_n6-all-to-all]	iter_5	0.01675511432582872	0.016201441575373923	923	923	2490	2490	2922	2922
abstract_small	test_QASMBench_small[vqe_uccsd_n6-square]	iter_5	0.021667642129022023	0.018610869012773038	947	947	2770	2770	2912	2912
abstract_small	test_QASMBench_small[vqe_uccsd_n6-heavy-hex]	iter_5	0.02197544276714325	0.019165304434650084	987	987	2723	2723	3048	3048
abstract_small	test_QASMBench_small[vqe_uccsd_n6-linear]	iter_5	0.02101892523933202	0.01824805882104017	987	987	2894	2894	3072	3072
abstract_small	test_QASMBench_small[vqe_uccsd_n8-all-to-all]	iter_5	0.0730931901239923	0.060776130645535886	4815	4815	12404	12404	15014	15014
abstract_small	test_QASMBench_small[vqe_uccsd_n8-square]	iter_5	0.08188911201432347	0.06815809264246907	5058	5058	13813	13813	15151	15151
abstract_small	test_QASMBench_small[vqe_uccsd_n8-heavy-hex]	iter_5	0.08444311857844393	0.07082339908395495	5388	5388	14065	14065	16043	16043
abstract_small	test_QASMBench_small[vqe_uccsd_n8-linear]	iter_5	0.08237847530593474	0.06824788091083368	5420	5420	14310	14310	16160	16160
abstract_small	test_QASMBench_small[wstate_n3-all-to-all]	iter_5	0.003706039162352681	0.0032869085828347725	6	6	34	34	28	28
abstract_small	test_QASMBench_small[wstate_n3-square]	iter_5	0.005398621412248097	0.00535277584567666	12	12	53	53	37	37
abstract_small	test_QASMBench_small[wstate_n3-heavy-hex]	iter_5	0.005971171170178997	0.0059639333389126335	10	10	53	53	44	44
abstract_small	test_QASMBench_small[wstate_n3-linear]	iter_5	0.004943848762491028	0.004925903252730466	10	10	41	41	36	36
abstract_medium	test_QASMBench_medium[bigadder_n18-all-to-all]	iter_5	0.013772761703214863	0.01311757547987832	130	130	499	499	318	318
abstract_medium	test_QASMBench_medium[bigadder_n18-square]	iter_5	0.011125142765896661	0.011044132911289731	201	201	731	731	432	432
abstract_medium	test_QASMBench_medium[bigadder_n18-heavy-hex]	iter_5	0.009921046574750254	0.009783669176729435	218	218	769	769	498	498
abstract_medium	test_QASMBench_medium[bigadder_n18-linear]	iter_5	0.009904089527799911	0.009736615595848937	228	228	829	829	584	584
abstract_medium	test_QASMBench_medium[bv_n14-all-to-all]	iter_5	0.005805179615105902	0.0057583734496600095	13	13	107	107	28	28
abstract_medium	test_QASMBench_medium[bv_n14-square]	iter_5	0.005124475490866285	0.005087509494787919	27	27	171	171	75	75
abstract_medium	test_QASMBench_medium[bv_n14-heavy-hex]	iter_5	0.005190192949863112	0.005225606768720412	40	40	179	179	96	96
abstract_medium	test_QASMBench_medium[bv_n14-linear]	iter_5	0.004785910103379226	0.004744373555547498	24	24	220	220	91	91
abstract_medium	test_QASMBench_medium[bv_n19-all-to-all]	iter_5	0.007339647991194142	0.0073002816488345465	18	18	144	144	33	33
abstract_medium	test_QASMBench_medium[bv_n19-square]	iter_5	0.014065913506783545	0.013833236578904408	43	43	244	244	105	105
abstract_medium	test_QASMBench_medium[bv_n19-heavy-hex]	iter_5	0.0056004072968031	0.0055751469089753095	72	72	296	296	163	163
abstract_medium	test_QASMBench_medium[bv_n19-linear]	iter_5	0.005325072009623404	0.00534520780836994	34	34	302	302	118	118
abstract_medium	test_QASMBench_medium[bwt_n21-all-to-all]	iter_5	5.757480952888727	5.739144349470735	169200	169200	658875	658875	428309	428309
abstract_medium	test_QASMBench_medium[bwt_n21-square]	iter_5	8.203730121254921	7.33995058760047	395444	395444	1265957	1265957	755106	755106
abstract_medium	test_QASMBench_medium[bwt_n21-heavy-hex]	iter_5	10.297090377658606	9.69728196784854	527050	527050	1690104	1690104	972598	972598
abstract_medium	test_QASMBench_medium[bwt_n21-linear]	iter_5	13.130728118121624	10.100765347480774	805890	805890	2329558	2329558	1345578	1345578
abstract_medium	test_QASMBench_medium[cat_state_n22-all-to-all]	iter_5	0.010421572445795453	0.009836464394864283	21	21	131	131	67	67
abstract_medium	test_QASMBench_medium[cat_state_n22-square]	iter_5	0.007755231382625718	0.007646718615196585	21	21	131	131	67	67
abstract_medium	test_QASMBench_medium[cat_state_n22-heavy-hex]	iter_5	0.008472252111786451	0.008369346286939538	21	21	131	131	67	67
abstract_medium	test_QASMBench_medium[cat_state_n22-linear]	iter_5	0.004148537813641098	0.004127566594160297	21	21	131	131	67	67
abstract_medium	test_QASMBench_medium[cc_n12-all-to-all]	iter_5	0.026918898312709272	0.026373577662385427	11	11	77	77	43	43
abstract_medium	test_QASMBench_medium[cc_n12-square]	iter_5	0.03190511517459527	0.032093579473439604	23	23	113	113	78	78
abstract_medium	test_QASMBench_medium[cc_n12-heavy-hex]	iter_5	0.03186646719096285	0.031994287739507854	30	30	135	135	99	99
abstract_medium	test_QASMBench_medium[cc_n12-linear]	iter_5	0.03233803311983744	0.03281778801465407	20	20	135	135	93	93
abstract_medium	test_QASMBench_medium[dnn_n16-all-to-all]	iter_5	0.012305373909423151	0.011858026590198278	128	128	883	883	80	80
abstract_medium	test_QASMBench_medium[dnn_n16-square]	iter_5	0.011159896352436654	0.010833302081176421	128	128	884	884	80	80
abstract_medium	test_QASMBench_medium[dnn_n16-heavy-hex]	iter_5	0.009133105812480256	0.007749210715293884	128	128	882	882	80	80
abstract_medium	test_QASMBench_medium[dnn_n16-linear]	iter_5	0.01146417111158371	0.009895673426597015	233	233	1238	1238	128	128
abstract_medium	test_QASMBench_medium[factor247_n15-all-to-all]	iter_5	7.938406689092517	6.721202673390508	267223	267223	992014	992014	928867	928867
abstract_medium	test_QASMBench_medium[factor247_n15-square]	iter_5	10.885102359578013	9.001554967835546	392552	392552	1434014	1434014	1203239	1203239
abstract_medium	test_QASMBench_medium[factor247_n15-heavy-hex]	iter_5	10.906210543587804	8.94024951942265	392914	392914	1369471	1369471	1195588	1195588
abstract_medium	test_QASMBench_medium[factor247_n15-linear]	iter_5	12.06928626447916	9.785406060516834	422910	422910	1595821	1595821	1248167	1248167
abstract_medium	test_QASMBench_medium[gcm_h6-all-to-all]	iter_5	0.07720111416918891	0.07253033800848893	528	528	2560	2560	2056	2056
abstract_medium	test_QASMBench_medium[gcm_h6-square]	iter_5	0.07549444519515548	0.07173161474721772	771	771	3561	3561	2695	2695
abstract_medium	test_QASMBench_medium[gcm_h6-heavy-hex]	iter_5	0.075390196139259	0.07298654637166432	764	764	3337	3337	2674	2674
abstract_medium	test_QASMBench_medium[gcm_h6-linear]	iter_5	0.07605256659111806	0.0733426348971469	834	834	3583	3583	2754	2754
abstract_medium	test_QASMBench_medium[ghz_state_n23-all-to-all]	iter_5	0.010403181482106448	0.009692292045801878	22	22	137	137	70	70
abstract_medium	test_QASMBench_medium[ghz_state_n23-square]	iter_5	0.00786845414250186	0.007586621601755421	22	22	137	137	70	70
abstract_medium	test_QASMBench_medium[ghz_state_n23-heavy-hex]	iter_5	0.008664870085859937	0.008416185731237586	22	22	137	137	70	70
abstract_medium	test_QASMBench_medium[ghz_state_n23-linear]	iter_5	0.004357393483741809	0.004215442553018602	22	22	137	137	70	70
abstract_medium	test_QASMBench_medium[ising_n26-all-to-all]	iter_5	0.013009675728106821	0.011171452298929746	50	50	282	282	21	21
abstract_medium	test_QASMBench_medium[ising_n26-square]	iter_5	0.01100467626455721	0.009755571671855558	50	50	279	279	21	21
abstract_medium	test_QASMBench_medium[ising_n26-heavy-hex]	iter_5	0.010479948359231155	0.009447799734771252	50	50	285	285	22	22
abstract_medium	test_QASMBench_medium[ising_n26-linear]	iter_5	0.0061809322131531575	0.005217881532652038	50	50	286	286	21	21
abstract_medium	test_QASMBench_medium[knn_n25-all-to-all]	iter_5	0.012197620997374708	0.011761604011597404	84	84	425	425	227	227
abstract_medium	test_QASMBench_medium[knn_n25-square]	iter_5	0.009376984710494677	0.00925692808986814	155	155	536	536	372	372
abstract_medium	test_QASMBench_medium[knn_n25-heavy-hex]	iter_5	0.020027105174958707	0.019656704008287073	209	209	703	703	531	531
abstract_medium	test_QASMBench_medium[knn_n25-linear]	iter_5	0.009283925961846342	0.009133530031962721	134	134	585	585	374	374
abstract_medium	test_QASMBench_medium[multiplier_n15-all-to-all]	iter_5	0.015237002520624435	0.014587423749841177	222	222	827	827	494	494
abstract_medium	test_QASMBench_medium[multiplier_n15-square]	iter_5	0.01251189847691701	0.012172922397716135	390	390	1345	1345	750	750
abstract_medium	test_QASMBench_medium[multiplier_n15-heavy-hex]	iter_5	0.01273008601533042	0.012407333311903012	427	427	1481	1481	840	840
abstract_medium	test_QASMBench_medium[multiplier_n15-linear]	iter_5	0.012772147421185908	0.01252945167598901	482	482	1635	1635	818	818
abstract_medium	test_QASMBench_medium[multiply_n13-all-to-all]	iter_5	0.00980146930299022	0.009364438478065574	40	40	174	174	99	99
abstract_medium	test_QASMBench_medium[multiply_n13-square]	iter_5	0.006574707418462656	0.0064185628879990355	59	59	255	255	139	139
abstract_medium	test_QASMBench_medium[multiply_n13-heavy-hex]	iter_5	0.006688629495019608	0.006622442456127024	79	79	305	305	200	200
abstract_medium	test_QASMBench_medium[multiply_n13-linear]	iter_5	0.006397004137198402	0.006371490378566339	101	101	328	328	205	205
abstract_medium	test_QASMBench_medium[qec9xz_n17-all-to-all]	iter_5	0.008883626089762833	0.008520319005069525	32	32	133	133	28	28
abstract_medium	test_QASMBench_medium[qec9xz_n17-square]	iter_5	0.0068441679534631044	0.0068671980354570806	68	68	241	241	77	77
abstract_medium	test_QASMBench_medium[qec9xz_n17-heavy-hex]	iter_5	0.005900544258544133	0.005873031584863983	100	100	323	323	132	132
abstract_medium	test_QASMBench_medium[qec9xz_n17-linear]	iter_5	0.006180420946731842	0.006200643566747506	133	133	440	440	122	122
abstract_medium	test_QASMBench_medium[qf21_n15-all-to-all]	iter_5	0.012127207416821929	0.01159364824374038	115	115	501	501	386	386
abstract_medium	test_QASMBench_medium[qf21_n15-square]	iter_5	0.008953388868216073	0.008854230466697897	196	196	787	787	582	582
abstract_medium	test_QASMBench_medium[qf21_n15-heavy-hex]	iter_5	0.010688149300153537	0.009279613054934003	227	227	892	892	714	714
abstract_medium	test_QASMBench_medium[qf21_n15-linear]	iter_5	0.010848851811684919	0.009258358239161747	270	270	1045	1045	803	803
abstract_medium	test_QASMBench_medium[qft_n18-all-to-all]	iter_5	0.01957057898535448	0.01796198565174233	294	294	1000	1000	243	243
abstract_medium	test_QASMBench_medium[qft_n18-square]	iter_5	0.016394011769443752	0.014297518286515366	526	526	1810	1810	669	669
abstract_medium	test_QASMBench_medium[qft_n18-heavy-hex]	iter_5	0.016506094616233258	0.014139454529592485	576	576	2073	2073	789	789
abstract_medium	test_QASMBench_medium[qft_n18-linear]	iter_5	0.015491088822720543	0.013443827399448173	501	501	2111	2111	499	499
abstract_medium	test_QASMBench_medium[qram_n20-all-to-all]	iter_5	0.013178935347052364	0.012694486391705435	130	130	541	541	299	299
abstract_medium	test_QASMBench_medium[qram_n20-square]	iter_5	0.011760738420199198	0.010476040362846106	224	224	837	837	438	438
abstract_medium	test_QASMBench_medium[qram_n20-heavy-hex]	iter_5	0.012206058161189923	0.012116718498107634	308	308	990	990	568	568
abstract_medium	test_QASMBench_medium[qram_n20-linear]	iter_5	0.011110742661085997	0.011057506400075827	374	374	1291	1291	705	705
abstract_medium	test_QASMBench_medium[sat_n11-all-to-all]	iter_5	0.012878559705977505	0.012791737018129494	252	252	1037	1037	869	869
abstract_medium	test_QASMBench_medium[sat_n11-square]	iter_5	0.012387939502258558	0.012428362290129849	408	408	1405	1405	1074	1074
abstract_medium	test_QASMBench_medium[sat_n11-heavy-hex]	iter_5	0.012802179902791977	0.012944533661203949	457	457	1526	1526	1205	1205
abstract_medium	test_QASMBench_medium[sat_n11-linear]	iter_5	0.012913294210049667	0.013062716796994209	528	528	1846	1846	1320	1320
abstract_medium	test_QASMBench_medium[seca_n11-all-to-all]	iter_5	0.009402969213468688	0.009285069363457816	80	80	322	322	154	154
abstract_medium	test_QASMBench_medium[seca_n11-square]	iter_5	0.00878224988332671	0.007964057583982746	119	119	447	447	258	258
abstract_medium	test_QASMBench_medium[seca_n11-heavy-hex]	iter_5	0.007817729968916286	0.007952615704017741	124	124	453	453	218	218
abstract_medium	test_QASMBench_medium[seca_n11-linear]	iter_5	0.007781968587356755	0.007811986015943008	130	130	472	472	240	240
abstract_medium	test_QASMBench_medium[square_root_n18-all-to-all]	iter_5	0.027335863507219723	0.026468208563086147	898	898	3549	3549	2607	2607
abstract_medium	test_QASMBench_medium[square_root_n18-square]	iter_5	0.03385983450959126	0.03337397606208407	1925	1925	6343	6343	4173	4173
abstract_medium	test_QASMBench_medium[square_root_n18-heavy-hex]	iter_5	0.03519875273622315	0.034224465696348086	2235	2235	7287	7287	4994	4994
abstract_medium	test_QASMBench_medium[square_root_n18-linear]	iter_5	0.03780405569289412	0.03752750827482453	2699	2699	8734	8734	5814	5814
abstract_medium	test_QASMBench_medium[swap_test_n25-all-to-all]	iter_5	0.012190138415238003	0.011815663101151586	84	84	474	474	229	229
abstract_medium	test_QASMBench_medium[swap_test_n25-square]	iter_5	0.009303354819376882	0.009373354911804199	155	155	584	584	372	372
abstract_medium	test_QASMBench_medium[swap_test_n25-heavy-hex]	iter_5	0.019967295192182065	0.019844061515938777	209	209	753	753	533	533
abstract_medium	test_QASMBench_medium[swap_test_n25-linear]	iter_5	0.009216719549149275	0.009320380864664912	134	134	615	615	376	376
abstract_medium	test_QASMBench_medium[wstate_n27-all-to-all]	iter_5	0.012403737753629684	0.011824305270271129	52	52	335	335	127	127
abstract_medium	test_QASMBench_medium[wstate_n27-square]	iter_5	0.009302349236694355	0.009440346944088839	52	52	330	330	126	126
abstract_medium	test_QASMBench_medium[wstate_n27-heavy-hex]	iter_5	0.009440759739395484	0.009323534081605347	52	52	332	332	127	127
abstract_medium	test_QASMBench_medium[wstate_n27-linear]	iter_5	0.005361714366688786	0.005462374579346641	52	52	333	333	126	126
abstract_large	test_QASMBench_large[100-all-to-all]	iter_5	0.5470795379951596	0.5228400453925133	14835	14835	94559	94559	1412	1412
abstract_large	test_QASMBench_large[100-square]	iter_5	1.293075930327177	1.1242031808942556	67890	67890	233936	233936	28922	28922
abstract_large	test_QASMBench_large[100-heavy-hex]	iter_5	1.636521926149726	1.3971410356462002	97404	97404	311217	311217	30286	30286
abstract_large	test_QASMBench_large[100-linear]	iter_5	5.423761306330562	4.437102772295475	347676	347676	936925	936925	58327	58327
abstract_large	test_QASMBench_large[32-all-to-all]	iter_5	0.06335523848732312	0.059847949839690155	1488	1488	9617	9617	454	454
abstract_large	test_QASMBench_large[32-square]	iter_5	0.08698089669148128	0.07396488164861997	3633	3633	15532	15532	3235	3235
abstract_large	test_QASMBench_large[32-heavy-hex]	iter_5	0.10091905798763037	0.08497168208387765	4959	4959	18939	18939	3139	3139
abstract_large	test_QASMBench_large[32-linear]	iter_5	0.14343649777583778	0.11941455201142365	9870	9870	31262	31262	4746	4746
abstract_large	test_QASMBench_large[adder_n118-all-to-all]	iter_5	0.0829119252351423	0.07970968261361122	845	845	3259	3259	1128	1128
abstract_large	test_QASMBench_large[adder_n118-square]	iter_5	0.07243800995250543	0.06959603404005368	1660	1660	5745	5745	1982	1982
abstract_large	test_QASMBench_large[adder_n118-heavy-hex]	iter_5	0.05103795835748315	0.04945999091225011	2313	2313	7466	7466	2873	2873
abstract_large	test_QASMBench_large[adder_n118-linear]	iter_5	0.04364607071814438	0.04350904910825193	1579	1579	5597	5597	2246	2246
abstract_large	test_QASMBench_large[adder_n28-all-to-all]	iter_5	0.01819855056025765	0.017169483378529547	195	195	747	747	355	355
abstract_large	test_QASMBench_large[adder_n28-square]	iter_5	0.013714447265138497	0.01354191167693999	319	319	1134	1134	551	551
abstract_large	test_QASMBench_large[adder_n28-heavy-hex]	iter_5	0.015101023949682713	0.01493158544216192	365	365	1273	1273	741	741
abstract_large	test_QASMBench_large[adder_n28-linear]	iter_5	0.012065216947298545	0.01198626311932817	294	294	1116	1116	533	533
abstract_large	test_QASMBench_large[adder_n433-all-to-all]	iter_5	1.5455632992088795	1.5350001845508814	3120	3120	12202	12202	3900	3900
abstract_large	test_QASMBench_large[adder_n433-square]	iter_5	0.24993121325969697	0.24513441435992717	7270	7270	24455	24455	7719	7719
abstract_large	test_QASMBench_large[adder_n433-heavy-hex]	iter_5	0.23779108487069606	0.23075553476810456	11546	11546	36146	36146	12925	12925
abstract_large	test_QASMBench_large[adder_n433-linear]	iter_5	2.02596471644938	2.1080511305481195	16602	16602	49359	49359	19660	19660
abstract_large	test_QASMBench_large[adder_n64-all-to-all]	iter_5	0.03704710125371262	0.03354890992244085	455	455	1763	1763	674	674
abstract_large	test_QASMBench_large[adder_n64-square]	iter_5	0.02672588120441179	0.026248345151543617	843	843	2995	2995	1273	1273
abstract_large	test_QASMBench_large[adder_n64-heavy-hex]	iter_5	0.029951566227656955	0.02912585503038238	1003	1003	3475	3475	1539	1539
abstract_large	test_QASMBench_large[adder_n64-linear]	iter_5	0.02253499741412022	0.021840103425913387	691	691	2638	2638	1030	1030
abstract_large	test_QASMBench_large[bv_n140-all-to-all]	iter_5	0.34740309976041317	0.3277786825783551	72	72	1071	1071	118	118
abstract_large	test_QASMBench_large[bv_n140-square]	iter_5	0.0389049149773739	0.03693210839160851	362	362	2009	2009	887	887
abstract_large	test_QASMBench_large[bv_n140-heavy-hex]	iter_5	0.05264025838359406	0.051430437993258235	513	513	2378	2378	1068	1068
abstract_large	test_QASMBench_large[bv_n140-linear]	iter_5	0.023084991655889012	0.02379539164460518	359	359	2437	2437	1116	1116
abstract_large	test_QASMBench_large[bv_n280-all-to-all]	iter_5	1.5187438242137432	1.6689984481781721	152	152	2190	2190	219	219
abstract_large	test_QASMBench_large[bv_n280-square]	iter_5	0.05684712570574549	0.05632016487005684	930	930	4757	4757	2113	2113
abstract_large	test_QASMBench_large[bv_n280-heavy-hex]	iter_5	0.06815038248896599	0.06586994888881842	1507	1507	6257	6257	2991	2991
abstract_large	test_QASMBench_large[bv_n280-linear]	iter_5	0.054899907131728376	0.0535230594442079	824	824	5350	5350	2471	2471
abstract_large	test_QASMBench_large[bv_n30-all-to-all]	iter_5	0.01695573664019032	0.015965300527485935	18	18	239	239	36	36
abstract_large	test_QASMBench_large[bv_n30-square]	iter_5	0.023622713333298993	0.023028298789127308	46	46	317	317	121	121
abstract_large	test_QASMBench_large[bv_n30-heavy-hex]	iter_5	0.00887874407949401	0.008763258777824896	75	75	369	369	165	165
abstract_large	test_QASMBench_large[bv_n30-linear]	iter_5	0.0064659066449262595	0.006327951121433028	62	62	472	472	206	206
abstract_large	test_QASMBench_large[bv_n70-all-to-all]	iter_5	0.07055120023765735	0.06536683510057628	36	36	523	523	65	65
abstract_large	test_QASMBench_large[bv_n70-square]	iter_5	0.03137350584747213	0.030908140607855537	137	137	816	816	279	279
abstract_large	test_QASMBench_large[bv_n70-heavy-hex]	iter_5	0.03196618362562731	0.031667125721772514	164	164	910	910	411	411
abstract_large	test_QASMBench_large[bv_n70-linear]	iter_5	0.010837285973868528	0.010880282324026613	151	151	1105	1105	480	480
abstract_large	test_QASMBench_large[bwt_n37-all-to-all]	iter_5	15.274498384445906	14.831768905743957	604400	604400	2366497	2366497	1615901	1615901
abstract_large	test_QASMBench_large[bwt_n37-square]	iter_5	32.5265039447695	30.605758018791676	1537497	1537497	4937888	4937888	2956627	2956627
abstract_large	test_QASMBench_large[bwt_n37-heavy-hex]	iter_5	39.49995908886194	37.82102840766311	2026813	2026813	6143358	6143358	3631059	3631059
abstract_large	test_QASMBench_large[bwt_n37-linear]	iter_5	55.225174179300666	50.503091705963016	3279186	3279186	9318702	9318702	5220790	5220790
abstract_large	test_QASMBench_large[cat_n130-all-to-all]	iter_5	0.0803841332403513	0.08096762674932297	129	129	779	779	391	391
abstract_large	test_QASMBench_large[cat_n130-square]	iter_5	0.014210339770584867	0.013998086091832838	129	129	779	779	391	391
abstract_large	test_QASMBench_large[cat_n130-heavy-hex]	iter_5	0.024454876130750012	0.023138956971127878	129	129	779	779	391	391
abstract_large	test_QASMBench_large[cat_n130-linear]	iter_5	0.010644752388963332	0.010412800422572827	129	129	779	779	391	391
abstract_large	test_QASMBench_large[cat_n260-all-to-all]	iter_5	0.30891815992072225	0.301184706389904	259	259	1559	1559	781	781
abstract_large	test_QASMBench_large[cat_n260-square]	iter_5	0.02284626920961521	0.022375395769874254	259	259	1559	1559	781	781
abstract_large	test_QASMBench_large[cat_n260-heavy-hex]	iter_5	6.69419714435935	6.363705739378929	3001	3001	8395	8395	5402	5402
abstract_large	test_QASMBench_large[cat_n260-linear]	iter_5	0.016330706244655723	0.01608133338139219	259	259	1559	1559	781	781
abstract_large	test_QASMBench_large[cat_n35-all-to-all]	iter_5	0.015630113073822224	0.014350216370075941	34	34	209	209	106	106
abstract_large	test_QASMBench_large[cat_n35-square]	iter_5	0.008206622558645904	0.008236408900093594	34	34	209	209	106	106
abstract_large	test_QASMBench_large[cat_n35-heavy-hex]	iter_5	0.009379181922191665	0.009303704976051484	34	34	209	209	106	106
abstract_large	test_QASMBench_large[cat_n35-linear]	iter_5	0.005000357864758907	0.0051066902969246625	34	34	209	209	106	106
abstract_large	test_QASMBench_large[cat_n65-all-to-all]	iter_5	0.02761929149965982	0.02587309221808727	64	64	389	389	196	196
abstract_large	test_QASMBench_large[cat_n65-square]	iter_5	0.012154509107787887	0.01209072971668763	64	64	389	389	196	196
abstract_large	test_QASMBench_large[cat_n65-heavy-hex]	iter_5	0.01375724031576808	0.013693904818993219	64	64	389	389	196	196
abstract_large	test_QASMBench_large[cat_n65-linear]	iter_5	0.006677700751492766	0.006714986396028841	64	64	389	389	196	196
abstract_large	test_QASMBench_large[cc_n151-all-to-all]	iter_5	1.2572099026292562	1.2575465310364962	150	150	917	917	462	462
abstract_large	test_QASMBench_large[cc_n151-square]	iter_5	1.4261709582060575	1.4998536258935928	740	740	2902	2902	2122	2122
abstract_large	test_QASMBench_large[cc_n151-heavy-hex]	iter_5	1.479122444987297	1.5267596822232008	1341	1341	4447	4447	3149	3149
abstract_large	test_QASMBench_large[cc_n151-linear]	iter_5	1.4252348244190216	1.4294231943786144	338	338	1962	1962	1365	1365
abstract_large	test_QASMBench_large[cc_n301-all-to-all]	iter_5	4.989907346665859	5.151837410405278	300	300	1817	1817	912	912
abstract_large	test_QASMBench_large[cc_n301-square]	iter_5	5.510189615190029	5.475184723734856	1682	1682	6515	6515	4485	4485
abstract_large	test_QASMBench_large[cc_n301-heavy-hex]	iter_5	5.635927191004157	5.754096392542124	3564	3564	11881	11881	7982	7982
abstract_large	test_QASMBench_large[cc_n301-linear]	iter_5	5.633494792506099	5.328313797712326	665	665	3853	3853	2689	2689
abstract_large	test_QASMBench_large[cc_n32-all-to-all]	iter_5	0.09721240252256394	0.10307864435017108	31	31	201	201	105	105
abstract_large	test_QASMBench_large[cc_n32-square]	iter_5	0.11349896445042557	0.11439557828836971	96	96	391	391	287	287
abstract_large	test_QASMBench_large[cc_n32-heavy-hex]	iter_5	0.1259371624328196	0.12546087009832263	146	146	504	504	393	393
abstract_large	test_QASMBench_large[cc_n32-linear]	iter_5	0.11936823353171348	0.11583680452571975	64	64	367	367	259	259
abstract_large	test_QASMBench_large[cc_n64-all-to-all]	iter_5	0.29126567440107465	0.276903904043138	63	63	393	393	201	201
abstract_large	test_QASMBench_large[cc_n64-square]	iter_5	0.3414520202204585	0.3507354309161504	227	227	966	966	698	698
abstract_large	test_QASMBench_large[cc_n64-heavy-hex]	iter_5	0.3604568683852752	0.36869262034694356	416	416	1467	1467	1102	1102
abstract_large	test_QASMBench_large[cc_n64-linear]	iter_5	0.34195387673874694	0.34640980511903763	131	131	792	792	550	550
abstract_large	test_QASMBench_large[dnn_n33-all-to-all]	iter_5	0.03356704205788415	0.03149989824742079	172	172	916	916	312	312
abstract_large	test_QASMBench_large[dnn_n33-square]	iter_5	0.03150694246869534	0.030083819207820026	292	292	1210	1210	454	454
abstract_large	test_QASMBench_large[dnn_n33-heavy-hex]	iter_5	0.03587404291691451	0.033888819503287475	382	382	1463	1463	646	646
abstract_large	test_QASMBench_large[dnn_n33-linear]	iter_5	0.03218245168682188	0.030532208216540953	352	352	1496	1496	567	567
abstract_large	test_QASMBench_large[dnn_n51-all-to-all]	iter_5	0.05195720428600907	0.04998914767056704	271	271	1469	1469	466	466
abstract_large	test_QASMBench_large[dnn_n51-square]	iter_5	0.061631611493580485	0.059200391794244446	579	579	2277	2277	854	854
abstract_large	test_QASMBench_large[dnn_n51-heavy-hex]	iter_5	0.04932649149781182	0.046357684853402054	756	756	2801	2801	1058	1058
abstract_large	test_QASMBench_large[dnn_n51-linear]	iter_5	0.04766816942190582	0.045071999420938286	571	571	2405	2405	920	920
abstract_large	test_QASMBench_large[ghz_n127-all-to-all]	iter_5	0.06976792908140592	0.06999590939709119	126	126	761	761	382	382
abstract_large	test_QASMBench_large[ghz_n127-square]	iter_5	0.01455672172773065	0.014237434474321513	126	126	761	761	382	382
abstract_large	test_QASMBench_large[ghz_n127-heavy-hex]	iter_5	0.02428871057019001	0.022774131264951494	126	126	761	761	382	382
abstract_large	test_QASMBench_large[ghz_n127-linear]	iter_5	0.010441939683353647	0.010305060450225435	126	126	761	761	382	382
abstract_large	test_QASMBench_large[ghz_state_n255-all-to-all]	iter_5	0.3010570555925369	0.2829351010732353	254	254	1529	1529	766	766
abstract_large	test_QASMBench_large[ghz_state_n255-square]	iter_5	0.1273431673180312	0.12482782104052603	254	254	1529	1529	766	766
abstract_large	test_QASMBench_large[ghz_state_n255-heavy-hex]	iter_5	6.874301133677363	6.773844990879297	2879	2879	8050	8050	5168	5168
abstract_large	test_QASMBench_large[ghz_state_n255-linear]	iter_5	0.016116347908973695	0.016466324949370965	254	254	1529	1529	766	766
abstract_large	test_QASMBench_large[ghz_n40-all-to-all]	iter_5	0.01706312629475928	0.015999464052064077	39	39	239	239	121	121
abstract_large	test_QASMBench_large[ghz_n40-square]	iter_5	0.009797966759651899	0.009667434860020876	39	39	239	239	121	121
abstract_large	test_QASMBench_large[ghz_n40-heavy-hex]	iter_5	0.009685435522423715	0.009558411536387878	39	39	239	239	121	121
abstract_large	test_QASMBench_large[ghz_n40-linear]	iter_5	0.00519845579859569	0.005254258590109776	39	39	239	239	121	121
abstract_large	test_QASMBench_large[ghz_n78-all-to-all]	iter_5	0.033405646495521066	0.03156567341648042	77	77	467	467	235	235
abstract_large	test_QASMBench_large[ghz_n78-square]	iter_5	0.010507903972883587	0.01036268062889576	77	77	467	467	235	235
abstract_large	test_QASMBench_large[ghz_n78-heavy-hex]	iter_5	0.01425125641559345	0.014167742228464168	77	77	467	467	235	235
abstract_large	test_QASMBench_large[ghz_n78-linear]	iter_5	0.007576286392517327	0.007594708697153972	77	77	467	467	235	235
abstract_large	test_QASMBench_large[ising_n34-all-to-all]	iter_5	0.01545399459428154	0.013808267593786522	66	66	377	377	22	22
abstract_large	test_QASMBench_large[ising_n34-square]	iter_5	0.010126728142045209	0.009155197348445655	66	66	370	370	21	21
abstract_large	test_QASMBench_large[ising_n34-heavy-hex]	iter_5	0.011207121332268139	0.010242707036594127	66	66	375	375	22	22
abstract_large	test_QASMBench_large[ising_n34-linear]	iter_5	0.006867451106126492	0.005831852763597118	66	66	380	380	21	21
abstract_large	test_QASMBench_large[ising_n42-all-to-all]	iter_5	0.019277760653563264	0.017176435527498604	82	82	468	468	22	22
abstract_large	test_QASMBench_large[ising_n42-square]	iter_5	0.01165014231599957	0.010570896908323815	82	82	474	474	22	22
abstract_large	test_QASMBench_large[ising_n42-heavy-hex]	iter_5	0.011834504014653404	0.010663013075194929	82	82	466	466	22	22
abstract_large	test_QASMBench_large[ising_n42-linear]	iter_5	0.007576708003878593	0.0065324820027175086	82	82	474	474	22	22
abstract_large	test_QASMBench_large[ising_n420-all-to-all]	iter_5	1.3264282643795013	1.3106491956859827	838	838	4794	4794	23	23
abstract_large	test_QASMBench_large[ising_n420-square]	iter_5	0.04251321063687404	0.038441088767005846	838	838	4749	4749	22	22
abstract_large	test_QASMBench_large[ising_n420-heavy-hex]	iter_5	0.055093692027424514	0.050482872407883406	838	838	4782	4782	23	23
abstract_large	test_QASMBench_large[ising_n420-linear]	iter_5	0.03597309999167919	0.03161256993189454	838	838	4760	4760	23	23
abstract_large	test_QASMBench_large[ising_n66-all-to-all]	iter_5	0.029332462040817037	0.026373841346074373	130	130	740	740	22	22
abstract_large	test_QASMBench_large[ising_n66-square]	iter_5	0.015186062541145545	0.013898071327379772	130	130	750	750	23	23
abstract_large	test_QASMBench_large[ising_n66-heavy-hex]	iter_5	0.01699859472312804	0.01576883060437056	130	130	755	755	23	23
abstract_large	test_QASMBench_large[ising_n66-linear]	iter_5	0.009990241945437763	0.008828475576850165	130	130	744	744	22	22
abstract_large	test_QASMBench_large[ising_n98-all-to-all]	iter_5	0.04896532762795687	0.04580525619288286	194	194	1113	1113	22	22
abstract_large	test_QASMBench_large[ising_n98-square]	iter_5	0.015282369381378568	0.013883192283923136	194	194	1100	1100	22	22
abstract_large	test_QASMBench_large[ising_n98-heavy-hex]	iter_5	2.8676481507718563	2.8402488622814417	590	590	2107	2107	120	120
abstract_large	test_QASMBench_large[ising_n98-linear]	iter_5	0.013532274428548085	0.012030406950567013	194	194	1118	1118	23	23
abstract_large	test_QASMBench_large[knn_129-all-to-all]	iter_5	0.08602789494519432	0.084443265106529	448	448	2093	2093	1092	1092
abstract_large	test_QASMBench_large[knn_129-square]	iter_5	0.065517722745426	0.06428291730117053	1307	1307	4299	4299	2506	2506
abstract_large	test_QASMBench_large[knn_129-heavy-hex]	iter_5	0.0662553256843239	0.0654171600472182	1651	1651	5167	5167	3195	3195
abstract_large	test_QASMBench_large[knn_129-linear]	iter_5	0.04334841024441024	0.04012591928243637	831	831	3213	3213	2197	2197
abstract_large	test_QASMBench_large[knn_n31-all-to-all]	iter_5	0.014511737150742728	0.013765478267201356	105	105	497	497	272	272
abstract_large	test_QASMBench_large[knn_n31-square]	iter_5	0.012175493296000022	0.011994535198960548	210	210	738	738	496	496
abstract_large	test_QASMBench_large[knn_n31-heavy-hex]	iter_5	0.019880753186232638	0.018558067462916644	269	269	830	830	621	621
abstract_large	test_QASMBench_large[knn_n31-linear]	iter_5	0.010343178789666358	0.0103045375505974	171	171	744	744	479	479
abstract_large	test_QASMBench_large[knn_341-all-to-all]	iter_5	0.6941831354051828	0.7014254219830036	1190	1190	5700	5700	2988	2988
abstract_large	test_QASMBench_large[knn_341-square]	iter_5	0.19032998569309711	0.17913566126177707	3495	3495	11367	11367	6591	6591
abstract_large	test_QASMBench_large[knn_341-heavy-hex]	iter_5	0.17483079930146536	0.17114723349610964	5343	5343	16076	16076	9319	9319
abstract_large	test_QASMBench_large[knn_341-linear]	iter_5	1.7357860580086708	1.7381766326725483	3615	3615	12102	12102	7747	7747
abstract_large	test_QASMBench_large[knn_n41-all-to-all]	iter_5	0.01932109052351877	0.018352402906332697	140	140	679	679	357	357
abstract_large	test_QASMBench_large[knn_n41-square]	iter_5	0.02506788070194232	0.023095739702152653	291	291	1066	1066	642	642
abstract_large	test_QASMBench_large[knn_n41-heavy-hex]	iter_5	0.01705754583637262	0.016710995944837728	372	372	1258	1258	913	913
abstract_large	test_QASMBench_large[knn_n41-linear]	iter_5	0.012464351808795562	0.012418775057250803	228	228	1004	1004	620	620
abstract_large	test_QASMBench_large[knn_n67-all-to-all]	iter_5	0.03230372698356708	0.030227844254113734	231	231	1100	1100	584	584
abstract_large	test_QASMBench_large[knn_n67-square]	iter_5	0.04327486325865206	0.04034085184335709	578	578	1954	1954	1219	1219
abstract_large	test_QASMBench_large[knn_n67-heavy-hex]	iter_5	0.029050150087901523	0.02831320630179511	710	710	2253	2253	1532	1532
abstract_large	test_QASMBench_large[knn_n67-linear]	iter_5	0.01864912299947305	0.018586183725683776	393	393	1653	1653	1052	1052
abstract_large	test_QASMBench_large[multiplier_n350-all-to-all]	iter_5	3.8072619177401066	3.878798421472311	145880	145880	544035	544035	288935	288935
abstract_large	test_QASMBench_large[multiplier_n350-square]	iter_5	8.298172133043408	7.8117223009467125	431215	431215	1298083	1298083	557166	557166
abstract_large	test_QASMBench_large[multiplier_n350-heavy-hex]	iter_5	10.758172245696187	9.832635780796409	585014	585014	1712121	1712121	694850	694850
abstract_large	test_QASMBench_large[multiplier_n350-linear]	iter_5	15.972951103001833	12.62515452131629	1029644	1029644	2822330	2822330	918533	918533
abstract_large	test_QASMBench_large[multiplier_n400-all-to-all]	iter_5	5.360320672392845	5.196170590817928	190720	190720	708082	708082	376823	376823
abstract_large	test_QASMBench_large[multiplier_n400-square]	iter_5	11.570976633578539	10.786671660840511	567778	567778	1719997	1719997	738395	738395
abstract_large	test_QASMBench_large[multiplier_n400-heavy-hex]	iter_5	14.387251997366548	12.963705871254206	761398	761398	2240544	2240544	900192	900192
abstract_large	test_QASMBench_large[multiplier_n400-linear]	iter_5	21.933690041303635	16.539385698735714	1357932	1357932	3739412	3739412	1211862	1211862
abstract_large	test_QASMBench_large[multiplier_n45-all-to-all]	iter_5	0.059847499476745725	0.058020198717713356	2286	2286	8341	8341	4516	4516
abstract_large	test_QASMBench_large[multiplier_n45-square]	iter_5	0.08171167955375634	0.07783852610737085	5050	5050	16533	16533	7982	7982
abstract_large	test_QASMBench_large[multiplier_n45-heavy-hex]	iter_5	0.08432145746281514	0.08056705344754916	5995	5995	18756	18756	9285	9285
abstract_large	test_QASMBench_large[multiplier_n45-linear]	iter_5	0.09763714578002691	0.09285372631116347	7648	7648	23561	23561	9992	9992
abstract_large	test_QASMBench_large[multiplier_n75-all-to-all]	iter_5	0.146847756047334	0.14110755361616611	6510	6510	24289	24289	13020	13020
abstract_large	test_QASMBench_large[multiplier_n75-square]	iter_5	0.2593572335317731	0.22031921409070493	15790	15790	49622	49622	24130	24130
abstract_large	test_QASMBench_large[multiplier_n75-heavy-hex]	iter_5	0.2840811372734606	0.23939834721386433	18967	18967	58790	58790	27105	27105
abstract_large	test_QASMBench_large[multiplier_n75-linear]	iter_5	0.2937426306307316	0.2846659664064646	27110	27110	79555	79555	31414	31414
abstract_large	test_QASMBench_large[qft_n160-all-to-all]	iter_5	0.29168751975521445	0.2926937029697001	4270	4270	14867	14867	2360	2360
abstract_large	test_QASMBench_large[qft_n160-square]	iter_5	0.2687813527882099	0.23709016628563404	12992	12992	41385	41385	9578	9578
abstract_large	test_QASMBench_large[qft_n160-heavy-hex]	iter_5	0.2648151945322752	0.22349119633436204	14606	14606	50519	50519	7653	7653
abstract_large	test_QASMBench_large[qft_n160-linear]	iter_5	0.5005542896687984	0.4188521206378937	47880	47880	132973	132973	23928	23928
abstract_large	test_QASMBench_large[qft_n29-all-to-all]	iter_5	0.03173770569264889	0.028243531286716462	602	602	2106	2106	408	408
abstract_large	test_QASMBench_large[qft_n29-square]	iter_5	0.030861100123729557	0.026319195239527804	1259	1259	4228	4228	1176	1176
abstract_large	test_QASMBench_large[qft_n29-heavy-hex]	iter_5	0.03476601016932521	0.02997424617183931	1311	1311	5266	5266	908	908
abstract_large	test_QASMBench_large[qft_n29-linear]	iter_5	0.03037892214276574	0.026007154669899207	1339	1339	5193	5193	935	935
abstract_large	test_QASMBench_large[qft_n320-all-to-all]	iter_5	1.0369340479373932	0.9462117562070489	8750	8750	30201	30201	4730	4730
abstract_large	test_QASMBench_large[qft_n320-square]	iter_5	0.6082981089130044	0.5373642658814788	29324	29324	93764	93764	20750	20750
abstract_large	test_QASMBench_large[qft_n320-heavy-hex]	iter_5	0.6591480225324631	0.579514934681356	40100	40100	123889	123889	19345	19345
abstract_large	test_QASMBench_large[qft_n320-linear]	iter_5	2.0763495098799467	1.6326012518256903	181247	181247	487563	487563	111921	111921
abstract_large	test_QASMBench_large[qft_n63-all-to-all]	iter_5	0.07357511589569705	0.06205160042736679	1554	1554	5310	5310	905	905
abstract_large	test_QASMBench_large[qft_n63-square]	iter_5	0.08007047382684854	0.06392829609103501	4015	4015	12877	12877	3611	3611
abstract_large	test_QASMBench_large[qft_n63-heavy-hex]	iter_5	0.10120586063712836	0.0840667994836202	4240	4240	15519	15519	2635	2635
abstract_large	test_QASMBench_large[qft_n63-linear]	iter_5	0.10887853056192398	0.08536087162792683	8052	8052	24971	24971	3231	3231
abstract_large	test_QASMBench_large[qugan_n111-all-to-all]	iter_5	0.16456870393206677	0.16126679504911104	601	601	3246	3246	979	979
abstract_large	test_QASMBench_large[qugan_n111-square]	iter_5	0.14881314656564168	0.1459966187498399	1609	1609	6105	6105	2011	2011
abstract_large	test_QASMBench_large[qugan_n111-heavy-hex]	iter_5	0.14736127880002772	0.1437017736690385	2015	2015	7147	7147	2610	2610
abstract_large	test_QASMBench_large[qugan_n111-linear]	iter_5	0.13936303555965424	0.137089490192011	1253	1253	5250	5250	1827	1827
abstract_large	test_QASMBench_large[qugan_n39-all-to-all]	iter_5	0.05514939756769883	0.054457440972328186	205	205	1112	1112	355	355
abstract_large	test_QASMBench_large[qugan_n39-square]	iter_5	0.05753413484328323	0.055886058332888705	405	405	1671	1671	704	704
abstract_large	test_QASMBench_large[qugan_n39-heavy-hex]	iter_5	0.052967598465712445	0.05347908699983045	516	516	1944	1944	821	821
abstract_large	test_QASMBench_large[qugan_n39-linear]	iter_5	0.05265820249915123	0.051283417446982296	435	435	1818	1818	696	696
abstract_large	test_QASMBench_large[qugan_n395-all-to-all]	iter_5	1.4697829633951187	1.4997826181352139	2163	2163	11674	11674	3454	3454
abstract_large	test_QASMBench_large[qugan_n395-square]	iter_5	0.5801606196910143	0.5674888333305717	7593	7593	26644	26644	7886	7886
abstract_large	test_QASMBench_large[qugan_n395-heavy-hex]	iter_5	0.5789324352517724	0.5572347585111856	11806	11806	37583	37583	10009	10009
abstract_large	test_QASMBench_large[qugan_n395-linear]	iter_5	2.065545305609703	2.0827249120920897	9144	9144	30569	30569	9598	9598
abstract_large	test_QASMBench_large[qugan_n71-all-to-all]	iter_5	0.10708286594599485	0.10035978332161903	381	381	2070	2070	646	646
abstract_large	test_QASMBench_large[qugan_n71-square]	iter_5	0.09579659608954733	0.09352080574767156	930	930	3662	3662	1270	1270
abstract_large	test_QASMBench_large[qugan_n71-heavy-hex]	iter_5	0.09803872640159997	0.09478437223217705	1162	1162	4263	4263	1446	1446
abstract_large	test_QASMBench_large[qugan_n71-linear]	iter_5	0.09130499444224617	0.08924074775793335	797	797	3348	3348	1157	1157
abstract_large	test_QASMBench_large[square_root_n45-all-to-all]	iter_5	0.9695940315723419	0.9526586411520839	54151	54151	212867	212867	148771	148771
abstract_large	test_QASMBench_large[square_root_n45-square]	iter_5	3.049684267491102	2.229092376306653	168177	168177	529450	529450	305108	305108
abstract_large	test_QASMBench_large[square_root_n45-heavy-hex]	iter_5	2.965312013402581	2.840027004480362	220459	220459	655187	655187	380393	380393
abstract_large	test_QASMBench_large[square_root_n45-linear]	iter_5	3.680009435862303	3.422709645703435	296286	296286	864219	864219	488429	488429
abstract_large	test_QASMBench_large[square_root_n60-all-to-all]	iter_5	10.147795088589191	10.16052221134305	415123	415123	1651788	1651788	1139186	1139186
abstract_large	test_QASMBench_large[square_root_n60-square]	iter_5	27.336553869768977	21.354165794327855	1413498	1413498	4299747	4299747	2429432	2429432
abstract_large	test_QASMBench_large[square_root_n60-heavy-hex]	iter_5	34.431318424642086	27.408986585214734	1962518	1962518	5705555	5705555	3130159	3130159
abstract_large	test_QASMBench_large[square_root_n60-linear]	iter_5	48.43580865487456	36.65366765297949	3284113	3284113	8827066	8827066	4904648	4904648
abstract_large	test_QASMBench_large[swap_test_n115-all-to-all]	iter_5	0.07432820794305631	0.07216270032028357	399	399	2173	2173	1014	1014
abstract_large	test_QASMBench_large[swap_test_n115-square]	iter_5	0.07703329303434917	0.07165144051292113	1008	1008	3600	3600	2118	2118
abstract_large	test_QASMBench_large[swap_test_n115-heavy-hex]	iter_5	0.05294881332665682	0.0478721454908902	1321	1321	4243	4243	2739	2739
abstract_large	test_QASMBench_large[swap_test_n115-linear]	iter_5	0.037581496561566986	0.034414764814849556	709	709	2981	2981	1898	1898
abstract_large	test_QASMBench_large[swap_test_n361-all-to-all]	iter_5	0.8542996412143111	0.8432913068681955	1260	1260	6856	6856	3153	3153
abstract_large	test_QASMBench_large[swap_test_n361-square]	iter_5	0.21230543702840804	0.20827174447476865	4773	4773	15258	15258	8536	8536
abstract_large	test_QASMBench_large[swap_test_n361-heavy-hex]	iter_5	0.18692100048065186	0.18495596293359995	6104	6104	18802	18802	10804	10804
abstract_large	test_QASMBench_large[swap_test_n361-linear]	iter_5	2.143855221569538	2.1187794283032417	3826	3826	13069	13069	8223	8223
abstract_large	test_QASMBench_large[swap_test_n41-all-to-all]	iter_5	0.019698597563832413	0.018278300410734034	140	140	757	757	359	359
abstract_large	test_QASMBench_large[swap_test_n41-square]	iter_5	0.025165990681240435	0.02322477696552163	291	291	1131	1131	644	644
abstract_large	test_QASMBench_large[swap_test_n41-heavy-hex]	iter_5	0.017224482061075314	0.016757143316445528	372	372	1334	1334	914	914
abstract_large	test_QASMBench_large[swap_test_n41-linear]	iter_5	0.012703258821086303	0.012450277667354655	228	228	1019	1019	622	622
abstract_large	test_QASMBench_large[swap_test_n83-all-to-all]	iter_5	0.042627321718179664	0.039764497972403966	287	287	1589	1589	741	741
abstract_large	test_QASMBench_large[swap_test_n83-square]	iter_5	0.04845825769007206	0.04733857563273473	678	678	2335	2335	1482	1482
abstract_large	test_QASMBench_large[swap_test_n83-heavy-hex]	iter_5	0.03773855831887987	0.03683511094589319	948	948	3130	3130	2084	2084
abstract_large	test_QASMBench_large[swap_test_n83-linear]	iter_5	0.023279080717739733	0.022973666400756945	501	501	2119	2119	1340	1340
abstract_large	test_QASMBench_large[vqe_uccsd_n28-all-to-all]	iter_5	7.556701056659222	6.495235083624721	234574	234574	625203	625203	715272	715272
abstract_large	test_QASMBench_large[vqe_uccsd_n28-square]	iter_5	14.41514385305345	12.678794585168362	276380	276380	799677	799677	803046	803046
abstract_large	test_QASMBench_large[vqe_uccsd_n28-heavy-hex]	iter_5	19.390753561630845	18.027591332793236	362326	362326	1125351	1125351	1003334	1003334
abstract_large	test_QASMBench_large[vqe_uccsd_n28-linear]	iter_5	10.279023721814156	9.401797283440828	275504	275504	738620	738620	791091	791091
abstract_large	test_QASMBench_large[wstate_n118-all-to-all]	iter_5	0.06548347969849905	0.06273520303269227	234	234	1505	1505	549	549
abstract_large	test_QASMBench_large[wstate_n118-square]	iter_5	0.014830350360045066	0.014691648810212291	234	234	1499	1499	545	545
abstract_large	test_QASMBench_large[wstate_n118-heavy-hex]	iter_5	0.02490944294258952	0.024138104720887812	234	234	1492	1492	541	541
abstract_large	test_QASMBench_large[wstate_n118-linear]	iter_5	0.012481079666645497	0.012361072404663774	234	234	1502	1502	548	548
abstract_large	test_QASMBench_large[wstate_n36-all-to-all]	iter_5	0.016449161698339414	0.01547609781846404	70	70	449	449	169	169
abstract_large	test_QASMBench_large[wstate_n36-square]	iter_5	0.008913522418420593	0.008860015592307126	70	70	447	447	169	169
abstract_large	test_QASMBench_large[wstate_n36-heavy-hex]	iter_5	0.010017414465546609	0.009949781691905149	70	70	450	450	171	171
abstract_large	test_QASMBench_large[wstate_n36-linear]	iter_5	0.005986574632850916	0.005940231409939853	70	70	453	453	166	166
abstract_large	test_QASMBench_large[wstate_n380-all-to-all]	iter_5	0.927542032673955	0.9448629859834909	758	758	4816	4816	1719	1719
abstract_large	test_QASMBench_large[wstate_n380-square]	iter_5	0.03268250498560167	0.03174878037985294	758	758	4847	4847	1723	1723
abstract_large	test_QASMBench_large[wstate_n380-heavy-hex]	iter_5	6.618316985666752	6.388019014149904	8395	8395	23441	23441	7402	7402
abstract_large	test_QASMBench_large[wstate_n380-linear]	iter_5	0.02810905731337912	0.02703860806567328	758	758	4841	4841	1723	1723
abstract_large	test_QASMBench_large[wstate_n76-all-to-all]	iter_5	0.03395659682051889	0.03165802953299135	150	150	959	959	354	354
abstract_large	test_QASMBench_large[wstate_n76-square]	iter_5	0.011999168968759476	0.011825554141002457	150	150	969	969	353	353
abstract_large	test_QASMBench_large[wstate_n76-heavy-hex]	iter_5	0.014813793182838708	0.014539318409428667	150	150	974	974	356	356
abstract_large	test_QASMBench_large[wstate_n76-linear]	iter_5	0.009255921920744058	0.009100863310907568	150	150	973	973	354	354
abstract_hamiltonians	test_hamiltonians[ham_enc_stdbinary_dvalues_d-level-4-all-to-all]	iter_5	0.009302587587047707	0.009401739101673736	3	3	27	27	19	19
abstract_hamiltonians	test_hamiltonians[ham_enc_stdbinary_dvalues_d-level-4-square]	iter_5	0.009366111558946696	0.009422895242916602	3	3	27	27	19	19
abstract_hamiltonians	test_hamiltonians[ham_enc_stdbinary_dvalues_d-level-4-heavy-hex]	iter_5	0.010030823379602968	0.010105950136979422	3	3	26	26	19	19
abstract_hamiltonians	test_hamiltonians[ham_enc_stdbinary_dvalues_d-level-4-linear]	iter_5	0.009223721869220243	0.009000300836156714	3	3	27	27	19	19
abstract_hamiltonians	test_hamiltonians[ham_mu_y_prime_enc_stdbinary_dvalues_8-8-4-4-all-to-all]	iter_5	0.0037310409702752765	0.003683027457790794	16	16	69	69	56	56
abstract_hamiltonians	test_hamiltonians[ham_mu_y_prime_enc_stdbinary_dvalues_8-8-4-4-square]	iter_5	0.005652737649653456	0.004860299744254706	22	22	95	95	69	69
abstract_hamiltonians	test_hamiltonians[ham_mu_y_prime_enc_stdbinary_dvalues_8-8-4-4-heavy-hex]	iter_5	0.005539085802932581	0.005495249230817363	18	18	86	86	68	68
abstract_hamiltonians	test_hamiltonians[ham_mu_y_prime_enc_stdbinary_dvalues_8-8-4-4-linear]	iter_5	0.004602895808679548	0.004571715314494501	18	18	86	86	68	68
abstract_hamiltonians	test_hamiltonians[ham_mu_y_prime_enc_unary_dvalues_4-4-4-all-to-all]	iter_5	0.002463384650966382	0.0024568666175410554	6	6	52	52	32	32
abstract_hamiltonians	test_hamiltonians[ham_mu_y_prime_enc_unary_dvalues_4-4-4-square]	iter_5	0.0024424150264189567	0.0024098028685441432	6	6	52	52	32	32
abstract_hamiltonians	test_hamiltonians[ham_mu_y_prime_enc_unary_dvalues_4-4-4-heavy-hex]	iter_5	0.0032637146792628548	0.0032286224604556055	6	6	52	52	32	32
abstract_hamiltonians	test_hamiltonians[ham_mu_y_prime_enc_unary_dvalues_4-4-4-linear]	iter_5	0.002503383335415224	0.0024407462334833097	6	6	52	52	32	32
abstract_hamiltonians	test_hamiltonians[ham_mu_z_prime_enc_gray_dvalues_4-4-4-4-all-to-all]	iter_5	0.002044464673912316	0.0020522059872746467	4	4	33	33	11	11
abstract_hamiltonians	test_hamiltonians[ham_mu_z_prime_enc_gray_dvalues_4-4-4-4-square]	iter_5	0.0023741011038748887	0.002040815264809157	4	4	35	35	14	14
abstract_hamiltonians	test_hamiltonians[ham_mu_z_prime_enc_gray_dvalues_4-4-4-4-heavy-hex]	iter_5	0.002854114474386585	0.002857976089067319	4	4	34	34	14	14
abstract_hamiltonians	test_hamiltonians[ham_mu_z_prime_enc_gray_dvalues_4-4-4-4-linear]	iter_5	0.0023971563767338673	0.002026697450681873	4	4	34	34	14	14
abstract_hamiltonians	test_hamiltonians[ham_gnp-k_2_n-4_rinst-05-all-to-all]	iter_5	0.004234083277411042	0.003509203196731523	21	21	77	77	75	75
abstract_hamiltonians	test_hamiltonians[ham_gnp-k_2_n-4_rinst-05-square]	iter_5	0.005395198154742318	0.004624483452206201	31	31	130	130	106	106
abstract_hamiltonians	test_hamiltonians[ham_gnp-k_2_n-4_rinst-05-heavy-hex]	iter_5	0.006197601412488541	0.005250337807571187	22	22	92	92	81	81
abstract_hamiltonians	test_hamiltonians[ham_gnp-k_2_n-4_rinst-05-linear]	iter_5	0.005420908970193246	0.004644196691551232	33	33	134	134	109	109
abstract_hamiltonians	test_hamiltonians[ham_ham_parity-4-all-to-all]	iter_5	0.005785244866947218	0.004970690119683434	47	47	149	149	159	159
abstract_hamiltonians	test_hamiltonians[ham_ham_parity-4-square]	iter_5	0.006136586638224637	0.006067365040013819	66	66	220	220	196	196
abstract_hamiltonians	test_hamiltonians[ham_ham_parity-4-heavy-hex]	iter_5	0.0074512475804120555	0.0066177873885717945	62	62	206	206	198	198
abstract_hamiltonians	test_hamiltonians[ham_ham_parity-4-linear]	iter_5	0.007007404907251434	0.00616236212481926	62	62	258	258	222	222
abstract_hamiltonians	test_hamiltonians[ham_mu_y_prime_enc_stdbinary_dvalues_16-16-16-16-8-8-8-all-to-all]	iter_5	0.006040644497634509	0.005236930917112195	49	49	197	197	165	165
abstract_hamiltonians	test_hamiltonians[ham_mu_y_prime_enc_stdbinary_dvalues_16-16-16-16-8-8-8-square]	iter_5	0.007147173258239653	0.006371331388915056	64	64	241	241	210	210
abstract_hamiltonians	test_hamiltonians[ham_mu_y_prime_enc_stdbinary_dvalues_16-16-16-16-8-8-8-heavy-hex]	iter_5	0.006868620149113915	0.006884074841554348	72	72	260	260	212	212
abstract_hamiltonians	test_hamiltonians[ham_mu_y_prime_enc_stdbinary_dvalues_16-16-16-16-8-8-8-linear]	iter_5	0.007460372127366789	0.006511135578253551	72	72	295	295	237	237
abstract_hamiltonians	test_hamiltonians[ham_mu_y_prime_enc_gray_dvalues_16-16-16-all-to-all]	iter_5	0.0047917955054260376	0.00478228644112458	58	58	198	198	190	190
abstract_hamiltonians	test_hamiltonians[ham_mu_y_prime_enc_gray_dvalues_16-16-16-square]	iter_5	0.00606448192977243	0.005985714975864657	83	83	282	282	251	251
abstract_hamiltonians	test_hamiltonians[ham_mu_y_prime_enc_gray_dvalues_16-16-16-heavy-hex]	iter_5	0.00666310446149157	0.006611173480956091	83	83	304	304	284	284
abstract_hamiltonians	test_hamiltonians[ham_mu_y_prime_enc_gray_dvalues_16-16-16-linear]	iter_5	0.006079235487872628	0.006024113549467395	92	92	308	308	265	265
abstract_hamiltonians	test_hamiltonians[ham_enc_gray_dvalues_d-level-16-all-to-all]	iter_5	0.009228035009333066	0.008185101373653327	128	128	539	539	458	458
abstract_hamiltonians	test_hamiltonians[ham_enc_gray_dvalues_d-level-16-square]	iter_5	0.010838984408312373	0.009610241694936475	187	187	729	729	597	597
abstract_hamiltonians	test_hamiltonians[ham_enc_gray_dvalues_d-level-16-heavy-hex]	iter_5	0.011788042751140893	0.010492158874151218	172	172	831	831	644	644
abstract_hamiltonians	test_hamiltonians[ham_enc_gray_dvalues_d-level-16-linear]	iter_5	0.011196612867272714	0.00988392198147873	196	196	897	897	680	680
abstract_hamiltonians	test_hamiltonians[ham_mu_y_prime_enc_stdbinary_dvalues_8-8-8-8-8-8-all-to-all]	iter_5	0.005731015923739858	0.004919985083194033	32	32	142	142	58	58
abstract_hamiltonians	test_hamiltonians[ham_mu_y_prime_enc_stdbinary_dvalues_8-8-8-8-8-8-square]	iter_5	0.006177642172382724	0.0061691673287492714	38	38	153	153	71	71
abstract_hamiltonians	test_hamiltonians[ham_mu_y_prime_enc_stdbinary_dvalues_8-8-8-8-8-8-heavy-hex]	iter_5	0.006583226618893219	0.00657738465125914	36	36	183	183	74	74
abstract_hamiltonians	test_hamiltonians[ham_mu_y_prime_enc_stdbinary_dvalues_8-8-8-8-8-8-linear]	iter_5	0.006014216159071241	0.0059800256549576184	36	36	183	183	74	74
abstract_hamiltonians	test_hamiltonians[ham_gnp-k_4_n-6_rinst-15-all-to-all]	iter_5	0.0065401822825272874	0.005559838552855783	87	87	331	331	263	263
abstract_hamiltonians	test_hamiltonians[ham_gnp-k_4_n-6_rinst-15-square]	iter_5	0.008274025542019796	0.006909699889121356	111	111	416	416	334	334
abstract_hamiltonians	test_hamiltonians[ham_gnp-k_4_n-6_rinst-15-heavy-hex]	iter_5	0.0070198011328128805	0.006982928511636858	131	131	463	463	403	403
abstract_hamiltonians	test_hamiltonians[ham_gnp-k_4_n-6_rinst-15-linear]	iter_5	0.0081293875942143	0.006866592262591516	171	171	579	579	436	436
abstract_hamiltonians	test_hamiltonians[ham_ham_JW-6-all-to-all]	iter_5	0.009362007850910178	0.008096495546076608	225	225	651	651	692	692
abstract_hamiltonians	test_hamiltonians[ham_ham_JW-6-square]	iter_5	0.011346382023983224	0.009931104423681109	294	294	888	888	835	835
abstract_hamiltonians	test_hamiltonians[ham_ham_JW-6-heavy-hex]	iter_5	0.012300255938203304	0.010625245711869664	329	329	1137	1137	1000	1000
abstract_hamiltonians	test_hamiltonians[ham_ham_JW-6-linear]	iter_5	0.010246283224513453	0.010090055493147749	378	378	1207	1207	974	974
abstract_hamiltonians	test_hamiltonians[ham_mu_y_prime_enc_unary_dvalues_8-8-8-8-8-8-8-all-to-all]	iter_5	0.0045652580209249675	0.004457739361085243	14	14	120	120	72	72
abstract_hamiltonians	test_hamiltonians[ham_mu_y_prime_enc_unary_dvalues_8-8-8-8-8-8-8-square]	iter_5	0.0038180830905760973	0.003740569789090084	14	14	120	120	72	72
abstract_hamiltonians	test_hamiltonians[ham_mu_y_prime_enc_unary_dvalues_8-8-8-8-8-8-8-heavy-hex]	iter_5	0.004210843112733629	0.004132647693407636	14	14	120	120	72	72
abstract_hamiltonians	test_hamiltonians[ham_mu_y_prime_enc_unary_dvalues_8-8-8-8-8-8-8-linear]	iter_5	0.003694448161168375	0.0035842924425200026	14	14	120	120	72	72
abstract_hamiltonians	test_hamiltonians[ham_7-uf20-0384.cnf-8-res-all-to-all]	iter_5	0.007648689060533133	0.007445536824014351	44	44	150	150	81	81
abstract_hamiltonians	test_hamiltonians[ham_7-uf20-0384.cnf-8-res-square]	iter_5	0.005808301316284985	0.005759898249706822	64	64	218	218	122	122
abstract_hamiltonians	test_hamiltonians[ham_7-uf20-0384.cnf-8-res-heavy-hex]	iter_5	0.006898456330138042	0.005927404492265648	78	78	269	269	148	148
abstract_hamiltonians	test_hamiltonians[ham_7-uf20-0384.cnf-8-res-linear]	iter_5	0.005969532443292486	0.005938129708964444	91	91	302	302	163	163
abstract_hamiltonians	test_hamiltonians[ham_tsp_rand-002_Ncity-4_enc-stdbinary-all-to-all]	iter_5	0.011104789686699708	0.010605661853492916	80	80	271	271	208	208
abstract_hamiltonians	test_hamiltonians[ham_tsp_rand-002_Ncity-4_enc-stdbinary-square]	iter_5	0.0081832445355068	0.007125485520389743	120	120	400	400	303	303
abstract_hamiltonians	test_hamiltonians[ham_tsp_rand-002_Ncity-4_enc-stdbinary-heavy-hex]	iter_5	0.007532956584017406	0.007479512154704004	133	133	500	500	337	337
abstract_hamiltonians	test_hamiltonians[ham_tsp_rand-002_Ncity-4_enc-stdbinary-linear]	iter_5	0.008439135416287236	0.007326687124395181	164	164	546	546	367	367
abstract_hamiltonians	test_hamiltonians[ham_ham_JW-8-all-to-all]	iter_5	0.02776067874704798	0.02634922896201412	850	850	2294	2294	2572	2572
abstract_hamiltonians	test_hamiltonians[ham_ham_JW-8-square]	iter_5	0.027681223036987442	0.02647585928854015	1262	1262	3867	3867	3483	3483
abstract_hamiltonians	test_hamiltonians[ham_ham_JW-8-heavy-hex]	iter_5	0.02854294970165938	0.0278803367788593	1367	1367	4343	4343	3654	3654
abstract_hamiltonians	test_hamiltonians[ham_ham_JW-8-linear]	iter_5	0.028062563827809167	0.027084248287505226	1370	1370	4325	4325	3629	3629
abstract_hamiltonians	test_hamiltonians[ham_enc_gray_dvalues_8-8-8-all-to-all]	iter_5	0.33614435108999413	0.32560482202097774	6640	6640	18561	18561	21041	21041
abstract_hamiltonians	test_hamiltonians[ham_enc_gray_dvalues_8-8-8-square]	iter_5	0.4276663362979889	0.3782992797593276	11709	11709	37371	37371	32935	32935
abstract_hamiltonians	test_hamiltonians[ham_enc_gray_dvalues_8-8-8-heavy-hex]	iter_5	0.44608988737066585	0.39765369333326817	12635	12635	37612	37612	32482	32482
abstract_hamiltonians	test_hamiltonians[ham_enc_gray_dvalues_8-8-8-linear]	iter_5	0.4312470567723115	0.38546713379522163	13027	13027	39230	39230	32628	32628
abstract_hamiltonians	test_hamiltonians[ham_complbipart-n-10_a-5_b-5-all-to-all]	iter_5	0.011897849997407511	0.010492604962268542	150	150	550	550	406	406
abstract_hamiltonians	test_hamiltonians[ham_complbipart-n-10_a-5_b-5-square]	iter_5	0.010563161058558358	0.00915670518493541	239	239	791	791	642	642
abstract_hamiltonians	test_hamiltonians[ham_complbipart-n-10_a-5_b-5-heavy-hex]	iter_5	0.011135672440841085	0.009649246823615752	290	290	932	932	682	682
abstract_hamiltonians	test_hamiltonians[ham_complbipart-n-10_a-5_b-5-linear]	iter_5	0.010971570220053866	0.009460014252302548	305	305	1105	1105	790	790
abstract_hamiltonians	test_hamiltonians[ham_ham_JW10-all-to-all]	iter_5	0.053031369553584805	0.046753869258931706	1484	1484	4037	4037	4446	4446
abstract_hamiltonians	test_hamiltonians[ham_ham_JW10-square]	iter_5	0.04616447706662473	0.04329445043748075	2293	2293	7056	7056	6147	6147
abstract_hamiltonians	test_hamiltonians[ham_ham_JW10-heavy-hex]	iter_5	0.06068418142111862	0.0511523581109941	2329	2329	6986	6986	6413	6413
abstract_hamiltonians	test_hamiltonians[ham_ham_JW10-linear]	iter_5	0.04716219300670283	0.045309648595073006	2765	2765	8388	8388	7498	7498
abstract_hamiltonians	test_hamiltonians[ham_ham_parity10-all-to-all]	iter_5	0.05748380731572123	0.05400155190574495	1573	1573	4152	4152	4801	4801
abstract_hamiltonians	test_hamiltonians[ham_ham_parity10-square]	iter_5	0.05336046532580727	0.050189964659512046	2273	2273	7077	7077	6434	6434
abstract_hamiltonians	test_hamiltonians[ham_ham_parity10-heavy-hex]	iter_5	0.06054892938803224	0.0523767463862896	2269	2269	6824	6824	6591	6591
abstract_hamiltonians	test_hamiltonians[ham_ham_parity10-linear]	iter_5	0.05472602381518012	0.046815154227343475	2810	2810	8349	8349	7642	7642
abstract_hamiltonians	test_hamiltonians[ham_ham_JW-10-all-to-all]	iter_5	0.05325310010659067	0.04724855043671348	1484	1484	4047	4047	4446	4446
abstract_hamiltonians	test_hamiltonians[ham_ham_JW-10-square]	iter_5	0.045345623469488186	0.043146909136946	2293	2293	7029	7029	6128	6128
abstract_hamiltonians	test_hamiltonians[ham_ham_JW-10-heavy-hex]	iter_5	0.05954548771328786	0.05132201761007309	2329	2329	6962	6962	6400	6400
abstract_hamiltonians	test_hamiltonians[ham_ham_JW-10-linear]	iter_5	0.0472356817197232	0.045163628391244194	2765	2765	8366	8366	7509	7509
abstract_hamiltonians	test_hamiltonians[ham_mu_x_prime_enc_stdbinary_dvalues_8-8-8-8-8-8-8-8-8-4-4-4-4-4-4-all-to-all]	iter_5	0.012360260067951111	0.010429425165057182	50	50	236	236	60	60
abstract_hamiltonians	test_hamiltonians[ham_mu_x_prime_enc_stdbinary_dvalues_8-8-8-8-8-8-8-8-8-4-4-4-4-4-4-square]	iter_5	0.007883317937905138	0.007844135761843063	60	60	276	276	72	72
abstract_hamiltonians	test_hamiltonians[ham_mu_x_prime_enc_stdbinary_dvalues_8-8-8-8-8-8-8-8-8-4-4-4-4-4-4-heavy-hex]	iter_5	0.01414432927655677	0.01383849638640075	56	56	291	291	74	74
abstract_hamiltonians	test_hamiltonians[ham_mu_x_prime_enc_stdbinary_dvalues_8-8-8-8-8-8-8-8-8-4-4-4-4-4-4-linear]	iter_5	0.008539260947145522	0.00766851007938385	56	56	297	297	74	74
abstract_hamiltonians	test_hamiltonians[ham_mu_x_prime_enc_unary_dvalues_4-4-4-all-to-all]	iter_5	0.008308493185880755	0.007768944706185721	18	18	156	156	32	32
abstract_hamiltonians	test_hamiltonians[ham_mu_x_prime_enc_unary_dvalues_4-4-4-square]	iter_5	0.007386006414890289	0.007156984723159965	18	18	156	156	32	32
abstract_hamiltonians	test_hamiltonians[ham_mu_x_prime_enc_unary_dvalues_4-4-4-heavy-hex]	iter_5	0.007354183408030629	0.007247954793274403	18	18	156	156	32	32
abstract_hamiltonians	test_hamiltonians[ham_mu_x_prime_enc_unary_dvalues_4-4-4-linear]	iter_5	0.004315400598187969	0.004258123298103993	18	18	156	156	32	32
abstract_hamiltonians	test_hamiltonians[ham_ham_parity12-all-to-all]	iter_5	0.12851456948556006	0.1173968476553758	3172	3172	8592	8592	9951	9951
abstract_hamiltonians	test_hamiltonians[ham_ham_parity12-square]	iter_5	0.16342684533447027	0.15031188859471253	5174	5174	15727	15727	14200	14200
abstract_hamiltonians	test_hamiltonians[ham_ham_parity12-heavy-hex]	iter_5	0.1587994016174759	0.1454870304358857	5776	5776	17295	17295	15546	15546
abstract_hamiltonians	test_hamiltonians[ham_ham_parity12-linear]	iter_5	0.12904838263057172	0.12680217437446117	6063	6063	17444	17444	16566	16566
abstract_hamiltonians	test_hamiltonians[ham_ham_BK12-all-to-all]	iter_5	0.08062091741997462	0.07667686517995137	3123	3123	8369	8369	9587	9587
abstract_hamiltonians	test_hamiltonians[ham_ham_BK12-square]	iter_5	0.11492861828042401	0.10859657472206487	5791	5791	18512	18512	14197	14197
abstract_hamiltonians	test_hamiltonians[ham_ham_BK12-heavy-hex]	iter_5	0.12729054340161383	0.11957728738586108	7014	7014	22256	22256	15683	15683
abstract_hamiltonians	test_hamiltonians[ham_ham_BK12-linear]	iter_5	0.1312132771126926	0.12510621035471559	8145	8145	24739	24739	17946	17946
abstract_hamiltonians	test_hamiltonians[ham_ham_JW12-all-to-all]	iter_5	0.1319410928990692	0.11551092772020234	3029	3029	8089	8089	9193	9193
abstract_hamiltonians	test_hamiltonians[ham_ham_JW12-square]	iter_5	0.1513889410666057	0.1387199852615595	5372	5372	16167	16167	14496	14496
abstract_hamiltonians	test_hamiltonians[ham_ham_JW12-heavy-hex]	iter_5	0.17393758116910854	0.1488105726561376	5232	5232	16291	16291	14781	14781
abstract_hamiltonians	test_hamiltonians[ham_ham_JW12-linear]	iter_5	0.11413865722715855	0.10830604285001755	6008	6008	17406	17406	15830	15830
abstract_hamiltonians	test_hamiltonians[ham_bh_graph-1D-grid-pbc-qubitnodes_Lx-4_U-40_enc-gray_d-8-all-to-all]	iter_5	0.07532002697033542	0.07318654137530498	2454	2454	7334	7334	7887	7887
abstract_hamiltonians	test_hamiltonians[ham_bh_graph-1D-grid-pbc-qubitnodes_Lx-4_U-40_enc-gray_d-8-square]	iter_5	0.09584568864242597	0.09079036768525839	4005	4005	13666	13666	11804	11804
abstract_hamiltonians	test_hamiltonians[ham_bh_graph-1D-grid-pbc-qubitnodes_Lx-4_U-40_enc-gray_d-8-heavy-hex]	iter_5	0.09318983995101669	0.09060993293921153	4726	4726	15755	15755	12665	12665
abstract_hamiltonians	test_hamiltonians[ham_bh_graph-1D-grid-pbc-qubitnodes_Lx-4_U-40_enc-gray_d-8-linear]	iter_5	0.0974072434685447	0.09147409044883469	5293	5293	17267	17267	14204	14204
abstract_hamiltonians	test_hamiltonians[ham_enc_unary_dvalues_4-4-4-all-to-all]	iter_5	0.14908930100500584	0.14287474645035608	5002	5002	16580	16580	15835	15835
abstract_hamiltonians	test_hamiltonians[ham_enc_unary_dvalues_4-4-4-square]	iter_5	0.1922628597045938	0.185953081275026	8558	8558	28793	28793	22912	22912
abstract_hamiltonians	test_hamiltonians[ham_enc_unary_dvalues_4-4-4-heavy-hex]	iter_5	0.212343080714345	0.20105689515670142	12254	12254	38360	38360	28087	28087
abstract_hamiltonians	test_hamiltonians[ham_enc_unary_dvalues_4-4-4-linear]	iter_5	0.2398214928805828	0.2323237858712673	14255	14255	47903	47903	32245	32245
abstract_hamiltonians	test_hamiltonians[ham_ham_parity-14-all-to-all]	iter_5	0.10669657055820737	0.09832311347126961	3814	3814	10194	10194	11520	11520
abstract_hamiltonians	test_hamiltonians[ham_ham_parity-14-square]	iter_5	0.15071172347026213	0.1269487200770527	6259	6259	19421	19421	16403	16403
abstract_hamiltonians	test_hamiltonians[ham_ham_parity-14-heavy-hex]	iter_5	0.17467592221995196	0.16020203195512295	7186	7186	21294	21294	17559	17559
abstract_hamiltonians	test_hamiltonians[ham_ham_parity-14-linear]	iter_5	0.1559001255248274	0.14738684706389904	8420	8420	24353	24353	20088	20088
abstract_hamiltonians	test_hamiltonians[ham_ham_JW14-all-to-all]	iter_5	0.1623281610331365	0.14175176540655748	3754	3754	9683	9683	11277	11277
abstract_hamiltonians	test_hamiltonians[ham_ham_JW14-square]	iter_5	0.18700612553705773	0.1694605868930618	6527	6527	18961	18961	17723	17723
abstract_hamiltonians	test_hamiltonians[ham_ham_JW14-heavy-hex]	iter_5	0.19156625618537268	0.16123567335307598	7286	7286	20089	20089	18467	18467
abstract_hamiltonians	test_hamiltonians[ham_ham_JW14-linear]	iter_5	0.15828039603573935	0.13366036978550255	7089	7089	19747	19747	18300	18300
abstract_hamiltonians	test_hamiltonians[ham_enc_gray_dvalues_4-4-4-4-4-4-4-all-to-all]	iter_5	0.07494703028351068	0.06629831902682781	2064	2064	7329	7329	6491	6491
abstract_hamiltonians	test_hamiltonians[ham_enc_gray_dvalues_4-4-4-4-4-4-4-square]	iter_5	0.07579732806022678	0.0756739369992699	3347	3347	11293	11293	9028	9028
abstract_hamiltonians	test_hamiltonians[ham_enc_gray_dvalues_4-4-4-4-4-4-4-heavy-hex]	iter_5	0.08001860563776322	0.0666609037667513	3525	3525	11951	11951	9526	9526
abstract_hamiltonians	test_hamiltonians[ham_enc_gray_dvalues_4-4-4-4-4-4-4-linear]	iter_5	0.08736014474804203	0.07562109029718808	3953	3953	12959	12959	10211	10211
abstract_hamiltonians	test_hamiltonians[ham_ham_BK-14-all-to-all]	iter_5	0.17660194262862206	0.16380141861736774	6103	6103	16122	16122	18698	18698
abstract_hamiltonians	test_hamiltonians[ham_ham_BK-14-square]	iter_5	0.27735326718539	0.23399172350764275	12262	12262	38348	38348	30006	30006
abstract_hamiltonians	test_hamiltonians[ham_ham_BK-14-heavy-hex]	iter_5	0.2875331686809659	0.26241839258000255	14493	14493	43961	43961	33064	33064
abstract_hamiltonians	test_hamiltonians[ham_ham_BK-14-linear]	iter_5	0.3365728793044885	0.31516436487436295	18213	18213	51764	51764	41594	41594
abstract_hamiltonians	test_hamiltonians[ham_ham_JW-14-all-to-all]	iter_5	0.22228941619396209	0.20355788841843606	6851	6851	18584	18584	20910	20910
abstract_hamiltonians	test_hamiltonians[ham_ham_JW-14-square]	iter_5	0.3672907756020625	0.34050846348206204	12697	12697	38017	38017	33112	33112
abstract_hamiltonians	test_hamiltonians[ham_ham_JW-14-heavy-hex]	iter_5	0.33933601838847	0.31770157953724265	14013	14013	40961	40961	35664	35664
abstract_hamiltonians	test_hamiltonians[ham_ham_JW-14-linear]	iter_5	0.2902208548039198	0.2571539171040058	14989	14989	42098	42098	37925	37925
abstract_hamiltonians	test_hamiltonians[ham_mu_z_prime_enc_unary_dvalues_16-16-16-16-16-16-16-all-to-all]	iter_5	0.01000801775049656	0.009496685352411357	30	30	256	256	152	152
abstract_hamiltonians	test_hamiltonians[ham_mu_z_prime_enc_unary_dvalues_16-16-16-16-16-16-16-square]	iter_5	0.008193510800600053	0.007878197454360884	30	30	256	256	152	152
abstract_hamiltonians	test_hamiltonians[ham_mu_z_prime_enc_unary_dvalues_16-16-16-16-16-16-16-heavy-hex]	iter_5	0.005110547123424834	0.005105971011208065	30	30	256	256	152	152
abstract_hamiltonians	test_hamiltonians[ham_mu_z_prime_enc_unary_dvalues_16-16-16-16-16-16-16-linear]	iter_5	0.004744243197041939	0.0047625183636687465	30	30	256	256	152	152
abstract_hamiltonians	test_hamiltonians[ham_graph-1D-grid-pbc-qubitnodes_Lx-16_h-2-all-to-all]	iter_5	0.008773752109352814	0.008385680952018365	32	32	159	159	123	123
abstract_hamiltonians	test_hamiltonians[ham_graph-1D-grid-pbc-qubitnodes_Lx-16_h-2-square]	iter_5	0.007722447917775343	0.007534784579971679	32	32	154	154	128	128
abstract_hamiltonians	test_hamiltonians[ham_graph-1D-grid-pbc-qubitnodes_Lx-16_h-2-heavy-hex]	iter_5	0.004847068844243811	0.00486491818446666	32	32	151	151	127	127
abstract_hamiltonians	test_hamiltonians[ham_graph-1D-grid-pbc-qubitnodes_Lx-16_h-2-linear]	iter_5	0.005713693386355004	0.005722066875072133	75	75	266	266	208	208
abstract_hamiltonians	test_hamiltonians[ham_ham_JW-18-all-to-all]	iter_5	0.4720815842350324	0.4332969840615988	18092	18092	42583	42583	54239	54239
abstract_hamiltonians	test_hamiltonians[ham_ham_JW-18-square]	iter_5	0.9583535976707935	0.8000400615856051	30229	30229	86333	86333	76678	76678
abstract_hamiltonians	test_hamiltonians[ham_ham_JW-18-heavy-hex]	iter_5	0.8811173681169748	0.7971773063763976	38192	38192	110022	110022	95330	95330
abstract_hamiltonians	test_hamiltonians[ham_ham_JW-18-linear]	iter_5	0.7999924374744296	0.6602524751797318	44058	44058	120326	120326	111701	111701
abstract_hamiltonians	test_hamiltonians[ham_ham_JW-22-all-to-all]	iter_5	1.9201659131795168	1.7893854212015867	55830	55830	133827	133827	169661	169661
abstract_hamiltonians	test_hamiltonians[ham_ham_JW-22-square]	iter_5	3.460566869005561	2.978302177041769	88872	88872	248677	248677	229849	229849
abstract_hamiltonians	test_hamiltonians[ham_ham_JW-22-heavy-hex]	iter_5	4.480970161035657	3.9523680079728365	116833	116833	329360	329360	295689	295689
abstract_hamiltonians	test_hamiltonians[ham_ham_JW-22-linear]	iter_5	5.802609998732805	4.419401286169887	140255	140255	360820	360820	335209	335209
abstract_hamiltonians	test_hamiltonians[ham_ham_BK22-all-to-all]	iter_5	1.3315026480704546	1.1562531813979149	40536	40536	101893	101893	123003	123003
abstract_hamiltonians	test_hamiltonians[ham_ham_BK22-square]	iter_5	2.561443295329809	2.455982005223632	90359	90359	265254	265254	206017	206017
abstract_hamiltonians	test_hamiltonians[ham_ham_BK22-heavy-hex]	iter_5	3.4985684417188168	3.2881939224898815	135966	135966	393562	393562	300515	300515
abstract_hamiltonians	test_hamiltonians[ham_ham_BK22-linear]	iter_5	4.508298106491566	3.6346384827047586	205937	205937	527215	527215	420646	420646
abstract_hamiltonians	test_hamiltonians[ham_mu_y_prime_enc_stdbinary_dvalues_4-4-4-4-4-4-4-4-4-4-4-4-4-4-4-4-4-4-all-to-all]	iter_5	0.013430984949486123	0.011477859617259941	24	24	228	228	13	13
abstract_hamiltonians	test_hamiltonians[ham_mu_y_prime_enc_stdbinary_dvalues_4-4-4-4-4-4-4-4-4-4-4-4-4-4-4-4-4-4-square]	iter_5	0.007772005865441971	0.0069012862098004136	24	24	219	219	13	13
abstract_hamiltonians	test_hamiltonians[ham_mu_y_prime_enc_stdbinary_dvalues_4-4-4-4-4-4-4-4-4-4-4-4-4-4-4-4-4-4-heavy-hex]	iter_5	0.01077591625895972	0.00983256738328812	24	24	216	216	13	13
abstract_hamiltonians	test_hamiltonians[ham_mu_y_prime_enc_stdbinary_dvalues_4-4-4-4-4-4-4-4-4-4-4-4-4-4-4-4-4-4-linear]	iter_5	0.506635120138526	0.49970898156364757	24	24	219	219	13	13
abstract_hamiltonians	test_hamiltonians[ham_gnp-k_5_n-24_rinst-04-all-to-all]	iter_5	0.02333327214277926	0.020854653315024174	376	376	1054	1054	268	268
abstract_hamiltonians	test_hamiltonians[ham_gnp-k_5_n-24_rinst-04-square]	iter_5	0.019144538169105847	0.01632405697541722	779	779	2282	2282	822	822
abstract_hamiltonians	test_hamiltonians[ham_gnp-k_5_n-24_rinst-04-heavy-hex]	iter_5	0.02342911909312703	0.020182317540961867	964	964	3054	3054	1042	1042
abstract_hamiltonians	test_hamiltonians[ham_gnp-k_5_n-24_rinst-04-linear]	iter_5	0.02091787018192311	0.01777140903114169	994	994	3308	3308	772	772
abstract_hamiltonians	test_hamiltonians[ham_tsp_prob-ulysses22_Ncity-8_enc-stdbinary-all-to-all]	iter_5	0.03570826830608504	0.032424114062450826	848	848	2557	2557	2440	2440
abstract_hamiltonians	test_hamiltonians[ham_tsp_prob-ulysses22_Ncity-8_enc-stdbinary-square]	iter_5	0.03361420930716498	0.02907383777201176	1613	1613	4983	4983	3935	3935
abstract_hamiltonians	test_hamiltonians[ham_tsp_prob-ulysses22_Ncity-8_enc-stdbinary-heavy-hex]	iter_5	0.04006255492568016	0.034731966732391	1868	1868	6230	6230	4400	4400
abstract_hamiltonians	test_hamiltonians[ham_tsp_prob-ulysses22_Ncity-8_enc-stdbinary-linear]	iter_5	0.03708189518915282	0.031411126496330384	2038	2038	6972	6972	4656	4656
abstract_hamiltonians	test_hamiltonians[ham_ham_JW24-all-to-all]	iter_5	3.2667379397898912	2.867988897487521	70411	70411	157875	157875	206398	206398
abstract_hamiltonians	test_hamiltonians[ham_ham_JW24-square]	iter_5	6.803851798176765	6.271457338705659	132903	132903	372532	372532	337988	337988
abstract_hamiltonians	test_hamiltonians[ham_ham_JW24-heavy-hex]	iter_5	8.398866647854447	7.102449707686901	206068	206068	578812	578812	516407	516407
abstract_hamiltonians	test_hamiltonians[ham_ham_JW24-linear]	iter_5	7.183006597682834	5.939762629568577	220785	220785	607549	607549	577849	577849
abstract_hamiltonians	test_hamiltonians[ham_tsp_prob-ts225_Ncity-5_enc-unary-all-to-all]	iter_5	0.017623531632125378	0.016743178631771695	200	200	599	599	155	155
abstract_hamiltonians	test_hamiltonians[ham_tsp_prob-ts225_Ncity-5_enc-unary-square]	iter_5	0.014031757803066917	0.012135493556658427	399	399	1228	1228	432	432
abstract_hamiltonians	test_hamiltonians[ham_tsp_prob-ts225_Ncity-5_enc-unary-heavy-hex]	iter_5	0.018176252127818343	0.01572760554854987	515	515	1565	1565	465	465
abstract_hamiltonians	test_hamiltonians[ham_tsp_prob-ts225_Ncity-5_enc-unary-linear]	iter_5	0.015818345300372568	0.013374697758068502	595	595	2031	2031	488	488
abstract_hamiltonians	test_hamiltonians[ham_graph-1D-grid-pbc-qubitnodes_Lx-26_h-6-all-to-all]	iter_5	0.012629049751593405	0.011734976844732152	52	52	254	254	215	215
abstract_hamiltonians	test_hamiltonians[ham_graph-1D-grid-pbc-qubitnodes_Lx-26_h-6-square]	iter_5	0.01006471953287567	0.009968819884726634	52	52	250	250	218	218
abstract_hamiltonians	test_hamiltonians[ham_graph-1D-grid-pbc-qubitnodes_Lx-26_h-6-heavy-hex]	iter_5	0.010389201471517825	0.010236323780410892	52	52	246	246	216	216
abstract_hamiltonians	test_hamiltonians[ham_graph-1D-grid-pbc-qubitnodes_Lx-26_h-6-linear]	iter_5	0.0075558557485540705	0.007428434382124645	123	123	437	437	290	290
abstract_hamiltonians	test_hamiltonians[ham_bh_graph-1D-grid-pbc-qubitnodes_Lx-14_U-10_enc-stdbinary_d-4-all-to-all]	iter_5	0.0389960228651762	0.03538001787715724	890	890	3096	3096	2547	2547
abstract_hamiltonians	test_hamiltonians[ham_bh_graph-1D-grid-pbc-qubitnodes_Lx-14_U-10_enc-stdbinary_d-4-square]	iter_5	0.04009133763611317	0.036644240375608206	1018	1018	3789	3789	3021	3021
abstract_hamiltonians	test_hamiltonians[ham_bh_graph-1D-grid-pbc-qubitnodes_Lx-14_U-10_enc-stdbinary_d-4-heavy-hex]	iter_5	0.04444792615654676	0.04135313883423805	1010	1010	3842	3842	3011	3011
abstract_hamiltonians	test_hamiltonians[ham_bh_graph-1D-grid-pbc-qubitnodes_Lx-14_U-10_enc-stdbinary_d-4-linear]	iter_5	0.03442517910152674	0.03145954063670202	1199	1199	4231	4231	3271	3271
abstract_hamiltonians	test_hamiltonians[ham_bh_graph-2D-triag-nonpbc-qubitnodes_Lx-3_Ly-5_U-30_enc-gray_d-4-all-to-all]	iter_5	0.059980658156906855	0.052092381605976505	1773	1773	6396	6396	5734	5734
abstract_hamiltonians	test_hamiltonians[ham_bh_graph-2D-triag-nonpbc-qubitnodes_Lx-3_Ly-5_U-30_enc-gray_d-4-square]	iter_5	0.06734606015185515	0.05745794655134281	2896	2896	10252	10252	8224	8224
abstract_hamiltonians	test_hamiltonians[ham_bh_graph-2D-triag-nonpbc-qubitnodes_Lx-3_Ly-5_U-30_enc-gray_d-4-heavy-hex]	iter_5	0.07598946687693779	0.06434143625665456	3848	3848	13012	13012	9930	9930
abstract_hamiltonians	test_hamiltonians[ham_bh_graph-2D-triag-nonpbc-qubitnodes_Lx-3_Ly-5_U-30_enc-gray_d-4-linear]	iter_5	0.08100807322905614	0.06685029133222997	5291	5291	16940	16940	13303	13303
abstract_hamiltonians	test_hamiltonians[ham_reg-5_n-10_rinst-07-all-to-all]	iter_5	0.07762663112953305	0.07374150442580382	2530	2530	6451	6451	5448	5448
abstract_hamiltonians	test_hamiltonians[ham_reg-5_n-10_rinst-07-square]	iter_5	0.0904127083097895	0.07555451602316819	5292	5292	16926	16926	10539	10539
abstract_hamiltonians	test_hamiltonians[ham_reg-5_n-10_rinst-07-heavy-hex]	iter_5	0.09920242225581949	0.08163557918025897	6116	6116	20179	20179	11901	11901
abstract_hamiltonians	test_hamiltonians[ham_reg-5_n-10_rinst-07-linear]	iter_5	0.10068316893144087	0.0846775251512344	6402	6402	21186	21186	12429	12429
abstract_hamiltonians	test_hamiltonians[ham_mu_y_prime_enc_unary_dvalues_16-16-16-16-16-16-all-to-all]	iter_5	0.016036707694168952	0.014675953398075174	60	60	512	512	152	152
abstract_hamiltonians	test_hamiltonians[ham_mu_y_prime_enc_unary_dvalues_16-16-16-16-16-16-square]	iter_5	0.009886405430734158	0.00964044244720204	60	60	512	512	152	152
abstract_hamiltonians	test_hamiltonians[ham_mu_y_prime_enc_unary_dvalues_16-16-16-16-16-16-heavy-hex]	iter_5	0.01059284967680772	0.010367554711534622	60	60	512	512	152	152
abstract_hamiltonians	test_hamiltonians[ham_mu_y_prime_enc_unary_dvalues_16-16-16-16-16-16-linear]	iter_5	0.0075302566091219585	0.007482134933832665	60	60	512	512	152	152
abstract_hamiltonians	test_hamiltonians[ham_bh_graph-3D-grid-nonpbc-qubitnodes_Lx-2_Ly-2_Lz-2_U-20_enc-unary_d-4-all-to-all]	iter_5	0.08403716655448079	0.07401169836521149	3150	3150	9737	9737	8634	8634
abstract_hamiltonians	test_hamiltonians[ham_bh_graph-3D-grid-nonpbc-qubitnodes_Lx-2_Ly-2_Lz-2_U-20_enc-unary_d-4-square]	iter_5	0.0921232019635764	0.07851116172969341	4811	4811	15177	15177	12077	12077
abstract_hamiltonians	test_hamiltonians[ham_bh_graph-3D-grid-nonpbc-qubitnodes_Lx-2_Ly-2_Lz-2_U-20_enc-unary_d-4-heavy-hex]	iter_5	0.09682395055212757	0.08203348101904759	5230	5230	16410	16410	13169	13169
abstract_hamiltonians	test_hamiltonians[ham_bh_graph-3D-grid-nonpbc-qubitnodes_Lx-2_Ly-2_Lz-2_U-20_enc-unary_d-4-linear]	iter_5	0.10716811443368594	0.09342249008742246	7353	7353	22296	22296	17457	17457
abstract_hamiltonians	test_hamiltonians[ham_0-uuf100-0810.cnf-40-res-all-to-all]	iter_5	0.026460086436648118	0.023363475732150533	300	300	1049	1049	377	377
abstract_hamiltonians	test_hamiltonians[ham_0-uuf100-0810.cnf-40-res-square]	iter_5	0.022600673604756594	0.019543134830892085	855	855	2573	2573	959	959
abstract_hamiltonians	test_hamiltonians[ham_0-uuf100-0810.cnf-40-res-heavy-hex]	iter_5	0.026959889401228	0.021704780434568725	1277	1277	3691	3691	1363	1363
abstract_hamiltonians	test_hamiltonians[ham_0-uuf100-0810.cnf-40-res-linear]	iter_5	0.03226392824322947	0.026653799555591634	2352	2352	6414	6414	1797	1797
abstract_hamiltonians	test_hamiltonians[ham_8-uuf100-0509.cnf-40-cc-all-to-all]	iter_5	0.02716422438420154	0.024003503356306327	346	346	1246	1246	409	409
abstract_hamiltonians	test_hamiltonians[ham_8-uuf100-0509.cnf-40-cc-square]	iter_5	0.024991829998982258	0.02144089730249511	985	985	3026	3026	1046	1046
abstract_hamiltonians	test_hamiltonians[ham_8-uuf100-0509.cnf-40-cc-heavy-hex]	iter_5	0.0242771820298263	0.023518331435530684	1420	1420	4044	4044	1271	1271
abstract_hamiltonians	test_hamiltonians[ham_8-uuf100-0509.cnf-40-cc-linear]	iter_5	0.03723782514808355	0.030362797517548588	3039	3039	8109	8109	2524	2524
abstract_hamiltonians	test_hamiltonians[ham_gnp-k_4_n-40_rinst-07-all-to-all]	iter_5	0.05085146725177765	0.044287287376143715	1602	1602	6119	6119	4123	4123
abstract_hamiltonians	test_hamiltonians[ham_gnp-k_4_n-40_rinst-07-square]	iter_5	0.06596035622060299	0.056315374505870486	4177	4177	13331	13331	8713	8713
abstract_hamiltonians	test_hamiltonians[ham_gnp-k_4_n-40_rinst-07-heavy-hex]	iter_5	0.07664551456960347	0.061026364914141595	5948	5948	17767	17767	10611	10611
abstract_hamiltonians	test_hamiltonians[ham_gnp-k_4_n-40_rinst-07-linear]	iter_5	0.10389879511462317	0.08171140014504392	10332	10332	29423	29423	19755	19755
abstract_hamiltonians	test_hamiltonians[ham_2-uf100-0396.cnf-46-res-all-to-all]	iter_5	0.029579003821268227	0.02679634518507454	454	454	1582	1582	581	581
abstract_hamiltonians	test_hamiltonians[ham_2-uf100-0396.cnf-46-res-square]	iter_5	0.029913189875728944	0.025725757850236015	1394	1394	4225	4225	1412	1412
abstract_hamiltonians	test_hamiltonians[ham_2-uf100-0396.cnf-46-res-heavy-hex]	iter_5	0.034842791806521084	0.029506841181393934	2123	2123	6116	6116	1802	1802
abstract_hamiltonians	test_hamiltonians[ham_2-uf100-0396.cnf-46-res-linear]	iter_5	0.04910608734935522	0.04074935092089268	4402	4402	11335	11335	2993	2993
abstract_hamiltonians	test_hamiltonians[ham_2-uf100-0601.cnf-46-res-all-to-all]	iter_5	0.03373804435666118	0.031206763151920204	488	488	1662	1662	536	536
abstract_hamiltonians	test_hamiltonians[ham_2-uf100-0601.cnf-46-res-square]	iter_5	0.0321536508272402	0.027301038408444986	1589	1589	4778	4778	1478	1478
abstract_hamiltonians	test_hamiltonians[ham_2-uf100-0601.cnf-46-res-heavy-hex]	iter_5	0.036282087917681095	0.03055173985194415	2326	2326	6602	6602	1882	1882
abstract_hamiltonians	test_hamiltonians[ham_2-uf100-0601.cnf-46-res-linear]	iter_5	0.05382383046181578	0.046322213323867836	5023	5023	12679	12679	3329	3329
abstract_hamiltonians	test_hamiltonians[ham_bh_graph-1D-grid-nonpbc-qubitnodes_Lx-12_U-40_enc-unary_d-4-all-to-all]	iter_5	0.08311980532912108	0.07283421552606992	2970	2970	9313	9313	8400	8400
abstract_hamiltonians	test_hamiltonians[ham_bh_graph-1D-grid-nonpbc-qubitnodes_Lx-12_U-40_enc-unary_d-4-square]	iter_5	0.09018007867659132	0.07360984837370259	4293	4293	13859	13859	11303	11303
abstract_hamiltonians	test_hamiltonians[ham_bh_graph-1D-grid-nonpbc-qubitnodes_Lx-12_U-40_enc-unary_d-4-heavy-hex]	iter_5	0.0878759619469444	0.07500300010932344	4366	4366	14744	14744	12032	12032
abstract_hamiltonians	test_hamiltonians[ham_bh_graph-1D-grid-nonpbc-qubitnodes_Lx-12_U-40_enc-unary_d-4-linear]	iter_5	0.08320227795495437	0.07086252855757873	4357	4357	14533	14533	12285	12285
abstract_hamiltonians	test_hamiltonians[ham_bh_graph-1D-grid-pbc-qubitnodes_Lx-24_U-20_enc-stdbinary_d-4-all-to-all]	iter_5	0.06267256487626582	0.05817044795387321	1530	1530	5711	5711	4550	4550
abstract_hamiltonians	test_hamiltonians[ham_bh_graph-1D-grid-pbc-qubitnodes_Lx-24_U-20_enc-stdbinary_d-4-square]	iter_5	0.05959891856593244	0.053192023285909704	1765	1765	6601	6601	5066	5066
abstract_hamiltonians	test_hamiltonians[ham_bh_graph-1D-grid-pbc-qubitnodes_Lx-24_U-20_enc-stdbinary_d-4-heavy-hex]	iter_5	0.06047027196516009	0.053746632937537994	1890	1890	6920	6920	5433	5433
abstract_hamiltonians	test_hamiltonians[ham_bh_graph-1D-grid-pbc-qubitnodes_Lx-24_U-20_enc-stdbinary_d-4-linear]	iter_5	0.05802204190856881	0.048945841802792114	2317	2317	7999	7999	6170	6170
abstract_hamiltonians	test_hamiltonians[ham_tsp_prob-lin105_Ncity-7_enc-unary-all-to-all]	iter_5	0.03530922095323431	0.03258853315586044	588	588	1607	1607	308	308
abstract_hamiltonians	test_hamiltonians[ham_tsp_prob-lin105_Ncity-7_enc-unary-square]	iter_5	0.029595049999413953	0.026558186711841507	1284	1284	3994	3994	1116	1116
abstract_hamiltonians	test_hamiltonians[ham_tsp_prob-lin105_Ncity-7_enc-unary-heavy-hex]	iter_5	0.032292091738312476	0.027868894913366863	1655	1655	5071	5071	1307	1307
abstract_hamiltonians	test_hamiltonians[ham_tsp_prob-lin105_Ncity-7_enc-unary-linear]	iter_5	0.040489684715867044	0.03390110187746327	2653	2653	8153	8153	1431	1431
abstract_hamiltonians	test_hamiltonians[ham_gnp-k_5_n-60_rinst-19-all-to-all]	iter_5	0.10210140847734042	0.09183351943890254	3939	3939	14880	14880	9999	9999
abstract_hamiltonians	test_hamiltonians[ham_gnp-k_5_n-60_rinst-19-square]	iter_5	0.15426488912531308	0.1265221848152578	11674	11674	35256	35256	22088	22088
abstract_hamiltonians	test_hamiltonians[ham_gnp-k_5_n-60_rinst-19-heavy-hex]	iter_5	0.20161295992632708	0.16381169190364225	16265	16265	48808	48808	28289	28289
abstract_hamiltonians	test_hamiltonians[ham_gnp-k_5_n-60_rinst-19-linear]	iter_5	0.259530421346426	0.2089585829526186	28091	28091	77842	77842	48540	48540
abstract_hamiltonians	test_hamiltonians[ham_bh_graph-2D-triag-pbc-qubitnodes_Lx-5_Ly-5_U-30_enc-unary_d-4-all-to-all]	iter_5	0.2522024177014828	0.22194020114839078	11592	11592	36453	36453	31942	31942
abstract_hamiltonians	test_hamiltonians[ham_bh_graph-2D-triag-pbc-qubitnodes_Lx-5_Ly-5_U-30_enc-unary_d-4-square]	iter_5	0.3291677595116198	0.28764726920053363	19902	19902	62241	62241	45964	45964
abstract_hamiltonians	test_hamiltonians[ham_bh_graph-2D-triag-pbc-qubitnodes_Lx-5_Ly-5_U-30_enc-unary_d-4-heavy-hex]	iter_5	0.35242053121328354	0.3015726199373603	21937	21937	70160	70160	52476	52476
abstract_hamiltonians	test_hamiltonians[ham_bh_graph-2D-triag-pbc-qubitnodes_Lx-5_Ly-5_U-30_enc-unary_d-4-linear]	iter_5	0.4074734039604664	0.33344336226582527	31271	31271	92730	92730	68854	68854
abstract_hamiltonians	test_hamiltonians[ham_mu_x_prime_enc_unary_dvalues_16-16-16-16-16-16-16-16-16-16-16-16-16-16-16-all-to-all]	iter_5	0.030976235806461302	0.02912596534147407	120	120	1024	1024	152	152
abstract_hamiltonians	test_hamiltonians[ham_mu_x_prime_enc_unary_dvalues_16-16-16-16-16-16-16-16-16-16-16-16-16-16-16-square]	iter_5	0.2300869420170784	0.22561089731752873	120	120	1024	1024	152	152
abstract_hamiltonians	test_hamiltonians[ham_mu_x_prime_enc_unary_dvalues_16-16-16-16-16-16-16-16-16-16-16-16-16-16-16-heavy-hex]	iter_5	0.015779811186624356	0.01565122919818086	120	120	1024	1024	152	152
abstract_hamiltonians	test_hamiltonians[ham_mu_x_prime_enc_unary_dvalues_16-16-16-16-16-16-16-16-16-16-16-16-16-16-16-linear]	iter_5	0.011522577082117399	0.01158297382468401	120	120	1024	1024	152	152
abstract_hamiltonians	test_hamiltonians[ham_tsp_prob-d198_Ncity-8_enc-unary-all-to-all]	iter_5	0.046276019124144856	0.043914289524157844	896	896	2577	2577	422	422
abstract_hamiltonians	test_hamiltonians[ham_tsp_prob-d198_Ncity-8_enc-unary-square]	iter_5	0.04228593564281861	0.035854173465990104	1964	1964	6039	6039	1560	1560
abstract_hamiltonians	test_hamiltonians[ham_tsp_prob-d198_Ncity-8_enc-unary-heavy-hex]	iter_5	0.05479990190973407	0.046915584413165394	2323	2323	7640	7640	1644	1644
abstract_hamiltonians	test_hamiltonians[ham_tsp_prob-d198_Ncity-8_enc-unary-linear]	iter_5	0.0652971756644547	0.05477063269599488	4715	4715	14748	14748	2566	2566
abstract_hamiltonians	test_hamiltonians[ham_tsp_prob-kroD100_Ncity-16_enc-stdbinary-all-to-all]	iter_5	0.21717933863401412	0.1957940548658371	7594	7594	19997	19997	22549	22549
abstract_hamiltonians	test_hamiltonians[ham_tsp_prob-kroD100_Ncity-16_enc-stdbinary-square]	iter_5	0.299680445343256	0.24453422091901303	15294	15294	48016	48016	38444	38444
abstract_hamiltonians	test_hamiltonians[ham_tsp_prob-kroD100_Ncity-16_enc-stdbinary-heavy-hex]	iter_5	0.34083475917577744	0.29200339410454035	18802	18802	62112	62112	44221	44221
abstract_hamiltonians	test_hamiltonians[ham_tsp_prob-kroD100_Ncity-16_enc-stdbinary-linear]	iter_5	0.36675440644224483	0.31221785489469767	20114	20114	65571	65571	44717	44717
abstract_hamiltonians	test_hamiltonians[ham_tsp_prob-fl417_Ncity-16_enc-stdbinary-all-to-all]	iter_5	0.2065544123761356	0.20397089160978793	7606	7606	20022	20022	22468	22468
abstract_hamiltonians	test_hamiltonians[ham_tsp_prob-fl417_Ncity-16_enc-stdbinary-square]	iter_5	0.28143370151519775	0.248551407456398	15294	15294	48031	48031	38454	38454
abstract_hamiltonians	test_hamiltonians[ham_tsp_prob-fl417_Ncity-16_enc-stdbinary-heavy-hex]	iter_5	0.32997968420386314	0.281924054492265	18804	18804	62145	62145	44203	44203
abstract_hamiltonians	test_hamiltonians[ham_tsp_prob-fl417_Ncity-16_enc-stdbinary-linear]	iter_5	0.31761152235170204	0.30630242731422186	20118	20118	65692	65692	44705	44705
abstract_hamiltonians	test_hamiltonians[ham_4-uf100-0246.cnf-70-res-all-to-all]	iter_5	0.06848963672916095	0.05861476151382222	1262	1262	4237	4237	1798	1798
abstract_hamiltonians	test_hamiltonians[ham_4-uf100-0246.cnf-70-res-square]	iter_5	0.07590547762811184	0.062442587688565254	5349	5349	15159	15159	5175	5175
abstract_hamiltonians	test_hamiltonians[ham_4-uf100-0246.cnf-70-res-heavy-hex]	iter_5	0.10453979596495629	0.08490140658492844	8364	8364	22999	22999	6707	6707
abstract_hamiltonians	test_hamiltonians[ham_4-uf100-0246.cnf-70-res-linear]	iter_5	0.19006979130208493	0.14967475166278227	22179	22179	55128	55128	14681	14681
abstract_hamiltonians	test_hamiltonians[ham_dsjc1000.1,n-36,rinst-4-all-to-all]	iter_5	0.05908876668442698	0.05392077751457691	1206	1206	4077	4077	1601	1601
abstract_hamiltonians	test_hamiltonians[ham_dsjc1000.1,n-36,rinst-4-square]	iter_5	0.05693845192177428	0.048209222685545686	2967	2967	9591	9591	3715	3715
abstract_hamiltonians	test_hamiltonians[ham_dsjc1000.1,n-36,rinst-4-heavy-hex]	iter_5	0.06922034559150538	0.059478301883620376	3717	3717	11937	11937	4525	4525
abstract_hamiltonians	test_hamiltonians[ham_dsjc1000.1,n-36,rinst-4-linear]	iter_5	0.09047972190786492	0.07384243248296636	7693	7693	22349	22349	7182	7182
abstract_hamiltonians	test_hamiltonians[ham_graph-2D-grid-nonpbc-qubitnodes_Lx-5_Ly-15_h-3-all-to-all]	iter_5	0.04005541890859604	0.03691531538411423	260	260	1110	1110	292	292
abstract_hamiltonians	test_hamiltonians[ham_graph-2D-grid-nonpbc-qubitnodes_Lx-5_Ly-15_h-3-square]	iter_5	0.04472611083284668	0.040499471724033356	636	636	2152	2152	568	568
abstract_hamiltonians	test_hamiltonians[ham_graph-2D-grid-nonpbc-qubitnodes_Lx-5_Ly-15_h-3-heavy-hex]	iter_5	0.04283380459832108	0.03864106951424709	1060	1060	3319	3319	822	822
abstract_hamiltonians	test_hamiltonians[ham_graph-2D-grid-nonpbc-qubitnodes_Lx-5_Ly-15_h-3-linear]	iter_5	0.028358785901218653	0.024883334547644707	1303	1303	3940	3940	924	924
abstract_hamiltonians	test_hamiltonians[ham_bh_graph-1D-grid-pbc-qubitnodes_Lx-10_U-30_enc-unary_d-8-all-to-all]	iter_5	0.32483776782949764	0.2855850141495466	14098	14098	42860	42860	39645	39645
abstract_hamiltonians	test_hamiltonians[ham_bh_graph-1D-grid-pbc-qubitnodes_Lx-10_U-30_enc-unary_d-8-square]	iter_5	0.39599849966665107	0.3300529619057973	23100	23100	74721	74721	57311	57311
abstract_hamiltonians	test_hamiltonians[ham_bh_graph-1D-grid-pbc-qubitnodes_Lx-10_U-30_enc-unary_d-8-heavy-hex]	iter_5	0.3932267713050048	0.3296160902827978	23807	23807	78461	78461	60626	60626
abstract_hamiltonians	test_hamiltonians[ham_bh_graph-1D-grid-pbc-qubitnodes_Lx-10_U-30_enc-unary_d-8-linear]	iter_5	0.39754927965501946	0.3386413486053546	26188	26188	86761	86761	65214	65214
abstract_hamiltonians	test_hamiltonians[ham_4-flat100-7.cnf-90-cc-all-to-all]	iter_5	0.047866158719573705	0.044821968556127766	268	268	963	963	89	89
abstract_hamiltonians	test_hamiltonians[ham_4-flat100-7.cnf-90-cc-square]	iter_5	0.039364868104457856	0.035743958316743374	711	711	2149	2149	264	264
abstract_hamiltonians	test_hamiltonians[ham_4-flat100-7.cnf-90-cc-heavy-hex]	iter_5	0.031948005718489485	0.028344957370843207	1050	1050	3130	3130	426	426
abstract_hamiltonians	test_hamiltonians[ham_4-flat100-7.cnf-90-cc-linear]	iter_5	0.04252943785294243	0.03698583526004638	2486	2486	6476	6476	821	821
abstract_hamiltonians	test_hamiltonians[ham_reg-4_n-90_rinst-07-all-to-all]	iter_5	0.0708900975684325	0.062163193984066736	1008	1008	4142	4142	636	636
abstract_hamiltonians	test_hamiltonians[ham_reg-4_n-90_rinst-07-square]	iter_5	0.09185353175482967	0.08361194049939513	2683	2683	8304	8304	1830	1830
abstract_hamiltonians	test_hamiltonians[ham_reg-4_n-90_rinst-07-heavy-hex]	iter_5	0.06435243810216586	0.05487602076640254	3661	3661	11155	11155	2188	2188
abstract_hamiltonians	test_hamiltonians[ham_reg-4_n-90_rinst-07-linear]	iter_5	0.10542219094932079	0.08667645991469423	9752	9752	25364	25364	4083	4083
abstract_hamiltonians	test_hamiltonians[ham_gnp-k_5_n-90_rinst-02-all-to-all]	iter_5	0.16451161292692026	0.1528082513915641	5898	5898	21860	21860	14417	14417
abstract_hamiltonians	test_hamiltonians[ham_gnp-k_5_n-90_rinst-02-square]	iter_5	0.2583780069835484	0.20809150524437428	20423	20423	60348	60348	35557	35557
abstract_hamiltonians	test_hamiltonians[ham_gnp-k_5_n-90_rinst-02-heavy-hex]	iter_5	0.33712453162297606	0.26139967096969485	29536	29536	84864	84864	45598	45598
abstract_hamiltonians	test_hamiltonians[ham_gnp-k_5_n-90_rinst-02-linear]	iter_5	0.635669338516891	0.5102808922529221	70206	70206	187632	187632	101282	101282
abstract_hamiltonians	test_hamiltonians[ham_graph-2D-triag-pbc-qubitnodes_Lx-13_Ly-13_h-0.1-all-to-all]	iter_5	0.06246455835507197	0.05227839240902349	546	546	1947	1947	525	525
abstract_hamiltonians	test_hamiltonians[ham_graph-2D-triag-pbc-qubitnodes_Lx-13_Ly-13_h-0.1-square]	iter_5	0.04731524134562774	0.041149056553840636	1817	1817	5332	5332	1674	1674
abstract_hamiltonians	test_hamiltonians[ham_graph-2D-triag-pbc-qubitnodes_Lx-13_Ly-13_h-0.1-heavy-hex]	iter_5	0.04759176403638862	0.04037505087371056	2716	2716	7781	7781	1981	1981
abstract_hamiltonians	test_hamiltonians[ham_graph-2D-triag-pbc-qubitnodes_Lx-13_Ly-13_h-0.1-linear]	iter_5	0.07384743568088327	0.060177311301231384	6662	6662	17977	17977	3726	3726
abstract_hamiltonians	test_hamiltonians[ham_bh_graph-1D-grid-pbc-qubitnodes_Lx-46_U-2_enc-gray_d-4-all-to-all]	iter_5	0.11728540970943868	0.11058420563737552	3077	3077	11113	11113	10531	10531
abstract_hamiltonians	test_hamiltonians[ham_bh_graph-1D-grid-pbc-qubitnodes_Lx-46_U-2_enc-gray_d-4-square]	iter_5	0.12720064190216362	0.10943158260650104	5025	5025	17902	17902	14923	14923
abstract_hamiltonians	test_hamiltonians[ham_bh_graph-1D-grid-pbc-qubitnodes_Lx-46_U-2_enc-gray_d-4-heavy-hex]	iter_5	0.13055430678650737	0.11606958963804775	5851	5851	20678	20678	16126	16126
abstract_hamiltonians	test_hamiltonians[ham_bh_graph-1D-grid-pbc-qubitnodes_Lx-46_U-2_enc-gray_d-4-linear]	iter_5	0.11902796891000536	0.09707259368151426	6136	6136	21541	21541	16830	16830
abstract_hamiltonians	test_hamiltonians[ham_bh_graph-2D-grid-nonpbc-qubitnodes_Lx-7_Ly-7_U-70_enc-gray_d-4-all-to-all]	iter_5	0.18715763315558434	0.17130670584738256	5378	5378	19650	19650	17759	17759
abstract_hamiltonians	test_hamiltonians[ham_bh_graph-2D-grid-nonpbc-qubitnodes_Lx-7_Ly-7_U-70_enc-gray_d-4-square]	iter_5	0.20742970742285252	0.16772705651819705	10433	10433	35403	35403	26928	26928
abstract_hamiltonians	test_hamiltonians[ham_bh_graph-2D-grid-nonpbc-qubitnodes_Lx-7_Ly-7_U-70_enc-gray_d-4-heavy-hex]	iter_5	0.23700687736272813	0.2008850071579218	14225	14225	46338	46338	34273	34273
abstract_hamiltonians	test_hamiltonians[ham_bh_graph-2D-grid-nonpbc-qubitnodes_Lx-7_Ly-7_U-70_enc-gray_d-4-linear]	iter_5	0.27492301305755973	0.22474186308681965	20557	20557	62014	62014	44703	44703
abstract_hamiltonians	test_hamiltonians[ham_fh-graph-1D-grid-pbc-qubitnodes_Lx-50_U-2_enc-jw-all-to-all]	iter_5	0.0687477570027113	0.06388157769106328	684	684	2913	2913	1838	1838
abstract_hamiltonians	test_hamiltonians[ham_fh-graph-1D-grid-pbc-qubitnodes_Lx-50_U-2_enc-jw-square]	iter_5	0.07212644682398864	0.06497455260250717	1726	1726	5693	5693	3275	3275
abstract_hamiltonians	test_hamiltonians[ham_fh-graph-1D-grid-pbc-qubitnodes_Lx-50_U-2_enc-jw-heavy-hex]	iter_5	0.05102787474170327	0.04279172241998216	3037	3037	9429	9429	5781	5781
abstract_hamiltonians	test_hamiltonians[ham_fh-graph-1D-grid-pbc-qubitnodes_Lx-50_U-2_enc-jw-linear]	iter_5	0.04450314623924593	0.03852821714602984	2096	2096	6462	6462	4861	4861
abstract_hamiltonians	test_hamiltonians[ham_tsp_prob-st70_Ncity-10_enc-unary-all-to-all]	iter_5	0.08957073380323974	0.08847653927902381	1800	1800	5026	5026	681	681
abstract_hamiltonians	test_hamiltonians[ham_tsp_prob-st70_Ncity-10_enc-unary-square]	iter_5	0.08100536451316796	0.07133815698325634	4084	4084	12602	12602	2742	2742
abstract_hamiltonians	test_hamiltonians[ham_tsp_prob-st70_Ncity-10_enc-unary-heavy-hex]	iter_5	0.08788698973755042	0.07489685155451298	5253	5253	16744	16744	2657	2657
abstract_hamiltonians	test_hamiltonians[ham_tsp_prob-st70_Ncity-10_enc-unary-linear]	iter_5	0.13933051244488784	0.1165380763510863	11285	11285	33051	33051	5547	5547
abstract_hamiltonians	test_hamiltonians[ham_tsp_prob-pr76_Ncity-10_enc-unary-all-to-all]	iter_5	0.08820622771357496	0.08944397284225984	1800	1800	4987	4987	675	675
abstract_hamiltonians	test_hamiltonians[ham_tsp_prob-pr76_Ncity-10_enc-unary-square]	iter_5	0.08015999699441287	0.06808538685242335	4084	4084	12612	12612	2759	2759
abstract_hamiltonians	test_hamiltonians[ham_tsp_prob-pr76_Ncity-10_enc-unary-heavy-hex]	iter_5	0.08915374955783288	0.07463528003011431	5253	5253	16754	16754	2644	2644
abstract_hamiltonians	test_hamiltonians[ham_tsp_prob-pr76_Ncity-10_enc-unary-linear]	iter_5	0.14411367499269545	0.11915360623970628	11285	11285	33102	33102	5571	5571
abstract_hamiltonians	test_hamiltonians[ham_bh_graph-2D-triag-pbc-qubitnodes_Lx-10_Ly-10_U-30_enc-stdbinary_d-4-all-to-all]	iter_5	0.2899590223096311	0.2767276158556342	8794	8794	30797	30797	24136	24136
abstract_hamiltonians	test_hamiltonians[ham_bh_graph-2D-triag-pbc-qubitnodes_Lx-10_Ly-10_U-30_enc-stdbinary_d-4-square]	iter_5	0.33788443853457767	0.2986674699932337	17755	17755	55062	55062	40565	40565
abstract_hamiltonians	test_hamiltonians[ham_bh_graph-2D-triag-pbc-qubitnodes_Lx-10_Ly-10_U-30_enc-stdbinary_d-4-heavy-hex]	iter_5	0.35962348865966004	0.3102023775378863	22358	22358	69266	69266	51151	51151
abstract_hamiltonians	test_hamiltonians[ham_bh_graph-2D-triag-pbc-qubitnodes_Lx-10_Ly-10_U-30_enc-stdbinary_d-4-linear]	iter_5	0.5155169144272804	0.42481856358548004	44006	44006	125884	125884	85403	85403
abstract_hamiltonians	test_hamiltonians[ham_queen13_13,n-28,rinst-0-all-to-all]	iter_5	0.07983276018729576	0.0744252186268568	600	600	1917	1917	195	195
abstract_hamiltonians	test_hamiltonians[ham_queen13_13,n-28,rinst-0-square]	iter_5	0.08603922406641337	0.0787473049546991	1567	1567	4862	4862	645	645
abstract_hamiltonians	test_hamiltonians[ham_queen13_13,n-28,rinst-0-heavy-hex]	iter_5	0.045729028465955154	0.03967721305787563	2130	2130	6418	6418	785	785
abstract_hamiltonians	test_hamiltonians[ham_queen13_13,n-28,rinst-0-linear]	iter_5	0.07809884489203493	0.0683345377445221	3625	3625	10454	10454	894	894
abstract_hamiltonians	test_hamiltonians[ham_will199gpia,n-60,rinst-8-all-to-all]	iter_5	0.1454530424837555	0.13702285522595048	2784	2784	9108	9108	3473	3473
abstract_hamiltonians	test_hamiltonians[ham_will199gpia,n-60,rinst-8-square]	iter_5	0.12705283029936254	0.1074849160388112	7257	7257	23280	23280	8182	8182
abstract_hamiltonians	test_hamiltonians[ham_will199gpia,n-60,rinst-8-heavy-hex]	iter_5	0.16550101366426265	0.13502397807314992	9533	9533	29814	29814	9759	9759
abstract_hamiltonians	test_hamiltonians[ham_will199gpia,n-60,rinst-8-linear]	iter_5	0.22520286291837693	0.18284434949358305	21141	21141	57829	57829	16610	16610
abstract_hamiltonians	test_hamiltonians[ham_bh_graph-1D-grid-pbc-qubitnodes_Lx-60_U-10_enc-stdbinary_d-4-all-to-all]	iter_5	0.18046881444752216	0.15680338495544024	3834	3834	14046	14046	11308	11308
abstract_hamiltonians	test_hamiltonians[ham_bh_graph-1D-grid-pbc-qubitnodes_Lx-60_U-10_enc-stdbinary_d-4-square]	iter_5	0.1352258287370205	0.12688633551200232	4761	4761	17342	17342	13120	13120
abstract_hamiltonians	test_hamiltonians[ham_bh_graph-1D-grid-pbc-qubitnodes_Lx-60_U-10_enc-stdbinary_d-4-heavy-hex]	iter_5	0.15969314027045453	0.13731171563267708	5036	5036	18294	18294	13528	13528
abstract_hamiltonians	test_hamiltonians[ham_bh_graph-1D-grid-pbc-qubitnodes_Lx-60_U-10_enc-stdbinary_d-4-linear]	iter_5	0.13118424639105797	0.11057086866348982	5037	5037	17757	17757	13432	13432
abstract_hamiltonians	test_hamiltonians[ham_bh_graph-2D-triag-pbc-qubitnodes_Lx-3_Ly-22_U-70_enc-unary_d-4-all-to-all]	iter_5	0.6127590956166387	0.5721459137275815	25524	25524	79885	79885	69805	69805
abstract_hamiltonians	test_hamiltonians[ham_bh_graph-2D-triag-pbc-qubitnodes_Lx-3_Ly-22_U-70_enc-unary_d-4-square]	iter_5	0.784451188519597	0.6429870780557394	46007	46007	145641	145641	104206	104206
abstract_hamiltonians	test_hamiltonians[ham_bh_graph-2D-triag-pbc-qubitnodes_Lx-3_Ly-22_U-70_enc-unary_d-4-heavy-hex]	iter_5	0.8640776164829731	0.7514979783445597	54637	54637	171140	171140	115350	115350
abstract_hamiltonians	test_hamiltonians[ham_bh_graph-2D-triag-pbc-qubitnodes_Lx-3_Ly-22_U-70_enc-unary_d-4-linear]	iter_5	1.2209690734744072	0.9394559478387237	95243	95243	273698	273698	160036	160036
abstract_hamiltonians	test_hamiltonians[ham_1-fullins_5,n-48,rinst-7-all-to-all]	iter_5	0.3742563296109438	0.33601053711026907	10380	10380	29358	29358	15275	15275
abstract_hamiltonians	test_hamiltonians[ham_1-fullins_5,n-48,rinst-7-square]	iter_5	0.4053399444868167	0.33102969514826935	25147	25147	79924	79924	33190	33190
abstract_hamiltonians	test_hamiltonians[ham_1-fullins_5,n-48,rinst-7-heavy-hex]	iter_5	0.5228589431693157	0.4326715227216482	33115	33115	103904	103904	37609	37609
abstract_hamiltonians	test_hamiltonians[ham_1-fullins_5,n-48,rinst-7-linear]	iter_5	0.7595636853948236	0.5888113640248775	63649	63649	183422	183422	61391	61391
abstract_hamiltonians	test_hamiltonians[ham_bh_graph-2D-triag-nonpbc-qubitnodes_Lx-11_Ly-11_U-100_enc-gray_d-4-all-to-all]	iter_5	0.46907123178243637	0.455002270018061	12421	12421	45445	45445	40205	40205
abstract_hamiltonians	test_hamiltonians[ham_bh_graph-2D-triag-nonpbc-qubitnodes_Lx-11_Ly-11_U-100_enc-gray_d-4-square]	iter_5	0.5000151433050632	0.42993508900205296	25622	25622	86878	86878	65243	65243
abstract_hamiltonians	test_hamiltonians[ham_bh_graph-2D-triag-nonpbc-qubitnodes_Lx-11_Ly-11_U-100_enc-gray_d-4-heavy-hex]	iter_5	0.5504714036360383	0.46032849699258804	34421	34421	110175	110175	81720	81720
abstract_hamiltonians	test_hamiltonians[ham_bh_graph-2D-triag-nonpbc-qubitnodes_Lx-11_Ly-11_U-100_enc-gray_d-4-linear]	iter_5	0.7698536803945899	0.6043819477781653	57341	57341	172068	172068	122452	122452
abstract_hamiltonians	test_hamiltonians[ham_fh-graph-1D-grid-nonpbc-qubitnodes_Lx-90_U-2_enc-jw-all-to-all]	iter_5	0.17797459413607916	0.17043317947536707	536	536	3332	3332	798	798
abstract_hamiltonians	test_hamiltonians[ham_fh-graph-1D-grid-nonpbc-qubitnodes_Lx-90_U-2_enc-jw-square]	iter_5	0.12289813836105168	0.11295684985816479	1951	1951	7184	7184	1964	1964
abstract_hamiltonians	test_hamiltonians[ham_fh-graph-1D-grid-nonpbc-qubitnodes_Lx-90_U-2_enc-jw-heavy-hex]	iter_5	0.07056272514164448	0.06320653215516359	3022	3022	9730	9730	3259	3259
abstract_hamiltonians	test_hamiltonians[ham_fh-graph-1D-grid-nonpbc-qubitnodes_Lx-90_U-2_enc-jw-linear]	iter_5	0.060063462083538376	0.05627367738634348	1110	1110	4974	4974	1636	1636
abstract_hamiltonians	test_hamiltonians[ham_graph-2D-triag-pbc-qubitnodes_Lx-19_Ly-19_h-0.5-all-to-all]	iter_5	0.21236392483115196	0.19862602166831494	1140	1140	4253	4253	971	971
abstract_hamiltonians	test_hamiltonians[ham_graph-2D-triag-pbc-qubitnodes_Lx-19_Ly-19_h-0.5-square]	iter_5	0.1250942498445511	0.11106336563825607	4560	4560	13361	13361	3273	3273
abstract_hamiltonians	test_hamiltonians[ham_graph-2D-triag-pbc-qubitnodes_Lx-19_Ly-19_h-0.5-heavy-hex]	iter_5	0.11436872225668696	0.09929976832460273	6804	6804	19209	19209	3998	3998
abstract_hamiltonians	test_hamiltonians[ham_graph-2D-triag-pbc-qubitnodes_Lx-19_Ly-19_h-0.5-linear]	iter_5	0.22143693938851355	0.18074182700365782	21971	21971	58118	58118	10496	10496
abstract_hamiltonians	test_hamiltonians[ham_graph-2D-grid-nonpbc-qubitnodes_Lx-5_Ly-58_h-2-all-to-all]	iter_5	0.478269303838412	0.4832097527881463	1551	1551	7634	7634	1503	1503
abstract_hamiltonians	test_hamiltonians[ham_graph-2D-grid-nonpbc-qubitnodes_Lx-5_Ly-58_h-2-square]	iter_5	0.23360740579664707	0.22633363911882043	5172	5172	17018	17018	3633	3633
abstract_hamiltonians	test_hamiltonians[ham_graph-2D-grid-nonpbc-qubitnodes_Lx-5_Ly-58_h-2-heavy-hex]	iter_5	0.13262130320072174	0.12869900232180953	7128	7128	22259	22259	4288	4288
abstract_hamiltonians	test_hamiltonians[ham_graph-2D-grid-nonpbc-qubitnodes_Lx-5_Ly-58_h-2-linear]	iter_5	0.15611185585813864	0.15368496413741792	5805	5805	18723	18723	3213	3213
abstract_hamiltonians	test_hamiltonians[ham_fh-graph-2D-triag-nonpbc-qubitnodes_Lx-16_Ly-16_U-4_enc-bk-all-to-all]	iter_5	0.8435134375467896	0.8243040777742863	11437	11437	31694	31694	17715	17715
abstract_hamiltonians	test_hamiltonians[ham_fh-graph-2D-triag-nonpbc-qubitnodes_Lx-16_Ly-16_U-4_enc-bk-square]	iter_5	0.6671212911605835	0.5661568837240338	29624	29624	85465	85465	33497	33497
abstract_hamiltonians	test_hamiltonians[ham_fh-graph-2D-triag-nonpbc-qubitnodes_Lx-16_Ly-16_U-4_enc-bk-heavy-hex]	iter_5	0.8763723177835345	0.7586063211783767	47021	47021	132651	132651	51445	51445
abstract_hamiltonians	test_hamiltonians[ham_fh-graph-2D-triag-nonpbc-qubitnodes_Lx-16_Ly-16_U-4_enc-bk-linear]	iter_5	2.2284617852419615	2.0206641368567944	156768	156768	416302	416302	148933	148933
abstract_hamiltonians	test_hamiltonians[ham_fh-graph-1D-grid-pbc-qubitnodes_Lx-160_U-12_enc-parity-all-to-all]	iter_5	0.6723618134856224	0.6639069654047489	3493	3493	11413	11413	11692	11692
abstract_hamiltonians	test_hamiltonians[ham_fh-graph-1D-grid-pbc-qubitnodes_Lx-160_U-12_enc-parity-square]	iter_5	0.4808379244059324	0.44615786895155907	9950	9950	29808	29808	19773	19773
abstract_hamiltonians	test_hamiltonians[ham_fh-graph-1D-grid-pbc-qubitnodes_Lx-160_U-12_enc-parity-heavy-hex]	iter_5	0.2435433967038989	0.20980576053261757	17526	17526	50155	50155	30843	30843
abstract_hamiltonians	test_hamiltonians[ham_fh-graph-1D-grid-pbc-qubitnodes_Lx-160_U-12_enc-parity-linear]	iter_5	0.34576418064534664	0.2871348666958511	31891	31891	84069	84069	45738	45738
abstract_hamiltonians	test_hamiltonians[ham_graph-2D-triag-nonpbc-qubitnodes_Lx-3_Ly-160_h-0.1-all-to-all]	iter_5	0.6230074958875775	0.6212138924747705	1606	1606	6287	6287	1204	1204
abstract_hamiltonians	test_hamiltonians[ham_graph-2D-triag-nonpbc-qubitnodes_Lx-3_Ly-160_h-0.1-square]	iter_5	0.17355503576497236	0.15320785450083868	6347	6347	18865	18865	3350	3350
abstract_hamiltonians	test_hamiltonians[ham_graph-2D-triag-nonpbc-qubitnodes_Lx-3_Ly-160_h-0.1-heavy-hex]	iter_5	0.16970254427620343	0.15046542563608714	8655	8655	24822	24822	4432	4432
abstract_hamiltonians	test_hamiltonians[ham_graph-2D-triag-nonpbc-qubitnodes_Lx-3_Ly-160_h-0.1-linear]	iter_5	0.29648221004754305	0.2563756019808352	24404	24404	64353	64353	10432	10432
abstract_hamiltonians	test_hamiltonians[ham_graph-2D-grid-nonpbc-qubitnodes_Lx-19_Ly-19_h-5-all-to-all]	iter_5	0.8567823870107532	0.8533358555287123	1368	1368	5779	5779	677	677
abstract_hamiltonians	test_hamiltonians[ham_graph-2D-grid-nonpbc-qubitnodes_Lx-19_Ly-19_h-5-square]	iter_5	0.055714197663797274	0.05094512542709708	1368	1368	5760	5760	687	687
abstract_hamiltonians	test_hamiltonians[ham_graph-2D-grid-nonpbc-qubitnodes_Lx-19_Ly-19_h-5-heavy-hex]	iter_5	0.1838611209144195	0.16459987206118448	10040	10040	28802	28802	3541	3541
abstract_hamiltonians	test_hamiltonians[ham_graph-2D-grid-nonpbc-qubitnodes_Lx-19_Ly-19_h-5-linear]	iter_5	0.36056889531513053	0.3199882018379867	26897	26897	71257	71257	5101	5101
abstract_hamiltonians	test_hamiltonians[ham_graph-2D-grid-pbc-qubitnodes_Lx-2_Ly-185_h-0.5-all-to-all]	iter_5	0.9114109985530376	0.9988199854269624	1665	1665	8308	8308	4361	4361
abstract_hamiltonians	test_hamiltonians[ham_graph-2D-grid-pbc-qubitnodes_Lx-2_Ly-185_h-0.5-square]	iter_5	0.3052259339019656	0.29447331791743636	5295	5295	17731	17731	7052	7052
abstract_hamiltonians	test_hamiltonians[ham_graph-2D-grid-pbc-qubitnodes_Lx-2_Ly-185_h-0.5-heavy-hex]	iter_5	0.1570726547922407	0.1514268826161112	8367	8367	25568	25568	9118	9118
abstract_hamiltonians	test_hamiltonians[ham_graph-2D-grid-pbc-qubitnodes_Lx-2_Ly-185_h-0.5-linear]	iter_5	0.16008997256202356	0.15613406790154322	5430	5430	17796	17796	6520	6520
abstract_hamiltonians	test_hamiltonians[ham_fh-graph-2D-grid-pbc-qubitnodes_Lx-2_Ly-105_U-8_enc-bk-all-to-all]	iter_5	1.6918991319835186	1.6894836574792862	5788	5788	18289	18289	5209	5209
abstract_hamiltonians	test_hamiltonians[ham_fh-graph-2D-grid-pbc-qubitnodes_Lx-2_Ly-105_U-8_enc-bk-square]	iter_5	0.5003115807970365	0.4219486340880394	21049	21049	61474	61474	13979	13979
abstract_hamiltonians	test_hamiltonians[ham_fh-graph-2D-grid-pbc-qubitnodes_Lx-2_Ly-105_U-8_enc-bk-heavy-hex]	iter_5	0.5986951664090157	0.5134383551776409	33903	33903	95440	95440	22096	22096
abstract_hamiltonians	test_hamiltonians[ham_fh-graph-2D-grid-pbc-qubitnodes_Lx-2_Ly-105_U-8_enc-bk-linear]	iter_5	1.742509687319398	1.4678580909967422	113212	113212	296522	296522	83036	83036
abstract_hamiltonians	test_hamiltonians[ham_ash608gpia,n-160,rinst-1-all-to-all]	iter_5	2.0834055189043283	2.2799897771328688	2268	2268	7674	7674	381	381
abstract_hamiltonians	test_hamiltonians[ham_ash608gpia,n-160,rinst-1-square]	iter_5	0.3074363088235259	0.2852946501225233	10815	10815	31034	31034	3116	3116
abstract_hamiltonians	test_hamiltonians[ham_ash608gpia,n-160,rinst-1-heavy-hex]	iter_5	0.3468060903251171	0.31315432023257017	17169	17169	47738	47738	4291	4291
abstract_hamiltonians	test_hamiltonians[ham_ash608gpia,n-160,rinst-1-linear]	iter_5	1.3796743042767048	1.1389677003026009	95983	95983	244778	244778	16215	16215
abstract_hamiltonians	test_hamiltonians[ham_graph-2D-grid-nonpbc-qubitnodes_Lx-4_Ly-133_h-0.1-all-to-all]	iter_5	2.9885925762355328	3.166293442249298	2781	2781	13730	13730	3231	3231
abstract_hamiltonians	test_hamiltonians[ham_graph-2D-grid-nonpbc-qubitnodes_Lx-4_Ly-133_h-0.1-square]	iter_5	0.5197315644472837	0.5106025114655495	11571	11571	36170	36170	7553	7553
abstract_hamiltonians	test_hamiltonians[ham_graph-2D-grid-nonpbc-qubitnodes_Lx-4_Ly-133_h-0.1-heavy-hex]	iter_5	0.2840365502052009	0.279002686496824	12150	12150	38158	38158	8255	8255
abstract_hamiltonians	test_hamiltonians[ham_graph-2D-grid-nonpbc-qubitnodes_Lx-4_Ly-133_h-0.1-linear]	iter_5	0.36380887900789577	0.35890674280623597	8337	8337	28436	28436	5979	5979
abstract_hamiltonians	test_hamiltonians[ham_graph-2D-grid-pbc-qubitnodes_Lx-4_Ly-148_h-6-all-to-all]	iter_5	4.073371300473809	4.433552505448461	2368	2368	9692	9692	3153	3153
abstract_hamiltonians	test_hamiltonians[ham_graph-2D-grid-pbc-qubitnodes_Lx-4_Ly-148_h-6-square]	iter_5	0.33293068905671436	0.2997971558943391	12828	12828	37713	37713	8791	8791
abstract_hamiltonians	test_hamiltonians[ham_graph-2D-grid-pbc-qubitnodes_Lx-4_Ly-148_h-6-heavy-hex]	iter_5	0.3316846573725343	0.29417716059833765	18164	18164	51426	51426	11770	11770
abstract_hamiltonians	test_hamiltonians[ham_graph-2D-grid-pbc-qubitnodes_Lx-4_Ly-148_h-6-linear]	iter_5	0.4553641726573308	0.41728958673775196	20958	20958	58638	58638	14013	14013
abstract_hamiltonians	test_hamiltonians[ham_fh-graph-2D-grid-pbc-qubitnodes_Lx-5_Ly-72_U-0_enc-parity-all-to-all]	iter_5	8.843116896227002	9.146261004731059	28644	28644	72326	72326	89248	89248
abstract_hamiltonians	test_hamiltonians[ham_fh-graph-2D-grid-pbc-qubitnodes_Lx-5_Ly-72_U-0_enc-parity-square]	iter_5	3.8990562316030264	3.822152480483055	28638	28638	72416	72416	89207	89207
abstract_hamiltonians	test_hamiltonians[ham_fh-graph-2D-grid-pbc-qubitnodes_Lx-5_Ly-72_U-0_enc-parity-heavy-hex]	iter_5	18.165741983801126	16.96587156690657	135554	135554	372865	372865	264691	264691
abstract_hamiltonians	test_hamiltonians[ham_fh-graph-2D-grid-pbc-qubitnodes_Lx-5_Ly-72_U-0_enc-parity-linear]	iter_5	0.5266982540488243	0.44838940414289635	28694	28694	72819	72819	89521	89521
abstract_hamiltonians	test_hamiltonians[ham_graph-2D-grid-pbc-qubitnodes_Lx-4_Ly-190_h-0-all-to-all]	iter_5	10.050708916038275	10.226113410666585	4560	4560	22115	22115	6653	6653
abstract_hamiltonians	test_hamiltonians[ham_graph-2D-grid-pbc-qubitnodes_Lx-4_Ly-190_h-0-square]	iter_5	0.5232199560850859	0.5103469351306558	19197	19197	59853	59853	14515	14515
abstract_hamiltonians	test_hamiltonians[ham_graph-2D-grid-pbc-qubitnodes_Lx-4_Ly-190_h-0-heavy-hex]	iter_5	0.539461306296289	0.527959680184722	29784	29784	86923	86923	20796	20796
abstract_hamiltonians	test_hamiltonians[ham_graph-2D-grid-pbc-qubitnodes_Lx-4_Ly-190_h-0-linear]	iter_5	0.7363721858710051	0.7467902358621359	27417	27417	81289	81289	19644	19644
abstract_hamiltonians	test_hamiltonians[ham_graph-2D-triag-nonpbc-qubitnodes_Lx-40_Ly-40_h-0.1-all-to-all]	iter_5	15.76423210836947	15.38694136403501	7380	7380	35713	35713	3161	3161
abstract_hamiltonians	test_hamiltonians[ham_graph-2D-triag-nonpbc-qubitnodes_Lx-40_Ly-40_h-0.1-square]	iter_5	0.8739073378965259	0.8405773565173149	31842	31842	98608	98608	14689	14689
abstract_hamiltonians	test_hamiltonians[ham_graph-2D-triag-nonpbc-qubitnodes_Lx-40_Ly-40_h-0.1-heavy-hex]	iter_5	0.9000730076804757	0.8920521028339863	50877	50877	147189	147189	18947	18947
abstract_hamiltonians	test_hamiltonians[ham_graph-2D-triag-nonpbc-qubitnodes_Lx-40_Ly-40_h-0.1-linear]	iter_5	1.7132615093141794	1.6439211163669825	93627	93627	254614	254614	26091	26091
abstract_hamiltonians	test_hamiltonians[ham_graph-2D-grid-nonpbc-qubitnodes_Lx-5_Ly-186_h-0.5-all-to-all]	iter_5	20.12925968877971	18.769822934642434	5007	5007	24610	24610	4547	4547
abstract_hamiltonians	test_hamiltonians[ham_graph-2D-grid-nonpbc-qubitnodes_Lx-5_Ly-186_h-0.5-square]	iter_5	1.4420228507369757	1.4207817390561104	25812	25812	78385	78385	13552	13552
abstract_hamiltonians	test_hamiltonians[ham_graph-2D-grid-nonpbc-qubitnodes_Lx-5_Ly-186_h-0.5-heavy-hex]	iter_5	0.7812026832252741	0.7760674199089408	33282	33282	96467	96467	17782	17782
abstract_hamiltonians	test_hamiltonians[ham_graph-2D-grid-nonpbc-qubitnodes_Lx-5_Ly-186_h-0.5-linear]	iter_5	1.0268274396657944	1.046569412574172	18066	18066	58831	58831	10007	10007
abstract_hamiltonians	test_hamiltonians[ham_graph-2D-grid-pbc-qubitnodes_Lx-5_Ly-186_h-3-all-to-all]	iter_5	19.8887849021703	19.46860148012638	5580	5580	27147	27147	6524	6524
abstract_hamiltonians	test_hamiltonians[ham_graph-2D-grid-pbc-qubitnodes_Lx-5_Ly-186_h-3-square]	iter_5	0.8145871488377452	0.8066390538588166	25557	25557	79061	79061	14976	14976
abstract_hamiltonians	test_hamiltonians[ham_graph-2D-grid-pbc-qubitnodes_Lx-5_Ly-186_h-3-heavy-hex]	iter_5	0.8288891473785043	0.8102402724325657	40311	40311	115816	115816	23529	23529
abstract_hamiltonians	test_hamiltonians[ham_graph-2D-grid-pbc-qubitnodes_Lx-5_Ly-186_h-3-linear]	iter_5	1.1664543580263853	1.167201578617096	42678	42678	121534	121534	27432	27432
