============================= test session starts ==============================
platform linux -- Python 3.11.11, pytest-9.0.2, pluggy-1.6.0
benchmark: 4.0.0 (defaults: timer=time.perf_counter disable_gc=False min_rounds=1 min_time=0.000005 max_time=1.0 calibration_precision=10 warmup=False warmup_iterations=100000)
qiskit: 2.5.0.dev0+c252163
qiskit_ibm_runtime: 0.46.1
timeout_skip_list: 0
rootdir: /mnt/data/benchpress/benchpress
configfile: pytest.ini
plugins: anyio-4.12.1, timeout-2.4.0, benchmark-4.0.0, memray-1.8.0
collected 400 items

benchpress/qiskit_gym/abstract_transpile/test_hamiltonians.py::TestWorkoutAbstractHamiltonians::test_hamiltonians[ham_enc_stdbinary_dvalues_d-level-4-all-to-all] PASSED [  0%]
benchpress/qiskit_gym/abstract_transpile/test_hamiltonians.py::TestWorkoutAbstractHamiltonians::test_hamiltonians[ham_enc_stdbinary_dvalues_d-level-4-square] PASSED [  0%]
benchpress/qiskit_gym/abstract_transpile/test_hamiltonians.py::TestWorkoutAbstractHamiltonians::test_hamiltonians[ham_enc_stdbinary_dvalues_d-level-4-heavy-hex] PASSED [  0%]
benchpress/qiskit_gym/abstract_transpile/test_hamiltonians.py::TestWorkoutAbstractHamiltonians::test_hamiltonians[ham_enc_stdbinary_dvalues_d-level-4-linear] PASSED [  1%]
benchpress/qiskit_gym/abstract_transpile/test_hamiltonians.py::TestWorkoutAbstractHamiltonians::test_hamiltonians[ham_mu_y_prime_enc_stdbinary_dvalues_8-8-4-4-all-to-all] PASSED [  1%]
benchpress/qiskit_gym/abstract_transpile/test_hamiltonians.py::TestWorkoutAbstractHamiltonians::test_hamiltonians[ham_mu_y_prime_enc_stdbinary_dvalues_8-8-4-4-square] PASSED [  1%]
benchpress/qiskit_gym/abstract_transpile/test_hamiltonians.py::TestWorkoutAbstractHamiltonians::test_hamiltonians[ham_mu_y_prime_enc_stdbinary_dvalues_8-8-4-4-heavy-hex] PASSED [  1%]
benchpress/qiskit_gym/abstract_transpile/test_hamiltonians.py::TestWorkoutAbstractHamiltonians::test_hamiltonians[ham_mu_y_prime_enc_stdbinary_dvalues_8-8-4-4-linear] PASSED [  2%]
benchpress/qiskit_gym/abstract_transpile/test_hamiltonians.py::TestWorkoutAbstractHamiltonians::test_hamiltonians[ham_mu_y_prime_enc_unary_dvalues_4-4-4-all-to-all] PASSED [  2%]
benchpress/qiskit_gym/abstract_transpile/test_hamiltonians.py::TestWorkoutAbstractHamiltonians::test_hamiltonians[ham_mu_y_prime_enc_unary_dvalues_4-4-4-square] PASSED [  2%]
benchpress/qiskit_gym/abstract_transpile/test_hamiltonians.py::TestWorkoutAbstractHamiltonians::test_hamiltonians[ham_mu_y_prime_enc_unary_dvalues_4-4-4-heavy-hex] PASSED [  2%]
benchpress/qiskit_gym/abstract_transpile/test_hamiltonians.py::TestWorkoutAbstractHamiltonians::test_hamiltonians[ham_mu_y_prime_enc_unary_dvalues_4-4-4-linear] PASSED [  3%]
benchpress/qiskit_gym/abstract_transpile/test_hamiltonians.py::TestWorkoutAbstractHamiltonians::test_hamiltonians[ham_mu_z_prime_enc_gray_dvalues_4-4-4-4-all-to-all] PASSED [  3%]
benchpress/qiskit_gym/abstract_transpile/test_hamiltonians.py::TestWorkoutAbstractHamiltonians::test_hamiltonians[ham_mu_z_prime_enc_gray_dvalues_4-4-4-4-square] PASSED [  3%]
benchpress/qiskit_gym/abstract_transpile/test_hamiltonians.py::TestWorkoutAbstractHamiltonians::test_hamiltonians[ham_mu_z_prime_enc_gray_dvalues_4-4-4-4-heavy-hex] PASSED [  3%]
benchpress/qiskit_gym/abstract_transpile/test_hamiltonians.py::TestWorkoutAbstractHamiltonians::test_hamiltonians[ham_mu_z_prime_enc_gray_dvalues_4-4-4-4-linear] PASSED [  4%]
benchpress/qiskit_gym/abstract_transpile/test_hamiltonians.py::TestWorkoutAbstractHamiltonians::test_hamiltonians[ham_gnp-k_2_n-4_rinst-05-all-to-all] PASSED [  4%]
benchpress/qiskit_gym/abstract_transpile/test_hamiltonians.py::TestWorkoutAbstractHamiltonians::test_hamiltonians[ham_gnp-k_2_n-4_rinst-05-square] PASSED [  4%]
benchpress/qiskit_gym/abstract_transpile/test_hamiltonians.py::TestWorkoutAbstractHamiltonians::test_hamiltonians[ham_gnp-k_2_n-4_rinst-05-heavy-hex] PASSED [  4%]
benchpress/qiskit_gym/abstract_transpile/test_hamiltonians.py::TestWorkoutAbstractHamiltonians::test_hamiltonians[ham_gnp-k_2_n-4_rinst-05-linear] PASSED [  5%]
benchpress/qiskit_gym/abstract_transpile/test_hamiltonians.py::TestWorkoutAbstractHamiltonians::test_hamiltonians[ham_ham_parity-4-all-to-all] PASSED [  5%]
benchpress/qiskit_gym/abstract_transpile/test_hamiltonians.py::TestWorkoutAbstractHamiltonians::test_hamiltonians[ham_ham_parity-4-square] PASSED [  5%]
benchpress/qiskit_gym/abstract_transpile/test_hamiltonians.py::TestWorkoutAbstractHamiltonians::test_hamiltonians[ham_ham_parity-4-heavy-hex] PASSED [  5%]
benchpress/qiskit_gym/abstract_transpile/test_hamiltonians.py::TestWorkoutAbstractHamiltonians::test_hamiltonians[ham_ham_parity-4-linear] PASSED [  6%]
benchpress/qiskit_gym/abstract_transpile/test_hamiltonians.py::TestWorkoutAbstractHamiltonians::test_hamiltonians[ham_mu_y_prime_enc_stdbinary_dvalues_16-16-16-16-8-8-8-all-to-all] PASSED [  6%]
benchpress/qiskit_gym/abstract_transpile/test_hamiltonians.py::TestWorkoutAbstractHamiltonians::test_hamiltonians[ham_mu_y_prime_enc_stdbinary_dvalues_16-16-16-16-8-8-8-square] PASSED [  6%]
benchpress/qiskit_gym/abstract_transpile/test_hamiltonians.py::TestWorkoutAbstractHamiltonians::test_hamiltonians[ham_mu_y_prime_enc_stdbinary_dvalues_16-16-16-16-8-8-8-heavy-hex] PASSED [  6%]
benchpress/qiskit_gym/abstract_transpile/test_hamiltonians.py::TestWorkoutAbstractHamiltonians::test_hamiltonians[ham_mu_y_prime_enc_stdbinary_dvalues_16-16-16-16-8-8-8-linear] PASSED [  7%]
benchpress/qiskit_gym/abstract_transpile/test_hamiltonians.py::TestWorkoutAbstractHamiltonians::test_hamiltonians[ham_mu_y_prime_enc_gray_dvalues_16-16-16-all-to-all] PASSED [  7%]
benchpress/qiskit_gym/abstract_transpile/test_hamiltonians.py::TestWorkoutAbstractHamiltonians::test_hamiltonians[ham_mu_y_prime_enc_gray_dvalues_16-16-16-square] PASSED [  7%]
benchpress/qiskit_gym/abstract_transpile/test_hamiltonians.py::TestWorkoutAbstractHamiltonians::test_hamiltonians[ham_mu_y_prime_enc_gray_dvalues_16-16-16-heavy-hex] PASSED [  7%]
benchpress/qiskit_gym/abstract_transpile/test_hamiltonians.py::TestWorkoutAbstractHamiltonians::test_hamiltonians[ham_mu_y_prime_enc_gray_dvalues_16-16-16-linear] PASSED [  8%]
benchpress/qiskit_gym/abstract_transpile/test_hamiltonians.py::TestWorkoutAbstractHamiltonians::test_hamiltonians[ham_enc_gray_dvalues_d-level-16-all-to-all] PASSED [  8%]
benchpress/qiskit_gym/abstract_transpile/test_hamiltonians.py::TestWorkoutAbstractHamiltonians::test_hamiltonians[ham_enc_gray_dvalues_d-level-16-square] PASSED [  8%]
benchpress/qiskit_gym/abstract_transpile/test_hamiltonians.py::TestWorkoutAbstractHamiltonians::test_hamiltonians[ham_enc_gray_dvalues_d-level-16-heavy-hex] PASSED [  8%]
benchpress/qiskit_gym/abstract_transpile/test_hamiltonians.py::TestWorkoutAbstractHamiltonians::test_hamiltonians[ham_enc_gray_dvalues_d-level-16-linear] PASSED [  9%]
benchpress/qiskit_gym/abstract_transpile/test_hamiltonians.py::TestWorkoutAbstractHamiltonians::test_hamiltonians[ham_mu_y_prime_enc_stdbinary_dvalues_8-8-8-8-8-8-all-to-all] PASSED [  9%]
benchpress/qiskit_gym/abstract_transpile/test_hamiltonians.py::TestWorkoutAbstractHamiltonians::test_hamiltonians[ham_mu_y_prime_enc_stdbinary_dvalues_8-8-8-8-8-8-square] PASSED [  9%]
benchpress/qiskit_gym/abstract_transpile/test_hamiltonians.py::TestWorkoutAbstractHamiltonians::test_hamiltonians[ham_mu_y_prime_enc_stdbinary_dvalues_8-8-8-8-8-8-heavy-hex] PASSED [  9%]
benchpress/qiskit_gym/abstract_transpile/test_hamiltonians.py::TestWorkoutAbstractHamiltonians::test_hamiltonians[ham_mu_y_prime_enc_stdbinary_dvalues_8-8-8-8-8-8-linear] PASSED [ 10%]
benchpress/qiskit_gym/abstract_transpile/test_hamiltonians.py::TestWorkoutAbstractHamiltonians::test_hamiltonians[ham_gnp-k_4_n-6_rinst-15-all-to-all] PASSED [ 10%]
benchpress/qiskit_gym/abstract_transpile/test_hamiltonians.py::TestWorkoutAbstractHamiltonians::test_hamiltonians[ham_gnp-k_4_n-6_rinst-15-square] PASSED [ 10%]
benchpress/qiskit_gym/abstract_transpile/test_hamiltonians.py::TestWorkoutAbstractHamiltonians::test_hamiltonians[ham_gnp-k_4_n-6_rinst-15-heavy-hex] PASSED [ 10%]
benchpress/qiskit_gym/abstract_transpile/test_hamiltonians.py::TestWorkoutAbstractHamiltonians::test_hamiltonians[ham_gnp-k_4_n-6_rinst-15-linear] PASSED [ 11%]
benchpress/qiskit_gym/abstract_transpile/test_hamiltonians.py::TestWorkoutAbstractHamiltonians::test_hamiltonians[ham_ham_JW-6-all-to-all] PASSED [ 11%]
benchpress/qiskit_gym/abstract_transpile/test_hamiltonians.py::TestWorkoutAbstractHamiltonians::test_hamiltonians[ham_ham_JW-6-square] PASSED [ 11%]
benchpress/qiskit_gym/abstract_transpile/test_hamiltonians.py::TestWorkoutAbstractHamiltonians::test_hamiltonians[ham_ham_JW-6-heavy-hex] PASSED [ 11%]
benchpress/qiskit_gym/abstract_transpile/test_hamiltonians.py::TestWorkoutAbstractHamiltonians::test_hamiltonians[ham_ham_JW-6-linear] PASSED [ 12%]
benchpress/qiskit_gym/abstract_transpile/test_hamiltonians.py::TestWorkoutAbstractHamiltonians::test_hamiltonians[ham_mu_y_prime_enc_unary_dvalues_8-8-8-8-8-8-8-all-to-all] PASSED [ 12%]
benchpress/qiskit_gym/abstract_transpile/test_hamiltonians.py::TestWorkoutAbstractHamiltonians::test_hamiltonians[ham_mu_y_prime_enc_unary_dvalues_8-8-8-8-8-8-8-square] PASSED [ 12%]
benchpress/qiskit_gym/abstract_transpile/test_hamiltonians.py::TestWorkoutAbstractHamiltonians::test_hamiltonians[ham_mu_y_prime_enc_unary_dvalues_8-8-8-8-8-8-8-heavy-hex] PASSED [ 12%]
benchpress/qiskit_gym/abstract_transpile/test_hamiltonians.py::TestWorkoutAbstractHamiltonians::test_hamiltonians[ham_mu_y_prime_enc_unary_dvalues_8-8-8-8-8-8-8-linear] PASSED [ 13%]
benchpress/qiskit_gym/abstract_transpile/test_hamiltonians.py::TestWorkoutAbstractHamiltonians::test_hamiltonians[ham_7-uf20-0384.cnf-8-res-all-to-all] PASSED [ 13%]
benchpress/qiskit_gym/abstract_transpile/test_hamiltonians.py::TestWorkoutAbstractHamiltonians::test_hamiltonians[ham_7-uf20-0384.cnf-8-res-square] PASSED [ 13%]
benchpress/qiskit_gym/abstract_transpile/test_hamiltonians.py::TestWorkoutAbstractHamiltonians::test_hamiltonians[ham_7-uf20-0384.cnf-8-res-heavy-hex] PASSED [ 13%]
benchpress/qiskit_gym/abstract_transpile/test_hamiltonians.py::TestWorkoutAbstractHamiltonians::test_hamiltonians[ham_7-uf20-0384.cnf-8-res-linear] PASSED [ 14%]
benchpress/qiskit_gym/abstract_transpile/test_hamiltonians.py::TestWorkoutAbstractHamiltonians::test_hamiltonians[ham_tsp_rand-002_Ncity-4_enc-stdbinary-all-to-all] PASSED [ 14%]
benchpress/qiskit_gym/abstract_transpile/test_hamiltonians.py::TestWorkoutAbstractHamiltonians::test_hamiltonians[ham_tsp_rand-002_Ncity-4_enc-stdbinary-square] PASSED [ 14%]
benchpress/qiskit_gym/abstract_transpile/test_hamiltonians.py::TestWorkoutAbstractHamiltonians::test_hamiltonians[ham_tsp_rand-002_Ncity-4_enc-stdbinary-heavy-hex] PASSED [ 14%]
benchpress/qiskit_gym/abstract_transpile/test_hamiltonians.py::TestWorkoutAbstractHamiltonians::test_hamiltonians[ham_tsp_rand-002_Ncity-4_enc-stdbinary-linear] PASSED [ 15%]
benchpress/qiskit_gym/abstract_transpile/test_hamiltonians.py::TestWorkoutAbstractHamiltonians::test_hamiltonians[ham_ham_JW-8-all-to-all] PASSED [ 15%]
benchpress/qiskit_gym/abstract_transpile/test_hamiltonians.py::TestWorkoutAbstractHamiltonians::test_hamiltonians[ham_ham_JW-8-square] PASSED [ 15%]
benchpress/qiskit_gym/abstract_transpile/test_hamiltonians.py::TestWorkoutAbstractHamiltonians::test_hamiltonians[ham_ham_JW-8-heavy-hex] PASSED [ 15%]
benchpress/qiskit_gym/abstract_transpile/test_hamiltonians.py::TestWorkoutAbstractHamiltonians::test_hamiltonians[ham_ham_JW-8-linear] PASSED [ 16%]
benchpress/qiskit_gym/abstract_transpile/test_hamiltonians.py::TestWorkoutAbstractHamiltonians::test_hamiltonians[ham_enc_gray_dvalues_8-8-8-all-to-all] PASSED [ 16%]
benchpress/qiskit_gym/abstract_transpile/test_hamiltonians.py::TestWorkoutAbstractHamiltonians::test_hamiltonians[ham_enc_gray_dvalues_8-8-8-square] PASSED [ 16%]
benchpress/qiskit_gym/abstract_transpile/test_hamiltonians.py::TestWorkoutAbstractHamiltonians::test_hamiltonians[ham_enc_gray_dvalues_8-8-8-heavy-hex] PASSED [ 16%]
benchpress/qiskit_gym/abstract_transpile/test_hamiltonians.py::TestWorkoutAbstractHamiltonians::test_hamiltonians[ham_enc_gray_dvalues_8-8-8-linear] PASSED [ 17%]
benchpress/qiskit_gym/abstract_transpile/test_hamiltonians.py::TestWorkoutAbstractHamiltonians::test_hamiltonians[ham_complbipart-n-10_a-5_b-5-all-to-all] PASSED [ 17%]
benchpress/qiskit_gym/abstract_transpile/test_hamiltonians.py::TestWorkoutAbstractHamiltonians::test_hamiltonians[ham_complbipart-n-10_a-5_b-5-square] PASSED [ 17%]
benchpress/qiskit_gym/abstract_transpile/test_hamiltonians.py::TestWorkoutAbstractHamiltonians::test_hamiltonians[ham_complbipart-n-10_a-5_b-5-heavy-hex] PASSED [ 17%]
benchpress/qiskit_gym/abstract_transpile/test_hamiltonians.py::TestWorkoutAbstractHamiltonians::test_hamiltonians[ham_complbipart-n-10_a-5_b-5-linear] PASSED [ 18%]
benchpress/qiskit_gym/abstract_transpile/test_hamiltonians.py::TestWorkoutAbstractHamiltonians::test_hamiltonians[ham_ham_JW10-all-to-all] PASSED [ 18%]
benchpress/qiskit_gym/abstract_transpile/test_hamiltonians.py::TestWorkoutAbstractHamiltonians::test_hamiltonians[ham_ham_JW10-square] PASSED [ 18%]
benchpress/qiskit_gym/abstract_transpile/test_hamiltonians.py::TestWorkoutAbstractHamiltonians::test_hamiltonians[ham_ham_JW10-heavy-hex] PASSED [ 18%]
benchpress/qiskit_gym/abstract_transpile/test_hamiltonians.py::TestWorkoutAbstractHamiltonians::test_hamiltonians[ham_ham_JW10-linear] PASSED [ 19%]
benchpress/qiskit_gym/abstract_transpile/test_hamiltonians.py::TestWorkoutAbstractHamiltonians::test_hamiltonians[ham_ham_parity10-all-to-all] PASSED [ 19%]
benchpress/qiskit_gym/abstract_transpile/test_hamiltonians.py::TestWorkoutAbstractHamiltonians::test_hamiltonians[ham_ham_parity10-square] PASSED [ 19%]
benchpress/qiskit_gym/abstract_transpile/test_hamiltonians.py::TestWorkoutAbstractHamiltonians::test_hamiltonians[ham_ham_parity10-heavy-hex] PASSED [ 19%]
benchpress/qiskit_gym/abstract_transpile/test_hamiltonians.py::TestWorkoutAbstractHamiltonians::test_hamiltonians[ham_ham_parity10-linear] PASSED [ 20%]
benchpress/qiskit_gym/abstract_transpile/test_hamiltonians.py::TestWorkoutAbstractHamiltonians::test_hamiltonians[ham_ham_JW-10-all-to-all] PASSED [ 20%]
benchpress/qiskit_gym/abstract_transpile/test_hamiltonians.py::TestWorkoutAbstractHamiltonians::test_hamiltonians[ham_ham_JW-10-square] PASSED [ 20%]
benchpress/qiskit_gym/abstract_transpile/test_hamiltonians.py::TestWorkoutAbstractHamiltonians::test_hamiltonians[ham_ham_JW-10-heavy-hex] PASSED [ 20%]
benchpress/qiskit_gym/abstract_transpile/test_hamiltonians.py::TestWorkoutAbstractHamiltonians::test_hamiltonians[ham_ham_JW-10-linear] PASSED [ 21%]
benchpress/qiskit_gym/abstract_transpile/test_hamiltonians.py::TestWorkoutAbstractHamiltonians::test_hamiltonians[ham_mu_x_prime_enc_stdbinary_dvalues_8-8-8-8-8-8-8-8-8-4-4-4-4-4-4-all-to-all] PASSED [ 21%]
benchpress/qiskit_gym/abstract_transpile/test_hamiltonians.py::TestWorkoutAbstractHamiltonians::test_hamiltonians[ham_mu_x_prime_enc_stdbinary_dvalues_8-8-8-8-8-8-8-8-8-4-4-4-4-4-4-square] PASSED [ 21%]
benchpress/qiskit_gym/abstract_transpile/test_hamiltonians.py::TestWorkoutAbstractHamiltonians::test_hamiltonians[ham_mu_x_prime_enc_stdbinary_dvalues_8-8-8-8-8-8-8-8-8-4-4-4-4-4-4-heavy-hex] PASSED [ 21%]
benchpress/qiskit_gym/abstract_transpile/test_hamiltonians.py::TestWorkoutAbstractHamiltonians::test_hamiltonians[ham_mu_x_prime_enc_stdbinary_dvalues_8-8-8-8-8-8-8-8-8-4-4-4-4-4-4-linear] PASSED [ 22%]
benchpress/qiskit_gym/abstract_transpile/test_hamiltonians.py::TestWorkoutAbstractHamiltonians::test_hamiltonians[ham_mu_x_prime_enc_unary_dvalues_4-4-4-all-to-all] PASSED [ 22%]
benchpress/qiskit_gym/abstract_transpile/test_hamiltonians.py::TestWorkoutAbstractHamiltonians::test_hamiltonians[ham_mu_x_prime_enc_unary_dvalues_4-4-4-square] PASSED [ 22%]
benchpress/qiskit_gym/abstract_transpile/test_hamiltonians.py::TestWorkoutAbstractHamiltonians::test_hamiltonians[ham_mu_x_prime_enc_unary_dvalues_4-4-4-heavy-hex] PASSED [ 22%]
benchpress/qiskit_gym/abstract_transpile/test_hamiltonians.py::TestWorkoutAbstractHamiltonians::test_hamiltonians[ham_mu_x_prime_enc_unary_dvalues_4-4-4-linear] PASSED [ 23%]
benchpress/qiskit_gym/abstract_transpile/test_hamiltonians.py::TestWorkoutAbstractHamiltonians::test_hamiltonians[ham_ham_parity12-all-to-all] PASSED [ 23%]
benchpress/qiskit_gym/abstract_transpile/test_hamiltonians.py::TestWorkoutAbstractHamiltonians::test_hamiltonians[ham_ham_parity12-square] PASSED [ 23%]
benchpress/qiskit_gym/abstract_transpile/test_hamiltonians.py::TestWorkoutAbstractHamiltonians::test_hamiltonians[ham_ham_parity12-heavy-hex] PASSED [ 23%]
benchpress/qiskit_gym/abstract_transpile/test_hamiltonians.py::TestWorkoutAbstractHamiltonians::test_hamiltonians[ham_ham_parity12-linear] PASSED [ 24%]
benchpress/qiskit_gym/abstract_transpile/test_hamiltonians.py::TestWorkoutAbstractHamiltonians::test_hamiltonians[ham_ham_BK12-all-to-all] PASSED [ 24%]
benchpress/qiskit_gym/abstract_transpile/test_hamiltonians.py::TestWorkoutAbstractHamiltonians::test_hamiltonians[ham_ham_BK12-square] PASSED [ 24%]
benchpress/qiskit_gym/abstract_transpile/test_hamiltonians.py::TestWorkoutAbstractHamiltonians::test_hamiltonians[ham_ham_BK12-heavy-hex] PASSED [ 24%]
benchpress/qiskit_gym/abstract_transpile/test_hamiltonians.py::TestWorkoutAbstractHamiltonians::test_hamiltonians[ham_ham_BK12-linear] PASSED [ 25%]
benchpress/qiskit_gym/abstract_transpile/test_hamiltonians.py::TestWorkoutAbstractHamiltonians::test_hamiltonians[ham_ham_JW12-all-to-all] PASSED [ 25%]
benchpress/qiskit_gym/abstract_transpile/test_hamiltonians.py::TestWorkoutAbstractHamiltonians::test_hamiltonians[ham_ham_JW12-square] PASSED [ 25%]
benchpress/qiskit_gym/abstract_transpile/test_hamiltonians.py::TestWorkoutAbstractHamiltonians::test_hamiltonians[ham_ham_JW12-heavy-hex] PASSED [ 25%]
benchpress/qiskit_gym/abstract_transpile/test_hamiltonians.py::TestWorkoutAbstractHamiltonians::test_hamiltonians[ham_ham_JW12-linear] PASSED [ 26%]
benchpress/qiskit_gym/abstract_transpile/test_hamiltonians.py::TestWorkoutAbstractHamiltonians::test_hamiltonians[ham_bh_graph-1D-grid-pbc-qubitnodes_Lx-4_U-40_enc-gray_d-8-all-to-all] PASSED [ 26%]
benchpress/qiskit_gym/abstract_transpile/test_hamiltonians.py::TestWorkoutAbstractHamiltonians::test_hamiltonians[ham_bh_graph-1D-grid-pbc-qubitnodes_Lx-4_U-40_enc-gray_d-8-square] PASSED [ 26%]
benchpress/qiskit_gym/abstract_transpile/test_hamiltonians.py::TestWorkoutAbstractHamiltonians::test_hamiltonians[ham_bh_graph-1D-grid-pbc-qubitnodes_Lx-4_U-40_enc-gray_d-8-heavy-hex] PASSED [ 26%]
benchpress/qiskit_gym/abstract_transpile/test_hamiltonians.py::TestWorkoutAbstractHamiltonians::test_hamiltonians[ham_bh_graph-1D-grid-pbc-qubitnodes_Lx-4_U-40_enc-gray_d-8-linear] PASSED [ 27%]
benchpress/qiskit_gym/abstract_transpile/test_hamiltonians.py::TestWorkoutAbstractHamiltonians::test_hamiltonians[ham_enc_unary_dvalues_4-4-4-all-to-all] PASSED [ 27%]
benchpress/qiskit_gym/abstract_transpile/test_hamiltonians.py::TestWorkoutAbstractHamiltonians::test_hamiltonians[ham_enc_unary_dvalues_4-4-4-square] PASSED [ 27%]
benchpress/qiskit_gym/abstract_transpile/test_hamiltonians.py::TestWorkoutAbstractHamiltonians::test_hamiltonians[ham_enc_unary_dvalues_4-4-4-heavy-hex] PASSED [ 27%]
benchpress/qiskit_gym/abstract_transpile/test_hamiltonians.py::TestWorkoutAbstractHamiltonians::test_hamiltonians[ham_enc_unary_dvalues_4-4-4-linear] PASSED [ 28%]
benchpress/qiskit_gym/abstract_transpile/test_hamiltonians.py::TestWorkoutAbstractHamiltonians::test_hamiltonians[ham_ham_parity-14-all-to-all] PASSED [ 28%]
benchpress/qiskit_gym/abstract_transpile/test_hamiltonians.py::TestWorkoutAbstractHamiltonians::test_hamiltonians[ham_ham_parity-14-square] PASSED [ 28%]
benchpress/qiskit_gym/abstract_transpile/test_hamiltonians.py::TestWorkoutAbstractHamiltonians::test_hamiltonians[ham_ham_parity-14-heavy-hex] PASSED [ 28%]
benchpress/qiskit_gym/abstract_transpile/test_hamiltonians.py::TestWorkoutAbstractHamiltonians::test_hamiltonians[ham_ham_parity-14-linear] PASSED [ 29%]
benchpress/qiskit_gym/abstract_transpile/test_hamiltonians.py::TestWorkoutAbstractHamiltonians::test_hamiltonians[ham_ham_JW14-all-to-all] PASSED [ 29%]
benchpress/qiskit_gym/abstract_transpile/test_hamiltonians.py::TestWorkoutAbstractHamiltonians::test_hamiltonians[ham_ham_JW14-square] PASSED [ 29%]
benchpress/qiskit_gym/abstract_transpile/test_hamiltonians.py::TestWorkoutAbstractHamiltonians::test_hamiltonians[ham_ham_JW14-heavy-hex] PASSED [ 29%]
benchpress/qiskit_gym/abstract_transpile/test_hamiltonians.py::TestWorkoutAbstractHamiltonians::test_hamiltonians[ham_ham_JW14-linear] PASSED [ 30%]
benchpress/qiskit_gym/abstract_transpile/test_hamiltonians.py::TestWorkoutAbstractHamiltonians::test_hamiltonians[ham_enc_gray_dvalues_4-4-4-4-4-4-4-all-to-all] PASSED [ 30%]
benchpress/qiskit_gym/abstract_transpile/test_hamiltonians.py::TestWorkoutAbstractHamiltonians::test_hamiltonians[ham_enc_gray_dvalues_4-4-4-4-4-4-4-square] PASSED [ 30%]
benchpress/qiskit_gym/abstract_transpile/test_hamiltonians.py::TestWorkoutAbstractHamiltonians::test_hamiltonians[ham_enc_gray_dvalues_4-4-4-4-4-4-4-heavy-hex] PASSED [ 30%]
benchpress/qiskit_gym/abstract_transpile/test_hamiltonians.py::TestWorkoutAbstractHamiltonians::test_hamiltonians[ham_enc_gray_dvalues_4-4-4-4-4-4-4-linear] PASSED [ 31%]
benchpress/qiskit_gym/abstract_transpile/test_hamiltonians.py::TestWorkoutAbstractHamiltonians::test_hamiltonians[ham_ham_BK-14-all-to-all] PASSED [ 31%]
benchpress/qiskit_gym/abstract_transpile/test_hamiltonians.py::TestWorkoutAbstractHamiltonians::test_hamiltonians[ham_ham_BK-14-square] PASSED [ 31%]
benchpress/qiskit_gym/abstract_transpile/test_hamiltonians.py::TestWorkoutAbstractHamiltonians::test_hamiltonians[ham_ham_BK-14-heavy-hex] PASSED [ 31%]
benchpress/qiskit_gym/abstract_transpile/test_hamiltonians.py::TestWorkoutAbstractHamiltonians::test_hamiltonians[ham_ham_BK-14-linear] PASSED [ 32%]
benchpress/qiskit_gym/abstract_transpile/test_hamiltonians.py::TestWorkoutAbstractHamiltonians::test_hamiltonians[ham_ham_JW-14-all-to-all] PASSED [ 32%]
benchpress/qiskit_gym/abstract_transpile/test_hamiltonians.py::TestWorkoutAbstractHamiltonians::test_hamiltonians[ham_ham_JW-14-square] PASSED [ 32%]
benchpress/qiskit_gym/abstract_transpile/test_hamiltonians.py::TestWorkoutAbstractHamiltonians::test_hamiltonians[ham_ham_JW-14-heavy-hex] PASSED [ 32%]
benchpress/qiskit_gym/abstract_transpile/test_hamiltonians.py::TestWorkoutAbstractHamiltonians::test_hamiltonians[ham_ham_JW-14-linear] PASSED [ 33%]
benchpress/qiskit_gym/abstract_transpile/test_hamiltonians.py::TestWorkoutAbstractHamiltonians::test_hamiltonians[ham_mu_z_prime_enc_unary_dvalues_16-16-16-16-16-16-16-all-to-all] PASSED [ 33%]
benchpress/qiskit_gym/abstract_transpile/test_hamiltonians.py::TestWorkoutAbstractHamiltonians::test_hamiltonians[ham_mu_z_prime_enc_unary_dvalues_16-16-16-16-16-16-16-square] PASSED [ 33%]
benchpress/qiskit_gym/abstract_transpile/test_hamiltonians.py::TestWorkoutAbstractHamiltonians::test_hamiltonians[ham_mu_z_prime_enc_unary_dvalues_16-16-16-16-16-16-16-heavy-hex] PASSED [ 33%]
benchpress/qiskit_gym/abstract_transpile/test_hamiltonians.py::TestWorkoutAbstractHamiltonians::test_hamiltonians[ham_mu_z_prime_enc_unary_dvalues_16-16-16-16-16-16-16-linear] PASSED [ 34%]
benchpress/qiskit_gym/abstract_transpile/test_hamiltonians.py::TestWorkoutAbstractHamiltonians::test_hamiltonians[ham_graph-1D-grid-pbc-qubitnodes_Lx-16_h-2-all-to-all] PASSED [ 34%]
benchpress/qiskit_gym/abstract_transpile/test_hamiltonians.py::TestWorkoutAbstractHamiltonians::test_hamiltonians[ham_graph-1D-grid-pbc-qubitnodes_Lx-16_h-2-square] PASSED [ 34%]
benchpress/qiskit_gym/abstract_transpile/test_hamiltonians.py::TestWorkoutAbstractHamiltonians::test_hamiltonians[ham_graph-1D-grid-pbc-qubitnodes_Lx-16_h-2-heavy-hex] PASSED [ 34%]
benchpress/qiskit_gym/abstract_transpile/test_hamiltonians.py::TestWorkoutAbstractHamiltonians::test_hamiltonians[ham_graph-1D-grid-pbc-qubitnodes_Lx-16_h-2-linear] PASSED [ 35%]
benchpress/qiskit_gym/abstract_transpile/test_hamiltonians.py::TestWorkoutAbstractHamiltonians::test_hamiltonians[ham_ham_JW-18-all-to-all] PASSED [ 35%]
benchpress/qiskit_gym/abstract_transpile/test_hamiltonians.py::TestWorkoutAbstractHamiltonians::test_hamiltonians[ham_ham_JW-18-square] PASSED [ 35%]
benchpress/qiskit_gym/abstract_transpile/test_hamiltonians.py::TestWorkoutAbstractHamiltonians::test_hamiltonians[ham_ham_JW-18-heavy-hex] PASSED [ 35%]
benchpress/qiskit_gym/abstract_transpile/test_hamiltonians.py::TestWorkoutAbstractHamiltonians::test_hamiltonians[ham_ham_JW-18-linear] PASSED [ 36%]
benchpress/qiskit_gym/abstract_transpile/test_hamiltonians.py::TestWorkoutAbstractHamiltonians::test_hamiltonians[ham_ham_JW-22-all-to-all] PASSED [ 36%]
benchpress/qiskit_gym/abstract_transpile/test_hamiltonians.py::TestWorkoutAbstractHamiltonians::test_hamiltonians[ham_ham_JW-22-square] PASSED [ 36%]
benchpress/qiskit_gym/abstract_transpile/test_hamiltonians.py::TestWorkoutAbstractHamiltonians::test_hamiltonians[ham_ham_JW-22-heavy-hex] PASSED [ 36%]
benchpress/qiskit_gym/abstract_transpile/test_hamiltonians.py::TestWorkoutAbstractHamiltonians::test_hamiltonians[ham_ham_JW-22-linear] PASSED [ 37%]
benchpress/qiskit_gym/abstract_transpile/test_hamiltonians.py::TestWorkoutAbstractHamiltonians::test_hamiltonians[ham_ham_BK22-all-to-all] PASSED [ 37%]
benchpress/qiskit_gym/abstract_transpile/test_hamiltonians.py::TestWorkoutAbstractHamiltonians::test_hamiltonians[ham_ham_BK22-square] PASSED [ 37%]
benchpress/qiskit_gym/abstract_transpile/test_hamiltonians.py::TestWorkoutAbstractHamiltonians::test_hamiltonians[ham_ham_BK22-heavy-hex] PASSED [ 37%]
benchpress/qiskit_gym/abstract_transpile/test_hamiltonians.py::TestWorkoutAbstractHamiltonians::test_hamiltonians[ham_ham_BK22-linear] PASSED [ 38%]
benchpress/qiskit_gym/abstract_transpile/test_hamiltonians.py::TestWorkoutAbstractHamiltonians::test_hamiltonians[ham_mu_y_prime_enc_stdbinary_dvalues_4-4-4-4-4-4-4-4-4-4-4-4-4-4-4-4-4-4-all-to-all] PASSED [ 38%]
benchpress/qiskit_gym/abstract_transpile/test_hamiltonians.py::TestWorkoutAbstractHamiltonians::test_hamiltonians[ham_mu_y_prime_enc_stdbinary_dvalues_4-4-4-4-4-4-4-4-4-4-4-4-4-4-4-4-4-4-square] PASSED [ 38%]
benchpress/qiskit_gym/abstract_transpile/test_hamiltonians.py::TestWorkoutAbstractHamiltonians::test_hamiltonians[ham_mu_y_prime_enc_stdbinary_dvalues_4-4-4-4-4-4-4-4-4-4-4-4-4-4-4-4-4-4-heavy-hex] PASSED [ 38%]
benchpress/qiskit_gym/abstract_transpile/test_hamiltonians.py::TestWorkoutAbstractHamiltonians::test_hamiltonians[ham_mu_y_prime_enc_stdbinary_dvalues_4-4-4-4-4-4-4-4-4-4-4-4-4-4-4-4-4-4-linear] PASSED [ 39%]
benchpress/qiskit_gym/abstract_transpile/test_hamiltonians.py::TestWorkoutAbstractHamiltonians::test_hamiltonians[ham_gnp-k_5_n-24_rinst-04-all-to-all] PASSED [ 39%]
benchpress/qiskit_gym/abstract_transpile/test_hamiltonians.py::TestWorkoutAbstractHamiltonians::test_hamiltonians[ham_gnp-k_5_n-24_rinst-04-square] PASSED [ 39%]
benchpress/qiskit_gym/abstract_transpile/test_hamiltonians.py::TestWorkoutAbstractHamiltonians::test_hamiltonians[ham_gnp-k_5_n-24_rinst-04-heavy-hex] PASSED [ 39%]
benchpress/qiskit_gym/abstract_transpile/test_hamiltonians.py::TestWorkoutAbstractHamiltonians::test_hamiltonians[ham_gnp-k_5_n-24_rinst-04-linear] PASSED [ 40%]
benchpress/qiskit_gym/abstract_transpile/test_hamiltonians.py::TestWorkoutAbstractHamiltonians::test_hamiltonians[ham_tsp_prob-ulysses22_Ncity-8_enc-stdbinary-all-to-all] PASSED [ 40%]
benchpress/qiskit_gym/abstract_transpile/test_hamiltonians.py::TestWorkoutAbstractHamiltonians::test_hamiltonians[ham_tsp_prob-ulysses22_Ncity-8_enc-stdbinary-square] PASSED [ 40%]
benchpress/qiskit_gym/abstract_transpile/test_hamiltonians.py::TestWorkoutAbstractHamiltonians::test_hamiltonians[ham_tsp_prob-ulysses22_Ncity-8_enc-stdbinary-heavy-hex] PASSED [ 40%]
benchpress/qiskit_gym/abstract_transpile/test_hamiltonians.py::TestWorkoutAbstractHamiltonians::test_hamiltonians[ham_tsp_prob-ulysses22_Ncity-8_enc-stdbinary-linear] PASSED [ 41%]
benchpress/qiskit_gym/abstract_transpile/test_hamiltonians.py::TestWorkoutAbstractHamiltonians::test_hamiltonians[ham_ham_JW24-all-to-all] PASSED [ 41%]
benchpress/qiskit_gym/abstract_transpile/test_hamiltonians.py::TestWorkoutAbstractHamiltonians::test_hamiltonians[ham_ham_JW24-square] PASSED [ 41%]
benchpress/qiskit_gym/abstract_transpile/test_hamiltonians.py::TestWorkoutAbstractHamiltonians::test_hamiltonians[ham_ham_JW24-heavy-hex] PASSED [ 41%]
benchpress/qiskit_gym/abstract_transpile/test_hamiltonians.py::TestWorkoutAbstractHamiltonians::test_hamiltonians[ham_ham_JW24-linear] PASSED [ 42%]
benchpress/qiskit_gym/abstract_transpile/test_hamiltonians.py::TestWorkoutAbstractHamiltonians::test_hamiltonians[ham_tsp_prob-ts225_Ncity-5_enc-unary-all-to-all] PASSED [ 42%]
benchpress/qiskit_gym/abstract_transpile/test_hamiltonians.py::TestWorkoutAbstractHamiltonians::test_hamiltonians[ham_tsp_prob-ts225_Ncity-5_enc-unary-square] PASSED [ 42%]
benchpress/qiskit_gym/abstract_transpile/test_hamiltonians.py::TestWorkoutAbstractHamiltonians::test_hamiltonians[ham_tsp_prob-ts225_Ncity-5_enc-unary-heavy-hex] PASSED [ 42%]
benchpress/qiskit_gym/abstract_transpile/test_hamiltonians.py::TestWorkoutAbstractHamiltonians::test_hamiltonians[ham_tsp_prob-ts225_Ncity-5_enc-unary-linear] PASSED [ 43%]
benchpress/qiskit_gym/abstract_transpile/test_hamiltonians.py::TestWorkoutAbstractHamiltonians::test_hamiltonians[ham_graph-1D-grid-pbc-qubitnodes_Lx-26_h-6-all-to-all] PASSED [ 43%]
benchpress/qiskit_gym/abstract_transpile/test_hamiltonians.py::TestWorkoutAbstractHamiltonians::test_hamiltonians[ham_graph-1D-grid-pbc-qubitnodes_Lx-26_h-6-square] PASSED [ 43%]
benchpress/qiskit_gym/abstract_transpile/test_hamiltonians.py::TestWorkoutAbstractHamiltonians::test_hamiltonians[ham_graph-1D-grid-pbc-qubitnodes_Lx-26_h-6-heavy-hex] PASSED [ 43%]
benchpress/qiskit_gym/abstract_transpile/test_hamiltonians.py::TestWorkoutAbstractHamiltonians::test_hamiltonians[ham_graph-1D-grid-pbc-qubitnodes_Lx-26_h-6-linear] PASSED [ 44%]
benchpress/qiskit_gym/abstract_transpile/test_hamiltonians.py::TestWorkoutAbstractHamiltonians::test_hamiltonians[ham_bh_graph-1D-grid-pbc-qubitnodes_Lx-14_U-10_enc-stdbinary_d-4-all-to-all] PASSED [ 44%]
benchpress/qiskit_gym/abstract_transpile/test_hamiltonians.py::TestWorkoutAbstractHamiltonians::test_hamiltonians[ham_bh_graph-1D-grid-pbc-qubitnodes_Lx-14_U-10_enc-stdbinary_d-4-square] PASSED [ 44%]
benchpress/qiskit_gym/abstract_transpile/test_hamiltonians.py::TestWorkoutAbstractHamiltonians::test_hamiltonians[ham_bh_graph-1D-grid-pbc-qubitnodes_Lx-14_U-10_enc-stdbinary_d-4-heavy-hex] PASSED [ 44%]
benchpress/qiskit_gym/abstract_transpile/test_hamiltonians.py::TestWorkoutAbstractHamiltonians::test_hamiltonians[ham_bh_graph-1D-grid-pbc-qubitnodes_Lx-14_U-10_enc-stdbinary_d-4-linear] PASSED [ 45%]
benchpress/qiskit_gym/abstract_transpile/test_hamiltonians.py::TestWorkoutAbstractHamiltonians::test_hamiltonians[ham_bh_graph-2D-triag-nonpbc-qubitnodes_Lx-3_Ly-5_U-30_enc-gray_d-4-all-to-all] PASSED [ 45%]
benchpress/qiskit_gym/abstract_transpile/test_hamiltonians.py::TestWorkoutAbstractHamiltonians::test_hamiltonians[ham_bh_graph-2D-triag-nonpbc-qubitnodes_Lx-3_Ly-5_U-30_enc-gray_d-4-square] PASSED [ 45%]
benchpress/qiskit_gym/abstract_transpile/test_hamiltonians.py::TestWorkoutAbstractHamiltonians::test_hamiltonians[ham_bh_graph-2D-triag-nonpbc-qubitnodes_Lx-3_Ly-5_U-30_enc-gray_d-4-heavy-hex] PASSED [ 45%]
benchpress/qiskit_gym/abstract_transpile/test_hamiltonians.py::TestWorkoutAbstractHamiltonians::test_hamiltonians[ham_bh_graph-2D-triag-nonpbc-qubitnodes_Lx-3_Ly-5_U-30_enc-gray_d-4-linear] PASSED [ 46%]
benchpress/qiskit_gym/abstract_transpile/test_hamiltonians.py::TestWorkoutAbstractHamiltonians::test_hamiltonians[ham_reg-5_n-10_rinst-07-all-to-all] PASSED [ 46%]
benchpress/qiskit_gym/abstract_transpile/test_hamiltonians.py::TestWorkoutAbstractHamiltonians::test_hamiltonians[ham_reg-5_n-10_rinst-07-square] PASSED [ 46%]
benchpress/qiskit_gym/abstract_transpile/test_hamiltonians.py::TestWorkoutAbstractHamiltonians::test_hamiltonians[ham_reg-5_n-10_rinst-07-heavy-hex] PASSED [ 46%]
benchpress/qiskit_gym/abstract_transpile/test_hamiltonians.py::TestWorkoutAbstractHamiltonians::test_hamiltonians[ham_reg-5_n-10_rinst-07-linear] PASSED [ 47%]
benchpress/qiskit_gym/abstract_transpile/test_hamiltonians.py::TestWorkoutAbstractHamiltonians::test_hamiltonians[ham_mu_y_prime_enc_unary_dvalues_16-16-16-16-16-16-all-to-all] PASSED [ 47%]
benchpress/qiskit_gym/abstract_transpile/test_hamiltonians.py::TestWorkoutAbstractHamiltonians::test_hamiltonians[ham_mu_y_prime_enc_unary_dvalues_16-16-16-16-16-16-square] PASSED [ 47%]
benchpress/qiskit_gym/abstract_transpile/test_hamiltonians.py::TestWorkoutAbstractHamiltonians::test_hamiltonians[ham_mu_y_prime_enc_unary_dvalues_16-16-16-16-16-16-heavy-hex] PASSED [ 47%]
benchpress/qiskit_gym/abstract_transpile/test_hamiltonians.py::TestWorkoutAbstractHamiltonians::test_hamiltonians[ham_mu_y_prime_enc_unary_dvalues_16-16-16-16-16-16-linear] PASSED [ 48%]
benchpress/qiskit_gym/abstract_transpile/test_hamiltonians.py::TestWorkoutAbstractHamiltonians::test_hamiltonians[ham_bh_graph-3D-grid-nonpbc-qubitnodes_Lx-2_Ly-2_Lz-2_U-20_enc-unary_d-4-all-to-all] PASSED [ 48%]
benchpress/qiskit_gym/abstract_transpile/test_hamiltonians.py::TestWorkoutAbstractHamiltonians::test_hamiltonians[ham_bh_graph-3D-grid-nonpbc-qubitnodes_Lx-2_Ly-2_Lz-2_U-20_enc-unary_d-4-square] PASSED [ 48%]
benchpress/qiskit_gym/abstract_transpile/test_hamiltonians.py::TestWorkoutAbstractHamiltonians::test_hamiltonians[ham_bh_graph-3D-grid-nonpbc-qubitnodes_Lx-2_Ly-2_Lz-2_U-20_enc-unary_d-4-heavy-hex] PASSED [ 48%]
benchpress/qiskit_gym/abstract_transpile/test_hamiltonians.py::TestWorkoutAbstractHamiltonians::test_hamiltonians[ham_bh_graph-3D-grid-nonpbc-qubitnodes_Lx-2_Ly-2_Lz-2_U-20_enc-unary_d-4-linear] PASSED [ 49%]
benchpress/qiskit_gym/abstract_transpile/test_hamiltonians.py::TestWorkoutAbstractHamiltonians::test_hamiltonians[ham_0-uuf100-0810.cnf-40-res-all-to-all] PASSED [ 49%]
benchpress/qiskit_gym/abstract_transpile/test_hamiltonians.py::TestWorkoutAbstractHamiltonians::test_hamiltonians[ham_0-uuf100-0810.cnf-40-res-square] PASSED [ 49%]
benchpress/qiskit_gym/abstract_transpile/test_hamiltonians.py::TestWorkoutAbstractHamiltonians::test_hamiltonians[ham_0-uuf100-0810.cnf-40-res-heavy-hex] PASSED [ 49%]
benchpress/qiskit_gym/abstract_transpile/test_hamiltonians.py::TestWorkoutAbstractHamiltonians::test_hamiltonians[ham_0-uuf100-0810.cnf-40-res-linear] PASSED [ 50%]
benchpress/qiskit_gym/abstract_transpile/test_hamiltonians.py::TestWorkoutAbstractHamiltonians::test_hamiltonians[ham_8-uuf100-0509.cnf-40-cc-all-to-all] PASSED [ 50%]
benchpress/qiskit_gym/abstract_transpile/test_hamiltonians.py::TestWorkoutAbstractHamiltonians::test_hamiltonians[ham_8-uuf100-0509.cnf-40-cc-square] PASSED [ 50%]
benchpress/qiskit_gym/abstract_transpile/test_hamiltonians.py::TestWorkoutAbstractHamiltonians::test_hamiltonians[ham_8-uuf100-0509.cnf-40-cc-heavy-hex] PASSED [ 50%]
benchpress/qiskit_gym/abstract_transpile/test_hamiltonians.py::TestWorkoutAbstractHamiltonians::test_hamiltonians[ham_8-uuf100-0509.cnf-40-cc-linear] PASSED [ 51%]
benchpress/qiskit_gym/abstract_transpile/test_hamiltonians.py::TestWorkoutAbstractHamiltonians::test_hamiltonians[ham_gnp-k_4_n-40_rinst-07-all-to-all] PASSED [ 51%]
benchpress/qiskit_gym/abstract_transpile/test_hamiltonians.py::TestWorkoutAbstractHamiltonians::test_hamiltonians[ham_gnp-k_4_n-40_rinst-07-square] PASSED [ 51%]
benchpress/qiskit_gym/abstract_transpile/test_hamiltonians.py::TestWorkoutAbstractHamiltonians::test_hamiltonians[ham_gnp-k_4_n-40_rinst-07-heavy-hex] PASSED [ 51%]
benchpress/qiskit_gym/abstract_transpile/test_hamiltonians.py::TestWorkoutAbstractHamiltonians::test_hamiltonians[ham_gnp-k_4_n-40_rinst-07-linear] PASSED [ 52%]
benchpress/qiskit_gym/abstract_transpile/test_hamiltonians.py::TestWorkoutAbstractHamiltonians::test_hamiltonians[ham_2-uf100-0396.cnf-46-res-all-to-all] PASSED [ 52%]
benchpress/qiskit_gym/abstract_transpile/test_hamiltonians.py::TestWorkoutAbstractHamiltonians::test_hamiltonians[ham_2-uf100-0396.cnf-46-res-square] PASSED [ 52%]
benchpress/qiskit_gym/abstract_transpile/test_hamiltonians.py::TestWorkoutAbstractHamiltonians::test_hamiltonians[ham_2-uf100-0396.cnf-46-res-heavy-hex] PASSED [ 52%]
benchpress/qiskit_gym/abstract_transpile/test_hamiltonians.py::TestWorkoutAbstractHamiltonians::test_hamiltonians[ham_2-uf100-0396.cnf-46-res-linear] PASSED [ 53%]
benchpress/qiskit_gym/abstract_transpile/test_hamiltonians.py::TestWorkoutAbstractHamiltonians::test_hamiltonians[ham_2-uf100-0601.cnf-46-res-all-to-all] PASSED [ 53%]
benchpress/qiskit_gym/abstract_transpile/test_hamiltonians.py::TestWorkoutAbstractHamiltonians::test_hamiltonians[ham_2-uf100-0601.cnf-46-res-square] PASSED [ 53%]
benchpress/qiskit_gym/abstract_transpile/test_hamiltonians.py::TestWorkoutAbstractHamiltonians::test_hamiltonians[ham_2-uf100-0601.cnf-46-res-heavy-hex] PASSED [ 53%]
benchpress/qiskit_gym/abstract_transpile/test_hamiltonians.py::TestWorkoutAbstractHamiltonians::test_hamiltonians[ham_2-uf100-0601.cnf-46-res-linear] PASSED [ 54%]
benchpress/qiskit_gym/abstract_transpile/test_hamiltonians.py::TestWorkoutAbstractHamiltonians::test_hamiltonians[ham_bh_graph-1D-grid-nonpbc-qubitnodes_Lx-12_U-40_enc-unary_d-4-all-to-all] PASSED [ 54%]
benchpress/qiskit_gym/abstract_transpile/test_hamiltonians.py::TestWorkoutAbstractHamiltonians::test_hamiltonians[ham_bh_graph-1D-grid-nonpbc-qubitnodes_Lx-12_U-40_enc-unary_d-4-square] PASSED [ 54%]
benchpress/qiskit_gym/abstract_transpile/test_hamiltonians.py::TestWorkoutAbstractHamiltonians::test_hamiltonians[ham_bh_graph-1D-grid-nonpbc-qubitnodes_Lx-12_U-40_enc-unary_d-4-heavy-hex] PASSED [ 54%]
benchpress/qiskit_gym/abstract_transpile/test_hamiltonians.py::TestWorkoutAbstractHamiltonians::test_hamiltonians[ham_bh_graph-1D-grid-nonpbc-qubitnodes_Lx-12_U-40_enc-unary_d-4-linear] PASSED [ 55%]
benchpress/qiskit_gym/abstract_transpile/test_hamiltonians.py::TestWorkoutAbstractHamiltonians::test_hamiltonians[ham_bh_graph-1D-grid-pbc-qubitnodes_Lx-24_U-20_enc-stdbinary_d-4-all-to-all] PASSED [ 55%]
benchpress/qiskit_gym/abstract_transpile/test_hamiltonians.py::TestWorkoutAbstractHamiltonians::test_hamiltonians[ham_bh_graph-1D-grid-pbc-qubitnodes_Lx-24_U-20_enc-stdbinary_d-4-square] PASSED [ 55%]
benchpress/qiskit_gym/abstract_transpile/test_hamiltonians.py::TestWorkoutAbstractHamiltonians::test_hamiltonians[ham_bh_graph-1D-grid-pbc-qubitnodes_Lx-24_U-20_enc-stdbinary_d-4-heavy-hex] PASSED [ 55%]
benchpress/qiskit_gym/abstract_transpile/test_hamiltonians.py::TestWorkoutAbstractHamiltonians::test_hamiltonians[ham_bh_graph-1D-grid-pbc-qubitnodes_Lx-24_U-20_enc-stdbinary_d-4-linear] PASSED [ 56%]
benchpress/qiskit_gym/abstract_transpile/test_hamiltonians.py::TestWorkoutAbstractHamiltonians::test_hamiltonians[ham_tsp_prob-lin105_Ncity-7_enc-unary-all-to-all] PASSED [ 56%]
benchpress/qiskit_gym/abstract_transpile/test_hamiltonians.py::TestWorkoutAbstractHamiltonians::test_hamiltonians[ham_tsp_prob-lin105_Ncity-7_enc-unary-square] PASSED [ 56%]
benchpress/qiskit_gym/abstract_transpile/test_hamiltonians.py::TestWorkoutAbstractHamiltonians::test_hamiltonians[ham_tsp_prob-lin105_Ncity-7_enc-unary-heavy-hex] PASSED [ 56%]
benchpress/qiskit_gym/abstract_transpile/test_hamiltonians.py::TestWorkoutAbstractHamiltonians::test_hamiltonians[ham_tsp_prob-lin105_Ncity-7_enc-unary-linear] PASSED [ 57%]
benchpress/qiskit_gym/abstract_transpile/test_hamiltonians.py::TestWorkoutAbstractHamiltonians::test_hamiltonians[ham_gnp-k_5_n-60_rinst-19-all-to-all] PASSED [ 57%]
benchpress/qiskit_gym/abstract_transpile/test_hamiltonians.py::TestWorkoutAbstractHamiltonians::test_hamiltonians[ham_gnp-k_5_n-60_rinst-19-square] PASSED [ 57%]
benchpress/qiskit_gym/abstract_transpile/test_hamiltonians.py::TestWorkoutAbstractHamiltonians::test_hamiltonians[ham_gnp-k_5_n-60_rinst-19-heavy-hex] PASSED [ 57%]
benchpress/qiskit_gym/abstract_transpile/test_hamiltonians.py::TestWorkoutAbstractHamiltonians::test_hamiltonians[ham_gnp-k_5_n-60_rinst-19-linear] PASSED [ 58%]
benchpress/qiskit_gym/abstract_transpile/test_hamiltonians.py::TestWorkoutAbstractHamiltonians::test_hamiltonians[ham_bh_graph-2D-triag-pbc-qubitnodes_Lx-5_Ly-5_U-30_enc-unary_d-4-all-to-all] PASSED [ 58%]
benchpress/qiskit_gym/abstract_transpile/test_hamiltonians.py::TestWorkoutAbstractHamiltonians::test_hamiltonians[ham_bh_graph-2D-triag-pbc-qubitnodes_Lx-5_Ly-5_U-30_enc-unary_d-4-square] PASSED [ 58%]
benchpress/qiskit_gym/abstract_transpile/test_hamiltonians.py::TestWorkoutAbstractHamiltonians::test_hamiltonians[ham_bh_graph-2D-triag-pbc-qubitnodes_Lx-5_Ly-5_U-30_enc-unary_d-4-heavy-hex] PASSED [ 58%]
benchpress/qiskit_gym/abstract_transpile/test_hamiltonians.py::TestWorkoutAbstractHamiltonians::test_hamiltonians[ham_bh_graph-2D-triag-pbc-qubitnodes_Lx-5_Ly-5_U-30_enc-unary_d-4-linear] PASSED [ 59%]
benchpress/qiskit_gym/abstract_transpile/test_hamiltonians.py::TestWorkoutAbstractHamiltonians::test_hamiltonians[ham_mu_x_prime_enc_unary_dvalues_16-16-16-16-16-16-16-16-16-16-16-16-16-16-16-all-to-all] PASSED [ 59%]
benchpress/qiskit_gym/abstract_transpile/test_hamiltonians.py::TestWorkoutAbstractHamiltonians::test_hamiltonians[ham_mu_x_prime_enc_unary_dvalues_16-16-16-16-16-16-16-16-16-16-16-16-16-16-16-square] PASSED [ 59%]
benchpress/qiskit_gym/abstract_transpile/test_hamiltonians.py::TestWorkoutAbstractHamiltonians::test_hamiltonians[ham_mu_x_prime_enc_unary_dvalues_16-16-16-16-16-16-16-16-16-16-16-16-16-16-16-heavy-hex] PASSED [ 59%]
benchpress/qiskit_gym/abstract_transpile/test_hamiltonians.py::TestWorkoutAbstractHamiltonians::test_hamiltonians[ham_mu_x_prime_enc_unary_dvalues_16-16-16-16-16-16-16-16-16-16-16-16-16-16-16-linear] PASSED [ 60%]
benchpress/qiskit_gym/abstract_transpile/test_hamiltonians.py::TestWorkoutAbstractHamiltonians::test_hamiltonians[ham_tsp_prob-d198_Ncity-8_enc-unary-all-to-all] PASSED [ 60%]
benchpress/qiskit_gym/abstract_transpile/test_hamiltonians.py::TestWorkoutAbstractHamiltonians::test_hamiltonians[ham_tsp_prob-d198_Ncity-8_enc-unary-square] PASSED [ 60%]
benchpress/qiskit_gym/abstract_transpile/test_hamiltonians.py::TestWorkoutAbstractHamiltonians::test_hamiltonians[ham_tsp_prob-d198_Ncity-8_enc-unary-heavy-hex] PASSED [ 60%]
benchpress/qiskit_gym/abstract_transpile/test_hamiltonians.py::TestWorkoutAbstractHamiltonians::test_hamiltonians[ham_tsp_prob-d198_Ncity-8_enc-unary-linear] PASSED [ 61%]
benchpress/qiskit_gym/abstract_transpile/test_hamiltonians.py::TestWorkoutAbstractHamiltonians::test_hamiltonians[ham_tsp_prob-kroD100_Ncity-16_enc-stdbinary-all-to-all] PASSED [ 61%]
benchpress/qiskit_gym/abstract_transpile/test_hamiltonians.py::TestWorkoutAbstractHamiltonians::test_hamiltonians[ham_tsp_prob-kroD100_Ncity-16_enc-stdbinary-square] PASSED [ 61%]
benchpress/qiskit_gym/abstract_transpile/test_hamiltonians.py::TestWorkoutAbstractHamiltonians::test_hamiltonians[ham_tsp_prob-kroD100_Ncity-16_enc-stdbinary-heavy-hex] PASSED [ 61%]
benchpress/qiskit_gym/abstract_transpile/test_hamiltonians.py::TestWorkoutAbstractHamiltonians::test_hamiltonians[ham_tsp_prob-kroD100_Ncity-16_enc-stdbinary-linear] PASSED [ 62%]
benchpress/qiskit_gym/abstract_transpile/test_hamiltonians.py::TestWorkoutAbstractHamiltonians::test_hamiltonians[ham_tsp_prob-fl417_Ncity-16_enc-stdbinary-all-to-all] PASSED [ 62%]
benchpress/qiskit_gym/abstract_transpile/test_hamiltonians.py::TestWorkoutAbstractHamiltonians::test_hamiltonians[ham_tsp_prob-fl417_Ncity-16_enc-stdbinary-square] PASSED [ 62%]
benchpress/qiskit_gym/abstract_transpile/test_hamiltonians.py::TestWorkoutAbstractHamiltonians::test_hamiltonians[ham_tsp_prob-fl417_Ncity-16_enc-stdbinary-heavy-hex] PASSED [ 62%]
benchpress/qiskit_gym/abstract_transpile/test_hamiltonians.py::TestWorkoutAbstractHamiltonians::test_hamiltonians[ham_tsp_prob-fl417_Ncity-16_enc-stdbinary-linear] PASSED [ 63%]
benchpress/qiskit_gym/abstract_transpile/test_hamiltonians.py::TestWorkoutAbstractHamiltonians::test_hamiltonians[ham_4-uf100-0246.cnf-70-res-all-to-all] PASSED [ 63%]
benchpress/qiskit_gym/abstract_transpile/test_hamiltonians.py::TestWorkoutAbstractHamiltonians::test_hamiltonians[ham_4-uf100-0246.cnf-70-res-square] PASSED [ 63%]
benchpress/qiskit_gym/abstract_transpile/test_hamiltonians.py::TestWorkoutAbstractHamiltonians::test_hamiltonians[ham_4-uf100-0246.cnf-70-res-heavy-hex] PASSED [ 63%]
benchpress/qiskit_gym/abstract_transpile/test_hamiltonians.py::TestWorkoutAbstractHamiltonians::test_hamiltonians[ham_4-uf100-0246.cnf-70-res-linear] PASSED [ 64%]
benchpress/qiskit_gym/abstract_transpile/test_hamiltonians.py::TestWorkoutAbstractHamiltonians::test_hamiltonians[ham_dsjc1000.1,n-36,rinst-4-all-to-all] PASSED [ 64%]
benchpress/qiskit_gym/abstract_transpile/test_hamiltonians.py::TestWorkoutAbstractHamiltonians::test_hamiltonians[ham_dsjc1000.1,n-36,rinst-4-square] PASSED [ 64%]
benchpress/qiskit_gym/abstract_transpile/test_hamiltonians.py::TestWorkoutAbstractHamiltonians::test_hamiltonians[ham_dsjc1000.1,n-36,rinst-4-heavy-hex] PASSED [ 64%]
benchpress/qiskit_gym/abstract_transpile/test_hamiltonians.py::TestWorkoutAbstractHamiltonians::test_hamiltonians[ham_dsjc1000.1,n-36,rinst-4-linear] PASSED [ 65%]
benchpress/qiskit_gym/abstract_transpile/test_hamiltonians.py::TestWorkoutAbstractHamiltonians::test_hamiltonians[ham_graph-2D-grid-nonpbc-qubitnodes_Lx-5_Ly-15_h-3-all-to-all] PASSED [ 65%]
benchpress/qiskit_gym/abstract_transpile/test_hamiltonians.py::TestWorkoutAbstractHamiltonians::test_hamiltonians[ham_graph-2D-grid-nonpbc-qubitnodes_Lx-5_Ly-15_h-3-square] PASSED [ 65%]
benchpress/qiskit_gym/abstract_transpile/test_hamiltonians.py::TestWorkoutAbstractHamiltonians::test_hamiltonians[ham_graph-2D-grid-nonpbc-qubitnodes_Lx-5_Ly-15_h-3-heavy-hex] PASSED [ 65%]
benchpress/qiskit_gym/abstract_transpile/test_hamiltonians.py::TestWorkoutAbstractHamiltonians::test_hamiltonians[ham_graph-2D-grid-nonpbc-qubitnodes_Lx-5_Ly-15_h-3-linear] PASSED [ 66%]
benchpress/qiskit_gym/abstract_transpile/test_hamiltonians.py::TestWorkoutAbstractHamiltonians::test_hamiltonians[ham_bh_graph-1D-grid-pbc-qubitnodes_Lx-10_U-30_enc-unary_d-8-all-to-all] PASSED [ 66%]
benchpress/qiskit_gym/abstract_transpile/test_hamiltonians.py::TestWorkoutAbstractHamiltonians::test_hamiltonians[ham_bh_graph-1D-grid-pbc-qubitnodes_Lx-10_U-30_enc-unary_d-8-square] PASSED [ 66%]
benchpress/qiskit_gym/abstract_transpile/test_hamiltonians.py::TestWorkoutAbstractHamiltonians::test_hamiltonians[ham_bh_graph-1D-grid-pbc-qubitnodes_Lx-10_U-30_enc-unary_d-8-heavy-hex] PASSED [ 66%]
benchpress/qiskit_gym/abstract_transpile/test_hamiltonians.py::TestWorkoutAbstractHamiltonians::test_hamiltonians[ham_bh_graph-1D-grid-pbc-qubitnodes_Lx-10_U-30_enc-unary_d-8-linear] PASSED [ 67%]
benchpress/qiskit_gym/abstract_transpile/test_hamiltonians.py::TestWorkoutAbstractHamiltonians::test_hamiltonians[ham_4-flat100-7.cnf-90-cc-all-to-all] PASSED [ 67%]
benchpress/qiskit_gym/abstract_transpile/test_hamiltonians.py::TestWorkoutAbstractHamiltonians::test_hamiltonians[ham_4-flat100-7.cnf-90-cc-square] PASSED [ 67%]
benchpress/qiskit_gym/abstract_transpile/test_hamiltonians.py::TestWorkoutAbstractHamiltonians::test_hamiltonians[ham_4-flat100-7.cnf-90-cc-heavy-hex] PASSED [ 67%]
benchpress/qiskit_gym/abstract_transpile/test_hamiltonians.py::TestWorkoutAbstractHamiltonians::test_hamiltonians[ham_4-flat100-7.cnf-90-cc-linear] PASSED [ 68%]
benchpress/qiskit_gym/abstract_transpile/test_hamiltonians.py::TestWorkoutAbstractHamiltonians::test_hamiltonians[ham_reg-4_n-90_rinst-07-all-to-all] PASSED [ 68%]
benchpress/qiskit_gym/abstract_transpile/test_hamiltonians.py::TestWorkoutAbstractHamiltonians::test_hamiltonians[ham_reg-4_n-90_rinst-07-square] PASSED [ 68%]
benchpress/qiskit_gym/abstract_transpile/test_hamiltonians.py::TestWorkoutAbstractHamiltonians::test_hamiltonians[ham_reg-4_n-90_rinst-07-heavy-hex] PASSED [ 68%]
benchpress/qiskit_gym/abstract_transpile/test_hamiltonians.py::TestWorkoutAbstractHamiltonians::test_hamiltonians[ham_reg-4_n-90_rinst-07-linear] PASSED [ 69%]
benchpress/qiskit_gym/abstract_transpile/test_hamiltonians.py::TestWorkoutAbstractHamiltonians::test_hamiltonians[ham_gnp-k_5_n-90_rinst-02-all-to-all] PASSED [ 69%]
benchpress/qiskit_gym/abstract_transpile/test_hamiltonians.py::TestWorkoutAbstractHamiltonians::test_hamiltonians[ham_gnp-k_5_n-90_rinst-02-square] PASSED [ 69%]
benchpress/qiskit_gym/abstract_transpile/test_hamiltonians.py::TestWorkoutAbstractHamiltonians::test_hamiltonians[ham_gnp-k_5_n-90_rinst-02-heavy-hex] PASSED [ 69%]
benchpress/qiskit_gym/abstract_transpile/test_hamiltonians.py::TestWorkoutAbstractHamiltonians::test_hamiltonians[ham_gnp-k_5_n-90_rinst-02-linear] PASSED [ 70%]
benchpress/qiskit_gym/abstract_transpile/test_hamiltonians.py::TestWorkoutAbstractHamiltonians::test_hamiltonians[ham_graph-2D-triag-pbc-qubitnodes_Lx-13_Ly-13_h-0.1-all-to-all] PASSED [ 70%]
benchpress/qiskit_gym/abstract_transpile/test_hamiltonians.py::TestWorkoutAbstractHamiltonians::test_hamiltonians[ham_graph-2D-triag-pbc-qubitnodes_Lx-13_Ly-13_h-0.1-square] PASSED [ 70%]
benchpress/qiskit_gym/abstract_transpile/test_hamiltonians.py::TestWorkoutAbstractHamiltonians::test_hamiltonians[ham_graph-2D-triag-pbc-qubitnodes_Lx-13_Ly-13_h-0.1-heavy-hex] PASSED [ 70%]
benchpress/qiskit_gym/abstract_transpile/test_hamiltonians.py::TestWorkoutAbstractHamiltonians::test_hamiltonians[ham_graph-2D-triag-pbc-qubitnodes_Lx-13_Ly-13_h-0.1-linear] PASSED [ 71%]
benchpress/qiskit_gym/abstract_transpile/test_hamiltonians.py::TestWorkoutAbstractHamiltonians::test_hamiltonians[ham_bh_graph-1D-grid-pbc-qubitnodes_Lx-46_U-2_enc-gray_d-4-all-to-all] PASSED [ 71%]
benchpress/qiskit_gym/abstract_transpile/test_hamiltonians.py::TestWorkoutAbstractHamiltonians::test_hamiltonians[ham_bh_graph-1D-grid-pbc-qubitnodes_Lx-46_U-2_enc-gray_d-4-square] PASSED [ 71%]
benchpress/qiskit_gym/abstract_transpile/test_hamiltonians.py::TestWorkoutAbstractHamiltonians::test_hamiltonians[ham_bh_graph-1D-grid-pbc-qubitnodes_Lx-46_U-2_enc-gray_d-4-heavy-hex] PASSED [ 71%]
benchpress/qiskit_gym/abstract_transpile/test_hamiltonians.py::TestWorkoutAbstractHamiltonians::test_hamiltonians[ham_bh_graph-1D-grid-pbc-qubitnodes_Lx-46_U-2_enc-gray_d-4-linear] PASSED [ 72%]
benchpress/qiskit_gym/abstract_transpile/test_hamiltonians.py::TestWorkoutAbstractHamiltonians::test_hamiltonians[ham_bh_graph-2D-grid-nonpbc-qubitnodes_Lx-7_Ly-7_U-70_enc-gray_d-4-all-to-all] PASSED [ 72%]
benchpress/qiskit_gym/abstract_transpile/test_hamiltonians.py::TestWorkoutAbstractHamiltonians::test_hamiltonians[ham_bh_graph-2D-grid-nonpbc-qubitnodes_Lx-7_Ly-7_U-70_enc-gray_d-4-square] PASSED [ 72%]
benchpress/qiskit_gym/abstract_transpile/test_hamiltonians.py::TestWorkoutAbstractHamiltonians::test_hamiltonians[ham_bh_graph-2D-grid-nonpbc-qubitnodes_Lx-7_Ly-7_U-70_enc-gray_d-4-heavy-hex] PASSED [ 72%]
benchpress/qiskit_gym/abstract_transpile/test_hamiltonians.py::TestWorkoutAbstractHamiltonians::test_hamiltonians[ham_bh_graph-2D-grid-nonpbc-qubitnodes_Lx-7_Ly-7_U-70_enc-gray_d-4-linear] PASSED [ 73%]
benchpress/qiskit_gym/abstract_transpile/test_hamiltonians.py::TestWorkoutAbstractHamiltonians::test_hamiltonians[ham_fh-graph-1D-grid-pbc-qubitnodes_Lx-50_U-2_enc-jw-all-to-all] PASSED [ 73%]
benchpress/qiskit_gym/abstract_transpile/test_hamiltonians.py::TestWorkoutAbstractHamiltonians::test_hamiltonians[ham_fh-graph-1D-grid-pbc-qubitnodes_Lx-50_U-2_enc-jw-square] PASSED [ 73%]
benchpress/qiskit_gym/abstract_transpile/test_hamiltonians.py::TestWorkoutAbstractHamiltonians::test_hamiltonians[ham_fh-graph-1D-grid-pbc-qubitnodes_Lx-50_U-2_enc-jw-heavy-hex] PASSED [ 73%]
benchpress/qiskit_gym/abstract_transpile/test_hamiltonians.py::TestWorkoutAbstractHamiltonians::test_hamiltonians[ham_fh-graph-1D-grid-pbc-qubitnodes_Lx-50_U-2_enc-jw-linear] PASSED [ 74%]
benchpress/qiskit_gym/abstract_transpile/test_hamiltonians.py::TestWorkoutAbstractHamiltonians::test_hamiltonians[ham_tsp_prob-st70_Ncity-10_enc-unary-all-to-all] PASSED [ 74%]
benchpress/qiskit_gym/abstract_transpile/test_hamiltonians.py::TestWorkoutAbstractHamiltonians::test_hamiltonians[ham_tsp_prob-st70_Ncity-10_enc-unary-square] PASSED [ 74%]
benchpress/qiskit_gym/abstract_transpile/test_hamiltonians.py::TestWorkoutAbstractHamiltonians::test_hamiltonians[ham_tsp_prob-st70_Ncity-10_enc-unary-heavy-hex] PASSED [ 74%]
benchpress/qiskit_gym/abstract_transpile/test_hamiltonians.py::TestWorkoutAbstractHamiltonians::test_hamiltonians[ham_tsp_prob-st70_Ncity-10_enc-unary-linear] PASSED [ 75%]
benchpress/qiskit_gym/abstract_transpile/test_hamiltonians.py::TestWorkoutAbstractHamiltonians::test_hamiltonians[ham_tsp_prob-pr76_Ncity-10_enc-unary-all-to-all] PASSED [ 75%]
benchpress/qiskit_gym/abstract_transpile/test_hamiltonians.py::TestWorkoutAbstractHamiltonians::test_hamiltonians[ham_tsp_prob-pr76_Ncity-10_enc-unary-square] PASSED [ 75%]
benchpress/qiskit_gym/abstract_transpile/test_hamiltonians.py::TestWorkoutAbstractHamiltonians::test_hamiltonians[ham_tsp_prob-pr76_Ncity-10_enc-unary-heavy-hex] PASSED [ 75%]
benchpress/qiskit_gym/abstract_transpile/test_hamiltonians.py::TestWorkoutAbstractHamiltonians::test_hamiltonians[ham_tsp_prob-pr76_Ncity-10_enc-unary-linear] PASSED [ 76%]
benchpress/qiskit_gym/abstract_transpile/test_hamiltonians.py::TestWorkoutAbstractHamiltonians::test_hamiltonians[ham_bh_graph-2D-triag-pbc-qubitnodes_Lx-10_Ly-10_U-30_enc-stdbinary_d-4-all-to-all] PASSED [ 76%]
benchpress/qiskit_gym/abstract_transpile/test_hamiltonians.py::TestWorkoutAbstractHamiltonians::test_hamiltonians[ham_bh_graph-2D-triag-pbc-qubitnodes_Lx-10_Ly-10_U-30_enc-stdbinary_d-4-square] PASSED [ 76%]
benchpress/qiskit_gym/abstract_transpile/test_hamiltonians.py::TestWorkoutAbstractHamiltonians::test_hamiltonians[ham_bh_graph-2D-triag-pbc-qubitnodes_Lx-10_Ly-10_U-30_enc-stdbinary_d-4-heavy-hex] PASSED [ 76%]
benchpress/qiskit_gym/abstract_transpile/test_hamiltonians.py::TestWorkoutAbstractHamiltonians::test_hamiltonians[ham_bh_graph-2D-triag-pbc-qubitnodes_Lx-10_Ly-10_U-30_enc-stdbinary_d-4-linear] PASSED [ 77%]
benchpress/qiskit_gym/abstract_transpile/test_hamiltonians.py::TestWorkoutAbstractHamiltonians::test_hamiltonians[ham_queen13_13,n-28,rinst-0-all-to-all] PASSED [ 77%]
benchpress/qiskit_gym/abstract_transpile/test_hamiltonians.py::TestWorkoutAbstractHamiltonians::test_hamiltonians[ham_queen13_13,n-28,rinst-0-square] PASSED [ 77%]
benchpress/qiskit_gym/abstract_transpile/test_hamiltonians.py::TestWorkoutAbstractHamiltonians::test_hamiltonians[ham_queen13_13,n-28,rinst-0-heavy-hex] PASSED [ 77%]
benchpress/qiskit_gym/abstract_transpile/test_hamiltonians.py::TestWorkoutAbstractHamiltonians::test_hamiltonians[ham_queen13_13,n-28,rinst-0-linear] PASSED [ 78%]
benchpress/qiskit_gym/abstract_transpile/test_hamiltonians.py::TestWorkoutAbstractHamiltonians::test_hamiltonians[ham_will199gpia,n-60,rinst-8-all-to-all] PASSED [ 78%]
benchpress/qiskit_gym/abstract_transpile/test_hamiltonians.py::TestWorkoutAbstractHamiltonians::test_hamiltonians[ham_will199gpia,n-60,rinst-8-square] PASSED [ 78%]
benchpress/qiskit_gym/abstract_transpile/test_hamiltonians.py::TestWorkoutAbstractHamiltonians::test_hamiltonians[ham_will199gpia,n-60,rinst-8-heavy-hex] PASSED [ 78%]
benchpress/qiskit_gym/abstract_transpile/test_hamiltonians.py::TestWorkoutAbstractHamiltonians::test_hamiltonians[ham_will199gpia,n-60,rinst-8-linear] PASSED [ 79%]
benchpress/qiskit_gym/abstract_transpile/test_hamiltonians.py::TestWorkoutAbstractHamiltonians::test_hamiltonians[ham_bh_graph-1D-grid-pbc-qubitnodes_Lx-60_U-10_enc-stdbinary_d-4-all-to-all] PASSED [ 79%]
benchpress/qiskit_gym/abstract_transpile/test_hamiltonians.py::TestWorkoutAbstractHamiltonians::test_hamiltonians[ham_bh_graph-1D-grid-pbc-qubitnodes_Lx-60_U-10_enc-stdbinary_d-4-square] PASSED [ 79%]
benchpress/qiskit_gym/abstract_transpile/test_hamiltonians.py::TestWorkoutAbstractHamiltonians::test_hamiltonians[ham_bh_graph-1D-grid-pbc-qubitnodes_Lx-60_U-10_enc-stdbinary_d-4-heavy-hex] PASSED [ 79%]
benchpress/qiskit_gym/abstract_transpile/test_hamiltonians.py::TestWorkoutAbstractHamiltonians::test_hamiltonians[ham_bh_graph-1D-grid-pbc-qubitnodes_Lx-60_U-10_enc-stdbinary_d-4-linear] PASSED [ 80%]
benchpress/qiskit_gym/abstract_transpile/test_hamiltonians.py::TestWorkoutAbstractHamiltonians::test_hamiltonians[ham_bh_graph-2D-triag-pbc-qubitnodes_Lx-3_Ly-22_U-70_enc-unary_d-4-all-to-all] PASSED [ 80%]
benchpress/qiskit_gym/abstract_transpile/test_hamiltonians.py::TestWorkoutAbstractHamiltonians::test_hamiltonians[ham_bh_graph-2D-triag-pbc-qubitnodes_Lx-3_Ly-22_U-70_enc-unary_d-4-square] PASSED [ 80%]
benchpress/qiskit_gym/abstract_transpile/test_hamiltonians.py::TestWorkoutAbstractHamiltonians::test_hamiltonians[ham_bh_graph-2D-triag-pbc-qubitnodes_Lx-3_Ly-22_U-70_enc-unary_d-4-heavy-hex] PASSED [ 80%]
benchpress/qiskit_gym/abstract_transpile/test_hamiltonians.py::TestWorkoutAbstractHamiltonians::test_hamiltonians[ham_bh_graph-2D-triag-pbc-qubitnodes_Lx-3_Ly-22_U-70_enc-unary_d-4-linear] PASSED [ 81%]
benchpress/qiskit_gym/abstract_transpile/test_hamiltonians.py::TestWorkoutAbstractHamiltonians::test_hamiltonians[ham_1-fullins_5,n-48,rinst-7-all-to-all] PASSED [ 81%]
benchpress/qiskit_gym/abstract_transpile/test_hamiltonians.py::TestWorkoutAbstractHamiltonians::test_hamiltonians[ham_1-fullins_5,n-48,rinst-7-square] PASSED [ 81%]
benchpress/qiskit_gym/abstract_transpile/test_hamiltonians.py::TestWorkoutAbstractHamiltonians::test_hamiltonians[ham_1-fullins_5,n-48,rinst-7-heavy-hex] PASSED [ 81%]
benchpress/qiskit_gym/abstract_transpile/test_hamiltonians.py::TestWorkoutAbstractHamiltonians::test_hamiltonians[ham_1-fullins_5,n-48,rinst-7-linear] PASSED [ 82%]
benchpress/qiskit_gym/abstract_transpile/test_hamiltonians.py::TestWorkoutAbstractHamiltonians::test_hamiltonians[ham_bh_graph-2D-triag-nonpbc-qubitnodes_Lx-11_Ly-11_U-100_enc-gray_d-4-all-to-all] PASSED [ 82%]
benchpress/qiskit_gym/abstract_transpile/test_hamiltonians.py::TestWorkoutAbstractHamiltonians::test_hamiltonians[ham_bh_graph-2D-triag-nonpbc-qubitnodes_Lx-11_Ly-11_U-100_enc-gray_d-4-square] PASSED [ 82%]
benchpress/qiskit_gym/abstract_transpile/test_hamiltonians.py::TestWorkoutAbstractHamiltonians::test_hamiltonians[ham_bh_graph-2D-triag-nonpbc-qubitnodes_Lx-11_Ly-11_U-100_enc-gray_d-4-heavy-hex] PASSED [ 82%]
benchpress/qiskit_gym/abstract_transpile/test_hamiltonians.py::TestWorkoutAbstractHamiltonians::test_hamiltonians[ham_bh_graph-2D-triag-nonpbc-qubitnodes_Lx-11_Ly-11_U-100_enc-gray_d-4-linear] PASSED [ 83%]
benchpress/qiskit_gym/abstract_transpile/test_hamiltonians.py::TestWorkoutAbstractHamiltonians::test_hamiltonians[ham_fh-graph-1D-grid-nonpbc-qubitnodes_Lx-90_U-2_enc-jw-all-to-all] PASSED [ 83%]
benchpress/qiskit_gym/abstract_transpile/test_hamiltonians.py::TestWorkoutAbstractHamiltonians::test_hamiltonians[ham_fh-graph-1D-grid-nonpbc-qubitnodes_Lx-90_U-2_enc-jw-square] PASSED [ 83%]
benchpress/qiskit_gym/abstract_transpile/test_hamiltonians.py::TestWorkoutAbstractHamiltonians::test_hamiltonians[ham_fh-graph-1D-grid-nonpbc-qubitnodes_Lx-90_U-2_enc-jw-heavy-hex] PASSED [ 83%]
benchpress/qiskit_gym/abstract_transpile/test_hamiltonians.py::TestWorkoutAbstractHamiltonians::test_hamiltonians[ham_fh-graph-1D-grid-nonpbc-qubitnodes_Lx-90_U-2_enc-jw-linear] PASSED [ 84%]
benchpress/qiskit_gym/abstract_transpile/test_hamiltonians.py::TestWorkoutAbstractHamiltonians::test_hamiltonians[ham_graph-2D-triag-pbc-qubitnodes_Lx-19_Ly-19_h-0.5-all-to-all] PASSED [ 84%]
benchpress/qiskit_gym/abstract_transpile/test_hamiltonians.py::TestWorkoutAbstractHamiltonians::test_hamiltonians[ham_graph-2D-triag-pbc-qubitnodes_Lx-19_Ly-19_h-0.5-square] PASSED [ 84%]
benchpress/qiskit_gym/abstract_transpile/test_hamiltonians.py::TestWorkoutAbstractHamiltonians::test_hamiltonians[ham_graph-2D-triag-pbc-qubitnodes_Lx-19_Ly-19_h-0.5-heavy-hex] PASSED [ 84%]
benchpress/qiskit_gym/abstract_transpile/test_hamiltonians.py::TestWorkoutAbstractHamiltonians::test_hamiltonians[ham_graph-2D-triag-pbc-qubitnodes_Lx-19_Ly-19_h-0.5-linear] PASSED [ 85%]
benchpress/qiskit_gym/abstract_transpile/test_hamiltonians.py::TestWorkoutAbstractHamiltonians::test_hamiltonians[ham_graph-2D-grid-nonpbc-qubitnodes_Lx-5_Ly-58_h-2-all-to-all] PASSED [ 85%]
benchpress/qiskit_gym/abstract_transpile/test_hamiltonians.py::TestWorkoutAbstractHamiltonians::test_hamiltonians[ham_graph-2D-grid-nonpbc-qubitnodes_Lx-5_Ly-58_h-2-square] PASSED [ 85%]
benchpress/qiskit_gym/abstract_transpile/test_hamiltonians.py::TestWorkoutAbstractHamiltonians::test_hamiltonians[ham_graph-2D-grid-nonpbc-qubitnodes_Lx-5_Ly-58_h-2-heavy-hex] PASSED [ 85%]
benchpress/qiskit_gym/abstract_transpile/test_hamiltonians.py::TestWorkoutAbstractHamiltonians::test_hamiltonians[ham_graph-2D-grid-nonpbc-qubitnodes_Lx-5_Ly-58_h-2-linear] PASSED [ 86%]
benchpress/qiskit_gym/abstract_transpile/test_hamiltonians.py::TestWorkoutAbstractHamiltonians::test_hamiltonians[ham_fh-graph-2D-triag-nonpbc-qubitnodes_Lx-16_Ly-16_U-4_enc-bk-all-to-all] PASSED [ 86%]
benchpress/qiskit_gym/abstract_transpile/test_hamiltonians.py::TestWorkoutAbstractHamiltonians::test_hamiltonians[ham_fh-graph-2D-triag-nonpbc-qubitnodes_Lx-16_Ly-16_U-4_enc-bk-square] PASSED [ 86%]
benchpress/qiskit_gym/abstract_transpile/test_hamiltonians.py::TestWorkoutAbstractHamiltonians::test_hamiltonians[ham_fh-graph-2D-triag-nonpbc-qubitnodes_Lx-16_Ly-16_U-4_enc-bk-heavy-hex] PASSED [ 86%]
benchpress/qiskit_gym/abstract_transpile/test_hamiltonians.py::TestWorkoutAbstractHamiltonians::test_hamiltonians[ham_fh-graph-2D-triag-nonpbc-qubitnodes_Lx-16_Ly-16_U-4_enc-bk-linear] PASSED [ 87%]
benchpress/qiskit_gym/abstract_transpile/test_hamiltonians.py::TestWorkoutAbstractHamiltonians::test_hamiltonians[ham_fh-graph-1D-grid-pbc-qubitnodes_Lx-160_U-12_enc-parity-all-to-all] PASSED [ 87%]
benchpress/qiskit_gym/abstract_transpile/test_hamiltonians.py::TestWorkoutAbstractHamiltonians::test_hamiltonians[ham_fh-graph-1D-grid-pbc-qubitnodes_Lx-160_U-12_enc-parity-square] PASSED [ 87%]
benchpress/qiskit_gym/abstract_transpile/test_hamiltonians.py::TestWorkoutAbstractHamiltonians::test_hamiltonians[ham_fh-graph-1D-grid-pbc-qubitnodes_Lx-160_U-12_enc-parity-heavy-hex] PASSED [ 87%]
benchpress/qiskit_gym/abstract_transpile/test_hamiltonians.py::TestWorkoutAbstractHamiltonians::test_hamiltonians[ham_fh-graph-1D-grid-pbc-qubitnodes_Lx-160_U-12_enc-parity-linear] PASSED [ 88%]
benchpress/qiskit_gym/abstract_transpile/test_hamiltonians.py::TestWorkoutAbstractHamiltonians::test_hamiltonians[ham_graph-2D-triag-nonpbc-qubitnodes_Lx-3_Ly-160_h-0.1-all-to-all] PASSED [ 88%]
benchpress/qiskit_gym/abstract_transpile/test_hamiltonians.py::TestWorkoutAbstractHamiltonians::test_hamiltonians[ham_graph-2D-triag-nonpbc-qubitnodes_Lx-3_Ly-160_h-0.1-square] PASSED [ 88%]
benchpress/qiskit_gym/abstract_transpile/test_hamiltonians.py::TestWorkoutAbstractHamiltonians::test_hamiltonians[ham_graph-2D-triag-nonpbc-qubitnodes_Lx-3_Ly-160_h-0.1-heavy-hex] PASSED [ 88%]
benchpress/qiskit_gym/abstract_transpile/test_hamiltonians.py::TestWorkoutAbstractHamiltonians::test_hamiltonians[ham_graph-2D-triag-nonpbc-qubitnodes_Lx-3_Ly-160_h-0.1-linear] PASSED [ 89%]
benchpress/qiskit_gym/abstract_transpile/test_hamiltonians.py::TestWorkoutAbstractHamiltonians::test_hamiltonians[ham_graph-2D-grid-nonpbc-qubitnodes_Lx-19_Ly-19_h-5-all-to-all] PASSED [ 89%]
benchpress/qiskit_gym/abstract_transpile/test_hamiltonians.py::TestWorkoutAbstractHamiltonians::test_hamiltonians[ham_graph-2D-grid-nonpbc-qubitnodes_Lx-19_Ly-19_h-5-square] PASSED [ 89%]
benchpress/qiskit_gym/abstract_transpile/test_hamiltonians.py::TestWorkoutAbstractHamiltonians::test_hamiltonians[ham_graph-2D-grid-nonpbc-qubitnodes_Lx-19_Ly-19_h-5-heavy-hex] PASSED [ 89%]
benchpress/qiskit_gym/abstract_transpile/test_hamiltonians.py::TestWorkoutAbstractHamiltonians::test_hamiltonians[ham_graph-2D-grid-nonpbc-qubitnodes_Lx-19_Ly-19_h-5-linear] PASSED [ 90%]
benchpress/qiskit_gym/abstract_transpile/test_hamiltonians.py::TestWorkoutAbstractHamiltonians::test_hamiltonians[ham_graph-2D-grid-pbc-qubitnodes_Lx-2_Ly-185_h-0.5-all-to-all] PASSED [ 90%]
benchpress/qiskit_gym/abstract_transpile/test_hamiltonians.py::TestWorkoutAbstractHamiltonians::test_hamiltonians[ham_graph-2D-grid-pbc-qubitnodes_Lx-2_Ly-185_h-0.5-square] PASSED [ 90%]
benchpress/qiskit_gym/abstract_transpile/test_hamiltonians.py::TestWorkoutAbstractHamiltonians::test_hamiltonians[ham_graph-2D-grid-pbc-qubitnodes_Lx-2_Ly-185_h-0.5-heavy-hex] PASSED [ 90%]
benchpress/qiskit_gym/abstract_transpile/test_hamiltonians.py::TestWorkoutAbstractHamiltonians::test_hamiltonians[ham_graph-2D-grid-pbc-qubitnodes_Lx-2_Ly-185_h-0.5-linear] PASSED [ 91%]
benchpress/qiskit_gym/abstract_transpile/test_hamiltonians.py::TestWorkoutAbstractHamiltonians::test_hamiltonians[ham_fh-graph-2D-grid-pbc-qubitnodes_Lx-2_Ly-105_U-8_enc-bk-all-to-all] PASSED [ 91%]
benchpress/qiskit_gym/abstract_transpile/test_hamiltonians.py::TestWorkoutAbstractHamiltonians::test_hamiltonians[ham_fh-graph-2D-grid-pbc-qubitnodes_Lx-2_Ly-105_U-8_enc-bk-square] PASSED [ 91%]
benchpress/qiskit_gym/abstract_transpile/test_hamiltonians.py::TestWorkoutAbstractHamiltonians::test_hamiltonians[ham_fh-graph-2D-grid-pbc-qubitnodes_Lx-2_Ly-105_U-8_enc-bk-heavy-hex] PASSED [ 91%]
benchpress/qiskit_gym/abstract_transpile/test_hamiltonians.py::TestWorkoutAbstractHamiltonians::test_hamiltonians[ham_fh-graph-2D-grid-pbc-qubitnodes_Lx-2_Ly-105_U-8_enc-bk-linear] PASSED [ 92%]
benchpress/qiskit_gym/abstract_transpile/test_hamiltonians.py::TestWorkoutAbstractHamiltonians::test_hamiltonians[ham_ash608gpia,n-160,rinst-1-all-to-all] PASSED [ 92%]
benchpress/qiskit_gym/abstract_transpile/test_hamiltonians.py::TestWorkoutAbstractHamiltonians::test_hamiltonians[ham_ash608gpia,n-160,rinst-1-square] PASSED [ 92%]
benchpress/qiskit_gym/abstract_transpile/test_hamiltonians.py::TestWorkoutAbstractHamiltonians::test_hamiltonians[ham_ash608gpia,n-160,rinst-1-heavy-hex] PASSED [ 92%]
benchpress/qiskit_gym/abstract_transpile/test_hamiltonians.py::TestWorkoutAbstractHamiltonians::test_hamiltonians[ham_ash608gpia,n-160,rinst-1-linear] PASSED [ 93%]
benchpress/qiskit_gym/abstract_transpile/test_hamiltonians.py::TestWorkoutAbstractHamiltonians::test_hamiltonians[ham_graph-2D-grid-nonpbc-qubitnodes_Lx-4_Ly-133_h-0.1-all-to-all] PASSED [ 93%]
benchpress/qiskit_gym/abstract_transpile/test_hamiltonians.py::TestWorkoutAbstractHamiltonians::test_hamiltonians[ham_graph-2D-grid-nonpbc-qubitnodes_Lx-4_Ly-133_h-0.1-square] PASSED [ 93%]
benchpress/qiskit_gym/abstract_transpile/test_hamiltonians.py::TestWorkoutAbstractHamiltonians::test_hamiltonians[ham_graph-2D-grid-nonpbc-qubitnodes_Lx-4_Ly-133_h-0.1-heavy-hex] PASSED [ 93%]
benchpress/qiskit_gym/abstract_transpile/test_hamiltonians.py::TestWorkoutAbstractHamiltonians::test_hamiltonians[ham_graph-2D-grid-nonpbc-qubitnodes_Lx-4_Ly-133_h-0.1-linear] PASSED [ 94%]
benchpress/qiskit_gym/abstract_transpile/test_hamiltonians.py::TestWorkoutAbstractHamiltonians::test_hamiltonians[ham_graph-2D-grid-pbc-qubitnodes_Lx-4_Ly-148_h-6-all-to-all] PASSED [ 94%]
benchpress/qiskit_gym/abstract_transpile/test_hamiltonians.py::TestWorkoutAbstractHamiltonians::test_hamiltonians[ham_graph-2D-grid-pbc-qubitnodes_Lx-4_Ly-148_h-6-square] PASSED [ 94%]
benchpress/qiskit_gym/abstract_transpile/test_hamiltonians.py::TestWorkoutAbstractHamiltonians::test_hamiltonians[ham_graph-2D-grid-pbc-qubitnodes_Lx-4_Ly-148_h-6-heavy-hex] PASSED [ 94%]
benchpress/qiskit_gym/abstract_transpile/test_hamiltonians.py::TestWorkoutAbstractHamiltonians::test_hamiltonians[ham_graph-2D-grid-pbc-qubitnodes_Lx-4_Ly-148_h-6-linear] PASSED [ 95%]
benchpress/qiskit_gym/abstract_transpile/test_hamiltonians.py::TestWorkoutAbstractHamiltonians::test_hamiltonians[ham_fh-graph-2D-grid-pbc-qubitnodes_Lx-5_Ly-72_U-0_enc-parity-all-to-all] PASSED [ 95%]
benchpress/qiskit_gym/abstract_transpile/test_hamiltonians.py::TestWorkoutAbstractHamiltonians::test_hamiltonians[ham_fh-graph-2D-grid-pbc-qubitnodes_Lx-5_Ly-72_U-0_enc-parity-square] PASSED [ 95%]
benchpress/qiskit_gym/abstract_transpile/test_hamiltonians.py::TestWorkoutAbstractHamiltonians::test_hamiltonians[ham_fh-graph-2D-grid-pbc-qubitnodes_Lx-5_Ly-72_U-0_enc-parity-heavy-hex] PASSED [ 95%]
benchpress/qiskit_gym/abstract_transpile/test_hamiltonians.py::TestWorkoutAbstractHamiltonians::test_hamiltonians[ham_fh-graph-2D-grid-pbc-qubitnodes_Lx-5_Ly-72_U-0_enc-parity-linear] PASSED [ 96%]
benchpress/qiskit_gym/abstract_transpile/test_hamiltonians.py::TestWorkoutAbstractHamiltonians::test_hamiltonians[ham_graph-2D-grid-pbc-qubitnodes_Lx-4_Ly-190_h-0-all-to-all] PASSED [ 96%]
benchpress/qiskit_gym/abstract_transpile/test_hamiltonians.py::TestWorkoutAbstractHamiltonians::test_hamiltonians[ham_graph-2D-grid-pbc-qubitnodes_Lx-4_Ly-190_h-0-square] PASSED [ 96%]
benchpress/qiskit_gym/abstract_transpile/test_hamiltonians.py::TestWorkoutAbstractHamiltonians::test_hamiltonians[ham_graph-2D-grid-pbc-qubitnodes_Lx-4_Ly-190_h-0-heavy-hex] PASSED [ 96%]
benchpress/qiskit_gym/abstract_transpile/test_hamiltonians.py::TestWorkoutAbstractHamiltonians::test_hamiltonians[ham_graph-2D-grid-pbc-qubitnodes_Lx-4_Ly-190_h-0-linear] PASSED [ 97%]
benchpress/qiskit_gym/abstract_transpile/test_hamiltonians.py::TestWorkoutAbstractHamiltonians::test_hamiltonians[ham_graph-2D-triag-nonpbc-qubitnodes_Lx-40_Ly-40_h-0.1-all-to-all] PASSED [ 97%]
benchpress/qiskit_gym/abstract_transpile/test_hamiltonians.py::TestWorkoutAbstractHamiltonians::test_hamiltonians[ham_graph-2D-triag-nonpbc-qubitnodes_Lx-40_Ly-40_h-0.1-square] PASSED [ 97%]
benchpress/qiskit_gym/abstract_transpile/test_hamiltonians.py::TestWorkoutAbstractHamiltonians::test_hamiltonians[ham_graph-2D-triag-nonpbc-qubitnodes_Lx-40_Ly-40_h-0.1-heavy-hex] PASSED [ 97%]
benchpress/qiskit_gym/abstract_transpile/test_hamiltonians.py::TestWorkoutAbstractHamiltonians::test_hamiltonians[ham_graph-2D-triag-nonpbc-qubitnodes_Lx-40_Ly-40_h-0.1-linear] PASSED [ 98%]
benchpress/qiskit_gym/abstract_transpile/test_hamiltonians.py::TestWorkoutAbstractHamiltonians::test_hamiltonians[ham_graph-2D-grid-nonpbc-qubitnodes_Lx-5_Ly-186_h-0.5-all-to-all] PASSED [ 98%]
benchpress/qiskit_gym/abstract_transpile/test_hamiltonians.py::TestWorkoutAbstractHamiltonians::test_hamiltonians[ham_graph-2D-grid-nonpbc-qubitnodes_Lx-5_Ly-186_h-0.5-square] PASSED [ 98%]
benchpress/qiskit_gym/abstract_transpile/test_hamiltonians.py::TestWorkoutAbstractHamiltonians::test_hamiltonians[ham_graph-2D-grid-nonpbc-qubitnodes_Lx-5_Ly-186_h-0.5-heavy-hex] PASSED [ 98%]
benchpress/qiskit_gym/abstract_transpile/test_hamiltonians.py::TestWorkoutAbstractHamiltonians::test_hamiltonians[ham_graph-2D-grid-nonpbc-qubitnodes_Lx-5_Ly-186_h-0.5-linear] PASSED [ 99%]
benchpress/qiskit_gym/abstract_transpile/test_hamiltonians.py::TestWorkoutAbstractHamiltonians::test_hamiltonians[ham_graph-2D-grid-pbc-qubitnodes_Lx-5_Ly-186_h-3-all-to-all] PASSED [ 99%]
benchpress/qiskit_gym/abstract_transpile/test_hamiltonians.py::TestWorkoutAbstractHamiltonians::test_hamiltonians[ham_graph-2D-grid-pbc-qubitnodes_Lx-5_Ly-186_h-3-square] PASSED [ 99%]
benchpress/qiskit_gym/abstract_transpile/test_hamiltonians.py::TestWorkoutAbstractHamiltonians::test_hamiltonians[ham_graph-2D-grid-pbc-qubitnodes_Lx-5_Ly-186_h-3-heavy-hex] PASSED [ 99%]
benchpress/qiskit_gym/abstract_transpile/test_hamiltonians.py::TestWorkoutAbstractHamiltonians::test_hamiltonians[ham_graph-2D-grid-pbc-qubitnodes_Lx-5_Ly-186_h-3-linear] PASSED [100%]
Wrote benchmark data in: <_io.BufferedWriter name='/mnt/data/pr16157_evidence/abstract_hamiltonians/main.json'>



--------------------------------------------------------------------------------------------------------------------------- benchmark 'Transpile - Abstract': 400 tests ---------------------------------------------------------------------------------------------------------------------------
Name (time in ms)                                                                                                       Min                    Max                   Mean             StdDev                 Median                 IQR            Outliers       OPS            Rounds  Iterations
---------------------------------------------------------------------------------------------------------------------------------------------------------------------------------------------------------------------------------------------------------------------------------------------------
test_hamiltonians[ham_mu_z_prime_enc_gray_dvalues_4-4-4-4-all-to-all]                                                1.3914 (1.0)           1.8154 (1.0)           1.5101 (1.0)       0.0567 (inf)           1.5191 (1.0)        0.0695 (inf)        175;17  662.2168 (1.0)         614           1
test_hamiltonians[ham_mu_y_prime_enc_unary_dvalues_4-4-4-linear]                                                     1.5881 (1.14)          2.0949 (1.15)          1.7348 (1.15)      0.0684 (inf)           1.7316 (1.14)       0.0402 (inf)       117;111  576.4201 (0.87)        476           1
test_hamiltonians[ham_mu_z_prime_enc_gray_dvalues_4-4-4-4-linear]                                                    1.5965 (1.15)          2.0071 (1.11)          1.6703 (1.11)      0.0468 (inf)           1.6608 (1.09)       0.0380 (inf)         75;33  598.6873 (0.90)        517           1
test_hamiltonians[ham_mu_z_prime_enc_gray_dvalues_4-4-4-4-square]                                                    1.5971 (1.15)          1.9806 (1.09)          1.6669 (1.10)      0.0442 (inf)           1.6590 (1.09)       0.0371 (inf)         83;29  599.9282 (0.91)        564           1
test_hamiltonians[ham_mu_y_prime_enc_unary_dvalues_4-4-4-square]                                                     1.6278 (1.17)          2.3254 (1.28)          1.7946 (1.19)      0.0824 (inf)           1.8020 (1.19)       0.0829 (inf)        150;18  557.2130 (0.84)        511           1
test_hamiltonians[ham_mu_y_prime_enc_unary_dvalues_4-4-4-all-to-all]                                                 1.6317 (1.17)          2.1095 (1.16)          1.7462 (1.16)      0.0723 (inf)           1.7275 (1.14)       0.0879 (inf)        146;18  572.6760 (0.86)        537           1
test_hamiltonians[ham_gnp-k_2_n-4_rinst-05-all-to-all]                                                               2.1365 (1.54)          2.5333 (1.40)          2.2408 (1.48)      0.0808 (inf)           2.2014 (1.45)       0.1395 (inf)         115;1  446.2727 (0.67)        386           1
test_hamiltonians[ham_mu_y_prime_enc_stdbinary_dvalues_8-8-4-4-all-to-all]                                           2.1508 (1.55)          2.6534 (1.46)          2.2264 (1.47)      0.0709 (inf)           2.2086 (1.45)       0.0528 (inf)         32;27  449.1566 (0.68)        388           1
test_hamiltonians[ham_mu_z_prime_enc_gray_dvalues_4-4-4-4-heavy-hex]                                                 2.2362 (1.61)          2.7411 (1.51)          2.4275 (1.61)      0.0733 (inf)           2.4262 (1.60)       0.0836 (inf)         93;17  411.9440 (0.62)        404           1
test_hamiltonians[ham_mu_y_prime_enc_unary_dvalues_8-8-8-8-8-8-8-linear]                                             2.3375 (1.68)          2.8175 (1.55)          2.4529 (1.62)      0.0712 (inf)           2.4400 (1.61)       0.0657 (inf)         59;23  407.6726 (0.62)        368           1
test_hamiltonians[ham_mu_y_prime_enc_unary_dvalues_8-8-8-8-8-8-8-square]                                             2.3923 (1.72)          2.8827 (1.59)          2.5774 (1.71)      0.0734 (inf)           2.5669 (1.69)       0.0759 (inf)         90;21  387.9868 (0.59)        374           1
test_hamiltonians[ham_mu_y_prime_enc_unary_dvalues_4-4-4-heavy-hex]                                                  2.4873 (1.79)          2.9670 (1.63)          2.6650 (1.76)      0.0778 (inf)           2.6560 (1.75)       0.0845 (inf)         88;19  375.2399 (0.57)        363           1
test_hamiltonians[ham_mu_y_prime_enc_gray_dvalues_16-16-16-all-to-all]                                               2.7661 (1.99)         42.0765 (23.18)         3.0079 (1.99)      2.1462 (inf)           2.8645 (1.89)       0.0526 (inf)          1;50  332.4591 (0.50)        334           1
test_hamiltonians[ham_mu_y_prime_enc_unary_dvalues_8-8-8-8-8-8-8-heavy-hex]                                          2.9359 (2.11)          3.5370 (1.95)          3.1215 (2.07)      0.0798 (inf)           3.1124 (2.05)       0.0731 (inf)         58;19  320.3604 (0.48)        313           1
test_hamiltonians[ham_mu_y_prime_enc_unary_dvalues_8-8-8-8-8-8-8-all-to-all]                                         2.9706 (2.13)          3.5395 (1.95)          3.1757 (2.10)      0.0734 (inf)           3.1560 (2.08)       0.0576 (inf)         47;28  314.8901 (0.48)        321           1
test_hamiltonians[ham_gnp-k_2_n-4_rinst-05-linear]                                                                   3.0588 (2.20)          3.9492 (2.18)          3.3211 (2.20)      0.1115 (inf)           3.3018 (2.17)       0.1299 (inf)          73;8  301.1070 (0.45)        283           1
test_hamiltonians[ham_mu_x_prime_enc_unary_dvalues_4-4-4-linear]                                                     3.1056 (2.23)          3.6965 (2.04)          3.3121 (2.19)      0.0882 (inf)           3.3019 (2.17)       0.0858 (inf)         65;25  301.9270 (0.46)        295           1
test_hamiltonians[ham_ham_parity-4-all-to-all]                                                                       3.2138 (2.31)          4.0675 (2.24)          3.5320 (2.34)      0.1481 (inf)           3.4954 (2.30)       0.0655 (inf)         67;73  283.1224 (0.43)        258           1
test_hamiltonians[ham_mu_y_prime_enc_stdbinary_dvalues_8-8-4-4-linear]                                               3.3190 (2.39)          3.9649 (2.18)          3.5121 (2.33)      0.1020 (inf)           3.4990 (2.30)       0.1385 (inf)          61;2  284.7266 (0.43)        217           1
test_hamiltonians[ham_gnp-k_2_n-4_rinst-05-square]                                                                   3.4661 (2.49)          4.3554 (2.40)          3.8409 (2.54)      0.1585 (inf)           3.8436 (2.53)       0.2085 (inf)          64;3  260.3576 (0.39)        228           1
test_hamiltonians[ham_graph-1D-grid-pbc-qubitnodes_Lx-16_h-2-heavy-hex]                                              3.4759 (2.50)          4.1298 (2.27)          3.6700 (2.43)      0.0971 (inf)           3.6585 (2.41)       0.0938 (inf)         53;16  272.4763 (0.41)        271           1
test_hamiltonians[ham_mu_y_prime_enc_stdbinary_dvalues_8-8-8-8-8-8-all-to-all]                                       3.6064 (2.59)          4.3977 (2.42)          3.8138 (2.53)      0.1520 (inf)           3.8100 (2.51)       0.2616 (inf)          84;1  262.2036 (0.40)        249           1
test_hamiltonians[ham_mu_z_prime_enc_unary_dvalues_16-16-16-16-16-16-16-linear]                                      3.6709 (2.64)          5.3008 (2.92)          3.8574 (2.55)      0.1167 (inf)           3.8482 (2.53)       0.0636 (inf)         21;14  259.2439 (0.39)        250           1
test_hamiltonians[ham_mu_y_prime_enc_stdbinary_dvalues_8-8-4-4-square]                                               3.6958 (2.66)          4.6065 (2.54)          4.0326 (2.67)      0.1575 (inf)           4.0271 (2.65)       0.1967 (inf)          47;2  247.9773 (0.37)        156           1
test_hamiltonians[ham_mu_y_prime_enc_stdbinary_dvalues_16-16-16-16-8-8-8-all-to-all]                                 3.7494 (2.69)          4.4554 (2.45)          3.8731 (2.56)      0.1020 (inf)           3.8557 (2.54)       0.0689 (inf)         37;25  258.1883 (0.39)        248           1
test_hamiltonians[ham_gnp-k_4_n-6_rinst-15-all-to-all]                                                               4.0150 (2.89)          4.7405 (2.61)          4.3324 (2.87)      0.1021 (inf)           4.3274 (2.85)       0.0506 (inf)         31;31  230.8215 (0.35)        214           1
test_hamiltonians[ham_mu_z_prime_enc_unary_dvalues_16-16-16-16-16-16-16-heavy-hex]                                   4.0258 (2.89)          4.9386 (2.72)          4.1901 (2.77)      0.0934 (inf)           4.1739 (2.75)       0.0775 (inf)         36;14  238.6564 (0.36)        242           1
test_hamiltonians[ham_7-uf20-0384.cnf-8-res-square]                                                                  4.1238 (2.96)          5.1452 (2.83)          4.4924 (2.97)      0.1673 (inf)           4.4911 (2.96)       0.2073 (inf)          60;3  222.5976 (0.34)        192           1
test_hamiltonians[ham_gnp-k_2_n-4_rinst-05-heavy-hex]                                                                4.2127 (3.03)          5.3477 (2.95)          4.5503 (3.01)      0.1749 (inf)           4.5181 (2.97)       0.1608 (inf)          37;8  219.7670 (0.33)        197           1
test_hamiltonians[ham_7-uf20-0384.cnf-8-res-linear]                                                                  4.3019 (3.09)          5.3263 (2.93)          4.7623 (3.15)      0.1709 (inf)           4.7611 (3.13)       0.1991 (inf)          57;8  209.9832 (0.32)        201           1
test_hamiltonians[ham_mu_y_prime_enc_stdbinary_dvalues_8-8-4-4-heavy-hex]                                            4.3138 (3.10)          5.8272 (3.21)          4.5904 (3.04)      0.2661 (inf)           4.5227 (2.98)       0.1527 (inf)         12;11  217.8444 (0.33)        149           1
test_hamiltonians[ham_mu_y_prime_enc_gray_dvalues_16-16-16-square]                                                   4.3680 (3.14)          4.8874 (2.69)          4.5731 (3.03)      0.1052 (inf)           4.5730 (3.01)       0.1277 (inf)          57;9  218.6722 (0.33)        213           1
test_hamiltonians[ham_graph-1D-grid-pbc-qubitnodes_Lx-16_h-2-linear]                                                 4.4369 (3.19)          6.6082 (3.64)          4.6880 (3.10)      0.2795 (inf)           4.6080 (3.03)       0.1605 (inf)         18;22  213.3093 (0.32)        192           1
test_hamiltonians[ham_ham_parity-4-linear]                                                                           4.5260 (3.25)          5.3195 (2.93)          4.7611 (3.15)      0.1141 (inf)           4.7428 (3.12)       0.1200 (inf)         51;11  210.0339 (0.32)        207           1
test_hamiltonians[ham_ham_parity-4-square]                                                                           4.6490 (3.34)          5.4132 (2.98)          4.9078 (3.25)      0.1410 (inf)           4.8918 (3.22)       0.1924 (inf)          47;4  203.7582 (0.31)        172           1
test_hamiltonians[ham_7-uf20-0384.cnf-8-res-heavy-hex]                                                               4.6568 (3.35)          5.7069 (3.14)          4.8633 (3.22)      0.1420 (inf)           4.8320 (3.18)       0.1211 (inf)         36;16  205.6222 (0.31)        194           1
test_hamiltonians[ham_mu_y_prime_enc_stdbinary_dvalues_8-8-8-8-8-8-linear]                                           4.6597 (3.35)          5.9583 (3.28)          4.9892 (3.30)      0.1519 (inf)           4.9800 (3.28)       0.1756 (inf)          47;3  200.4336 (0.30)        207           1
test_hamiltonians[ham_mu_y_prime_enc_gray_dvalues_16-16-16-linear]                                                   4.7261 (3.40)          5.4123 (2.98)          5.0003 (3.31)      0.1328 (inf)           4.9866 (3.28)       0.1922 (inf)          58;1  199.9864 (0.30)        176           1
test_hamiltonians[ham_mu_y_prime_enc_stdbinary_dvalues_8-8-8-8-8-8-square]                                           4.7617 (3.42)          5.6741 (3.13)          5.2003 (3.44)      0.1776 (inf)           5.1954 (3.42)       0.2448 (inf)          53;0  192.2960 (0.29)        185           1
test_hamiltonians[ham_7-uf20-0384.cnf-8-res-all-to-all]                                                              5.1760 (3.72)          5.7658 (3.18)          5.4017 (3.58)      0.1041 (inf)           5.3981 (3.55)       0.1338 (inf)          54;2  185.1252 (0.28)        192           1
test_hamiltonians[ham_mu_y_prime_enc_stdbinary_dvalues_16-16-16-16-8-8-8-square]                                     5.2905 (3.80)          6.1634 (3.39)          5.5886 (3.70)      0.1482 (inf)           5.5661 (3.66)       0.2050 (inf)          57;2  178.9368 (0.27)        171           1
test_hamiltonians[ham_tsp_rand-002_Ncity-4_enc-stdbinary-square]                                                     5.3411 (3.84)          6.8491 (3.77)          5.7116 (3.78)      0.1938 (inf)           5.6789 (3.74)       0.2178 (inf)          35;2  175.0823 (0.26)        144           1
test_hamiltonians[ham_ham_parity-4-heavy-hex]                                                                        5.3564 (3.85)          6.5352 (3.60)          5.6659 (3.75)      0.2714 (inf)           5.5766 (3.67)       0.2154 (inf)         29;19  176.4943 (0.27)        150           1
test_hamiltonians[ham_mu_y_prime_enc_stdbinary_dvalues_16-16-16-16-8-8-8-linear]                                     5.3959 (3.88)          6.1263 (3.37)          5.7192 (3.79)      0.1360 (inf)           5.7035 (3.75)       0.1530 (inf)         51;10  174.8487 (0.26)        179           1
test_hamiltonians[ham_mu_y_prime_enc_stdbinary_dvalues_8-8-8-8-8-8-heavy-hex]                                        5.4563 (3.92)          6.3962 (3.52)          5.6739 (3.76)      0.1392 (inf)           5.6547 (3.72)       0.1043 (inf)         26;12  176.2444 (0.27)        170           1
test_hamiltonians[ham_gnp-k_4_n-6_rinst-15-square]                                                                   5.7482 (4.13)          6.8745 (3.79)          6.1550 (4.08)      0.1807 (inf)           6.1379 (4.04)       0.2150 (inf)          45;3  162.4701 (0.25)        153           1
test_hamiltonians[ham_mu_y_prime_enc_gray_dvalues_16-16-16-heavy-hex]                                                5.7489 (4.13)          6.8862 (3.79)          6.0595 (4.01)      0.2125 (inf)           6.0006 (3.95)       0.1715 (inf)         29;17  165.0297 (0.25)        162           1
test_hamiltonians[ham_tsp_rand-002_Ncity-4_enc-stdbinary-linear]                                                     5.8179 (4.18)          6.9357 (3.82)          6.2034 (4.11)      0.1754 (inf)           6.1891 (4.07)       0.1986 (inf)          41;3  161.2029 (0.24)        154           1
test_hamiltonians[ham_mu_y_prime_enc_stdbinary_dvalues_16-16-16-16-8-8-8-heavy-hex]                                  5.8414 (4.20)          6.9126 (3.81)          6.1496 (4.07)      0.1562 (inf)           6.1154 (4.03)       0.1399 (inf)         42;13  162.6116 (0.25)        163           1
test_hamiltonians[ham_mu_x_prime_enc_unary_dvalues_4-4-4-square]                                                     5.9266 (4.26)          6.5099 (3.59)          6.1745 (4.09)      0.1152 (inf)           6.1616 (4.06)       0.1428 (inf)          53;1  161.9565 (0.24)        159           1
test_hamiltonians[ham_tsp_rand-002_Ncity-4_enc-stdbinary-heavy-hex]                                                  6.0084 (4.32)          7.3522 (4.05)          6.2423 (4.13)      0.1795 (inf)           6.2007 (4.08)       0.1489 (inf)         24;10  160.1963 (0.24)        142           1
test_hamiltonians[ham_mu_x_prime_enc_unary_dvalues_4-4-4-heavy-hex]                                                  6.0298 (4.33)          6.5399 (3.60)          6.1930 (4.10)      0.0795 (inf)           6.1767 (4.07)       0.0822 (inf)          39;9  161.4730 (0.24)        166           1
test_hamiltonians[ham_graph-1D-grid-pbc-qubitnodes_Lx-16_h-2-square]                                                 6.0812 (4.37)          7.0752 (3.90)          6.3424 (4.20)      0.1297 (inf)           6.3186 (4.16)       0.1559 (inf)          41;2  157.6692 (0.24)        153           1
test_hamiltonians[ham_graph-1D-grid-pbc-qubitnodes_Lx-26_h-6-linear]                                                 6.1059 (4.39)          7.2517 (3.99)          6.4129 (4.25)      0.2203 (inf)           6.3523 (4.18)       0.2120 (inf)          27;9  155.9365 (0.24)        139           1
test_hamiltonians[ham_mu_x_prime_enc_unary_dvalues_4-4-4-all-to-all]                                                 6.1731 (4.44)          6.8021 (3.75)          6.3831 (4.23)      0.1177 (inf)           6.3491 (4.18)       0.1576 (inf)          41;4  156.6638 (0.24)        154           1
test_hamiltonians[ham_gnp-k_4_n-6_rinst-15-linear]                                                                   6.2372 (4.48)          7.0805 (3.90)          6.5158 (4.31)      0.1477 (inf)           6.5049 (4.28)       0.1919 (inf)          48;2  153.4724 (0.23)        143           1
test_hamiltonians[ham_graph-1D-grid-pbc-qubitnodes_Lx-16_h-2-all-to-all]                                             6.4442 (4.63)          7.6674 (4.22)          6.6608 (4.41)      0.1125 (inf)           6.6420 (4.37)       0.0809 (inf)          14;9  150.1332 (0.23)        153           1
test_hamiltonians[ham_enc_gray_dvalues_d-level-16-all-to-all]                                                        6.4508 (4.64)          7.7858 (4.29)          6.6288 (4.39)      0.2193 (inf)           6.5810 (4.33)       0.1388 (inf)         13;13  150.8566 (0.23)        142           1
test_hamiltonians[ham_mu_y_prime_enc_stdbinary_dvalues_4-4-4-4-4-4-4-4-4-4-4-4-4-4-4-4-4-4-square]                   6.5430 (4.70)         10.1554 (5.59)          6.8195 (4.52)      0.3993 (inf)           6.7424 (4.44)       0.1531 (inf)          5;11  146.6382 (0.22)        147           1
test_hamiltonians[ham_gnp-k_4_n-6_rinst-15-heavy-hex]                                                                6.5795 (4.73)          7.9492 (4.38)          6.8640 (4.55)      0.1710 (inf)           6.8256 (4.49)       0.1748 (inf)          32;5  145.6884 (0.22)        140           1
test_hamiltonians[ham_mu_z_prime_enc_unary_dvalues_16-16-16-16-16-16-16-square]                                      6.7908 (4.88)          7.7206 (4.25)          7.0289 (4.65)      0.1281 (inf)           7.0270 (4.63)       0.1661 (inf)          37;3  142.2693 (0.21)        148           1
test_hamiltonians[ham_mu_y_prime_enc_unary_dvalues_16-16-16-16-16-16-linear]                                         6.9219 (4.97)          7.7267 (4.26)          7.2583 (4.81)      0.1419 (inf)           7.2442 (4.77)       0.1319 (inf)          30;9  137.7735 (0.21)        132           1
test_hamiltonians[ham_mu_x_prime_enc_stdbinary_dvalues_8-8-8-8-8-8-8-8-8-4-4-4-4-4-4-linear]                         6.9559 (5.00)          8.1928 (4.51)          7.3728 (4.88)      0.2146 (inf)           7.3317 (4.83)       0.3055 (inf)          41;2  135.6331 (0.20)        141           1
test_hamiltonians[ham_tsp_rand-002_Ncity-4_enc-stdbinary-all-to-all]                                                 7.3989 (5.32)          8.5149 (4.69)          7.9218 (5.25)      0.2317 (inf)           7.9308 (5.22)       0.3232 (inf)          40;0  126.2338 (0.19)        139           1
test_hamiltonians[ham_mu_x_prime_enc_stdbinary_dvalues_8-8-8-8-8-8-8-8-8-4-4-4-4-4-4-square]                         7.4452 (5.35)          9.3072 (5.13)          7.7822 (5.15)      0.3038 (inf)           7.6788 (5.05)       0.2132 (inf)         22;19  128.4991 (0.19)        115           1
test_hamiltonians[ham_ham_JW-6-all-to-all]                                                                           7.4515 (5.36)          9.2140 (5.08)          8.0489 (5.33)      0.3064 (inf)           8.0322 (5.29)       0.4279 (inf)          31;2  124.2411 (0.19)        124           1
test_hamiltonians[ham_mu_z_prime_enc_unary_dvalues_16-16-16-16-16-16-16-all-to-all]                                  7.8430 (5.64)          8.9376 (4.92)          8.0484 (5.33)      0.1323 (inf)           8.0193 (5.28)       0.0851 (inf)         15;11  124.2489 (0.19)        124           1
test_hamiltonians[ham_complbipart-n-10_a-5_b-5-linear]                                                               8.3132 (5.97)         10.9970 (6.06)          8.7115 (5.77)      0.2790 (inf)           8.6766 (5.71)       0.2077 (inf)          10;4  114.7910 (0.17)        110           1
test_hamiltonians[ham_enc_stdbinary_dvalues_d-level-4-linear]                                                        8.4209 (6.05)          9.2377 (5.09)          8.7256 (5.78)      0.1474 (inf)           8.7142 (5.74)       0.1603 (inf)          30;5  114.6059 (0.17)        113           1
test_hamiltonians[ham_enc_gray_dvalues_d-level-16-square]                                                            8.4443 (6.07)          9.8120 (5.40)          9.0778 (6.01)      0.2393 (inf)           9.0567 (5.96)       0.3021 (inf)          29;3  110.1590 (0.17)        110           1
test_hamiltonians[ham_complbipart-n-10_a-5_b-5-all-to-all]                                                           8.6105 (6.19)         10.6988 (5.89)          8.8846 (5.88)      0.2235 (inf)           8.8485 (5.82)       0.1699 (inf)          13;2  112.5543 (0.17)        103           1
test_hamiltonians[ham_complbipart-n-10_a-5_b-5-square]                                                               8.7494 (6.29)         11.2039 (6.17)          9.0987 (6.03)      0.3530 (inf)           8.9686 (5.90)       0.3158 (inf)          17;3  109.9055 (0.17)        104           1
test_hamiltonians[ham_enc_stdbinary_dvalues_d-level-4-all-to-all]                                                    8.7586 (6.29)          9.6042 (5.29)          9.1579 (6.06)      0.1811 (inf)           9.1296 (6.01)       0.2562 (inf)          24;0  109.1959 (0.16)         65           1
test_hamiltonians[ham_enc_stdbinary_dvalues_d-level-4-square]                                                        8.7729 (6.31)          9.9799 (5.50)          9.1752 (6.08)      0.1835 (inf)           9.1707 (6.04)       0.2439 (inf)          31;2  108.9894 (0.16)        118           1
test_hamiltonians[ham_mu_x_prime_enc_stdbinary_dvalues_8-8-8-8-8-8-8-8-8-4-4-4-4-4-4-all-to-all]                     8.9562 (6.44)         10.3282 (5.69)          9.3448 (6.19)      0.2048 (inf)           9.3442 (6.15)       0.2884 (inf)          36;1  107.0112 (0.16)        109           1
test_hamiltonians[ham_graph-1D-grid-pbc-qubitnodes_Lx-26_h-6-square]                                                 8.9816 (6.46)         13.0796 (7.20)          9.2868 (6.15)      0.5104 (inf)           9.2048 (6.06)       0.1858 (inf)           2;4  107.6798 (0.16)        109           1
test_hamiltonians[ham_graph-1D-grid-pbc-qubitnodes_Lx-26_h-6-heavy-hex]                                              9.1467 (6.57)          9.8273 (5.41)          9.3859 (6.22)      0.1304 (inf)           9.3570 (6.16)       0.1545 (inf)          28;3  106.5427 (0.16)        107           1
test_hamiltonians[ham_enc_gray_dvalues_d-level-16-linear]                                                            9.3057 (6.69)         10.2814 (5.66)          9.7085 (6.43)      0.2018 (inf)           9.6946 (6.38)       0.2816 (inf)          35;1  103.0025 (0.16)        105           1
test_hamiltonians[ham_mu_y_prime_enc_unary_dvalues_16-16-16-16-16-16-square]                                         9.3649 (6.73)         10.1326 (5.58)          9.5850 (6.35)      0.1530 (inf)           9.5499 (6.29)       0.1811 (inf)          28;3  104.3302 (0.16)        106           1
test_hamiltonians[ham_enc_stdbinary_dvalues_d-level-4-heavy-hex]                                                     9.4969 (6.83)         10.6503 (5.87)         10.0301 (6.64)      0.1986 (inf)          10.0241 (6.60)       0.2653 (inf)          36;2   99.7001 (0.15)         98           1
test_hamiltonians[ham_complbipart-n-10_a-5_b-5-heavy-hex]                                                            9.7733 (7.02)         12.5823 (6.93)         10.3089 (6.83)      0.4146 (inf)          10.3318 (6.80)       0.5681 (inf)          22;1   97.0035 (0.15)         91           1
test_hamiltonians[ham_graph-1D-grid-pbc-qubitnodes_Lx-26_h-6-all-to-all]                                             9.9505 (7.15)         13.4628 (7.42)         10.2343 (6.78)      0.4764 (inf)          10.1585 (6.69)       0.1693 (inf)           2;5   97.7104 (0.15)         97           1
test_hamiltonians[ham_mu_y_prime_enc_stdbinary_dvalues_4-4-4-4-4-4-4-4-4-4-4-4-4-4-4-4-4-4-heavy-hex]                9.9695 (7.17)         11.1072 (6.12)         10.2562 (6.79)      0.1795 (inf)          10.2320 (6.74)       0.1754 (inf)          24;2   97.5022 (0.15)         98           1
test_hamiltonians[ham_mu_y_prime_enc_unary_dvalues_16-16-16-16-16-16-heavy-hex]                                      9.9782 (7.17)         12.8501 (7.08)         10.3080 (6.83)      0.3052 (inf)          10.2600 (6.75)       0.1516 (inf)           7;7   97.0124 (0.15)         97           1
test_hamiltonians[ham_enc_gray_dvalues_d-level-16-heavy-hex]                                                        10.4019 (7.48)         12.5541 (6.92)         10.8214 (7.17)      0.2888 (inf)          10.7414 (7.07)       0.2114 (inf)          12;9   92.4091 (0.14)         89           1
test_hamiltonians[ham_ham_JW-6-square]                                                                              10.4861 (7.54)         11.4356 (6.30)         10.8259 (7.17)      0.1952 (inf)          10.8250 (7.13)       0.2378 (inf)          23;3   92.3713 (0.14)         89           1
test_hamiltonians[ham_ham_JW-6-linear]                                                                              10.9163 (7.85)         12.5080 (6.89)         11.2250 (7.43)      0.2793 (inf)          11.1444 (7.34)       0.2273 (inf)          17;9   89.0866 (0.13)         89           1
test_hamiltonians[ham_mu_x_prime_enc_unary_dvalues_16-16-16-16-16-16-16-16-16-16-16-16-16-16-16-linear]             10.9237 (7.85)         12.1081 (6.67)         11.2540 (7.45)      0.1770 (inf)          11.2313 (7.39)       0.1819 (inf)          23;3   88.8575 (0.13)         87           1
test_hamiltonians[ham_mu_y_prime_enc_stdbinary_dvalues_4-4-4-4-4-4-4-4-4-4-4-4-4-4-4-4-4-4-all-to-all]              10.9976 (7.90)         13.7951 (7.60)         11.2956 (7.48)      0.2933 (inf)          11.2497 (7.41)       0.1398 (inf)           2;3   88.5298 (0.13)         87           1
test_hamiltonians[ham_tsp_prob-ts225_Ncity-5_enc-unary-square]                                                      11.0608 (7.95)         14.5726 (8.03)         11.7562 (7.79)      0.4765 (inf)          11.7318 (7.72)       0.5615 (inf)          15;1   85.0619 (0.13)         81           1
test_hamiltonians[ham_ham_JW-6-heavy-hex]                                                                           11.9108 (8.56)         13.2481 (7.30)         12.2838 (8.13)      0.2437 (inf)          12.2321 (8.05)       0.2271 (inf)          19;6   81.4081 (0.12)         82           1
test_hamiltonians[ham_tsp_prob-ts225_Ncity-5_enc-unary-all-to-all]                                                  13.4492 (9.67)         16.7073 (9.20)         13.8175 (9.15)      0.3979 (inf)          13.7507 (9.05)       0.2595 (inf)           3;2   72.3718 (0.11)         71           1
test_hamiltonians[ham_mu_x_prime_enc_stdbinary_dvalues_8-8-8-8-8-8-8-8-8-4-4-4-4-4-4-heavy-hex]                     13.5026 (9.70)         15.3153 (8.44)         13.9193 (9.22)      0.2901 (inf)          13.8573 (9.12)       0.2797 (inf)          15;4   71.8428 (0.11)         71           1
test_hamiltonians[ham_tsp_prob-ts225_Ncity-5_enc-unary-linear]                                                      13.6232 (9.79)         15.4498 (8.51)         14.4370 (9.56)      0.4097 (inf)          14.3022 (9.41)       0.6344 (inf)          19;0   69.2664 (0.10)         69           1
test_hamiltonians[ham_tsp_prob-ts225_Ncity-5_enc-unary-heavy-hex]                                                   14.0325 (10.09)        15.3358 (8.45)         14.4933 (9.60)      0.2503 (inf)          14.4526 (9.51)       0.2716 (inf)          18;3   68.9975 (0.10)         70           1
test_hamiltonians[ham_mu_y_prime_enc_unary_dvalues_16-16-16-16-16-16-all-to-all]                                    14.4750 (10.40)        15.5051 (8.54)         14.7810 (9.79)      0.1950 (inf)          14.7346 (9.70)       0.2328 (inf)          18;1   67.6546 (0.10)         66           1
test_hamiltonians[ham_mu_x_prime_enc_unary_dvalues_16-16-16-16-16-16-16-16-16-16-16-16-16-16-16-heavy-hex]          15.1804 (10.91)        16.4723 (9.07)         15.6367 (10.35)     0.2769 (inf)          15.5912 (10.26)      0.3991 (inf)          23;1   63.9522 (0.10)         65           1
test_hamiltonians[ham_gnp-k_5_n-24_rinst-04-square]                                                                 16.4735 (11.84)        20.1148 (11.08)        17.4266 (11.54)     0.6154 (inf)          17.4183 (11.47)      0.6094 (inf)          10;2   57.3836 (0.09)         57           1
test_hamiltonians[ham_gnp-k_5_n-24_rinst-04-all-to-all]                                                             17.5217 (12.59)        19.6444 (10.82)        18.1753 (12.04)     0.3824 (inf)          18.0941 (11.91)      0.4129 (inf)          15;1   55.0198 (0.08)         57           1
test_hamiltonians[ham_gnp-k_5_n-24_rinst-04-linear]                                                                 19.9549 (14.34)        21.5100 (11.85)        20.5820 (13.63)     0.3763 (inf)          20.6190 (13.57)      0.5791 (inf)          21;0   48.5861 (0.07)         49           1
test_hamiltonians[ham_0-uuf100-0810.cnf-40-res-all-to-all]                                                          20.9813 (15.08)        22.1339 (12.19)        21.4965 (14.24)     0.2496 (inf)          21.5154 (14.16)      0.3050 (inf)          14;1   46.5192 (0.07)         47           1
test_hamiltonians[ham_0-uuf100-0810.cnf-40-res-square]                                                              21.2481 (15.27)        27.2019 (14.98)        22.0457 (14.60)     0.9089 (inf)          21.8477 (14.38)      0.5099 (inf)           2;2   45.3604 (0.07)         45           1
test_hamiltonians[ham_gnp-k_5_n-24_rinst-04-heavy-hex]                                                              21.2684 (15.29)        25.6469 (14.13)        21.8804 (14.49)     0.6189 (inf)          21.7541 (14.32)      0.3817 (inf)           1;1   45.7030 (0.07)         47           1
test_hamiltonians[ham_8-uuf100-0509.cnf-40-cc-all-to-all]                                                           22.1808 (15.94)        23.5172 (12.95)        22.7416 (15.06)     0.2413 (inf)          22.7282 (14.96)      0.2541 (inf)          11;3   43.9723 (0.07)         45           1
test_hamiltonians[ham_8-uuf100-0509.cnf-40-cc-square]                                                               22.9374 (16.49)        24.7297 (13.62)        23.3573 (15.47)     0.3550 (inf)          23.2806 (15.33)      0.4186 (inf)          11;1   42.8131 (0.06)         43           1
test_hamiltonians[ham_0-uuf100-0810.cnf-40-res-heavy-hex]                                                           24.3247 (17.48)        27.5436 (15.17)        25.2150 (16.70)     0.5377 (inf)          25.1007 (16.52)      0.4655 (inf)           9;2   39.6590 (0.06)         42           1
test_hamiltonians[ham_8-uuf100-0509.cnf-40-cc-heavy-hex]                                                            24.9462 (17.93)        31.6740 (17.45)        25.7648 (17.06)     1.0549 (inf)          25.5118 (16.79)      0.6827 (inf)           1;1   38.8127 (0.06)         40           1
test_hamiltonians[ham_2-uf100-0396.cnf-46-res-all-to-all]                                                           25.1463 (18.07)        26.5499 (14.62)        25.6399 (16.98)     0.2893 (inf)          25.5935 (16.85)      0.4105 (inf)          11;1   39.0018 (0.06)         41           1
test_hamiltonians[ham_mu_x_prime_enc_unary_dvalues_16-16-16-16-16-16-16-16-16-16-16-16-16-16-16-all-to-all]         26.7120 (19.20)        27.6021 (15.20)        27.1306 (17.97)     0.2217 (inf)          27.1110 (17.85)      0.3148 (inf)          10;0   36.8587 (0.06)         36           1
test_hamiltonians[ham_tsp_prob-lin105_Ncity-7_enc-unary-all-to-all]                                                 27.2847 (19.61)        28.1140 (15.49)        27.6754 (18.33)     0.1708 (inf)          27.6336 (18.19)      0.2386 (inf)          10;0   36.1331 (0.05)         37           1
test_hamiltonians[ham_2-uf100-0396.cnf-46-res-square]                                                               27.3316 (19.64)        31.5018 (17.35)        28.1540 (18.64)     0.7112 (inf)          28.1069 (18.50)      0.5711 (inf)           4;2   35.5189 (0.05)         36           1
test_hamiltonians[ham_tsp_prob-lin105_Ncity-7_enc-unary-square]                                                     27.6585 (19.88)        30.8772 (17.01)        28.4863 (18.86)     0.6273 (inf)          28.3409 (18.66)      0.5448 (inf)           8;2   35.1047 (0.05)         34           1
test_hamiltonians[ham_ham_JW-8-all-to-all]                                                                          27.7375 (19.94)        30.2327 (16.65)        28.6650 (18.98)     0.5653 (inf)          28.5977 (18.83)      0.8145 (inf)          10;0   34.8857 (0.05)         32           1
test_hamiltonians[ham_2-uf100-0601.cnf-46-res-all-to-all]                                                           28.3478 (20.37)        30.8529 (16.99)        28.9351 (19.16)     0.4580 (inf)          28.8204 (18.97)      0.3158 (inf)           4;3   34.5601 (0.05)         34           1
test_hamiltonians[ham_0-uuf100-0810.cnf-40-res-linear]                                                              29.2018 (20.99)        32.0165 (17.64)        30.4437 (20.16)     0.6907 (inf)          30.4033 (20.01)      0.7802 (inf)          12;1   32.8475 (0.05)         34           1
test_hamiltonians[ham_graph-2D-grid-nonpbc-qubitnodes_Lx-5_Ly-15_h-3-linear]                                        29.3707 (21.11)        34.0030 (18.73)        30.4907 (20.19)     0.8674 (inf)          30.3707 (19.99)      0.9544 (inf)           7;1   32.7969 (0.05)         33           1
test_hamiltonians[ham_4-flat100-7.cnf-90-cc-heavy-hex]                                                              29.4354 (21.16)        31.1476 (17.16)        30.1640 (19.98)     0.5393 (inf)          30.1758 (19.86)      0.9128 (inf)          14;0   33.1521 (0.05)         34           1
test_hamiltonians[ham_2-uf100-0601.cnf-46-res-square]                                                               29.5795 (21.26)        34.0302 (18.74)        30.9399 (20.49)     0.8038 (inf)          30.8537 (20.31)      0.8520 (inf)           7;1   32.3207 (0.05)         33           1
test_hamiltonians[ham_ham_JW-8-square]                                                                              30.9021 (22.21)        34.1104 (18.79)        32.3319 (21.41)     0.8762 (inf)          32.2181 (21.21)      1.3036 (inf)          11;0   30.9292 (0.05)         30           1
test_hamiltonians[ham_tsp_prob-ulysses22_Ncity-8_enc-stdbinary-all-to-all]                                          31.0226 (22.30)        31.9206 (17.58)        31.3871 (20.79)     0.2164 (inf)          31.3324 (20.63)      0.2854 (inf)           7;0   31.8602 (0.05)         31           1
test_hamiltonians[ham_ham_JW-8-linear]                                                                              31.4931 (22.63)        33.8123 (18.62)        32.2300 (21.34)     0.5634 (inf)          32.0916 (21.13)      0.7421 (inf)          10;1   31.0270 (0.05)         32           1
test_hamiltonians[ham_tsp_prob-lin105_Ncity-7_enc-unary-heavy-hex]                                                  31.6667 (22.76)        35.7603 (19.70)        32.7703 (21.70)     0.9214 (inf)          32.5297 (21.41)      1.4556 (inf)           6;1   30.5154 (0.05)         31           1
test_hamiltonians[ham_2-uf100-0396.cnf-46-res-heavy-hex]                                                            31.7826 (22.84)        38.2328 (21.06)        33.4621 (22.16)     1.2134 (inf)          33.2864 (21.91)      1.3347 (inf)           6;1   29.8845 (0.05)         31           1
test_hamiltonians[ham_graph-2D-grid-nonpbc-qubitnodes_Lx-5_Ly-15_h-3-all-to-all]                                    32.1543 (23.11)        34.2259 (18.85)        32.6905 (21.65)     0.4105 (inf)          32.5680 (21.44)      0.4148 (inf)           5;1   30.5899 (0.05)         30           1
test_hamiltonians[ham_graph-2D-grid-nonpbc-qubitnodes_Lx-5_Ly-15_h-3-heavy-hex]                                     32.5306 (23.38)        36.1198 (19.90)        33.6402 (22.28)     0.7317 (inf)          33.4686 (22.03)      0.8694 (inf)           6;1   29.7264 (0.04)         31           1
test_hamiltonians[ham_4-flat100-7.cnf-90-cc-square]                                                                 32.6216 (23.45)        77.6264 (42.76)        35.8802 (23.76)     8.2947 (inf)          33.9484 (22.35)      1.0848 (inf)           2;3   27.8705 (0.04)         30           1
test_hamiltonians[ham_8-uuf100-0509.cnf-40-cc-linear]                                                               33.6105 (24.16)        35.7889 (19.71)        34.8471 (23.08)     0.4979 (inf)          34.7861 (22.90)      0.7639 (inf)           7;0   28.6968 (0.04)         29           1
test_hamiltonians[ham_tsp_prob-ulysses22_Ncity-8_enc-stdbinary-square]                                              34.2147 (24.59)        37.0302 (20.40)        35.2962 (23.37)     0.7699 (inf)          35.3077 (23.24)      1.1149 (inf)          11;0   28.3316 (0.04)         28           1
test_hamiltonians[ham_ham_JW-8-heavy-hex]                                                                           34.3365 (24.68)        37.9976 (20.93)        35.6224 (23.59)     0.8076 (inf)          35.6197 (23.45)      0.9413 (inf)           6;1   28.0722 (0.04)         29           1
test_hamiltonians[ham_2-uf100-0601.cnf-46-res-heavy-hex]                                                            35.1867 (25.29)        37.2322 (20.51)        36.3372 (24.06)     0.4387 (inf)          36.3900 (23.95)      0.4833 (inf)           7;1   27.5200 (0.04)         28           1
test_hamiltonians[ham_tsp_prob-d198_Ncity-8_enc-unary-all-to-all]                                                   36.5959 (26.30)        38.1142 (20.99)        37.2717 (24.68)     0.3933 (inf)          37.2187 (24.50)      0.5674 (inf)           8;0   26.8300 (0.04)         27           1
test_hamiltonians[ham_4-flat100-7.cnf-90-cc-all-to-all]                                                             37.0187 (26.61)        38.6604 (21.30)        37.6169 (24.91)     0.4593 (inf)          37.5886 (24.74)      0.7541 (inf)           7;0   26.5838 (0.04)         26           1
test_hamiltonians[ham_tsp_prob-ulysses22_Ncity-8_enc-stdbinary-linear]                                              37.6549 (27.06)        40.1995 (22.14)        38.6945 (25.62)     0.6075 (inf)          38.7240 (25.49)      0.6167 (inf)           7;2   25.8435 (0.04)         27           1
test_hamiltonians[ham_tsp_prob-lin105_Ncity-7_enc-unary-linear]                                                     40.0071 (28.75)        44.9511 (24.76)        41.6399 (27.57)     1.1975 (inf)          41.6268 (27.40)      1.5653 (inf)           9;1   24.0154 (0.04)         25           1
test_hamiltonians[ham_tsp_prob-d198_Ncity-8_enc-unary-square]                                                       41.5131 (29.84)        46.4733 (25.60)        43.2864 (28.67)     1.2208 (inf)          43.1641 (28.41)      1.3378 (inf)           7;1   23.1019 (0.03)         22           1
test_hamiltonians[ham_4-flat100-7.cnf-90-cc-linear]                                                                 42.2740 (30.38)        45.1885 (24.89)        43.5693 (28.85)     0.7871 (inf)          43.4564 (28.61)      0.9726 (inf)           8;0   22.9519 (0.03)         24           1
test_hamiltonians[ham_graph-2D-grid-nonpbc-qubitnodes_Lx-5_Ly-15_h-3-square]                                        42.4132 (30.48)        46.6790 (25.71)        43.5734 (28.86)     0.9367 (inf)          43.3312 (28.52)      0.8829 (inf)           4;1   22.9498 (0.03)         23           1
test_hamiltonians[ham_graph-2D-triag-pbc-qubitnodes_Lx-13_Ly-13_h-0.1-all-to-all]                                   43.6820 (31.39)        44.9812 (24.78)        44.1055 (29.21)     0.3450 (inf)          44.0250 (28.98)      0.3660 (inf)           6;1   22.6729 (0.03)         22           1
test_hamiltonians[ham_graph-2D-triag-pbc-qubitnodes_Lx-13_Ly-13_h-0.1-square]                                       43.9048 (31.55)        52.8833 (29.13)        45.9454 (30.43)     1.6928 (inf)          45.7484 (30.12)      1.0418 (inf)           2;1   21.7650 (0.03)         23           1
test_hamiltonians[ham_tsp_prob-ulysses22_Ncity-8_enc-stdbinary-heavy-hex]                                           44.3764 (31.89)        47.2243 (26.01)        45.5775 (30.18)     0.6908 (inf)          45.4920 (29.95)      1.1067 (inf)           5;0   21.9406 (0.03)         23           1
test_hamiltonians[ham_bh_graph-1D-grid-pbc-qubitnodes_Lx-14_U-10_enc-stdbinary_d-4-all-to-all]                      44.5046 (31.99)        59.7445 (32.91)        45.9564 (30.43)     3.1430 (inf)          45.2823 (29.81)      1.1597 (inf)           1;1   21.7598 (0.03)         22           1
test_hamiltonians[ham_queen13_13,n-28,rinst-0-heavy-hex]                                                            46.6437 (33.52)        51.0437 (28.12)        48.7134 (32.26)     1.3528 (inf)          48.9117 (32.20)      2.0418 (inf)           8;0   20.5282 (0.03)         21           1
test_hamiltonians[ham_fh-graph-1D-grid-pbc-qubitnodes_Lx-50_U-2_enc-jw-linear]                                      47.0223 (33.80)        54.2272 (29.87)        48.5371 (32.14)     1.4639 (inf)          48.1200 (31.68)      1.1654 (inf)           2;1   20.6028 (0.03)         21           1
test_hamiltonians[ham_bh_graph-1D-grid-pbc-qubitnodes_Lx-14_U-10_enc-stdbinary_d-4-linear]                          48.5115 (34.87)        50.5362 (27.84)        49.6518 (32.88)     0.5205 (inf)          49.8041 (32.79)      0.4439 (inf)           6;3   20.1403 (0.03)         21           1
test_hamiltonians[ham_graph-2D-triag-pbc-qubitnodes_Lx-13_Ly-13_h-0.1-heavy-hex]                                    48.5616 (34.90)        59.2136 (32.62)        50.3368 (33.33)     2.2115 (inf)          49.9154 (32.86)      0.9863 (inf)           1;3   19.8662 (0.03)         21           1
test_hamiltonians[ham_bh_graph-1D-grid-pbc-qubitnodes_Lx-14_U-10_enc-stdbinary_d-4-square]                          51.9753 (37.35)        53.7502 (29.61)        52.6099 (34.84)     0.4973 (inf)          52.4639 (34.54)      0.7743 (inf)           6;0   19.0078 (0.03)         19           1
test_hamiltonians[ham_graph-2D-grid-nonpbc-qubitnodes_Lx-19_Ly-19_h-5-square]                                       52.2882 (37.58)        54.8949 (30.24)        52.9168 (35.04)     0.5942 (inf)          52.8470 (34.79)      0.3945 (inf)           4;2   18.8976 (0.03)         19           1
test_hamiltonians[ham_2-uf100-0601.cnf-46-res-linear]                                                               52.6574 (37.85)        59.5463 (32.80)        55.3937 (36.68)     1.6761 (inf)          55.6810 (36.65)      1.8832 (inf)           6;1   18.0526 (0.03)         19           1
test_hamiltonians[ham_2-uf100-0396.cnf-46-res-linear]                                                               53.8894 (38.73)        56.7820 (31.28)        54.9213 (36.37)     0.8946 (inf)          54.5841 (35.93)      1.0283 (inf)           5;0   18.2079 (0.03)         18           1
test_hamiltonians[ham_gnp-k_4_n-40_rinst-07-all-to-all]                                                             54.1174 (38.89)        55.3655 (30.50)        54.6756 (36.21)     0.3751 (inf)          54.6580 (35.98)      0.5530 (inf)           5;0   18.2897 (0.03)         19           1
test_hamiltonians[ham_dsjc1000.1,n-36,rinst-4-all-to-all]                                                           54.8046 (39.39)        57.9575 (31.92)        55.4943 (36.75)     0.7148 (inf)          55.4354 (36.49)      0.4944 (inf)           2;1   18.0199 (0.03)         18           1
test_hamiltonians[ham_queen13_13,n-28,rinst-0-all-to-all]                                                           54.9301 (39.48)        56.6169 (31.19)        55.4955 (36.75)     0.4261 (inf)          55.4591 (36.51)      0.5495 (inf)           4;1   18.0195 (0.03)         18           1
test_hamiltonians[ham_tsp_prob-d198_Ncity-8_enc-unary-heavy-hex]                                                    55.6291 (39.98)        58.9735 (32.48)        57.1175 (37.82)     0.9145 (inf)          57.1095 (37.59)      1.5163 (inf)           7;0   17.5078 (0.03)         18           1
test_hamiltonians[ham_bh_graph-1D-grid-pbc-qubitnodes_Lx-14_U-10_enc-stdbinary_d-4-heavy-hex]                       55.6394 (39.99)        58.9800 (32.49)        57.3159 (37.96)     0.9693 (inf)          56.9598 (37.50)      1.2020 (inf)           7;0   17.4472 (0.03)         18           1
test_hamiltonians[ham_ham_JW-10-all-to-all]                                                                         55.9687 (40.22)        60.2145 (33.17)        58.6197 (38.82)     1.2679 (inf)          58.8605 (38.75)      1.6425 (inf)           5;0   17.0591 (0.03)         18           1
test_hamiltonians[ham_ham_parity10-all-to-all]                                                                      56.1235 (40.34)        61.5145 (33.88)        58.7272 (38.89)     1.1659 (inf)          58.8863 (38.76)      0.9695 (inf)           5;2   17.0279 (0.03)         18           1
test_hamiltonians[ham_fh-graph-1D-grid-pbc-qubitnodes_Lx-50_U-2_enc-jw-all-to-all]                                  56.3441 (40.49)        57.7965 (31.84)        56.9765 (37.73)     0.3669 (inf)          57.0073 (37.53)      0.3981 (inf)           6;1   17.5511 (0.03)         17           1
test_hamiltonians[ham_ham_JW10-all-to-all]                                                                          56.7525 (40.79)        61.4783 (33.86)        58.6700 (38.85)     1.3689 (inf)          58.0871 (38.24)      1.7747 (inf)           6;0   17.0445 (0.03)         17           1
test_hamiltonians[ham_dsjc1000.1,n-36,rinst-4-square]                                                               57.1378 (41.07)        60.9576 (33.58)        58.7132 (38.88)     0.9012 (inf)          58.8274 (38.73)      1.2616 (inf)           5;0   17.0319 (0.03)         18           1
test_hamiltonians[ham_reg-4_n-90_rinst-07-all-to-all]                                                               57.4956 (41.32)        58.4435 (32.19)        58.0633 (38.45)     0.3117 (inf)          58.1328 (38.27)      0.5320 (inf)           6;0   17.2226 (0.03)         17           1
test_hamiltonians[ham_4-uf100-0246.cnf-70-res-all-to-all]                                                           58.1792 (41.81)        61.0097 (33.61)        59.2715 (39.25)     1.0042 (inf)          58.8761 (38.76)      1.6948 (inf)           6;0   16.8715 (0.03)         17           1
test_hamiltonians[ham_fh-graph-1D-grid-pbc-qubitnodes_Lx-50_U-2_enc-jw-heavy-hex]                                   60.1392 (43.22)        62.9587 (34.68)        61.3868 (40.65)     0.8618 (inf)          61.3658 (40.40)      1.5951 (inf)           7;0   16.2901 (0.02)         17           1
test_hamiltonians[ham_fh-graph-1D-grid-nonpbc-qubitnodes_Lx-90_U-2_enc-jw-linear]                                   62.6126 (45.00)        69.8709 (38.49)        64.2784 (42.57)     1.7169 (inf)          64.0002 (42.13)      2.0018 (inf)           1;1   15.5573 (0.02)         17           1
test_hamiltonians[ham_queen13_13,n-28,rinst-0-square]                                                               63.5143 (45.65)        73.1497 (40.29)        66.0201 (43.72)     2.3123 (inf)          65.8903 (43.37)      2.3311 (inf)           2;1   15.1469 (0.02)         15           1
test_hamiltonians[ham_fh-graph-1D-grid-pbc-qubitnodes_Lx-50_U-2_enc-jw-square]                                      63.5307 (45.66)        67.9094 (37.41)        65.3230 (43.26)     1.2880 (inf)          65.2833 (42.97)      1.7160 (inf)           7;0   15.3086 (0.02)         16           1
test_hamiltonians[ham_tsp_prob-d198_Ncity-8_enc-unary-linear]                                                       64.7648 (46.55)        68.8822 (37.94)        66.7484 (44.20)     1.0876 (inf)          66.6785 (43.89)      1.4749 (inf)           4;0   14.9816 (0.02)         16           1
test_hamiltonians[ham_bh_graph-2D-triag-nonpbc-qubitnodes_Lx-3_Ly-5_U-30_enc-gray_d-4-all-to-all]                   66.6072 (47.87)        71.1310 (39.18)        68.0682 (45.08)     1.4065 (inf)          67.2913 (44.30)      2.2919 (inf)           6;0   14.6911 (0.02)         15           1
test_hamiltonians[ham_ham_JW10-square]                                                                              68.8636 (49.49)        74.6795 (41.14)        71.7813 (47.53)     1.7794 (inf)          71.7520 (47.23)      3.1669 (inf)           4;0   13.9312 (0.02)         14           1
test_hamiltonians[ham_ham_JW-10-square]                                                                             69.0449 (49.62)        75.3161 (41.49)        71.1735 (47.13)     1.8799 (inf)          70.5184 (46.42)      2.7842 (inf)           5;0   14.0502 (0.02)         14           1
test_hamiltonians[ham_tsp_prob-pr76_Ncity-10_enc-unary-all-to-all]                                                  69.1912 (49.73)        72.6590 (40.02)        70.3738 (46.60)     0.8581 (inf)          70.0310 (46.10)      0.8601 (inf)           3;1   14.2098 (0.02)         15           1
test_hamiltonians[ham_tsp_prob-st70_Ncity-10_enc-unary-all-to-all]                                                  69.2370 (49.76)        70.8488 (39.03)        69.9578 (46.33)     0.4990 (inf)          69.8906 (46.01)      0.6373 (inf)           5;0   14.2943 (0.02)         14           1
test_hamiltonians[ham_ham_parity10-square]                                                                          69.2588 (49.78)        74.5620 (41.07)        71.8517 (47.58)     1.5992 (inf)          71.8727 (47.31)      2.6924 (inf)           4;0   13.9176 (0.02)         14           1
test_hamiltonians[ham_ham_parity10-heavy-hex]                                                                       69.6204 (50.04)        74.4635 (41.02)        72.5006 (48.01)     1.3139 (inf)          72.4857 (47.72)      1.4685 (inf)           3;1   13.7930 (0.02)         14           1
test_hamiltonians[ham_gnp-k_4_n-40_rinst-07-square]                                                                 70.8080 (50.89)        76.9990 (42.41)        74.2881 (49.19)     1.7976 (inf)          74.0551 (48.75)      2.7502 (inf)           5;0   13.4611 (0.02)         14           1
test_hamiltonians[ham_dsjc1000.1,n-36,rinst-4-heavy-hex]                                                            71.0389 (51.06)        76.8515 (42.33)        72.9933 (48.34)     1.3835 (inf)          72.7277 (47.88)      1.1252 (inf)           3;1   13.6999 (0.02)         14           1
test_hamiltonians[ham_ham_parity10-linear]                                                                          72.7257 (52.27)        78.7621 (43.38)        75.9676 (50.31)     1.7005 (inf)          76.2054 (50.16)      2.4462 (inf)           4;0   13.1635 (0.02)         13           1
test_hamiltonians[ham_ham_JW-10-heavy-hex]                                                                          73.6739 (52.95)        77.4692 (42.67)        75.2449 (49.83)     1.2691 (inf)          75.0023 (49.37)      2.3258 (inf)           6;0   13.2899 (0.02)         13           1
test_hamiltonians[ham_ham_JW10-heavy-hex]                                                                           73.8125 (53.05)        78.4211 (43.20)        76.2698 (50.51)     1.7533 (inf)          76.5845 (50.41)      3.5408 (inf)           8;0   13.1113 (0.02)         14           1
test_hamiltonians[ham_ham_JW10-linear]                                                                              74.1708 (53.31)        79.8380 (43.98)        77.5574 (51.36)     1.6905 (inf)          77.3332 (50.91)      2.7496 (inf)           5;0   12.8937 (0.02)         13           1
test_hamiltonians[ham_reg-4_n-90_rinst-07-heavy-hex]                                                                74.2982 (53.40)        78.5146 (43.25)        75.7140 (50.14)     1.0897 (inf)          75.4816 (49.69)      0.8943 (inf)           4;1   13.2076 (0.02)         14           1
test_hamiltonians[ham_ham_JW-10-linear]                                                                             74.4225 (53.49)        81.3561 (44.81)        78.4368 (51.94)     1.6791 (inf)          78.4103 (51.62)      1.8857 (inf)           2;1   12.7491 (0.02)         13           1
test_hamiltonians[ham_queen13_13,n-28,rinst-0-linear]                                                               74.5522 (53.58)        81.0162 (44.63)        77.7955 (51.52)     1.4950 (inf)          77.5220 (51.03)      1.9642 (inf)           2;0   12.8542 (0.02)         14           1
test_hamiltonians[ham_reg-5_n-10_rinst-07-all-to-all]                                                               76.3372 (54.86)        82.1767 (45.27)        79.2926 (52.51)     1.8310 (inf)          79.6911 (52.46)      2.2305 (inf)           6;0   12.6115 (0.02)         13           1
test_hamiltonians[ham_4-uf100-0246.cnf-70-res-square]                                                               76.4529 (54.95)        82.9466 (45.69)        78.3787 (51.90)     1.6324 (inf)          77.9974 (51.34)      1.5623 (inf)           2;1   12.7586 (0.02)         13           1
test_hamiltonians[ham_bh_graph-1D-grid-pbc-qubitnodes_Lx-24_U-20_enc-stdbinary_d-4-all-to-all]                      78.4168 (56.36)        80.9632 (44.60)        79.2758 (52.50)     0.9260 (inf)          78.7463 (51.84)      1.4263 (inf)           3;0   12.6142 (0.02)         13           1
test_hamiltonians[ham_bh_graph-1D-grid-pbc-qubitnodes_Lx-24_U-20_enc-stdbinary_d-4-heavy-hex]                       80.4717 (57.84)        83.1713 (45.81)        81.6367 (54.06)     0.7927 (inf)          81.3619 (53.56)      1.0024 (inf)           4;0   12.2494 (0.02)         13           1
test_hamiltonians[ham_bh_graph-2D-triag-nonpbc-qubitnodes_Lx-3_Ly-5_U-30_enc-gray_d-4-square]                       82.1709 (59.06)        83.9539 (46.24)        82.7647 (54.81)     0.5380 (inf)          82.6485 (54.41)      0.6398 (inf)           4;0   12.0824 (0.02)         12           1
test_hamiltonians[ham_tsp_prob-st70_Ncity-10_enc-unary-square]                                                      82.8277 (59.53)        89.9472 (49.55)        86.5336 (57.30)     2.3464 (inf)          86.3424 (56.84)      3.5658 (inf)           5;0   11.5562 (0.02)         12           1
test_hamiltonians[ham_graph-2D-triag-pbc-qubitnodes_Lx-13_Ly-13_h-0.1-linear]                                       82.8705 (59.56)        88.8463 (48.94)        84.9274 (56.24)     1.7250 (inf)          84.7505 (55.79)      2.3618 (inf)           4;0   11.7748 (0.02)         12           1
test_hamiltonians[ham_tsp_prob-pr76_Ncity-10_enc-unary-square]                                                      83.1992 (59.80)        97.4253 (53.66)        86.3787 (57.20)     3.6935 (inf)          85.8667 (56.52)      1.5648 (inf)           1;1   11.5769 (0.02)         12           1
test_hamiltonians[ham_bh_graph-1D-grid-pbc-qubitnodes_Lx-24_U-20_enc-stdbinary_d-4-linear]                          83.3045 (59.87)       127.6928 (70.34)        87.3692 (57.86)    12.1292 (inf)          84.0599 (55.34)      1.1844 (inf)           1;1   11.4457 (0.02)         13           1
test_hamiltonians[ham_bh_graph-1D-grid-pbc-qubitnodes_Lx-24_U-20_enc-stdbinary_d-4-square]                          83.7225 (60.17)        86.1693 (47.46)        84.6111 (56.03)     0.7165 (inf)          84.6531 (55.73)      1.0941 (inf)           3;0   11.8188 (0.02)         12           1
test_hamiltonians[ham_bh_graph-1D-grid-pbc-qubitnodes_Lx-4_U-40_enc-gray_d-8-all-to-all]                            84.7679 (60.92)       127.9273 (70.47)        89.6258 (59.35)    12.1268 (inf)          86.1246 (56.69)      2.3075 (inf)           1;1   11.1575 (0.02)         12           1
test_hamiltonians[ham_gnp-k_4_n-40_rinst-07-heavy-hex]                                                              87.3990 (62.81)        93.3296 (51.41)        89.6380 (59.36)     2.1577 (inf)          88.4179 (58.20)      3.7053 (inf)           3;0   11.1560 (0.02)         12           1
test_hamiltonians[ham_dsjc1000.1,n-36,rinst-4-linear]                                                               88.2932 (63.46)        93.4921 (51.50)        90.5514 (59.96)     1.6034 (inf)          90.9541 (59.87)      2.3112 (inf)           5;0   11.0434 (0.02)         11           1
test_hamiltonians[ham_bh_graph-2D-triag-nonpbc-qubitnodes_Lx-3_Ly-5_U-30_enc-gray_d-4-heavy-hex]                    89.6491 (64.43)        96.3407 (53.07)        91.8000 (60.79)     2.2707 (inf)          90.8793 (59.82)      1.9743 (inf)           2;2   10.8932 (0.02)         11           1
test_hamiltonians[ham_enc_gray_dvalues_4-4-4-4-4-4-4-all-to-all]                                                    90.4122 (64.98)        95.7484 (52.74)        92.7110 (61.39)     1.6439 (inf)          93.0512 (61.25)      2.2090 (inf)           4;0   10.7862 (0.02)         11           1
test_hamiltonians[ham_reg-4_n-90_rinst-07-square]                                                                   92.4612 (66.45)        95.5360 (52.62)        93.9199 (62.20)     0.8747 (inf)          94.1441 (61.97)      1.1051 (inf)           3;0   10.6474 (0.02)         11           1
test_hamiltonians[ham_fh-graph-1D-grid-nonpbc-qubitnodes_Lx-90_U-2_enc-jw-heavy-hex]                                93.0469 (66.87)        96.6737 (53.25)        94.0988 (62.31)     1.0592 (inf)          94.0511 (61.91)      1.2920 (inf)           1;1   10.6271 (0.02)         11           1
test_hamiltonians[ham_reg-5_n-10_rinst-07-square]                                                                   94.5413 (67.95)       105.9077 (58.34)        97.7660 (64.74)     3.4521 (inf)          96.8872 (63.78)      3.0972 (inf)           2;1   10.2285 (0.02)         11           1
test_hamiltonians[ham_tsp_prob-pr76_Ncity-10_enc-unary-heavy-hex]                                                   94.9472 (68.24)       105.3226 (58.02)        98.4846 (65.22)     3.0025 (inf)          97.7668 (64.36)      2.4987 (inf)           3;1   10.1539 (0.02)         11           1
test_hamiltonians[ham_tsp_prob-st70_Ncity-10_enc-unary-heavy-hex]                                                   97.3722 (69.98)       104.0241 (57.30)       100.7187 (66.70)     2.4421 (inf)         101.3527 (66.72)      4.5349 (inf)           5;0    9.9286 (0.01)         10           1
test_hamiltonians[ham_enc_gray_dvalues_4-4-4-4-4-4-4-square]                                                        98.3316 (70.67)       107.4788 (59.20)       101.9740 (67.53)     2.9274 (inf)         101.1916 (66.61)      4.9673 (inf)           2;0    9.8064 (0.01)         10           1
test_hamiltonians[ham_ham_BK12-all-to-all]                                                                          98.5961 (70.86)       100.9306 (55.60)        99.9568 (66.19)     0.6344 (inf)         100.0685 (65.87)      0.4839 (inf)           3;1   10.0043 (0.02)         10           1
test_hamiltonians[ham_reg-5_n-10_rinst-07-linear]                                                                   99.4059 (71.44)       103.1360 (56.81)       101.8132 (67.42)     1.2628 (inf)         102.3112 (67.35)      1.8686 (inf)           3;0    9.8219 (0.01)         10           1
test_hamiltonians[ham_enc_gray_dvalues_4-4-4-4-4-4-4-heavy-hex]                                                    101.1636 (72.71)       111.9591 (61.67)       105.5855 (69.92)     2.8823 (inf)         104.9366 (69.08)      2.6713 (inf)           2;1    9.4710 (0.01)         10           1
test_hamiltonians[ham_4-uf100-0246.cnf-70-res-heavy-hex]                                                           102.2300 (73.47)       111.2273 (61.27)       105.0111 (69.54)     2.6514 (inf)         104.2934 (68.65)      3.1757 (inf)           2;0    9.5228 (0.01)         10           1
test_hamiltonians[ham_enc_gray_dvalues_4-4-4-4-4-4-4-linear]                                                       103.8409 (74.63)       110.3148 (60.76)       107.4929 (71.18)     2.1871 (inf)         107.8730 (71.01)      3.1699 (inf)           4;0    9.3029 (0.01)         10           1
test_hamiltonians[ham_reg-5_n-10_rinst-07-heavy-hex]                                                               103.9079 (74.68)       149.7027 (82.46)       110.6560 (73.28)    13.8199 (inf)         106.8705 (70.35)      3.5928 (inf)           1;1    9.0370 (0.01)         10           1
test_hamiltonians[ham_will199gpia,n-60,rinst-8-all-to-all]                                                         107.6040 (77.34)       110.0956 (60.64)       108.8807 (72.10)     0.8611 (inf)         109.1406 (71.85)      1.3045 (inf)           3;0    9.1844 (0.01)          9           1
test_hamiltonians[ham_bh_graph-1D-grid-pbc-qubitnodes_Lx-4_U-40_enc-gray_d-8-square]                               107.8833 (77.54)       112.8992 (62.19)       109.8312 (72.73)     1.5724 (inf)         109.5378 (72.11)      1.6382 (inf)           4;0    9.1049 (0.01)         10           1
test_hamiltonians[ham_bh_graph-2D-triag-nonpbc-qubitnodes_Lx-3_Ly-5_U-30_enc-gray_d-4-linear]                      109.0923 (78.40)       112.5923 (62.02)       111.2461 (73.67)     1.2902 (inf)         111.7774 (73.58)      2.2379 (inf)           3;0    8.9891 (0.01)          9           1
test_hamiltonians[ham_fh-graph-1D-grid-nonpbc-qubitnodes_Lx-90_U-2_enc-jw-square]                                  110.5571 (79.46)       116.1328 (63.97)       111.9775 (74.15)     1.7233 (inf)         111.5283 (73.42)      1.5534 (inf)           1;1    8.9304 (0.01)          9           1
test_hamiltonians[ham_bh_graph-1D-grid-pbc-qubitnodes_Lx-4_U-40_enc-gray_d-8-heavy-hex]                            113.5416 (81.60)       119.4747 (65.81)       116.9926 (77.47)     1.9625 (inf)         117.0508 (77.05)      2.7177 (inf)           3;0    8.5476 (0.01)          9           1
test_hamiltonians[ham_bh_graph-1D-grid-pbc-qubitnodes_Lx-4_U-40_enc-gray_d-8-linear]                               117.0770 (84.14)       123.4060 (67.98)       120.4204 (79.74)     1.9192 (inf)         120.2563 (79.16)      2.2272 (inf)           3;0    8.3042 (0.01)          9           1
test_hamiltonians[ham_gnp-k_4_n-40_rinst-07-linear]                                                                117.3461 (84.34)       123.8828 (68.24)       119.3094 (79.01)     2.2403 (inf)         118.4054 (77.94)      2.8613 (inf)           1;0    8.3816 (0.01)          8           1
test_hamiltonians[ham_gnp-k_5_n-60_rinst-19-all-to-all]                                                            117.7255 (84.61)       121.1099 (66.71)       119.0211 (78.82)     1.1945 (inf)         118.9138 (78.28)      1.9429 (inf)           4;0    8.4019 (0.01)          9           1
test_hamiltonians[ham_reg-4_n-90_rinst-07-linear]                                                                  120.0396 (86.27)       126.6300 (69.75)       122.3980 (81.05)     2.7900 (inf)         120.6456 (79.42)      4.8828 (inf)           2;0    8.1701 (0.01)          8           1
test_hamiltonians[ham_graph-2D-triag-pbc-qubitnodes_Lx-19_Ly-19_h-0.5-heavy-hex]                                   123.6637 (88.88)       130.6014 (71.94)       125.7084 (83.25)     2.2238 (inf)         125.0927 (82.35)      1.7998 (inf)           1;1    7.9549 (0.01)          8           1
test_hamiltonians[ham_bh_graph-1D-grid-pbc-qubitnodes_Lx-46_U-2_enc-gray_d-4-all-to-all]                           129.5933 (93.14)       131.9693 (72.69)       130.7234 (86.57)     0.7234 (inf)         130.7531 (86.07)      0.8152 (inf)           2;0    7.6497 (0.01)          8           1
test_hamiltonians[ham_will199gpia,n-60,rinst-8-square]                                                             130.7899 (94.00)       137.2362 (75.59)       134.3410 (88.96)     2.0603 (inf)         134.6376 (88.63)      2.6458 (inf)           3;0    7.4437 (0.01)          8           1
test_hamiltonians[ham_fh-graph-1D-grid-nonpbc-qubitnodes_Lx-90_U-2_enc-jw-all-to-all]                              134.3716 (96.57)       139.3381 (76.75)       135.9548 (90.03)     1.6624 (inf)         135.5233 (89.21)      2.1247 (inf)           1;0    7.3554 (0.01)          8           1
test_hamiltonians[ham_ham_parity-14-all-to-all]                                                                    136.2706 (97.94)       143.2701 (78.92)       138.6989 (91.85)     2.4040 (inf)         138.1657 (90.95)      2.8237 (inf)           2;0    7.2099 (0.01)          7           1
test_hamiltonians[ham_ham_BK12-square]                                                                             137.3554 (98.72)       144.4183 (79.55)       141.7365 (93.86)     2.5106 (inf)         142.1467 (93.57)      3.6098 (inf)           2;0    7.0553 (0.01)          7           1
test_hamiltonians[ham_bh_graph-1D-grid-nonpbc-qubitnodes_Lx-12_U-40_enc-unary_d-4-all-to-all]                      138.1137 (99.26)       183.0481 (100.83)      144.1510 (95.46)    15.7225 (inf)         138.6017 (91.24)      0.9716 (inf)           1;1    6.9372 (0.01)          8           1
test_hamiltonians[ham_bh_graph-3D-grid-nonpbc-qubitnodes_Lx-2_Ly-2_Lz-2_U-20_enc-unary_d-4-all-to-all]             140.4984 (100.98)      143.5354 (79.06)       142.1645 (94.14)     1.2878 (inf)         142.8494 (94.04)      2.3743 (inf)           3;0    7.0341 (0.01)          7           1
test_hamiltonians[ham_graph-2D-triag-pbc-qubitnodes_Lx-19_Ly-19_h-0.5-square]                                      142.2991 (102.27)      149.8811 (82.56)       146.0031 (96.69)     2.6591 (inf)         145.8698 (96.02)      4.0076 (inf)           2;0    6.8492 (0.01)          7           1
test_hamiltonians[ham_bh_graph-1D-grid-pbc-qubitnodes_Lx-46_U-2_enc-gray_d-4-linear]                               145.1407 (104.31)      148.7138 (81.92)       147.1924 (97.47)     1.2143 (inf)         147.7247 (97.24)      1.5134 (inf)           2;0    6.7938 (0.01)          7           1
test_hamiltonians[ham_bh_graph-1D-grid-pbc-qubitnodes_Lx-46_U-2_enc-gray_d-4-heavy-hex]                            145.8490 (104.82)      192.3591 (105.96)      155.3546 (102.88)   16.4564 (inf)         149.5176 (98.42)      4.1422 (inf)           1;1    6.4369 (0.01)          7           1
test_hamiltonians[ham_tsp_prob-st70_Ncity-10_enc-unary-linear]                                                     146.7045 (105.44)      154.1890 (84.93)       151.1492 (100.09)    2.4553 (inf)         151.2374 (99.56)      2.8499 (inf)           2;0    6.6160 (0.01)          7           1
test_hamiltonians[ham_bh_graph-1D-grid-nonpbc-qubitnodes_Lx-12_U-40_enc-unary_d-4-linear]                          146.9700 (105.63)      150.2858 (82.78)       148.4000 (98.27)     1.0818 (inf)         148.1248 (97.51)      1.2858 (inf)           2;0    6.7385 (0.01)          7           1
test_hamiltonians[ham_graph-2D-triag-pbc-qubitnodes_Lx-19_Ly-19_h-0.5-all-to-all]                                  147.0518 (105.69)      150.8183 (83.08)       148.3434 (98.24)     1.6059 (inf)         147.4939 (97.09)      2.7467 (inf)           2;0    6.7411 (0.01)          7           1
test_hamiltonians[ham_tsp_prob-pr76_Ncity-10_enc-unary-linear]                                                     148.2897 (106.58)      152.6511 (84.09)       150.9095 (99.93)     1.7454 (inf)         151.4320 (99.68)      2.8980 (inf)           2;0    6.6265 (0.01)          7           1
test_hamiltonians[ham_bh_graph-1D-grid-nonpbc-qubitnodes_Lx-12_U-40_enc-unary_d-4-square]                          149.0718 (107.14)      156.2215 (86.05)       152.4092 (100.93)    2.4863 (inf)         151.3850 (99.65)      3.3299 (inf)           3;0    6.5613 (0.01)          7           1
test_hamiltonians[ham_ham_BK12-heavy-hex]                                                                          149.4226 (107.39)      155.8741 (85.86)       151.6421 (100.42)    2.4902 (inf)         150.8376 (99.29)      3.6881 (inf)           2;0    6.5945 (0.01)          7           1
test_hamiltonians[ham_ham_JW12-all-to-all]                                                                         150.6161 (108.25)      156.4627 (86.18)       152.4212 (100.94)    2.0390 (inf)         151.8908 (99.99)      2.2729 (inf)           1;0    6.5608 (0.01)          7           1
test_hamiltonians[ham_bh_graph-1D-grid-pbc-qubitnodes_Lx-46_U-2_enc-gray_d-4-square]                               150.7734 (108.36)      155.6743 (85.75)       152.7088 (101.13)    1.7825 (inf)         152.3731 (100.30)     2.7221 (inf)           3;0    6.5484 (0.01)          7           1
test_hamiltonians[ham_ham_parity12-all-to-all]                                                                     153.7170 (110.48)      156.2596 (86.07)       155.1619 (102.75)    0.9001 (inf)         155.0959 (102.10)     1.3457 (inf)           3;0    6.4449 (0.01)          7           1
test_hamiltonians[ham_bh_graph-1D-grid-nonpbc-qubitnodes_Lx-12_U-40_enc-unary_d-4-heavy-hex]                       155.0977 (111.47)      158.9280 (87.54)       157.1567 (104.07)    1.4746 (inf)         157.0467 (103.38)     2.5478 (inf)           3;0    6.3631 (0.01)          7           1
test_hamiltonians[ham_ham_BK12-linear]                                                                             157.1490 (112.94)      168.3029 (92.71)       164.4637 (108.91)    3.4782 (inf)         165.0865 (108.67)     1.4917 (inf)           2;2    6.0804 (0.01)          7           1
test_hamiltonians[ham_bh_graph-3D-grid-nonpbc-qubitnodes_Lx-2_Ly-2_Lz-2_U-20_enc-unary_d-4-square]                 158.8404 (114.16)      164.2531 (90.48)       160.7493 (106.45)    1.8044 (inf)         159.9671 (105.30)     1.8351 (inf)           2;0    6.2209 (0.01)          7           1
test_hamiltonians[ham_will199gpia,n-60,rinst-8-heavy-hex]                                                          164.2231 (118.03)      175.7908 (96.83)       169.8507 (112.48)    4.6780 (inf)         170.9001 (112.50)     8.6936 (inf)           4;0    5.8875 (0.01)          7           1
test_hamiltonians[ham_bh_graph-3D-grid-nonpbc-qubitnodes_Lx-2_Ly-2_Lz-2_U-20_enc-unary_d-4-heavy-hex]              166.2131 (119.46)      169.6501 (93.45)       167.8190 (111.13)    1.1874 (inf)         167.6919 (110.39)     1.2110 (inf)           2;0    5.9588 (0.01)          6           1
test_hamiltonians[ham_graph-2D-grid-nonpbc-qubitnodes_Lx-5_Ly-58_h-2-heavy-hex]                                    167.7362 (120.55)      175.7043 (96.78)       169.4823 (112.23)    3.0689 (inf)         168.3106 (110.80)     0.7667 (inf)           1;1    5.9003 (0.01)          6           1
test_hamiltonians[ham_bh_graph-3D-grid-nonpbc-qubitnodes_Lx-2_Ly-2_Lz-2_U-20_enc-unary_d-4-linear]                 179.4353 (128.96)      185.6746 (102.28)      182.5252 (120.87)    2.2677 (inf)         182.2865 (120.00)     3.2326 (inf)           2;0    5.4787 (0.01)          6           1
test_hamiltonians[ham_ham_JW14-all-to-all]                                                                         179.5864 (129.07)      186.3185 (102.63)      182.4598 (120.83)    2.4080 (inf)         182.6209 (120.22)     3.1381 (inf)           2;0    5.4807 (0.01)          6           1
test_hamiltonians[ham_graph-2D-grid-nonpbc-qubitnodes_Lx-5_Ly-58_h-2-linear]                                       181.5284 (130.47)      187.3421 (103.19)      183.7627 (121.69)    2.1152 (inf)         183.4487 (120.76)     2.5501 (inf)           2;0    5.4418 (0.01)          6           1
test_hamiltonians[ham_graph-2D-triag-nonpbc-qubitnodes_Lx-3_Ly-160_h-0.1-heavy-hex]                                185.6830 (133.45)      191.9115 (105.71)      188.7900 (125.02)    2.0282 (inf)         188.5942 (124.15)     1.3981 (inf)           2;2    5.2969 (0.01)          6           1
test_hamiltonians[ham_graph-2D-grid-pbc-qubitnodes_Lx-2_Ly-185_h-0.5-heavy-hex]                                    185.9126 (133.62)      191.7300 (105.61)      187.1629 (123.94)    2.2519 (inf)         186.3309 (122.66)     0.6017 (inf)           1;1    5.3429 (0.01)          6           1
test_hamiltonians[ham_gnp-k_5_n-90_rinst-02-all-to-all]                                                            185.9704 (133.66)      235.7449 (129.86)      196.2149 (129.94)   19.4761 (inf)         188.4220 (124.03)     5.0692 (inf)           1;1    5.0965 (0.01)          6           1
test_hamiltonians[ham_gnp-k_5_n-60_rinst-19-square]                                                                186.0545 (133.72)      231.2116 (127.36)      197.2604 (130.63)   19.1406 (inf)         189.2804 (124.60)    15.3286 (inf)           1;1    5.0694 (0.01)          5           1
test_hamiltonians[ham_ham_parity12-square]                                                                         189.9792 (136.54)      202.1326 (111.34)      195.4258 (129.41)    5.1299 (inf)         195.3068 (128.57)     8.7868 (inf)           2;0    5.1170 (0.01)          6           1
test_hamiltonians[ham_graph-2D-triag-nonpbc-qubitnodes_Lx-3_Ly-160_h-0.1-square]                                   192.2779 (138.19)      195.5465 (107.71)      193.3771 (128.06)    1.2214 (inf)         193.0919 (127.11)     1.2596 (inf)           1;0    5.1712 (0.01)          6           1
test_hamiltonians[ham_ham_parity12-linear]                                                                         194.2598 (139.62)      204.4101 (112.60)      198.0711 (131.17)    3.6287 (inf)         197.0721 (129.73)     3.8776 (inf)           2;0    5.0487 (0.01)          6           1
test_hamiltonians[ham_ham_parity-14-square]                                                                        194.7541 (139.97)      202.4150 (111.50)      199.1812 (131.90)    2.9487 (inf)         200.3113 (131.86)     3.8837 (inf)           2;0    5.0206 (0.01)          5           1
test_hamiltonians[ham_bh_graph-1D-grid-pbc-qubitnodes_Lx-60_U-10_enc-stdbinary_d-4-linear]                         195.8028 (140.72)      238.6361 (131.45)      205.6248 (136.17)   18.4784 (inf)         197.7552 (130.18)    11.3090 (inf)           1;1    4.8632 (0.01)          5           1
test_hamiltonians[ham_graph-2D-grid-pbc-qubitnodes_Lx-2_Ly-185_h-0.5-linear]                                       199.5960 (143.45)      208.2325 (114.70)      203.0874 (134.49)    3.5300 (inf)         202.0890 (133.03)     5.5083 (inf)           1;0    4.9240 (0.01)          5           1
test_hamiltonians[ham_4-uf100-0246.cnf-70-res-linear]                                                              199.7149 (143.54)      213.2610 (117.47)      204.2247 (135.24)    5.3755 (inf)         201.8121 (132.85)     5.8820 (inf)           1;0    4.8966 (0.01)          5           1
test_hamiltonians[ham_ham_JW12-linear]                                                                             203.0252 (145.91)      211.0673 (116.26)      206.4689 (136.73)    2.9608 (inf)         205.7897 (135.47)     3.3040 (inf)           2;0    4.8433 (0.01)          5           1
test_hamiltonians[ham_enc_unary_dvalues_4-4-4-all-to-all]                                                          204.4685 (146.95)      225.3754 (124.14)      210.5502 (139.43)    8.5449 (inf)         208.5450 (137.28)     8.3307 (inf)           1;0    4.7495 (0.01)          5           1
test_hamiltonians[ham_ham_JW12-square]                                                                             205.0892 (147.40)      212.1455 (116.86)      209.8853 (138.99)    2.8265 (inf)         210.9837 (138.89)     3.1079 (inf)           1;0    4.7645 (0.01)          5           1
test_hamiltonians[ham_bh_graph-2D-grid-nonpbc-qubitnodes_Lx-7_Ly-7_U-70_enc-gray_d-4-all-to-all]                   205.1218 (147.42)      209.2608 (115.27)      207.3845 (137.33)    1.7690 (inf)         208.0831 (136.98)     2.9733 (inf)           2;0    4.8220 (0.01)          5           1
test_hamiltonians[ham_bh_graph-1D-grid-pbc-qubitnodes_Lx-60_U-10_enc-stdbinary_d-4-all-to-all]                     207.1431 (148.87)      211.4733 (116.49)      208.4582 (138.04)    1.7241 (inf)         207.9685 (136.90)     1.4133 (inf)           1;1    4.7971 (0.01)          5           1
test_hamiltonians[ham_ham_parity12-heavy-hex]                                                                      210.3324 (151.17)      219.9383 (121.15)      214.2192 (141.86)    3.5659 (inf)         213.2706 (140.39)     3.8076 (inf)           2;0    4.6681 (0.01)          5           1
test_hamiltonians[ham_ham_parity-14-heavy-hex]                                                                     210.8577 (151.54)      220.5121 (121.47)      213.5548 (141.42)    3.9545 (inf)         211.7822 (139.41)     3.2606 (inf)           1;1    4.6826 (0.01)          5           1
test_hamiltonians[ham_ham_JW12-heavy-hex]                                                                          214.3630 (154.06)      220.3539 (121.38)      217.2943 (143.90)    2.1982 (inf)         217.6781 (143.29)     2.6089 (inf)           2;0    4.6021 (0.01)          5           1
test_hamiltonians[ham_ham_parity-14-linear]                                                                        214.4742 (154.14)      232.6618 (128.16)      223.1326 (147.76)    8.0380 (inf)         226.2863 (148.96)    13.7092 (inf)           3;0    4.4816 (0.01)          5           1
test_hamiltonians[ham_bh_graph-1D-grid-pbc-qubitnodes_Lx-60_U-10_enc-stdbinary_d-4-heavy-hex]                      217.9151 (156.62)      224.3369 (123.57)      220.6132 (146.09)    2.6418 (inf)         219.7688 (144.67)     4.2127 (inf)           2;0    4.5328 (0.01)          5           1
test_hamiltonians[ham_ham_BK-14-all-to-all]                                                                        217.9705 (156.66)      230.9178 (127.20)      224.3253 (148.55)    4.9420 (inf)         225.2318 (148.27)     6.9675 (inf)           2;0    4.4578 (0.01)          5           1
test_hamiltonians[ham_graph-2D-grid-nonpbc-qubitnodes_Lx-19_Ly-19_h-5-heavy-hex]                                   218.1965 (156.82)      227.5215 (125.33)      222.0505 (147.05)    4.0279 (inf)         219.8624 (144.73)     6.4612 (inf)           1;0    4.5035 (0.01)          5           1
test_hamiltonians[ham_mu_x_prime_enc_unary_dvalues_16-16-16-16-16-16-16-16-16-16-16-16-16-16-16-square]            218.8443 (157.28)      224.5688 (123.70)      221.9816 (147.00)    2.9003 (inf)         223.0566 (146.83)     5.6494 (inf)           2;0    4.5049 (0.01)          5           1
test_hamiltonians[ham_tsp_prob-fl417_Ncity-16_enc-stdbinary-all-to-all]                                            223.9140 (160.93)      268.3317 (147.81)      233.9356 (154.92)   19.2788 (inf)         226.1685 (148.88)    13.4612 (inf)           1;1    4.2747 (0.01)          5           1
test_hamiltonians[ham_tsp_prob-kroD100_Ncity-16_enc-stdbinary-all-to-all]                                          225.5563 (162.11)      233.1841 (128.45)      227.8188 (150.87)    3.6335 (inf)         226.2674 (148.95)     4.4804 (inf)           1;0    4.3895 (0.01)          4           1
test_hamiltonians[ham_bh_graph-1D-grid-pbc-qubitnodes_Lx-60_U-10_enc-stdbinary_d-4-square]                         230.0733 (165.35)      273.3816 (150.59)      239.8339 (158.82)   18.7910 (inf)         232.1935 (152.85)    12.6500 (inf)           1;1    4.1696 (0.01)          5           1
test_hamiltonians[ham_ham_JW14-linear]                                                                             231.6070 (166.46)      289.8533 (159.66)      246.5103 (163.24)   24.3517 (inf)         236.7664 (155.86)    15.8972 (inf)           1;1    4.0566 (0.01)          5           1
test_hamiltonians[ham_gnp-k_5_n-60_rinst-19-heavy-hex]                                                             232.3072 (166.96)      243.3553 (134.05)      237.2561 (157.11)    4.0296 (inf)         237.0461 (156.04)     4.5285 (inf)           2;0    4.2149 (0.01)          5           1
test_hamiltonians[ham_will199gpia,n-60,rinst-8-linear]                                                             234.1517 (168.29)      240.7628 (132.62)      237.5288 (157.30)    2.5287 (inf)         238.2085 (156.81)     3.5227 (inf)           2;0    4.2100 (0.01)          5           1
test_hamiltonians[ham_ham_JW14-square]                                                                             240.0278 (172.51)      254.4143 (140.14)      247.1076 (163.64)    6.2097 (inf)         247.7692 (163.10)    11.0891 (inf)           2;0    4.0468 (0.01)          5           1
test_hamiltonians[ham_ham_JW14-heavy-hex]                                                                          245.5406 (176.47)      264.4251 (145.65)      255.0063 (168.87)    7.7110 (inf)         255.0297 (167.88)     9.6187 (inf)           2;0    3.9215 (0.01)          4           1
test_hamiltonians[ham_enc_unary_dvalues_4-4-4-square]                                                              245.5968 (176.51)      304.8269 (167.91)      265.5750 (175.87)   26.9256 (inf)         255.9381 (168.48)    34.5844 (inf)           1;0    3.7654 (0.01)          4           1
test_hamiltonians[ham_graph-2D-grid-nonpbc-qubitnodes_Lx-5_Ly-58_h-2-square]                                       256.9927 (184.70)      262.1854 (144.42)      258.8313 (171.40)    2.4138 (inf)         258.0736 (169.89)     3.5185 (inf)           1;0    3.8635 (0.01)          4           1
test_hamiltonians[ham_bh_graph-2D-grid-nonpbc-qubitnodes_Lx-7_Ly-7_U-70_enc-gray_d-4-square]                       263.6650 (189.50)      274.3598 (151.13)      268.8472 (178.04)    4.4011 (inf)         268.6820 (176.87)     5.9839 (inf)           2;0    3.7196 (0.01)          4           1
test_hamiltonians[ham_fh-graph-1D-grid-pbc-qubitnodes_Lx-160_U-12_enc-parity-heavy-hex]                            266.3472 (191.42)      269.7632 (148.59)      268.4014 (177.74)    1.4647 (inf)         268.7477 (176.91)     1.9548 (inf)           1;0    3.7258 (0.01)          4           1
test_hamiltonians[ham_graph-2D-triag-pbc-qubitnodes_Lx-19_Ly-19_h-0.5-linear]                                      267.1006 (191.97)      274.0233 (150.94)      270.0364 (178.82)    3.2424 (inf)         269.5109 (177.41)     5.2604 (inf)           1;0    3.7032 (0.01)          4           1
test_hamiltonians[ham_enc_unary_dvalues_4-4-4-heavy-hex]                                                           286.1691 (205.67)      302.9506 (166.87)      294.2546 (194.86)    7.2464 (inf)         293.9493 (193.50)    11.2497 (inf)           2;0    3.3984 (0.01)          4           1
test_hamiltonians[ham_ham_JW-14-all-to-all]                                                                        296.5102 (213.10)      308.1125 (169.72)      299.9525 (198.63)    5.4645 (inf)         297.5936 (195.90)     5.8969 (inf)           1;0    3.3339 (0.01)          4           1
test_hamiltonians[ham_gnp-k_5_n-90_rinst-02-square]                                                                314.4975 (226.03)      333.4581 (183.68)      325.5680 (215.60)    8.1235 (inf)         327.1582 (215.36)    11.4939 (inf)           1;0    3.0716 (0.00)          4           1
test_hamiltonians[ham_graph-2D-grid-pbc-qubitnodes_Lx-2_Ly-185_h-0.5-square]                                       315.3221 (226.62)      318.4475 (175.41)      317.2480 (210.09)    1.4712 (inf)         317.6112 (209.08)     2.2981 (inf)           1;0    3.1521 (0.00)          4           1
test_hamiltonians[ham_graph-2D-triag-nonpbc-qubitnodes_Lx-3_Ly-160_h-0.1-linear]                                   318.7525 (229.09)      327.5664 (180.43)      323.5068 (214.23)    4.0988 (inf)         323.8541 (213.19)     6.7603 (inf)           1;0    3.0911 (0.00)          4           1
test_hamiltonians[ham_gnp-k_5_n-60_rinst-19-linear]                                                                320.7462 (230.52)      392.8402 (216.39)      346.2973 (229.32)   40.3717 (inf)         325.3056 (214.14)    54.0705 (inf)           1;0    2.8877 (0.00)          3           1
test_hamiltonians[ham_enc_unary_dvalues_4-4-4-linear]                                                              321.3717 (230.97)      328.1177 (180.74)      324.8385 (215.11)    2.7977 (inf)         324.9323 (213.90)     3.9612 (inf)           2;0    3.0785 (0.00)          4           1
test_hamiltonians[ham_1-fullins_5,n-48,rinst-7-all-to-all]                                                         325.3289 (233.81)      375.3393 (206.75)      345.5989 (228.86)   26.3159 (inf)         336.1286 (221.27)    37.5078 (inf)           1;0    2.8935 (0.00)          3           1
test_hamiltonians[ham_graph-2D-grid-nonpbc-qubitnodes_Lx-5_Ly-58_h-2-all-to-all]                                   327.1713 (235.14)      342.8937 (188.88)      332.6604 (220.29)    8.8701 (inf)         327.9162 (215.86)    11.7918 (inf)           1;0    3.0061 (0.00)          3           1
test_hamiltonians[ham_graph-2D-grid-nonpbc-qubitnodes_Lx-4_Ly-133_h-0.1-heavy-hex]                                 330.9320 (237.84)      336.6328 (185.43)      332.8293 (220.41)    2.5776 (inf)         331.8763 (218.47)     3.0063 (inf)           1;0    3.0045 (0.00)          4           1
test_hamiltonians[ham_bh_graph-2D-grid-nonpbc-qubitnodes_Lx-7_Ly-7_U-70_enc-gray_d-4-heavy-hex]                    333.7282 (239.85)      341.2305 (187.96)      336.9568 (223.14)    3.8587 (inf)         335.9118 (221.12)     5.6267 (inf)           1;0    2.9677 (0.00)          3           1
test_hamiltonians[ham_ash608gpia,n-160,rinst-1-square]                                                             340.9078 (245.01)      356.7107 (196.49)      350.6724 (232.22)    8.5350 (inf)         354.3986 (233.29)    11.8522 (inf)           1;0    2.8517 (0.00)          3           1
test_hamiltonians[ham_ham_BK-14-square]                                                                            348.1114 (250.19)      369.9993 (203.81)      357.8597 (236.98)   11.1381 (inf)         355.4685 (234.00)    16.4159 (inf)           1;0    2.7944 (0.00)          3           1
test_hamiltonians[ham_fh-graph-1D-grid-pbc-qubitnodes_Lx-160_U-12_enc-parity-linear]                               354.6910 (254.92)      359.6196 (198.09)      357.7237 (236.89)    2.6537 (inf)         358.8604 (236.23)     3.6965 (inf)           1;0    2.7955 (0.00)          3           1
test_hamiltonians[ham_tsp_prob-fl417_Ncity-16_enc-stdbinary-square]                                                361.3713 (259.72)      374.2884 (206.17)      369.4777 (244.67)    7.0611 (inf)         372.7735 (245.39)     9.6879 (inf)           1;0    2.7065 (0.00)          3           1
test_hamiltonians[ham_graph-2D-grid-pbc-qubitnodes_Lx-4_Ly-148_h-6-heavy-hex]                                      367.6268 (264.21)      383.9696 (211.50)      375.1623 (248.44)    8.2453 (inf)         373.8905 (246.13)    12.2571 (inf)           1;0    2.6655 (0.00)          3           1
test_hamiltonians[ham_tsp_prob-kroD100_Ncity-16_enc-stdbinary-square]                                              368.5459 (264.88)      383.3232 (211.15)      373.8624 (247.58)    8.2142 (inf)         369.7180 (243.38)    11.0830 (inf)           1;0    2.6748 (0.00)          3           1
test_hamiltonians[ham_bh_graph-2D-grid-nonpbc-qubitnodes_Lx-7_Ly-7_U-70_enc-gray_d-4-linear]                       371.5394 (267.03)      418.6065 (230.58)      395.1254 (261.66)   23.5337 (inf)         395.2304 (260.17)    35.3004 (inf)           1;0    2.5308 (0.00)          3           1
test_hamiltonians[ham_graph-2D-grid-pbc-qubitnodes_Lx-4_Ly-148_h-6-square]                                         380.2657 (273.30)      386.3994 (212.84)      382.7997 (253.50)    3.2027 (inf)         381.7339 (251.29)     4.6003 (inf)           1;0    2.6123 (0.00)          3           1
test_hamiltonians[ham_graph-2D-triag-nonpbc-qubitnodes_Lx-3_Ly-160_h-0.1-all-to-all]                               385.2330 (276.87)      389.3575 (214.47)      387.5415 (256.64)    2.1059 (inf)         388.0340 (255.44)     3.0934 (inf)           1;0    2.5804 (0.00)          3           1
test_hamiltonians[ham_ash608gpia,n-160,rinst-1-heavy-hex]                                                          390.1004 (280.37)      395.7753 (218.01)      393.6978 (260.71)    3.1279 (inf)         395.2177 (260.16)     4.2561 (inf)           1;0    2.5400 (0.00)          3           1
test_hamiltonians[ham_ham_BK-14-heavy-hex]                                                                         393.0312 (282.47)      400.8009 (220.77)      397.1195 (262.98)    3.9008 (inf)         397.5265 (261.68)     5.8272 (inf)           1;0    2.5181 (0.00)          3           1
test_hamiltonians[ham_gnp-k_5_n-90_rinst-02-heavy-hex]                                                             395.5953 (284.32)      444.6522 (244.93)      416.9354 (276.10)   25.1424 (inf)         410.5589 (270.26)    36.7927 (inf)           1;0    2.3985 (0.00)          3           1
test_hamiltonians[ham_graph-2D-grid-nonpbc-qubitnodes_Lx-4_Ly-133_h-0.1-linear]                                    400.7351 (288.01)      459.3940 (253.05)      422.9225 (280.07)   31.8315 (inf)         408.6383 (269.00)    43.9941 (inf)           1;0    2.3645 (0.00)          3           1
test_hamiltonians[ham_bh_graph-2D-triag-pbc-qubitnodes_Lx-10_Ly-10_U-30_enc-stdbinary_d-4-all-to-all]              402.8063 (289.50)      450.6687 (248.24)      418.7957 (277.33)   27.6029 (inf)         402.9119 (265.23)    35.8968 (inf)           1;0    2.3878 (0.00)          3           1
test_hamiltonians[ham_graph-2D-grid-nonpbc-qubitnodes_Lx-19_Ly-19_h-5-linear]                                      408.1912 (293.37)      434.6780 (239.43)      417.2047 (276.28)   15.1348 (inf)         408.7448 (269.07)    19.8650 (inf)           1;0    2.3969 (0.00)          3           1
test_hamiltonians[ham_ham_BK-14-linear]                                                                            413.3242 (297.06)      429.6156 (236.65)      422.2321 (279.61)    8.2520 (inf)         423.7566 (278.95)    12.2186 (inf)           1;0    2.3684 (0.00)          3           1
test_hamiltonians[ham_tsp_prob-fl417_Ncity-16_enc-stdbinary-heavy-hex]                                             414.7473 (298.08)      438.4799 (241.53)      422.7961 (279.98)   13.5842 (inf)         415.1610 (273.29)    17.7994 (inf)           1;0    2.3652 (0.00)          3           1
test_hamiltonians[ham_tsp_prob-kroD100_Ncity-16_enc-stdbinary-linear]                                              418.7546 (300.96)      437.5094 (240.99)      429.4593 (284.40)    9.6551 (inf)         432.1140 (284.45)    14.0661 (inf)           1;0    2.3285 (0.00)          3           1
test_hamiltonians[ham_tsp_prob-fl417_Ncity-16_enc-stdbinary-linear]                                                424.4817 (305.08)      429.3442 (236.50)      426.9945 (282.76)    2.4354 (inf)         427.1575 (281.19)     3.6469 (inf)           1;0    2.3420 (0.00)          3           1
test_hamiltonians[ham_tsp_prob-kroD100_Ncity-16_enc-stdbinary-heavy-hex]                                           427.2825 (307.09)      441.4860 (243.18)      432.3352 (286.30)    7.9392 (inf)         428.2370 (281.90)    10.6526 (inf)           1;0    2.3130 (0.00)          3           1
test_hamiltonians[ham_enc_gray_dvalues_8-8-8-all-to-all]                                                           435.7712 (313.19)      483.6927 (266.43)      452.2800 (299.51)   27.2160 (inf)         437.3761 (287.92)    35.9411 (inf)           1;0    2.2110 (0.00)          3           1
test_hamiltonians[ham_fh-graph-1D-grid-pbc-qubitnodes_Lx-160_U-12_enc-parity-all-to-all]                           440.8834 (316.86)      445.1237 (245.19)      442.9737 (293.34)    2.1208 (inf)         442.9140 (291.56)     3.1802 (inf)           1;0    2.2575 (0.00)          3           1
test_hamiltonians[ham_ham_JW-14-square]                                                                            461.7422 (331.86)      463.4804 (255.30)      462.6237 (306.36)    0.8694 (inf)         462.6484 (304.55)     1.3037 (inf)           1;0    2.1616 (0.00)          3           1
test_hamiltonians[ham_1-fullins_5,n-48,rinst-7-square]                                                             469.7233 (337.59)      514.8189 (283.58)      487.0513 (322.53)   24.2929 (inf)         476.6116 (313.74)    33.8218 (inf)           1;0    2.0532 (0.00)          3           1
test_hamiltonians[ham_ham_JW-14-linear]                                                                            472.6546 (339.70)      485.8318 (267.61)      479.1218 (317.28)    6.5920 (inf)         478.8789 (315.24)     9.8829 (inf)           1;0    2.0872 (0.00)          3           1
test_hamiltonians[ham_fh-graph-1D-grid-pbc-qubitnodes_Lx-160_U-12_enc-parity-square]                               472.6736 (339.71)      475.3657 (261.85)      474.0197 (313.90)    1.9036 (inf)         474.0197 (312.04)     2.6921 (inf)           0;0    2.1096 (0.00)          2           1
test_hamiltonians[ham_mu_y_prime_enc_stdbinary_dvalues_4-4-4-4-4-4-4-4-4-4-4-4-4-4-4-4-4-4-linear]                 485.5526 (348.97)      492.3663 (271.21)      488.1298 (323.25)    3.6975 (inf)         486.4705 (320.23)     5.1103 (inf)           1;0    2.0486 (0.00)          3           1
test_hamiltonians[ham_graph-2D-grid-nonpbc-qubitnodes_Lx-19_Ly-19_h-5-all-to-all]                                  492.5123 (353.97)      501.1375 (276.04)      496.8249 (329.01)    6.0989 (inf)         496.8249 (327.05)     8.6252 (inf)           0;0    2.0128 (0.00)          2           1
test_hamiltonians[ham_bh_graph-2D-triag-pbc-qubitnodes_Lx-5_Ly-5_U-30_enc-unary_d-4-all-to-all]                    493.5798 (354.74)      543.8184 (299.55)      518.6991 (343.49)   35.5241 (inf)         518.6991 (341.45)    50.2386 (inf)           0;0    1.9279 (0.00)          2           1
test_hamiltonians[ham_ham_JW-14-heavy-hex]                                                                         497.7036 (357.70)      505.7166 (278.57)      501.7101 (332.24)    5.6661 (inf)         501.7101 (330.27)     8.0131 (inf)           0;0    1.9932 (0.00)          2           1
test_hamiltonians[ham_bh_graph-2D-triag-nonpbc-qubitnodes_Lx-11_Ly-11_U-100_enc-gray_d-4-all-to-all]               509.1219 (365.91)      566.5234 (312.06)      537.8227 (356.16)   40.5890 (inf)         537.8227 (354.04)    57.4015 (inf)           0;0    1.8593 (0.00)          2           1
test_hamiltonians[ham_graph-2D-grid-pbc-qubitnodes_Lx-4_Ly-148_h-6-linear]                                         516.9991 (371.57)      544.7106 (300.04)      530.8549 (351.54)   19.5950 (inf)         530.8549 (349.45)    27.7115 (inf)           0;0    1.8838 (0.00)          2           1
test_hamiltonians[ham_enc_gray_dvalues_8-8-8-heavy-hex]                                                            526.5020 (378.40)      568.7755 (313.30)      547.6387 (362.66)   29.8919 (inf)         547.6387 (360.50)    42.2735 (inf)           0;0    1.8260 (0.00)          2           1
test_hamiltonians[ham_enc_gray_dvalues_8-8-8-square]                                                               532.4263 (382.66)      541.4022 (298.22)      536.9143 (355.55)    6.3469 (inf)         536.9143 (353.44)     8.9759 (inf)           0;0    1.8625 (0.00)          2           1
test_hamiltonians[ham_bh_graph-2D-triag-pbc-qubitnodes_Lx-10_Ly-10_U-30_enc-stdbinary_d-4-square]                  535.4938 (384.86)      549.9373 (302.92)      542.7156 (359.40)   10.2131 (inf)         542.7156 (357.26)    14.4435 (inf)           0;0    1.8426 (0.00)          2           1
test_hamiltonians[ham_graph-2D-grid-nonpbc-qubitnodes_Lx-4_Ly-133_h-0.1-square]                                    542.4022 (389.83)      553.6036 (304.94)      548.0029 (362.90)    7.9205 (inf)         548.0029 (360.74)    11.2013 (inf)           0;0    1.8248 (0.00)          2           1
test_hamiltonians[ham_enc_gray_dvalues_8-8-8-linear]                                                               545.8027 (392.27)      547.4578 (301.56)      546.6303 (361.99)    1.1703 (inf)         546.6303 (359.84)     1.6551 (inf)           0;0    1.8294 (0.00)          2           1
test_hamiltonians[ham_graph-2D-grid-pbc-qubitnodes_Lx-2_Ly-185_h-0.5-all-to-all]                                   548.6573 (394.32)      659.0409 (363.02)      603.8491 (399.88)   78.0530 (inf)         603.8491 (397.50)   110.3836 (inf)           0;0    1.6560 (0.00)          2           1
test_hamiltonians[ham_1-fullins_5,n-48,rinst-7-heavy-hex]                                                          552.2878 (396.93)      564.3049 (310.84)      558.2964 (369.71)    8.4974 (inf)         558.2964 (367.52)    12.0171 (inf)           0;0    1.7912 (0.00)          2           1
test_hamiltonians[ham_fh-graph-2D-grid-pbc-qubitnodes_Lx-2_Ly-105_U-8_enc-bk-square]                               557.9639 (401.01)      569.4453 (313.67)      563.7046 (373.29)    8.1186 (inf)         563.7046 (371.08)    11.4814 (inf)           0;0    1.7740 (0.00)          2           1
test_hamiltonians[ham_bh_graph-2D-triag-pbc-qubitnodes_Lx-10_Ly-10_U-30_enc-stdbinary_d-4-heavy-hex]               569.0451 (408.97)      577.5034 (318.11)      573.2742 (379.63)    5.9809 (inf)         573.2742 (377.38)     8.4583 (inf)           0;0    1.7444 (0.00)          2           1
test_hamiltonians[ham_graph-2D-grid-pbc-qubitnodes_Lx-4_Ly-190_h-0-square]                                         604.2906 (434.31)      610.3154 (336.18)      607.3030 (402.17)    4.2602 (inf)         607.3030 (399.78)     6.0248 (inf)           0;0    1.6466 (0.00)          2           1
test_hamiltonians[ham_bh_graph-2D-triag-pbc-qubitnodes_Lx-5_Ly-5_U-30_enc-unary_d-4-square]                        606.6446 (436.00)      618.8369 (340.88)      612.7407 (405.77)    8.6213 (inf)         612.7407 (403.36)    12.1923 (inf)           0;0    1.6320 (0.00)          2           1
test_hamiltonians[ham_bh_graph-1D-grid-pbc-qubitnodes_Lx-10_U-30_enc-unary_d-8-all-to-all]                         628.3307 (451.58)      632.1067 (348.18)      630.2187 (417.34)    2.6700 (inf)         630.2187 (414.86)     3.7759 (inf)           0;0    1.5868 (0.00)          2           1
test_hamiltonians[ham_bh_graph-2D-triag-pbc-qubitnodes_Lx-5_Ly-5_U-30_enc-unary_d-4-heavy-hex]                     630.2785 (452.98)      640.4209 (352.76)      635.3497 (420.74)    7.1718 (inf)         635.3497 (418.24)    10.1424 (inf)           0;0    1.5739 (0.00)          2           1
test_hamiltonians[ham_graph-2D-grid-pbc-qubitnodes_Lx-4_Ly-190_h-0-heavy-hex]                                      653.9851 (470.02)      664.2372 (365.88)      659.1111 (436.47)    7.2493 (inf)         659.1111 (433.88)    10.2521 (inf)           0;0    1.5172 (0.00)          2           1
test_hamiltonians[ham_bh_graph-2D-triag-nonpbc-qubitnodes_Lx-11_Ly-11_U-100_enc-gray_d-4-square]                   679.7192 (488.52)      683.4847 (376.49)      681.6020 (451.37)    2.6626 (inf)         681.6020 (448.69)     3.7655 (inf)           0;0    1.4671 (0.00)          2           1
test_hamiltonians[ham_fh-graph-2D-grid-pbc-qubitnodes_Lx-2_Ly-105_U-8_enc-bk-heavy-hex]                            724.0359 (520.37)      739.4207 (407.30)      731.7283 (484.56)   10.8787 (inf)         731.7283 (481.68)    15.3848 (inf)           0;0    1.3666 (0.00)          2           1
test_hamiltonians[ham_gnp-k_5_n-90_rinst-02-linear]                                                                732.3660 (526.35)      772.2845 (425.40)      752.3252 (498.20)   28.2266 (inf)         752.3252 (495.24)    39.9185 (inf)           0;0    1.3292 (0.00)          2           1
test_hamiltonians[ham_bh_graph-1D-grid-pbc-qubitnodes_Lx-10_U-30_enc-unary_d-8-square]                             732.6221 (526.54)      795.4987 (438.19)      764.0604 (505.97)   44.4605 (inf)         764.0604 (502.97)    62.8766 (inf)           0;0    1.3088 (0.00)          2           1
test_hamiltonians[ham_bh_graph-2D-triag-pbc-qubitnodes_Lx-5_Ly-5_U-30_enc-unary_d-4-linear]                        735.4971 (528.60)      784.7747 (432.28)      760.1359 (503.37)   34.8446 (inf)         760.1359 (500.38)    49.2776 (inf)           0;0    1.3156 (0.00)          2           1
test_hamiltonians[ham_fh-graph-2D-triag-nonpbc-qubitnodes_Lx-16_Ly-16_U-4_enc-bk-all-to-all]                       750.8349 (539.63)      752.7307 (414.63)      751.7828 (497.84)    1.3405 (inf)         751.7828 (494.89)     1.8957 (inf)           0;0    1.3302 (0.00)          2           1
test_hamiltonians[ham_bh_graph-1D-grid-pbc-qubitnodes_Lx-10_U-30_enc-unary_d-8-heavy-hex]                          759.8654 (546.12)      805.4190 (443.65)      782.6422 (518.28)   32.2112 (inf)         782.6422 (515.20)    45.5536 (inf)           0;0    1.2777 (0.00)          2           1
test_hamiltonians[ham_bh_graph-1D-grid-pbc-qubitnodes_Lx-10_U-30_enc-unary_d-8-linear]                             763.9532 (549.06)      781.2404 (430.33)      772.5968 (511.63)   12.2239 (inf)         772.5968 (508.59)    17.2872 (inf)           0;0    1.2943 (0.00)          2           1
test_hamiltonians[ham_bh_graph-2D-triag-pbc-qubitnodes_Lx-10_Ly-10_U-30_enc-stdbinary_d-4-linear]                  790.3027 (567.99)      803.8962 (442.81)      797.0995 (527.85)    9.6121 (inf)         797.0995 (524.72)    13.5936 (inf)           0;0    1.2545 (0.00)          2           1
test_hamiltonians[ham_1-fullins_5,n-48,rinst-7-linear]                                                             793.9032 (570.58)      798.1698 (439.66)      796.0365 (527.15)    3.0169 (inf)         796.0365 (524.02)     4.2666 (inf)           0;0    1.2562 (0.00)          2           1
test_hamiltonians[ham_bh_graph-2D-triag-nonpbc-qubitnodes_Lx-11_Ly-11_U-100_enc-gray_d-4-heavy-hex]                826.5089 (594.01)      868.5333 (478.42)      847.5211 (561.24)   29.7157 (inf)         847.5211 (557.91)    42.0244 (inf)           0;0    1.1799 (0.00)          2           1
test_hamiltonians[ham_fh-graph-2D-triag-nonpbc-qubitnodes_Lx-16_Ly-16_U-4_enc-bk-square]                           860.7692 (618.64)      866.8933 (477.51)      863.8312 (572.04)    4.3304 (inf)         863.8312 (568.64)     6.1242 (inf)           0;0    1.1576 (0.00)          2           1
test_hamiltonians[ham_graph-2D-grid-pbc-qubitnodes_Lx-4_Ly-190_h-0-linear]                                         867.7703 (623.67)      942.2770 (519.04)      905.0237 (599.32)   52.6842 (inf)         905.0237 (595.76)    74.5068 (inf)           0;0    1.1049 (0.00)          2           1
test_hamiltonians[ham_graph-2D-grid-nonpbc-qubitnodes_Lx-5_Ly-186_h-0.5-heavy-hex]                                 896.7028 (644.46)      911.4800 (502.07)      904.0914 (598.70)   10.4491 (inf)         904.0914 (595.15)    14.7772 (inf)           0;0    1.1061 (0.00)          2           1
test_hamiltonians[ham_ham_JW-18-all-to-all]                                                                        917.1619 (659.17)      950.1564 (523.38)      933.6592 (618.28)   23.3306 (inf)         933.6592 (614.61)    32.9945 (inf)           0;0    1.0711 (0.00)          2           1
test_hamiltonians[ham_graph-2D-grid-pbc-qubitnodes_Lx-5_Ly-186_h-3-square]                                         926.6791 (666.01)      936.4149 (515.81)      931.5470 (616.89)    6.8842 (inf)         931.5470 (613.22)     9.7358 (inf)           0;0    1.0735 (0.00)          2           1
test_hamiltonians[ham_fh-graph-2D-grid-pbc-qubitnodes_Lx-5_Ly-72_U-0_enc-parity-linear]                            953.6279 (685.38)      998.3014 (549.90)      975.9647 (646.30)   31.5889 (inf)         975.9647 (642.46)    44.6734 (inf)           0;0    1.0246 (0.00)          2           1
test_hamiltonians[ham_fh-graph-2D-grid-pbc-qubitnodes_Lx-2_Ly-105_U-8_enc-bk-all-to-all]                           955.1828 (686.49)      958.4770 (527.96)      956.8299 (633.63)    2.3293 (inf)         956.8299 (629.86)     3.2942 (inf)           0;0    1.0451 (0.00)          2           1
test_hamiltonians[ham_graph-2D-grid-pbc-qubitnodes_Lx-5_Ly-186_h-3-heavy-hex]                                      991.6776 (712.72)      991.6776 (546.25)      991.6776 (656.71)    0.0000 (1.0)         991.6776 (652.80)     0.0000 (1.0)           0;0    1.0084 (0.00)          1           1
test_hamiltonians[ham_ash608gpia,n-160,rinst-1-all-to-all]                                                       1,044.3552 (750.58)    1,044.3552 (575.26)    1,044.3552 (691.59)    0.0000 (1.0)       1,044.3552 (687.48)     0.0000 (1.0)           0;0    0.9575 (0.00)          1           1
test_hamiltonians[ham_graph-2D-triag-nonpbc-qubitnodes_Lx-40_Ly-40_h-0.1-square]                                 1,044.4133 (750.62)    1,044.4133 (575.30)    1,044.4133 (691.63)    0.0000 (1.0)       1,044.4133 (687.52)     0.0000 (1.0)           0;0    0.9575 (0.00)          1           1
test_hamiltonians[ham_bh_graph-2D-triag-nonpbc-qubitnodes_Lx-11_Ly-11_U-100_enc-gray_d-4-linear]                 1,080.2028 (776.35)    1,080.2028 (595.01)    1,080.2028 (715.33)    0.0000 (1.0)       1,080.2028 (711.08)     0.0000 (1.0)           0;0    0.9258 (0.00)          1           1
test_hamiltonians[ham_fh-graph-2D-triag-nonpbc-qubitnodes_Lx-16_Ly-16_U-4_enc-bk-heavy-hex]                      1,097.1834 (788.55)    1,097.1834 (604.36)    1,097.1834 (726.57)    0.0000 (1.0)       1,097.1834 (722.26)     0.0000 (1.0)           0;0    0.9114 (0.00)          1           1
test_hamiltonians[ham_graph-2D-triag-nonpbc-qubitnodes_Lx-40_Ly-40_h-0.1-heavy-hex]                              1,099.2183 (790.01)    1,099.2183 (605.48)    1,099.2183 (727.92)    0.0000 (1.0)       1,099.2183 (723.60)     0.0000 (1.0)           0;0    0.9097 (0.00)          1           1
test_hamiltonians[ham_graph-2D-grid-nonpbc-qubitnodes_Lx-5_Ly-186_h-0.5-linear]                                  1,155.4393 (830.42)    1,155.4393 (636.45)    1,155.4393 (765.15)    0.0000 (1.0)       1,155.4393 (760.60)     0.0000 (1.0)           0;0    0.8655 (0.00)          1           1
test_hamiltonians[ham_bh_graph-2D-triag-pbc-qubitnodes_Lx-3_Ly-22_U-70_enc-unary_d-4-all-to-all]                 1,180.2732 (848.27)    1,180.2732 (650.13)    1,180.2732 (781.60)    0.0000 (1.0)       1,180.2732 (776.95)     0.0000 (1.0)           0;0    0.8473 (0.00)          1           1
test_hamiltonians[ham_ham_JW-18-heavy-hex]                                                                       1,220.0676 (876.87)    1,220.0676 (672.05)    1,220.0676 (807.95)    0.0000 (1.0)       1,220.0676 (803.15)     0.0000 (1.0)           0;0    0.8196 (0.00)          1           1
test_hamiltonians[ham_ham_JW-18-linear]                                                                          1,313.7367 (944.19)    1,313.7367 (723.65)    1,313.7367 (869.98)    0.0000 (1.0)       1,313.7367 (864.81)     0.0000 (1.0)           0;0    0.7612 (0.00)          1           1
test_hamiltonians[ham_ash608gpia,n-160,rinst-1-linear]                                                           1,340.3440 (963.31)    1,340.3440 (738.30)    1,340.3440 (887.60)    0.0000 (1.0)       1,340.3440 (882.32)     0.0000 (1.0)           0;0    0.7461 (0.00)          1           1
test_hamiltonians[ham_ham_JW-18-square]                                                                          1,390.3074 (999.22)    1,390.3074 (765.83)    1,390.3074 (920.68)    0.0000 (1.0)       1,390.3074 (915.21)     0.0000 (1.0)           0;0    0.7193 (0.00)          1           1
test_hamiltonians[ham_graph-2D-grid-pbc-qubitnodes_Lx-5_Ly-186_h-3-linear]                                       1,413.9550 (>1000.0)   1,413.9550 (778.85)    1,413.9550 (936.34)    0.0000 (1.0)       1,413.9550 (930.78)     0.0000 (1.0)           0;0    0.7072 (0.00)          1           1
test_hamiltonians[ham_graph-2D-grid-nonpbc-qubitnodes_Lx-4_Ly-133_h-0.1-all-to-all]                              1,451.4716 (>1000.0)   1,451.4716 (799.52)    1,451.4716 (961.19)    0.0000 (1.0)       1,451.4716 (955.48)     0.0000 (1.0)           0;0    0.6890 (0.00)          1           1
test_hamiltonians[ham_bh_graph-2D-triag-pbc-qubitnodes_Lx-3_Ly-22_U-70_enc-unary_d-4-square]                     1,472.8772 (>1000.0)   1,472.8772 (811.31)    1,472.8772 (975.36)    0.0000 (1.0)       1,472.8772 (969.57)     0.0000 (1.0)           0;0    0.6789 (0.00)          1           1
test_hamiltonians[ham_graph-2D-grid-nonpbc-qubitnodes_Lx-5_Ly-186_h-0.5-square]                                  1,520.1973 (>1000.0)   1,520.1973 (837.37)    1,520.1973 (>1000.0)   0.0000 (1.0)       1,520.1973 (>1000.0)    0.0000 (1.0)           0;0    0.6578 (0.00)          1           1
test_hamiltonians[ham_bh_graph-2D-triag-pbc-qubitnodes_Lx-3_Ly-22_U-70_enc-unary_d-4-heavy-hex]                  1,576.3912 (>1000.0)   1,576.3912 (868.33)    1,576.3912 (>1000.0)   0.0000 (1.0)       1,576.3912 (>1000.0)    0.0000 (1.0)           0;0    0.6344 (0.00)          1           1
test_hamiltonians[ham_fh-graph-2D-grid-pbc-qubitnodes_Lx-2_Ly-105_U-8_enc-bk-linear]                             1,785.6920 (>1000.0)   1,785.6920 (983.62)    1,785.6920 (>1000.0)   0.0000 (1.0)       1,785.6920 (>1000.0)    0.0000 (1.0)           0;0    0.5600 (0.00)          1           1
test_hamiltonians[ham_ham_BK22-all-to-all]                                                                       1,820.2859 (>1000.0)   1,820.2859 (>1000.0)   1,820.2859 (>1000.0)   0.0000 (1.0)       1,820.2859 (>1000.0)    0.0000 (1.0)           0;0    0.5494 (0.00)          1           1
test_hamiltonians[ham_graph-2D-triag-nonpbc-qubitnodes_Lx-40_Ly-40_h-0.1-linear]                                 1,897.4209 (>1000.0)   1,897.4209 (>1000.0)   1,897.4209 (>1000.0)   0.0000 (1.0)       1,897.4209 (>1000.0)    0.0000 (1.0)           0;0    0.5270 (0.00)          1           1
test_hamiltonians[ham_graph-2D-grid-pbc-qubitnodes_Lx-4_Ly-148_h-6-all-to-all]                                   1,922.2895 (>1000.0)   1,922.2895 (>1000.0)   1,922.2895 (>1000.0)   0.0000 (1.0)       1,922.2895 (>1000.0)    0.0000 (1.0)           0;0    0.5202 (0.00)          1           1
test_hamiltonians[ham_bh_graph-2D-triag-pbc-qubitnodes_Lx-3_Ly-22_U-70_enc-unary_d-4-linear]                     1,977.7715 (>1000.0)   1,977.7715 (>1000.0)   1,977.7715 (>1000.0)   0.0000 (1.0)       1,977.7715 (>1000.0)    0.0000 (1.0)           0;0    0.5056 (0.00)          1           1
test_hamiltonians[ham_fh-graph-2D-triag-nonpbc-qubitnodes_Lx-16_Ly-16_U-4_enc-bk-linear]                         2,462.9850 (>1000.0)   2,462.9850 (>1000.0)   2,462.9850 (>1000.0)   0.0000 (1.0)       2,462.9850 (>1000.0)    0.0000 (1.0)           0;0    0.4060 (0.00)          1           1
test_hamiltonians[ham_ham_JW-22-all-to-all]                                                                      2,779.3437 (>1000.0)   2,779.3437 (>1000.0)   2,779.3437 (>1000.0)   0.0000 (1.0)       2,779.3437 (>1000.0)    0.0000 (1.0)           0;0    0.3598 (0.00)          1           1
test_hamiltonians[ham_ham_BK22-square]                                                                           3,293.7660 (>1000.0)   3,293.7660 (>1000.0)   3,293.7660 (>1000.0)   0.0000 (1.0)       3,293.7660 (>1000.0)    0.0000 (1.0)           0;0    0.3036 (0.00)          1           1
test_hamiltonians[ham_fh-graph-2D-grid-pbc-qubitnodes_Lx-5_Ly-72_U-0_enc-parity-square]                          3,913.9796 (>1000.0)   3,913.9796 (>1000.0)   3,913.9796 (>1000.0)   0.0000 (1.0)       3,913.9796 (>1000.0)    0.0000 (1.0)           0;0    0.2555 (0.00)          1           1
test_hamiltonians[ham_graph-2D-grid-pbc-qubitnodes_Lx-4_Ly-190_h-0-all-to-all]                                   3,936.7248 (>1000.0)   3,936.7248 (>1000.0)   3,936.7248 (>1000.0)   0.0000 (1.0)       3,936.7248 (>1000.0)    0.0000 (1.0)           0;0    0.2540 (0.00)          1           1
test_hamiltonians[ham_ham_BK22-heavy-hex]                                                                        4,227.1072 (>1000.0)   4,227.1072 (>1000.0)   4,227.1072 (>1000.0)   0.0000 (1.0)       4,227.1072 (>1000.0)    0.0000 (1.0)           0;0    0.2366 (0.00)          1           1
test_hamiltonians[ham_fh-graph-2D-grid-pbc-qubitnodes_Lx-5_Ly-72_U-0_enc-parity-all-to-all]                      4,277.1287 (>1000.0)   4,277.1287 (>1000.0)   4,277.1287 (>1000.0)   0.0000 (1.0)       4,277.1287 (>1000.0)    0.0000 (1.0)           0;0    0.2338 (0.00)          1           1
test_hamiltonians[ham_ham_JW-22-square]                                                                          4,734.3337 (>1000.0)   4,734.3337 (>1000.0)   4,734.3337 (>1000.0)   0.0000 (1.0)       4,734.3337 (>1000.0)    0.0000 (1.0)           0;0    0.2112 (0.00)          1           1
test_hamiltonians[ham_ham_JW24-all-to-all]                                                                       4,768.2932 (>1000.0)   4,768.2932 (>1000.0)   4,768.2932 (>1000.0)   0.0000 (1.0)       4,768.2932 (>1000.0)    0.0000 (1.0)           0;0    0.2097 (0.00)          1           1
test_hamiltonians[ham_ham_BK22-linear]                                                                           5,311.9380 (>1000.0)   5,311.9380 (>1000.0)   5,311.9380 (>1000.0)   0.0000 (1.0)       5,311.9380 (>1000.0)    0.0000 (1.0)           0;0    0.1883 (0.00)          1           1
test_hamiltonians[ham_ham_JW-22-heavy-hex]                                                                       5,466.0709 (>1000.0)   5,466.0709 (>1000.0)   5,466.0709 (>1000.0)   0.0000 (1.0)       5,466.0709 (>1000.0)    0.0000 (1.0)           0;0    0.1829 (0.00)          1           1
test_hamiltonians[ham_graph-2D-triag-nonpbc-qubitnodes_Lx-40_Ly-40_h-0.1-all-to-all]                             5,816.2371 (>1000.0)   5,816.2371 (>1000.0)   5,816.2371 (>1000.0)   0.0000 (1.0)       5,816.2371 (>1000.0)    0.0000 (1.0)           0;0    0.1719 (0.00)          1           1
test_hamiltonians[ham_ham_JW-22-linear]                                                                          6,317.2772 (>1000.0)   6,317.2772 (>1000.0)   6,317.2772 (>1000.0)   0.0000 (1.0)       6,317.2772 (>1000.0)    0.0000 (1.0)           0;0    0.1583 (0.00)          1           1
test_hamiltonians[ham_graph-2D-grid-pbc-qubitnodes_Lx-5_Ly-186_h-3-all-to-all]                                   6,894.4461 (>1000.0)   6,894.4461 (>1000.0)   6,894.4461 (>1000.0)   0.0000 (1.0)       6,894.4461 (>1000.0)    0.0000 (1.0)           0;0    0.1450 (0.00)          1           1
test_hamiltonians[ham_graph-2D-grid-nonpbc-qubitnodes_Lx-5_Ly-186_h-0.5-all-to-all]                              7,023.6137 (>1000.0)   7,023.6137 (>1000.0)   7,023.6137 (>1000.0)   0.0000 (1.0)       7,023.6137 (>1000.0)    0.0000 (1.0)           0;0    0.1424 (0.00)          1           1
test_hamiltonians[ham_ham_JW24-square]                                                                           8,477.0042 (>1000.0)   8,477.0042 (>1000.0)   8,477.0042 (>1000.0)   0.0000 (1.0)       8,477.0042 (>1000.0)    0.0000 (1.0)           0;0    0.1180 (0.00)          1           1
test_hamiltonians[ham_ham_JW24-heavy-hex]                                                                       10,871.8187 (>1000.0)  10,871.8187 (>1000.0)  10,871.8187 (>1000.0)   0.0000 (1.0)      10,871.8187 (>1000.0)    0.0000 (1.0)           0;0    0.0920 (0.00)          1           1
test_hamiltonians[ham_ham_JW24-linear]                                                                          11,906.8128 (>1000.0)  11,906.8128 (>1000.0)  11,906.8128 (>1000.0)   0.0000 (1.0)      11,906.8128 (>1000.0)    0.0000 (1.0)           0;0    0.0840 (0.00)          1           1
test_hamiltonians[ham_fh-graph-2D-grid-pbc-qubitnodes_Lx-5_Ly-72_U-0_enc-parity-heavy-hex]                      17,836.1864 (>1000.0)  17,836.1864 (>1000.0)  17,836.1864 (>1000.0)   0.0000 (1.0)      17,836.1864 (>1000.0)    0.0000 (1.0)           0;0    0.0561 (0.00)          1           1
---------------------------------------------------------------------------------------------------------------------------------------------------------------------------------------------------------------------------------------------------------------------------------------------------

Legend:
  Outliers: 1 Standard Deviation from Mean; 1.5 IQR (InterQuartile Range) from 1st Quartile and 3rd Quartile.
  OPS: Operations Per Second, computed as 1 / Mean
======================= 400 passed in 1202.53s (0:20:02) =======================
