============================= test session starts ==============================
platform linux -- Python 3.11.11, pytest-9.0.2, pluggy-1.6.0
benchmark: 4.0.0 (defaults: timer=time.perf_counter disable_gc=False min_rounds=1 min_time=0.000005 max_time=1.0 calibration_precision=10 warmup=False warmup_iterations=100000)
qiskit: 2.5.0.dev0+5e07775
qiskit_ibm_runtime: 0.46.1
timeout_skip_list: 0
rootdir: /mnt/data/benchpress/benchpress
configfile: pytest.ini
plugins: anyio-4.12.1, benchmark-4.0.0, memray-1.8.0, timeout-2.4.0
collected 400 items

benchpress/qiskit_gym/abstract_transpile/test_hamiltonians.py::TestWorkoutAbstractHamiltonians::test_hamiltonians[ham_enc_stdbinary_dvalues_d-level-4-all-to-all] PASSED [  0%]
benchpress/qiskit_gym/abstract_transpile/test_hamiltonians.py::TestWorkoutAbstractHamiltonians::test_hamiltonians[ham_enc_stdbinary_dvalues_d-level-4-square] PASSED [  0%]
benchpress/qiskit_gym/abstract_transpile/test_hamiltonians.py::TestWorkoutAbstractHamiltonians::test_hamiltonians[ham_enc_stdbinary_dvalues_d-level-4-heavy-hex] PASSED [  0%]
benchpress/qiskit_gym/abstract_transpile/test_hamiltonians.py::TestWorkoutAbstractHamiltonians::test_hamiltonians[ham_enc_stdbinary_dvalues_d-level-4-linear] PASSED [  1%]
benchpress/qiskit_gym/abstract_transpile/test_hamiltonians.py::TestWorkoutAbstractHamiltonians::test_hamiltonians[ham_mu_y_prime_enc_stdbinary_dvalues_8-8-4-4-all-to-all] PASSED [  1%]
benchpress/qiskit_gym/abstract_transpile/test_hamiltonians.py::TestWorkoutAbstractHamiltonians::test_hamiltonians[ham_mu_y_prime_enc_stdbinary_dvalues_8-8-4-4-square] PASSED [  1%]
benchpress/qiskit_gym/abstract_transpile/test_hamiltonians.py::TestWorkoutAbstractHamiltonians::test_hamiltonians[ham_mu_y_prime_enc_stdbinary_dvalues_8-8-4-4-heavy-hex] PASSED [  1%]
benchpress/qiskit_gym/abstract_transpile/test_hamiltonians.py::TestWorkoutAbstractHamiltonians::test_hamiltonians[ham_mu_y_prime_enc_stdbinary_dvalues_8-8-4-4-linear] PASSED [  2%]
benchpress/qiskit_gym/abstract_transpile/test_hamiltonians.py::TestWorkoutAbstractHamiltonians::test_hamiltonians[ham_mu_y_prime_enc_unary_dvalues_4-4-4-all-to-all] PASSED [  2%]
benchpress/qiskit_gym/abstract_transpile/test_hamiltonians.py::TestWorkoutAbstractHamiltonians::test_hamiltonians[ham_mu_y_prime_enc_unary_dvalues_4-4-4-square] PASSED [  2%]
benchpress/qiskit_gym/abstract_transpile/test_hamiltonians.py::TestWorkoutAbstractHamiltonians::test_hamiltonians[ham_mu_y_prime_enc_unary_dvalues_4-4-4-heavy-hex] PASSED [  2%]
benchpress/qiskit_gym/abstract_transpile/test_hamiltonians.py::TestWorkoutAbstractHamiltonians::test_hamiltonians[ham_mu_y_prime_enc_unary_dvalues_4-4-4-linear] PASSED [  3%]
benchpress/qiskit_gym/abstract_transpile/test_hamiltonians.py::TestWorkoutAbstractHamiltonians::test_hamiltonians[ham_mu_z_prime_enc_gray_dvalues_4-4-4-4-all-to-all] PASSED [  3%]
benchpress/qiskit_gym/abstract_transpile/test_hamiltonians.py::TestWorkoutAbstractHamiltonians::test_hamiltonians[ham_mu_z_prime_enc_gray_dvalues_4-4-4-4-square] PASSED [  3%]
benchpress/qiskit_gym/abstract_transpile/test_hamiltonians.py::TestWorkoutAbstractHamiltonians::test_hamiltonians[ham_mu_z_prime_enc_gray_dvalues_4-4-4-4-heavy-hex] PASSED [  3%]
benchpress/qiskit_gym/abstract_transpile/test_hamiltonians.py::TestWorkoutAbstractHamiltonians::test_hamiltonians[ham_mu_z_prime_enc_gray_dvalues_4-4-4-4-linear] PASSED [  4%]
benchpress/qiskit_gym/abstract_transpile/test_hamiltonians.py::TestWorkoutAbstractHamiltonians::test_hamiltonians[ham_gnp-k_2_n-4_rinst-05-all-to-all] PASSED [  4%]
benchpress/qiskit_gym/abstract_transpile/test_hamiltonians.py::TestWorkoutAbstractHamiltonians::test_hamiltonians[ham_gnp-k_2_n-4_rinst-05-square] PASSED [  4%]
benchpress/qiskit_gym/abstract_transpile/test_hamiltonians.py::TestWorkoutAbstractHamiltonians::test_hamiltonians[ham_gnp-k_2_n-4_rinst-05-heavy-hex] PASSED [  4%]
benchpress/qiskit_gym/abstract_transpile/test_hamiltonians.py::TestWorkoutAbstractHamiltonians::test_hamiltonians[ham_gnp-k_2_n-4_rinst-05-linear] PASSED [  5%]
benchpress/qiskit_gym/abstract_transpile/test_hamiltonians.py::TestWorkoutAbstractHamiltonians::test_hamiltonians[ham_ham_parity-4-all-to-all] PASSED [  5%]
benchpress/qiskit_gym/abstract_transpile/test_hamiltonians.py::TestWorkoutAbstractHamiltonians::test_hamiltonians[ham_ham_parity-4-square] PASSED [  5%]
benchpress/qiskit_gym/abstract_transpile/test_hamiltonians.py::TestWorkoutAbstractHamiltonians::test_hamiltonians[ham_ham_parity-4-heavy-hex] PASSED [  5%]
benchpress/qiskit_gym/abstract_transpile/test_hamiltonians.py::TestWorkoutAbstractHamiltonians::test_hamiltonians[ham_ham_parity-4-linear] PASSED [  6%]
benchpress/qiskit_gym/abstract_transpile/test_hamiltonians.py::TestWorkoutAbstractHamiltonians::test_hamiltonians[ham_mu_y_prime_enc_stdbinary_dvalues_16-16-16-16-8-8-8-all-to-all] PASSED [  6%]
benchpress/qiskit_gym/abstract_transpile/test_hamiltonians.py::TestWorkoutAbstractHamiltonians::test_hamiltonians[ham_mu_y_prime_enc_stdbinary_dvalues_16-16-16-16-8-8-8-square] PASSED [  6%]
benchpress/qiskit_gym/abstract_transpile/test_hamiltonians.py::TestWorkoutAbstractHamiltonians::test_hamiltonians[ham_mu_y_prime_enc_stdbinary_dvalues_16-16-16-16-8-8-8-heavy-hex] PASSED [  6%]
benchpress/qiskit_gym/abstract_transpile/test_hamiltonians.py::TestWorkoutAbstractHamiltonians::test_hamiltonians[ham_mu_y_prime_enc_stdbinary_dvalues_16-16-16-16-8-8-8-linear] PASSED [  7%]
benchpress/qiskit_gym/abstract_transpile/test_hamiltonians.py::TestWorkoutAbstractHamiltonians::test_hamiltonians[ham_mu_y_prime_enc_gray_dvalues_16-16-16-all-to-all] PASSED [  7%]
benchpress/qiskit_gym/abstract_transpile/test_hamiltonians.py::TestWorkoutAbstractHamiltonians::test_hamiltonians[ham_mu_y_prime_enc_gray_dvalues_16-16-16-square] PASSED [  7%]
benchpress/qiskit_gym/abstract_transpile/test_hamiltonians.py::TestWorkoutAbstractHamiltonians::test_hamiltonians[ham_mu_y_prime_enc_gray_dvalues_16-16-16-heavy-hex] PASSED [  7%]
benchpress/qiskit_gym/abstract_transpile/test_hamiltonians.py::TestWorkoutAbstractHamiltonians::test_hamiltonians[ham_mu_y_prime_enc_gray_dvalues_16-16-16-linear] PASSED [  8%]
benchpress/qiskit_gym/abstract_transpile/test_hamiltonians.py::TestWorkoutAbstractHamiltonians::test_hamiltonians[ham_enc_gray_dvalues_d-level-16-all-to-all] PASSED [  8%]
benchpress/qiskit_gym/abstract_transpile/test_hamiltonians.py::TestWorkoutAbstractHamiltonians::test_hamiltonians[ham_enc_gray_dvalues_d-level-16-square] PASSED [  8%]
benchpress/qiskit_gym/abstract_transpile/test_hamiltonians.py::TestWorkoutAbstractHamiltonians::test_hamiltonians[ham_enc_gray_dvalues_d-level-16-heavy-hex] PASSED [  8%]
benchpress/qiskit_gym/abstract_transpile/test_hamiltonians.py::TestWorkoutAbstractHamiltonians::test_hamiltonians[ham_enc_gray_dvalues_d-level-16-linear] PASSED [  9%]
benchpress/qiskit_gym/abstract_transpile/test_hamiltonians.py::TestWorkoutAbstractHamiltonians::test_hamiltonians[ham_mu_y_prime_enc_stdbinary_dvalues_8-8-8-8-8-8-all-to-all] PASSED [  9%]
benchpress/qiskit_gym/abstract_transpile/test_hamiltonians.py::TestWorkoutAbstractHamiltonians::test_hamiltonians[ham_mu_y_prime_enc_stdbinary_dvalues_8-8-8-8-8-8-square] PASSED [  9%]
benchpress/qiskit_gym/abstract_transpile/test_hamiltonians.py::TestWorkoutAbstractHamiltonians::test_hamiltonians[ham_mu_y_prime_enc_stdbinary_dvalues_8-8-8-8-8-8-heavy-hex] PASSED [  9%]
benchpress/qiskit_gym/abstract_transpile/test_hamiltonians.py::TestWorkoutAbstractHamiltonians::test_hamiltonians[ham_mu_y_prime_enc_stdbinary_dvalues_8-8-8-8-8-8-linear] PASSED [ 10%]
benchpress/qiskit_gym/abstract_transpile/test_hamiltonians.py::TestWorkoutAbstractHamiltonians::test_hamiltonians[ham_gnp-k_4_n-6_rinst-15-all-to-all] PASSED [ 10%]
benchpress/qiskit_gym/abstract_transpile/test_hamiltonians.py::TestWorkoutAbstractHamiltonians::test_hamiltonians[ham_gnp-k_4_n-6_rinst-15-square] PASSED [ 10%]
benchpress/qiskit_gym/abstract_transpile/test_hamiltonians.py::TestWorkoutAbstractHamiltonians::test_hamiltonians[ham_gnp-k_4_n-6_rinst-15-heavy-hex] PASSED [ 10%]
benchpress/qiskit_gym/abstract_transpile/test_hamiltonians.py::TestWorkoutAbstractHamiltonians::test_hamiltonians[ham_gnp-k_4_n-6_rinst-15-linear] PASSED [ 11%]
benchpress/qiskit_gym/abstract_transpile/test_hamiltonians.py::TestWorkoutAbstractHamiltonians::test_hamiltonians[ham_ham_JW-6-all-to-all] PASSED [ 11%]
benchpress/qiskit_gym/abstract_transpile/test_hamiltonians.py::TestWorkoutAbstractHamiltonians::test_hamiltonians[ham_ham_JW-6-square] PASSED [ 11%]
benchpress/qiskit_gym/abstract_transpile/test_hamiltonians.py::TestWorkoutAbstractHamiltonians::test_hamiltonians[ham_ham_JW-6-heavy-hex] PASSED [ 11%]
benchpress/qiskit_gym/abstract_transpile/test_hamiltonians.py::TestWorkoutAbstractHamiltonians::test_hamiltonians[ham_ham_JW-6-linear] PASSED [ 12%]
benchpress/qiskit_gym/abstract_transpile/test_hamiltonians.py::TestWorkoutAbstractHamiltonians::test_hamiltonians[ham_mu_y_prime_enc_unary_dvalues_8-8-8-8-8-8-8-all-to-all] PASSED [ 12%]
benchpress/qiskit_gym/abstract_transpile/test_hamiltonians.py::TestWorkoutAbstractHamiltonians::test_hamiltonians[ham_mu_y_prime_enc_unary_dvalues_8-8-8-8-8-8-8-square] PASSED [ 12%]
benchpress/qiskit_gym/abstract_transpile/test_hamiltonians.py::TestWorkoutAbstractHamiltonians::test_hamiltonians[ham_mu_y_prime_enc_unary_dvalues_8-8-8-8-8-8-8-heavy-hex] PASSED [ 12%]
benchpress/qiskit_gym/abstract_transpile/test_hamiltonians.py::TestWorkoutAbstractHamiltonians::test_hamiltonians[ham_mu_y_prime_enc_unary_dvalues_8-8-8-8-8-8-8-linear] PASSED [ 13%]
benchpress/qiskit_gym/abstract_transpile/test_hamiltonians.py::TestWorkoutAbstractHamiltonians::test_hamiltonians[ham_7-uf20-0384.cnf-8-res-all-to-all] PASSED [ 13%]
benchpress/qiskit_gym/abstract_transpile/test_hamiltonians.py::TestWorkoutAbstractHamiltonians::test_hamiltonians[ham_7-uf20-0384.cnf-8-res-square] PASSED [ 13%]
benchpress/qiskit_gym/abstract_transpile/test_hamiltonians.py::TestWorkoutAbstractHamiltonians::test_hamiltonians[ham_7-uf20-0384.cnf-8-res-heavy-hex] PASSED [ 13%]
benchpress/qiskit_gym/abstract_transpile/test_hamiltonians.py::TestWorkoutAbstractHamiltonians::test_hamiltonians[ham_7-uf20-0384.cnf-8-res-linear] PASSED [ 14%]
benchpress/qiskit_gym/abstract_transpile/test_hamiltonians.py::TestWorkoutAbstractHamiltonians::test_hamiltonians[ham_tsp_rand-002_Ncity-4_enc-stdbinary-all-to-all] PASSED [ 14%]
benchpress/qiskit_gym/abstract_transpile/test_hamiltonians.py::TestWorkoutAbstractHamiltonians::test_hamiltonians[ham_tsp_rand-002_Ncity-4_enc-stdbinary-square] PASSED [ 14%]
benchpress/qiskit_gym/abstract_transpile/test_hamiltonians.py::TestWorkoutAbstractHamiltonians::test_hamiltonians[ham_tsp_rand-002_Ncity-4_enc-stdbinary-heavy-hex] PASSED [ 14%]
benchpress/qiskit_gym/abstract_transpile/test_hamiltonians.py::TestWorkoutAbstractHamiltonians::test_hamiltonians[ham_tsp_rand-002_Ncity-4_enc-stdbinary-linear] PASSED [ 15%]
benchpress/qiskit_gym/abstract_transpile/test_hamiltonians.py::TestWorkoutAbstractHamiltonians::test_hamiltonians[ham_ham_JW-8-all-to-all] PASSED [ 15%]
benchpress/qiskit_gym/abstract_transpile/test_hamiltonians.py::TestWorkoutAbstractHamiltonians::test_hamiltonians[ham_ham_JW-8-square] PASSED [ 15%]
benchpress/qiskit_gym/abstract_transpile/test_hamiltonians.py::TestWorkoutAbstractHamiltonians::test_hamiltonians[ham_ham_JW-8-heavy-hex] PASSED [ 15%]
benchpress/qiskit_gym/abstract_transpile/test_hamiltonians.py::TestWorkoutAbstractHamiltonians::test_hamiltonians[ham_ham_JW-8-linear] PASSED [ 16%]
benchpress/qiskit_gym/abstract_transpile/test_hamiltonians.py::TestWorkoutAbstractHamiltonians::test_hamiltonians[ham_enc_gray_dvalues_8-8-8-all-to-all] PASSED [ 16%]
benchpress/qiskit_gym/abstract_transpile/test_hamiltonians.py::TestWorkoutAbstractHamiltonians::test_hamiltonians[ham_enc_gray_dvalues_8-8-8-square] PASSED [ 16%]
benchpress/qiskit_gym/abstract_transpile/test_hamiltonians.py::TestWorkoutAbstractHamiltonians::test_hamiltonians[ham_enc_gray_dvalues_8-8-8-heavy-hex] PASSED [ 16%]
benchpress/qiskit_gym/abstract_transpile/test_hamiltonians.py::TestWorkoutAbstractHamiltonians::test_hamiltonians[ham_enc_gray_dvalues_8-8-8-linear] PASSED [ 17%]
benchpress/qiskit_gym/abstract_transpile/test_hamiltonians.py::TestWorkoutAbstractHamiltonians::test_hamiltonians[ham_complbipart-n-10_a-5_b-5-all-to-all] PASSED [ 17%]
benchpress/qiskit_gym/abstract_transpile/test_hamiltonians.py::TestWorkoutAbstractHamiltonians::test_hamiltonians[ham_complbipart-n-10_a-5_b-5-square] PASSED [ 17%]
benchpress/qiskit_gym/abstract_transpile/test_hamiltonians.py::TestWorkoutAbstractHamiltonians::test_hamiltonians[ham_complbipart-n-10_a-5_b-5-heavy-hex] PASSED [ 17%]
benchpress/qiskit_gym/abstract_transpile/test_hamiltonians.py::TestWorkoutAbstractHamiltonians::test_hamiltonians[ham_complbipart-n-10_a-5_b-5-linear] PASSED [ 18%]
benchpress/qiskit_gym/abstract_transpile/test_hamiltonians.py::TestWorkoutAbstractHamiltonians::test_hamiltonians[ham_ham_JW10-all-to-all] PASSED [ 18%]
benchpress/qiskit_gym/abstract_transpile/test_hamiltonians.py::TestWorkoutAbstractHamiltonians::test_hamiltonians[ham_ham_JW10-square] PASSED [ 18%]
benchpress/qiskit_gym/abstract_transpile/test_hamiltonians.py::TestWorkoutAbstractHamiltonians::test_hamiltonians[ham_ham_JW10-heavy-hex] PASSED [ 18%]
benchpress/qiskit_gym/abstract_transpile/test_hamiltonians.py::TestWorkoutAbstractHamiltonians::test_hamiltonians[ham_ham_JW10-linear] PASSED [ 19%]
benchpress/qiskit_gym/abstract_transpile/test_hamiltonians.py::TestWorkoutAbstractHamiltonians::test_hamiltonians[ham_ham_parity10-all-to-all] PASSED [ 19%]
benchpress/qiskit_gym/abstract_transpile/test_hamiltonians.py::TestWorkoutAbstractHamiltonians::test_hamiltonians[ham_ham_parity10-square] PASSED [ 19%]
benchpress/qiskit_gym/abstract_transpile/test_hamiltonians.py::TestWorkoutAbstractHamiltonians::test_hamiltonians[ham_ham_parity10-heavy-hex] PASSED [ 19%]
benchpress/qiskit_gym/abstract_transpile/test_hamiltonians.py::TestWorkoutAbstractHamiltonians::test_hamiltonians[ham_ham_parity10-linear] PASSED [ 20%]
benchpress/qiskit_gym/abstract_transpile/test_hamiltonians.py::TestWorkoutAbstractHamiltonians::test_hamiltonians[ham_ham_JW-10-all-to-all] PASSED [ 20%]
benchpress/qiskit_gym/abstract_transpile/test_hamiltonians.py::TestWorkoutAbstractHamiltonians::test_hamiltonians[ham_ham_JW-10-square] PASSED [ 20%]
benchpress/qiskit_gym/abstract_transpile/test_hamiltonians.py::TestWorkoutAbstractHamiltonians::test_hamiltonians[ham_ham_JW-10-heavy-hex] PASSED [ 20%]
benchpress/qiskit_gym/abstract_transpile/test_hamiltonians.py::TestWorkoutAbstractHamiltonians::test_hamiltonians[ham_ham_JW-10-linear] PASSED [ 21%]
benchpress/qiskit_gym/abstract_transpile/test_hamiltonians.py::TestWorkoutAbstractHamiltonians::test_hamiltonians[ham_mu_x_prime_enc_stdbinary_dvalues_8-8-8-8-8-8-8-8-8-4-4-4-4-4-4-all-to-all] PASSED [ 21%]
benchpress/qiskit_gym/abstract_transpile/test_hamiltonians.py::TestWorkoutAbstractHamiltonians::test_hamiltonians[ham_mu_x_prime_enc_stdbinary_dvalues_8-8-8-8-8-8-8-8-8-4-4-4-4-4-4-square] PASSED [ 21%]
benchpress/qiskit_gym/abstract_transpile/test_hamiltonians.py::TestWorkoutAbstractHamiltonians::test_hamiltonians[ham_mu_x_prime_enc_stdbinary_dvalues_8-8-8-8-8-8-8-8-8-4-4-4-4-4-4-heavy-hex] PASSED [ 21%]
benchpress/qiskit_gym/abstract_transpile/test_hamiltonians.py::TestWorkoutAbstractHamiltonians::test_hamiltonians[ham_mu_x_prime_enc_stdbinary_dvalues_8-8-8-8-8-8-8-8-8-4-4-4-4-4-4-linear] PASSED [ 22%]
benchpress/qiskit_gym/abstract_transpile/test_hamiltonians.py::TestWorkoutAbstractHamiltonians::test_hamiltonians[ham_mu_x_prime_enc_unary_dvalues_4-4-4-all-to-all] PASSED [ 22%]
benchpress/qiskit_gym/abstract_transpile/test_hamiltonians.py::TestWorkoutAbstractHamiltonians::test_hamiltonians[ham_mu_x_prime_enc_unary_dvalues_4-4-4-square] PASSED [ 22%]
benchpress/qiskit_gym/abstract_transpile/test_hamiltonians.py::TestWorkoutAbstractHamiltonians::test_hamiltonians[ham_mu_x_prime_enc_unary_dvalues_4-4-4-heavy-hex] PASSED [ 22%]
benchpress/qiskit_gym/abstract_transpile/test_hamiltonians.py::TestWorkoutAbstractHamiltonians::test_hamiltonians[ham_mu_x_prime_enc_unary_dvalues_4-4-4-linear] PASSED [ 23%]
benchpress/qiskit_gym/abstract_transpile/test_hamiltonians.py::TestWorkoutAbstractHamiltonians::test_hamiltonians[ham_ham_parity12-all-to-all] PASSED [ 23%]
benchpress/qiskit_gym/abstract_transpile/test_hamiltonians.py::TestWorkoutAbstractHamiltonians::test_hamiltonians[ham_ham_parity12-square] PASSED [ 23%]
benchpress/qiskit_gym/abstract_transpile/test_hamiltonians.py::TestWorkoutAbstractHamiltonians::test_hamiltonians[ham_ham_parity12-heavy-hex] PASSED [ 23%]
benchpress/qiskit_gym/abstract_transpile/test_hamiltonians.py::TestWorkoutAbstractHamiltonians::test_hamiltonians[ham_ham_parity12-linear] PASSED [ 24%]
benchpress/qiskit_gym/abstract_transpile/test_hamiltonians.py::TestWorkoutAbstractHamiltonians::test_hamiltonians[ham_ham_BK12-all-to-all] PASSED [ 24%]
benchpress/qiskit_gym/abstract_transpile/test_hamiltonians.py::TestWorkoutAbstractHamiltonians::test_hamiltonians[ham_ham_BK12-square] PASSED [ 24%]
benchpress/qiskit_gym/abstract_transpile/test_hamiltonians.py::TestWorkoutAbstractHamiltonians::test_hamiltonians[ham_ham_BK12-heavy-hex] PASSED [ 24%]
benchpress/qiskit_gym/abstract_transpile/test_hamiltonians.py::TestWorkoutAbstractHamiltonians::test_hamiltonians[ham_ham_BK12-linear] PASSED [ 25%]
benchpress/qiskit_gym/abstract_transpile/test_hamiltonians.py::TestWorkoutAbstractHamiltonians::test_hamiltonians[ham_ham_JW12-all-to-all] PASSED [ 25%]
benchpress/qiskit_gym/abstract_transpile/test_hamiltonians.py::TestWorkoutAbstractHamiltonians::test_hamiltonians[ham_ham_JW12-square] PASSED [ 25%]
benchpress/qiskit_gym/abstract_transpile/test_hamiltonians.py::TestWorkoutAbstractHamiltonians::test_hamiltonians[ham_ham_JW12-heavy-hex] PASSED [ 25%]
benchpress/qiskit_gym/abstract_transpile/test_hamiltonians.py::TestWorkoutAbstractHamiltonians::test_hamiltonians[ham_ham_JW12-linear] PASSED [ 26%]
benchpress/qiskit_gym/abstract_transpile/test_hamiltonians.py::TestWorkoutAbstractHamiltonians::test_hamiltonians[ham_bh_graph-1D-grid-pbc-qubitnodes_Lx-4_U-40_enc-gray_d-8-all-to-all] PASSED [ 26%]
benchpress/qiskit_gym/abstract_transpile/test_hamiltonians.py::TestWorkoutAbstractHamiltonians::test_hamiltonians[ham_bh_graph-1D-grid-pbc-qubitnodes_Lx-4_U-40_enc-gray_d-8-square] PASSED [ 26%]
benchpress/qiskit_gym/abstract_transpile/test_hamiltonians.py::TestWorkoutAbstractHamiltonians::test_hamiltonians[ham_bh_graph-1D-grid-pbc-qubitnodes_Lx-4_U-40_enc-gray_d-8-heavy-hex] PASSED [ 26%]
benchpress/qiskit_gym/abstract_transpile/test_hamiltonians.py::TestWorkoutAbstractHamiltonians::test_hamiltonians[ham_bh_graph-1D-grid-pbc-qubitnodes_Lx-4_U-40_enc-gray_d-8-linear] PASSED [ 27%]
benchpress/qiskit_gym/abstract_transpile/test_hamiltonians.py::TestWorkoutAbstractHamiltonians::test_hamiltonians[ham_enc_unary_dvalues_4-4-4-all-to-all] PASSED [ 27%]
benchpress/qiskit_gym/abstract_transpile/test_hamiltonians.py::TestWorkoutAbstractHamiltonians::test_hamiltonians[ham_enc_unary_dvalues_4-4-4-square] PASSED [ 27%]
benchpress/qiskit_gym/abstract_transpile/test_hamiltonians.py::TestWorkoutAbstractHamiltonians::test_hamiltonians[ham_enc_unary_dvalues_4-4-4-heavy-hex] PASSED [ 27%]
benchpress/qiskit_gym/abstract_transpile/test_hamiltonians.py::TestWorkoutAbstractHamiltonians::test_hamiltonians[ham_enc_unary_dvalues_4-4-4-linear] PASSED [ 28%]
benchpress/qiskit_gym/abstract_transpile/test_hamiltonians.py::TestWorkoutAbstractHamiltonians::test_hamiltonians[ham_ham_parity-14-all-to-all] PASSED [ 28%]
benchpress/qiskit_gym/abstract_transpile/test_hamiltonians.py::TestWorkoutAbstractHamiltonians::test_hamiltonians[ham_ham_parity-14-square] PASSED [ 28%]
benchpress/qiskit_gym/abstract_transpile/test_hamiltonians.py::TestWorkoutAbstractHamiltonians::test_hamiltonians[ham_ham_parity-14-heavy-hex] PASSED [ 28%]
benchpress/qiskit_gym/abstract_transpile/test_hamiltonians.py::TestWorkoutAbstractHamiltonians::test_hamiltonians[ham_ham_parity-14-linear] PASSED [ 29%]
benchpress/qiskit_gym/abstract_transpile/test_hamiltonians.py::TestWorkoutAbstractHamiltonians::test_hamiltonians[ham_ham_JW14-all-to-all] PASSED [ 29%]
benchpress/qiskit_gym/abstract_transpile/test_hamiltonians.py::TestWorkoutAbstractHamiltonians::test_hamiltonians[ham_ham_JW14-square] PASSED [ 29%]
benchpress/qiskit_gym/abstract_transpile/test_hamiltonians.py::TestWorkoutAbstractHamiltonians::test_hamiltonians[ham_ham_JW14-heavy-hex] PASSED [ 29%]
benchpress/qiskit_gym/abstract_transpile/test_hamiltonians.py::TestWorkoutAbstractHamiltonians::test_hamiltonians[ham_ham_JW14-linear] PASSED [ 30%]
benchpress/qiskit_gym/abstract_transpile/test_hamiltonians.py::TestWorkoutAbstractHamiltonians::test_hamiltonians[ham_enc_gray_dvalues_4-4-4-4-4-4-4-all-to-all] PASSED [ 30%]
benchpress/qiskit_gym/abstract_transpile/test_hamiltonians.py::TestWorkoutAbstractHamiltonians::test_hamiltonians[ham_enc_gray_dvalues_4-4-4-4-4-4-4-square] PASSED [ 30%]
benchpress/qiskit_gym/abstract_transpile/test_hamiltonians.py::TestWorkoutAbstractHamiltonians::test_hamiltonians[ham_enc_gray_dvalues_4-4-4-4-4-4-4-heavy-hex] PASSED [ 30%]
benchpress/qiskit_gym/abstract_transpile/test_hamiltonians.py::TestWorkoutAbstractHamiltonians::test_hamiltonians[ham_enc_gray_dvalues_4-4-4-4-4-4-4-linear] PASSED [ 31%]
benchpress/qiskit_gym/abstract_transpile/test_hamiltonians.py::TestWorkoutAbstractHamiltonians::test_hamiltonians[ham_ham_BK-14-all-to-all] PASSED [ 31%]
benchpress/qiskit_gym/abstract_transpile/test_hamiltonians.py::TestWorkoutAbstractHamiltonians::test_hamiltonians[ham_ham_BK-14-square] PASSED [ 31%]
benchpress/qiskit_gym/abstract_transpile/test_hamiltonians.py::TestWorkoutAbstractHamiltonians::test_hamiltonians[ham_ham_BK-14-heavy-hex] PASSED [ 31%]
benchpress/qiskit_gym/abstract_transpile/test_hamiltonians.py::TestWorkoutAbstractHamiltonians::test_hamiltonians[ham_ham_BK-14-linear] PASSED [ 32%]
benchpress/qiskit_gym/abstract_transpile/test_hamiltonians.py::TestWorkoutAbstractHamiltonians::test_hamiltonians[ham_ham_JW-14-all-to-all] PASSED [ 32%]
benchpress/qiskit_gym/abstract_transpile/test_hamiltonians.py::TestWorkoutAbstractHamiltonians::test_hamiltonians[ham_ham_JW-14-square] PASSED [ 32%]
benchpress/qiskit_gym/abstract_transpile/test_hamiltonians.py::TestWorkoutAbstractHamiltonians::test_hamiltonians[ham_ham_JW-14-heavy-hex] PASSED [ 32%]
benchpress/qiskit_gym/abstract_transpile/test_hamiltonians.py::TestWorkoutAbstractHamiltonians::test_hamiltonians[ham_ham_JW-14-linear] PASSED [ 33%]
benchpress/qiskit_gym/abstract_transpile/test_hamiltonians.py::TestWorkoutAbstractHamiltonians::test_hamiltonians[ham_mu_z_prime_enc_unary_dvalues_16-16-16-16-16-16-16-all-to-all] PASSED [ 33%]
benchpress/qiskit_gym/abstract_transpile/test_hamiltonians.py::TestWorkoutAbstractHamiltonians::test_hamiltonians[ham_mu_z_prime_enc_unary_dvalues_16-16-16-16-16-16-16-square] PASSED [ 33%]
benchpress/qiskit_gym/abstract_transpile/test_hamiltonians.py::TestWorkoutAbstractHamiltonians::test_hamiltonians[ham_mu_z_prime_enc_unary_dvalues_16-16-16-16-16-16-16-heavy-hex] PASSED [ 33%]
benchpress/qiskit_gym/abstract_transpile/test_hamiltonians.py::TestWorkoutAbstractHamiltonians::test_hamiltonians[ham_mu_z_prime_enc_unary_dvalues_16-16-16-16-16-16-16-linear] PASSED [ 34%]
benchpress/qiskit_gym/abstract_transpile/test_hamiltonians.py::TestWorkoutAbstractHamiltonians::test_hamiltonians[ham_graph-1D-grid-pbc-qubitnodes_Lx-16_h-2-all-to-all] PASSED [ 34%]
benchpress/qiskit_gym/abstract_transpile/test_hamiltonians.py::TestWorkoutAbstractHamiltonians::test_hamiltonians[ham_graph-1D-grid-pbc-qubitnodes_Lx-16_h-2-square] PASSED [ 34%]
benchpress/qiskit_gym/abstract_transpile/test_hamiltonians.py::TestWorkoutAbstractHamiltonians::test_hamiltonians[ham_graph-1D-grid-pbc-qubitnodes_Lx-16_h-2-heavy-hex] PASSED [ 34%]
benchpress/qiskit_gym/abstract_transpile/test_hamiltonians.py::TestWorkoutAbstractHamiltonians::test_hamiltonians[ham_graph-1D-grid-pbc-qubitnodes_Lx-16_h-2-linear] PASSED [ 35%]
benchpress/qiskit_gym/abstract_transpile/test_hamiltonians.py::TestWorkoutAbstractHamiltonians::test_hamiltonians[ham_ham_JW-18-all-to-all] PASSED [ 35%]
benchpress/qiskit_gym/abstract_transpile/test_hamiltonians.py::TestWorkoutAbstractHamiltonians::test_hamiltonians[ham_ham_JW-18-square] PASSED [ 35%]
benchpress/qiskit_gym/abstract_transpile/test_hamiltonians.py::TestWorkoutAbstractHamiltonians::test_hamiltonians[ham_ham_JW-18-heavy-hex] PASSED [ 35%]
benchpress/qiskit_gym/abstract_transpile/test_hamiltonians.py::TestWorkoutAbstractHamiltonians::test_hamiltonians[ham_ham_JW-18-linear] PASSED [ 36%]
benchpress/qiskit_gym/abstract_transpile/test_hamiltonians.py::TestWorkoutAbstractHamiltonians::test_hamiltonians[ham_ham_JW-22-all-to-all] PASSED [ 36%]
benchpress/qiskit_gym/abstract_transpile/test_hamiltonians.py::TestWorkoutAbstractHamiltonians::test_hamiltonians[ham_ham_JW-22-square] PASSED [ 36%]
benchpress/qiskit_gym/abstract_transpile/test_hamiltonians.py::TestWorkoutAbstractHamiltonians::test_hamiltonians[ham_ham_JW-22-heavy-hex] PASSED [ 36%]
benchpress/qiskit_gym/abstract_transpile/test_hamiltonians.py::TestWorkoutAbstractHamiltonians::test_hamiltonians[ham_ham_JW-22-linear] PASSED [ 37%]
benchpress/qiskit_gym/abstract_transpile/test_hamiltonians.py::TestWorkoutAbstractHamiltonians::test_hamiltonians[ham_ham_BK22-all-to-all] PASSED [ 37%]
benchpress/qiskit_gym/abstract_transpile/test_hamiltonians.py::TestWorkoutAbstractHamiltonians::test_hamiltonians[ham_ham_BK22-square] PASSED [ 37%]
benchpress/qiskit_gym/abstract_transpile/test_hamiltonians.py::TestWorkoutAbstractHamiltonians::test_hamiltonians[ham_ham_BK22-heavy-hex] PASSED [ 37%]
benchpress/qiskit_gym/abstract_transpile/test_hamiltonians.py::TestWorkoutAbstractHamiltonians::test_hamiltonians[ham_ham_BK22-linear] PASSED [ 38%]
benchpress/qiskit_gym/abstract_transpile/test_hamiltonians.py::TestWorkoutAbstractHamiltonians::test_hamiltonians[ham_mu_y_prime_enc_stdbinary_dvalues_4-4-4-4-4-4-4-4-4-4-4-4-4-4-4-4-4-4-all-to-all] PASSED [ 38%]
benchpress/qiskit_gym/abstract_transpile/test_hamiltonians.py::TestWorkoutAbstractHamiltonians::test_hamiltonians[ham_mu_y_prime_enc_stdbinary_dvalues_4-4-4-4-4-4-4-4-4-4-4-4-4-4-4-4-4-4-square] PASSED [ 38%]
benchpress/qiskit_gym/abstract_transpile/test_hamiltonians.py::TestWorkoutAbstractHamiltonians::test_hamiltonians[ham_mu_y_prime_enc_stdbinary_dvalues_4-4-4-4-4-4-4-4-4-4-4-4-4-4-4-4-4-4-heavy-hex] PASSED [ 38%]
benchpress/qiskit_gym/abstract_transpile/test_hamiltonians.py::TestWorkoutAbstractHamiltonians::test_hamiltonians[ham_mu_y_prime_enc_stdbinary_dvalues_4-4-4-4-4-4-4-4-4-4-4-4-4-4-4-4-4-4-linear] PASSED [ 39%]
benchpress/qiskit_gym/abstract_transpile/test_hamiltonians.py::TestWorkoutAbstractHamiltonians::test_hamiltonians[ham_gnp-k_5_n-24_rinst-04-all-to-all] PASSED [ 39%]
benchpress/qiskit_gym/abstract_transpile/test_hamiltonians.py::TestWorkoutAbstractHamiltonians::test_hamiltonians[ham_gnp-k_5_n-24_rinst-04-square] PASSED [ 39%]
benchpress/qiskit_gym/abstract_transpile/test_hamiltonians.py::TestWorkoutAbstractHamiltonians::test_hamiltonians[ham_gnp-k_5_n-24_rinst-04-heavy-hex] PASSED [ 39%]
benchpress/qiskit_gym/abstract_transpile/test_hamiltonians.py::TestWorkoutAbstractHamiltonians::test_hamiltonians[ham_gnp-k_5_n-24_rinst-04-linear] PASSED [ 40%]
benchpress/qiskit_gym/abstract_transpile/test_hamiltonians.py::TestWorkoutAbstractHamiltonians::test_hamiltonians[ham_tsp_prob-ulysses22_Ncity-8_enc-stdbinary-all-to-all] PASSED [ 40%]
benchpress/qiskit_gym/abstract_transpile/test_hamiltonians.py::TestWorkoutAbstractHamiltonians::test_hamiltonians[ham_tsp_prob-ulysses22_Ncity-8_enc-stdbinary-square] PASSED [ 40%]
benchpress/qiskit_gym/abstract_transpile/test_hamiltonians.py::TestWorkoutAbstractHamiltonians::test_hamiltonians[ham_tsp_prob-ulysses22_Ncity-8_enc-stdbinary-heavy-hex] PASSED [ 40%]
benchpress/qiskit_gym/abstract_transpile/test_hamiltonians.py::TestWorkoutAbstractHamiltonians::test_hamiltonians[ham_tsp_prob-ulysses22_Ncity-8_enc-stdbinary-linear] PASSED [ 41%]
benchpress/qiskit_gym/abstract_transpile/test_hamiltonians.py::TestWorkoutAbstractHamiltonians::test_hamiltonians[ham_ham_JW24-all-to-all] PASSED [ 41%]
benchpress/qiskit_gym/abstract_transpile/test_hamiltonians.py::TestWorkoutAbstractHamiltonians::test_hamiltonians[ham_ham_JW24-square] PASSED [ 41%]
benchpress/qiskit_gym/abstract_transpile/test_hamiltonians.py::TestWorkoutAbstractHamiltonians::test_hamiltonians[ham_ham_JW24-heavy-hex] PASSED [ 41%]
benchpress/qiskit_gym/abstract_transpile/test_hamiltonians.py::TestWorkoutAbstractHamiltonians::test_hamiltonians[ham_ham_JW24-linear] PASSED [ 42%]
benchpress/qiskit_gym/abstract_transpile/test_hamiltonians.py::TestWorkoutAbstractHamiltonians::test_hamiltonians[ham_tsp_prob-ts225_Ncity-5_enc-unary-all-to-all] PASSED [ 42%]
benchpress/qiskit_gym/abstract_transpile/test_hamiltonians.py::TestWorkoutAbstractHamiltonians::test_hamiltonians[ham_tsp_prob-ts225_Ncity-5_enc-unary-square] PASSED [ 42%]
benchpress/qiskit_gym/abstract_transpile/test_hamiltonians.py::TestWorkoutAbstractHamiltonians::test_hamiltonians[ham_tsp_prob-ts225_Ncity-5_enc-unary-heavy-hex] PASSED [ 42%]
benchpress/qiskit_gym/abstract_transpile/test_hamiltonians.py::TestWorkoutAbstractHamiltonians::test_hamiltonians[ham_tsp_prob-ts225_Ncity-5_enc-unary-linear] PASSED [ 43%]
benchpress/qiskit_gym/abstract_transpile/test_hamiltonians.py::TestWorkoutAbstractHamiltonians::test_hamiltonians[ham_graph-1D-grid-pbc-qubitnodes_Lx-26_h-6-all-to-all] PASSED [ 43%]
benchpress/qiskit_gym/abstract_transpile/test_hamiltonians.py::TestWorkoutAbstractHamiltonians::test_hamiltonians[ham_graph-1D-grid-pbc-qubitnodes_Lx-26_h-6-square] PASSED [ 43%]
benchpress/qiskit_gym/abstract_transpile/test_hamiltonians.py::TestWorkoutAbstractHamiltonians::test_hamiltonians[ham_graph-1D-grid-pbc-qubitnodes_Lx-26_h-6-heavy-hex] PASSED [ 43%]
benchpress/qiskit_gym/abstract_transpile/test_hamiltonians.py::TestWorkoutAbstractHamiltonians::test_hamiltonians[ham_graph-1D-grid-pbc-qubitnodes_Lx-26_h-6-linear] PASSED [ 44%]
benchpress/qiskit_gym/abstract_transpile/test_hamiltonians.py::TestWorkoutAbstractHamiltonians::test_hamiltonians[ham_bh_graph-1D-grid-pbc-qubitnodes_Lx-14_U-10_enc-stdbinary_d-4-all-to-all] PASSED [ 44%]
benchpress/qiskit_gym/abstract_transpile/test_hamiltonians.py::TestWorkoutAbstractHamiltonians::test_hamiltonians[ham_bh_graph-1D-grid-pbc-qubitnodes_Lx-14_U-10_enc-stdbinary_d-4-square] PASSED [ 44%]
benchpress/qiskit_gym/abstract_transpile/test_hamiltonians.py::TestWorkoutAbstractHamiltonians::test_hamiltonians[ham_bh_graph-1D-grid-pbc-qubitnodes_Lx-14_U-10_enc-stdbinary_d-4-heavy-hex] PASSED [ 44%]
benchpress/qiskit_gym/abstract_transpile/test_hamiltonians.py::TestWorkoutAbstractHamiltonians::test_hamiltonians[ham_bh_graph-1D-grid-pbc-qubitnodes_Lx-14_U-10_enc-stdbinary_d-4-linear] PASSED [ 45%]
benchpress/qiskit_gym/abstract_transpile/test_hamiltonians.py::TestWorkoutAbstractHamiltonians::test_hamiltonians[ham_bh_graph-2D-triag-nonpbc-qubitnodes_Lx-3_Ly-5_U-30_enc-gray_d-4-all-to-all] PASSED [ 45%]
benchpress/qiskit_gym/abstract_transpile/test_hamiltonians.py::TestWorkoutAbstractHamiltonians::test_hamiltonians[ham_bh_graph-2D-triag-nonpbc-qubitnodes_Lx-3_Ly-5_U-30_enc-gray_d-4-square] PASSED [ 45%]
benchpress/qiskit_gym/abstract_transpile/test_hamiltonians.py::TestWorkoutAbstractHamiltonians::test_hamiltonians[ham_bh_graph-2D-triag-nonpbc-qubitnodes_Lx-3_Ly-5_U-30_enc-gray_d-4-heavy-hex] PASSED [ 45%]
benchpress/qiskit_gym/abstract_transpile/test_hamiltonians.py::TestWorkoutAbstractHamiltonians::test_hamiltonians[ham_bh_graph-2D-triag-nonpbc-qubitnodes_Lx-3_Ly-5_U-30_enc-gray_d-4-linear] PASSED [ 46%]
benchpress/qiskit_gym/abstract_transpile/test_hamiltonians.py::TestWorkoutAbstractHamiltonians::test_hamiltonians[ham_reg-5_n-10_rinst-07-all-to-all] PASSED [ 46%]
benchpress/qiskit_gym/abstract_transpile/test_hamiltonians.py::TestWorkoutAbstractHamiltonians::test_hamiltonians[ham_reg-5_n-10_rinst-07-square] PASSED [ 46%]
benchpress/qiskit_gym/abstract_transpile/test_hamiltonians.py::TestWorkoutAbstractHamiltonians::test_hamiltonians[ham_reg-5_n-10_rinst-07-heavy-hex] PASSED [ 46%]
benchpress/qiskit_gym/abstract_transpile/test_hamiltonians.py::TestWorkoutAbstractHamiltonians::test_hamiltonians[ham_reg-5_n-10_rinst-07-linear] PASSED [ 47%]
benchpress/qiskit_gym/abstract_transpile/test_hamiltonians.py::TestWorkoutAbstractHamiltonians::test_hamiltonians[ham_mu_y_prime_enc_unary_dvalues_16-16-16-16-16-16-all-to-all] PASSED [ 47%]
benchpress/qiskit_gym/abstract_transpile/test_hamiltonians.py::TestWorkoutAbstractHamiltonians::test_hamiltonians[ham_mu_y_prime_enc_unary_dvalues_16-16-16-16-16-16-square] PASSED [ 47%]
benchpress/qiskit_gym/abstract_transpile/test_hamiltonians.py::TestWorkoutAbstractHamiltonians::test_hamiltonians[ham_mu_y_prime_enc_unary_dvalues_16-16-16-16-16-16-heavy-hex] PASSED [ 47%]
benchpress/qiskit_gym/abstract_transpile/test_hamiltonians.py::TestWorkoutAbstractHamiltonians::test_hamiltonians[ham_mu_y_prime_enc_unary_dvalues_16-16-16-16-16-16-linear] PASSED [ 48%]
benchpress/qiskit_gym/abstract_transpile/test_hamiltonians.py::TestWorkoutAbstractHamiltonians::test_hamiltonians[ham_bh_graph-3D-grid-nonpbc-qubitnodes_Lx-2_Ly-2_Lz-2_U-20_enc-unary_d-4-all-to-all] PASSED [ 48%]
benchpress/qiskit_gym/abstract_transpile/test_hamiltonians.py::TestWorkoutAbstractHamiltonians::test_hamiltonians[ham_bh_graph-3D-grid-nonpbc-qubitnodes_Lx-2_Ly-2_Lz-2_U-20_enc-unary_d-4-square] PASSED [ 48%]
benchpress/qiskit_gym/abstract_transpile/test_hamiltonians.py::TestWorkoutAbstractHamiltonians::test_hamiltonians[ham_bh_graph-3D-grid-nonpbc-qubitnodes_Lx-2_Ly-2_Lz-2_U-20_enc-unary_d-4-heavy-hex] PASSED [ 48%]
benchpress/qiskit_gym/abstract_transpile/test_hamiltonians.py::TestWorkoutAbstractHamiltonians::test_hamiltonians[ham_bh_graph-3D-grid-nonpbc-qubitnodes_Lx-2_Ly-2_Lz-2_U-20_enc-unary_d-4-linear] PASSED [ 49%]
benchpress/qiskit_gym/abstract_transpile/test_hamiltonians.py::TestWorkoutAbstractHamiltonians::test_hamiltonians[ham_0-uuf100-0810.cnf-40-res-all-to-all] PASSED [ 49%]
benchpress/qiskit_gym/abstract_transpile/test_hamiltonians.py::TestWorkoutAbstractHamiltonians::test_hamiltonians[ham_0-uuf100-0810.cnf-40-res-square] PASSED [ 49%]
benchpress/qiskit_gym/abstract_transpile/test_hamiltonians.py::TestWorkoutAbstractHamiltonians::test_hamiltonians[ham_0-uuf100-0810.cnf-40-res-heavy-hex] PASSED [ 49%]
benchpress/qiskit_gym/abstract_transpile/test_hamiltonians.py::TestWorkoutAbstractHamiltonians::test_hamiltonians[ham_0-uuf100-0810.cnf-40-res-linear] PASSED [ 50%]
benchpress/qiskit_gym/abstract_transpile/test_hamiltonians.py::TestWorkoutAbstractHamiltonians::test_hamiltonians[ham_8-uuf100-0509.cnf-40-cc-all-to-all] PASSED [ 50%]
benchpress/qiskit_gym/abstract_transpile/test_hamiltonians.py::TestWorkoutAbstractHamiltonians::test_hamiltonians[ham_8-uuf100-0509.cnf-40-cc-square] PASSED [ 50%]
benchpress/qiskit_gym/abstract_transpile/test_hamiltonians.py::TestWorkoutAbstractHamiltonians::test_hamiltonians[ham_8-uuf100-0509.cnf-40-cc-heavy-hex] PASSED [ 50%]
benchpress/qiskit_gym/abstract_transpile/test_hamiltonians.py::TestWorkoutAbstractHamiltonians::test_hamiltonians[ham_8-uuf100-0509.cnf-40-cc-linear] PASSED [ 51%]
benchpress/qiskit_gym/abstract_transpile/test_hamiltonians.py::TestWorkoutAbstractHamiltonians::test_hamiltonians[ham_gnp-k_4_n-40_rinst-07-all-to-all] PASSED [ 51%]
benchpress/qiskit_gym/abstract_transpile/test_hamiltonians.py::TestWorkoutAbstractHamiltonians::test_hamiltonians[ham_gnp-k_4_n-40_rinst-07-square] PASSED [ 51%]
benchpress/qiskit_gym/abstract_transpile/test_hamiltonians.py::TestWorkoutAbstractHamiltonians::test_hamiltonians[ham_gnp-k_4_n-40_rinst-07-heavy-hex] PASSED [ 51%]
benchpress/qiskit_gym/abstract_transpile/test_hamiltonians.py::TestWorkoutAbstractHamiltonians::test_hamiltonians[ham_gnp-k_4_n-40_rinst-07-linear] PASSED [ 52%]
benchpress/qiskit_gym/abstract_transpile/test_hamiltonians.py::TestWorkoutAbstractHamiltonians::test_hamiltonians[ham_2-uf100-0396.cnf-46-res-all-to-all] PASSED [ 52%]
benchpress/qiskit_gym/abstract_transpile/test_hamiltonians.py::TestWorkoutAbstractHamiltonians::test_hamiltonians[ham_2-uf100-0396.cnf-46-res-square] PASSED [ 52%]
benchpress/qiskit_gym/abstract_transpile/test_hamiltonians.py::TestWorkoutAbstractHamiltonians::test_hamiltonians[ham_2-uf100-0396.cnf-46-res-heavy-hex] PASSED [ 52%]
benchpress/qiskit_gym/abstract_transpile/test_hamiltonians.py::TestWorkoutAbstractHamiltonians::test_hamiltonians[ham_2-uf100-0396.cnf-46-res-linear] PASSED [ 53%]
benchpress/qiskit_gym/abstract_transpile/test_hamiltonians.py::TestWorkoutAbstractHamiltonians::test_hamiltonians[ham_2-uf100-0601.cnf-46-res-all-to-all] PASSED [ 53%]
benchpress/qiskit_gym/abstract_transpile/test_hamiltonians.py::TestWorkoutAbstractHamiltonians::test_hamiltonians[ham_2-uf100-0601.cnf-46-res-square] PASSED [ 53%]
benchpress/qiskit_gym/abstract_transpile/test_hamiltonians.py::TestWorkoutAbstractHamiltonians::test_hamiltonians[ham_2-uf100-0601.cnf-46-res-heavy-hex] PASSED [ 53%]
benchpress/qiskit_gym/abstract_transpile/test_hamiltonians.py::TestWorkoutAbstractHamiltonians::test_hamiltonians[ham_2-uf100-0601.cnf-46-res-linear] PASSED [ 54%]
benchpress/qiskit_gym/abstract_transpile/test_hamiltonians.py::TestWorkoutAbstractHamiltonians::test_hamiltonians[ham_bh_graph-1D-grid-nonpbc-qubitnodes_Lx-12_U-40_enc-unary_d-4-all-to-all] PASSED [ 54%]
benchpress/qiskit_gym/abstract_transpile/test_hamiltonians.py::TestWorkoutAbstractHamiltonians::test_hamiltonians[ham_bh_graph-1D-grid-nonpbc-qubitnodes_Lx-12_U-40_enc-unary_d-4-square] PASSED [ 54%]
benchpress/qiskit_gym/abstract_transpile/test_hamiltonians.py::TestWorkoutAbstractHamiltonians::test_hamiltonians[ham_bh_graph-1D-grid-nonpbc-qubitnodes_Lx-12_U-40_enc-unary_d-4-heavy-hex] PASSED [ 54%]
benchpress/qiskit_gym/abstract_transpile/test_hamiltonians.py::TestWorkoutAbstractHamiltonians::test_hamiltonians[ham_bh_graph-1D-grid-nonpbc-qubitnodes_Lx-12_U-40_enc-unary_d-4-linear] PASSED [ 55%]
benchpress/qiskit_gym/abstract_transpile/test_hamiltonians.py::TestWorkoutAbstractHamiltonians::test_hamiltonians[ham_bh_graph-1D-grid-pbc-qubitnodes_Lx-24_U-20_enc-stdbinary_d-4-all-to-all] PASSED [ 55%]
benchpress/qiskit_gym/abstract_transpile/test_hamiltonians.py::TestWorkoutAbstractHamiltonians::test_hamiltonians[ham_bh_graph-1D-grid-pbc-qubitnodes_Lx-24_U-20_enc-stdbinary_d-4-square] PASSED [ 55%]
benchpress/qiskit_gym/abstract_transpile/test_hamiltonians.py::TestWorkoutAbstractHamiltonians::test_hamiltonians[ham_bh_graph-1D-grid-pbc-qubitnodes_Lx-24_U-20_enc-stdbinary_d-4-heavy-hex] PASSED [ 55%]
benchpress/qiskit_gym/abstract_transpile/test_hamiltonians.py::TestWorkoutAbstractHamiltonians::test_hamiltonians[ham_bh_graph-1D-grid-pbc-qubitnodes_Lx-24_U-20_enc-stdbinary_d-4-linear] PASSED [ 56%]
benchpress/qiskit_gym/abstract_transpile/test_hamiltonians.py::TestWorkoutAbstractHamiltonians::test_hamiltonians[ham_tsp_prob-lin105_Ncity-7_enc-unary-all-to-all] PASSED [ 56%]
benchpress/qiskit_gym/abstract_transpile/test_hamiltonians.py::TestWorkoutAbstractHamiltonians::test_hamiltonians[ham_tsp_prob-lin105_Ncity-7_enc-unary-square] PASSED [ 56%]
benchpress/qiskit_gym/abstract_transpile/test_hamiltonians.py::TestWorkoutAbstractHamiltonians::test_hamiltonians[ham_tsp_prob-lin105_Ncity-7_enc-unary-heavy-hex] PASSED [ 56%]
benchpress/qiskit_gym/abstract_transpile/test_hamiltonians.py::TestWorkoutAbstractHamiltonians::test_hamiltonians[ham_tsp_prob-lin105_Ncity-7_enc-unary-linear] PASSED [ 57%]
benchpress/qiskit_gym/abstract_transpile/test_hamiltonians.py::TestWorkoutAbstractHamiltonians::test_hamiltonians[ham_gnp-k_5_n-60_rinst-19-all-to-all] PASSED [ 57%]
benchpress/qiskit_gym/abstract_transpile/test_hamiltonians.py::TestWorkoutAbstractHamiltonians::test_hamiltonians[ham_gnp-k_5_n-60_rinst-19-square] PASSED [ 57%]
benchpress/qiskit_gym/abstract_transpile/test_hamiltonians.py::TestWorkoutAbstractHamiltonians::test_hamiltonians[ham_gnp-k_5_n-60_rinst-19-heavy-hex] PASSED [ 57%]
benchpress/qiskit_gym/abstract_transpile/test_hamiltonians.py::TestWorkoutAbstractHamiltonians::test_hamiltonians[ham_gnp-k_5_n-60_rinst-19-linear] PASSED [ 58%]
benchpress/qiskit_gym/abstract_transpile/test_hamiltonians.py::TestWorkoutAbstractHamiltonians::test_hamiltonians[ham_bh_graph-2D-triag-pbc-qubitnodes_Lx-5_Ly-5_U-30_enc-unary_d-4-all-to-all] PASSED [ 58%]
benchpress/qiskit_gym/abstract_transpile/test_hamiltonians.py::TestWorkoutAbstractHamiltonians::test_hamiltonians[ham_bh_graph-2D-triag-pbc-qubitnodes_Lx-5_Ly-5_U-30_enc-unary_d-4-square] PASSED [ 58%]
benchpress/qiskit_gym/abstract_transpile/test_hamiltonians.py::TestWorkoutAbstractHamiltonians::test_hamiltonians[ham_bh_graph-2D-triag-pbc-qubitnodes_Lx-5_Ly-5_U-30_enc-unary_d-4-heavy-hex] PASSED [ 58%]
benchpress/qiskit_gym/abstract_transpile/test_hamiltonians.py::TestWorkoutAbstractHamiltonians::test_hamiltonians[ham_bh_graph-2D-triag-pbc-qubitnodes_Lx-5_Ly-5_U-30_enc-unary_d-4-linear] PASSED [ 59%]
benchpress/qiskit_gym/abstract_transpile/test_hamiltonians.py::TestWorkoutAbstractHamiltonians::test_hamiltonians[ham_mu_x_prime_enc_unary_dvalues_16-16-16-16-16-16-16-16-16-16-16-16-16-16-16-all-to-all] PASSED [ 59%]
benchpress/qiskit_gym/abstract_transpile/test_hamiltonians.py::TestWorkoutAbstractHamiltonians::test_hamiltonians[ham_mu_x_prime_enc_unary_dvalues_16-16-16-16-16-16-16-16-16-16-16-16-16-16-16-square] PASSED [ 59%]
benchpress/qiskit_gym/abstract_transpile/test_hamiltonians.py::TestWorkoutAbstractHamiltonians::test_hamiltonians[ham_mu_x_prime_enc_unary_dvalues_16-16-16-16-16-16-16-16-16-16-16-16-16-16-16-heavy-hex] PASSED [ 59%]
benchpress/qiskit_gym/abstract_transpile/test_hamiltonians.py::TestWorkoutAbstractHamiltonians::test_hamiltonians[ham_mu_x_prime_enc_unary_dvalues_16-16-16-16-16-16-16-16-16-16-16-16-16-16-16-linear] PASSED [ 60%]
benchpress/qiskit_gym/abstract_transpile/test_hamiltonians.py::TestWorkoutAbstractHamiltonians::test_hamiltonians[ham_tsp_prob-d198_Ncity-8_enc-unary-all-to-all] PASSED [ 60%]
benchpress/qiskit_gym/abstract_transpile/test_hamiltonians.py::TestWorkoutAbstractHamiltonians::test_hamiltonians[ham_tsp_prob-d198_Ncity-8_enc-unary-square] PASSED [ 60%]
benchpress/qiskit_gym/abstract_transpile/test_hamiltonians.py::TestWorkoutAbstractHamiltonians::test_hamiltonians[ham_tsp_prob-d198_Ncity-8_enc-unary-heavy-hex] PASSED [ 60%]
benchpress/qiskit_gym/abstract_transpile/test_hamiltonians.py::TestWorkoutAbstractHamiltonians::test_hamiltonians[ham_tsp_prob-d198_Ncity-8_enc-unary-linear] PASSED [ 61%]
benchpress/qiskit_gym/abstract_transpile/test_hamiltonians.py::TestWorkoutAbstractHamiltonians::test_hamiltonians[ham_tsp_prob-kroD100_Ncity-16_enc-stdbinary-all-to-all] PASSED [ 61%]
benchpress/qiskit_gym/abstract_transpile/test_hamiltonians.py::TestWorkoutAbstractHamiltonians::test_hamiltonians[ham_tsp_prob-kroD100_Ncity-16_enc-stdbinary-square] PASSED [ 61%]
benchpress/qiskit_gym/abstract_transpile/test_hamiltonians.py::TestWorkoutAbstractHamiltonians::test_hamiltonians[ham_tsp_prob-kroD100_Ncity-16_enc-stdbinary-heavy-hex] PASSED [ 61%]
benchpress/qiskit_gym/abstract_transpile/test_hamiltonians.py::TestWorkoutAbstractHamiltonians::test_hamiltonians[ham_tsp_prob-kroD100_Ncity-16_enc-stdbinary-linear] PASSED [ 62%]
benchpress/qiskit_gym/abstract_transpile/test_hamiltonians.py::TestWorkoutAbstractHamiltonians::test_hamiltonians[ham_tsp_prob-fl417_Ncity-16_enc-stdbinary-all-to-all] PASSED [ 62%]
benchpress/qiskit_gym/abstract_transpile/test_hamiltonians.py::TestWorkoutAbstractHamiltonians::test_hamiltonians[ham_tsp_prob-fl417_Ncity-16_enc-stdbinary-square] PASSED [ 62%]
benchpress/qiskit_gym/abstract_transpile/test_hamiltonians.py::TestWorkoutAbstractHamiltonians::test_hamiltonians[ham_tsp_prob-fl417_Ncity-16_enc-stdbinary-heavy-hex] PASSED [ 62%]
benchpress/qiskit_gym/abstract_transpile/test_hamiltonians.py::TestWorkoutAbstractHamiltonians::test_hamiltonians[ham_tsp_prob-fl417_Ncity-16_enc-stdbinary-linear] PASSED [ 63%]
benchpress/qiskit_gym/abstract_transpile/test_hamiltonians.py::TestWorkoutAbstractHamiltonians::test_hamiltonians[ham_4-uf100-0246.cnf-70-res-all-to-all] PASSED [ 63%]
benchpress/qiskit_gym/abstract_transpile/test_hamiltonians.py::TestWorkoutAbstractHamiltonians::test_hamiltonians[ham_4-uf100-0246.cnf-70-res-square] PASSED [ 63%]
benchpress/qiskit_gym/abstract_transpile/test_hamiltonians.py::TestWorkoutAbstractHamiltonians::test_hamiltonians[ham_4-uf100-0246.cnf-70-res-heavy-hex] PASSED [ 63%]
benchpress/qiskit_gym/abstract_transpile/test_hamiltonians.py::TestWorkoutAbstractHamiltonians::test_hamiltonians[ham_4-uf100-0246.cnf-70-res-linear] PASSED [ 64%]
benchpress/qiskit_gym/abstract_transpile/test_hamiltonians.py::TestWorkoutAbstractHamiltonians::test_hamiltonians[ham_dsjc1000.1,n-36,rinst-4-all-to-all] PASSED [ 64%]
benchpress/qiskit_gym/abstract_transpile/test_hamiltonians.py::TestWorkoutAbstractHamiltonians::test_hamiltonians[ham_dsjc1000.1,n-36,rinst-4-square] PASSED [ 64%]
benchpress/qiskit_gym/abstract_transpile/test_hamiltonians.py::TestWorkoutAbstractHamiltonians::test_hamiltonians[ham_dsjc1000.1,n-36,rinst-4-heavy-hex] PASSED [ 64%]
benchpress/qiskit_gym/abstract_transpile/test_hamiltonians.py::TestWorkoutAbstractHamiltonians::test_hamiltonians[ham_dsjc1000.1,n-36,rinst-4-linear] PASSED [ 65%]
benchpress/qiskit_gym/abstract_transpile/test_hamiltonians.py::TestWorkoutAbstractHamiltonians::test_hamiltonians[ham_graph-2D-grid-nonpbc-qubitnodes_Lx-5_Ly-15_h-3-all-to-all] PASSED [ 65%]
benchpress/qiskit_gym/abstract_transpile/test_hamiltonians.py::TestWorkoutAbstractHamiltonians::test_hamiltonians[ham_graph-2D-grid-nonpbc-qubitnodes_Lx-5_Ly-15_h-3-square] PASSED [ 65%]
benchpress/qiskit_gym/abstract_transpile/test_hamiltonians.py::TestWorkoutAbstractHamiltonians::test_hamiltonians[ham_graph-2D-grid-nonpbc-qubitnodes_Lx-5_Ly-15_h-3-heavy-hex] PASSED [ 65%]
benchpress/qiskit_gym/abstract_transpile/test_hamiltonians.py::TestWorkoutAbstractHamiltonians::test_hamiltonians[ham_graph-2D-grid-nonpbc-qubitnodes_Lx-5_Ly-15_h-3-linear] PASSED [ 66%]
benchpress/qiskit_gym/abstract_transpile/test_hamiltonians.py::TestWorkoutAbstractHamiltonians::test_hamiltonians[ham_bh_graph-1D-grid-pbc-qubitnodes_Lx-10_U-30_enc-unary_d-8-all-to-all] PASSED [ 66%]
benchpress/qiskit_gym/abstract_transpile/test_hamiltonians.py::TestWorkoutAbstractHamiltonians::test_hamiltonians[ham_bh_graph-1D-grid-pbc-qubitnodes_Lx-10_U-30_enc-unary_d-8-square] PASSED [ 66%]
benchpress/qiskit_gym/abstract_transpile/test_hamiltonians.py::TestWorkoutAbstractHamiltonians::test_hamiltonians[ham_bh_graph-1D-grid-pbc-qubitnodes_Lx-10_U-30_enc-unary_d-8-heavy-hex] PASSED [ 66%]
benchpress/qiskit_gym/abstract_transpile/test_hamiltonians.py::TestWorkoutAbstractHamiltonians::test_hamiltonians[ham_bh_graph-1D-grid-pbc-qubitnodes_Lx-10_U-30_enc-unary_d-8-linear] PASSED [ 67%]
benchpress/qiskit_gym/abstract_transpile/test_hamiltonians.py::TestWorkoutAbstractHamiltonians::test_hamiltonians[ham_4-flat100-7.cnf-90-cc-all-to-all] PASSED [ 67%]
benchpress/qiskit_gym/abstract_transpile/test_hamiltonians.py::TestWorkoutAbstractHamiltonians::test_hamiltonians[ham_4-flat100-7.cnf-90-cc-square] PASSED [ 67%]
benchpress/qiskit_gym/abstract_transpile/test_hamiltonians.py::TestWorkoutAbstractHamiltonians::test_hamiltonians[ham_4-flat100-7.cnf-90-cc-heavy-hex] PASSED [ 67%]
benchpress/qiskit_gym/abstract_transpile/test_hamiltonians.py::TestWorkoutAbstractHamiltonians::test_hamiltonians[ham_4-flat100-7.cnf-90-cc-linear] PASSED [ 68%]
benchpress/qiskit_gym/abstract_transpile/test_hamiltonians.py::TestWorkoutAbstractHamiltonians::test_hamiltonians[ham_reg-4_n-90_rinst-07-all-to-all] PASSED [ 68%]
benchpress/qiskit_gym/abstract_transpile/test_hamiltonians.py::TestWorkoutAbstractHamiltonians::test_hamiltonians[ham_reg-4_n-90_rinst-07-square] PASSED [ 68%]
benchpress/qiskit_gym/abstract_transpile/test_hamiltonians.py::TestWorkoutAbstractHamiltonians::test_hamiltonians[ham_reg-4_n-90_rinst-07-heavy-hex] PASSED [ 68%]
benchpress/qiskit_gym/abstract_transpile/test_hamiltonians.py::TestWorkoutAbstractHamiltonians::test_hamiltonians[ham_reg-4_n-90_rinst-07-linear] PASSED [ 69%]
benchpress/qiskit_gym/abstract_transpile/test_hamiltonians.py::TestWorkoutAbstractHamiltonians::test_hamiltonians[ham_gnp-k_5_n-90_rinst-02-all-to-all] PASSED [ 69%]
benchpress/qiskit_gym/abstract_transpile/test_hamiltonians.py::TestWorkoutAbstractHamiltonians::test_hamiltonians[ham_gnp-k_5_n-90_rinst-02-square] PASSED [ 69%]
benchpress/qiskit_gym/abstract_transpile/test_hamiltonians.py::TestWorkoutAbstractHamiltonians::test_hamiltonians[ham_gnp-k_5_n-90_rinst-02-heavy-hex] PASSED [ 69%]
benchpress/qiskit_gym/abstract_transpile/test_hamiltonians.py::TestWorkoutAbstractHamiltonians::test_hamiltonians[ham_gnp-k_5_n-90_rinst-02-linear] PASSED [ 70%]
benchpress/qiskit_gym/abstract_transpile/test_hamiltonians.py::TestWorkoutAbstractHamiltonians::test_hamiltonians[ham_graph-2D-triag-pbc-qubitnodes_Lx-13_Ly-13_h-0.1-all-to-all] PASSED [ 70%]
benchpress/qiskit_gym/abstract_transpile/test_hamiltonians.py::TestWorkoutAbstractHamiltonians::test_hamiltonians[ham_graph-2D-triag-pbc-qubitnodes_Lx-13_Ly-13_h-0.1-square] PASSED [ 70%]
benchpress/qiskit_gym/abstract_transpile/test_hamiltonians.py::TestWorkoutAbstractHamiltonians::test_hamiltonians[ham_graph-2D-triag-pbc-qubitnodes_Lx-13_Ly-13_h-0.1-heavy-hex] PASSED [ 70%]
benchpress/qiskit_gym/abstract_transpile/test_hamiltonians.py::TestWorkoutAbstractHamiltonians::test_hamiltonians[ham_graph-2D-triag-pbc-qubitnodes_Lx-13_Ly-13_h-0.1-linear] PASSED [ 71%]
benchpress/qiskit_gym/abstract_transpile/test_hamiltonians.py::TestWorkoutAbstractHamiltonians::test_hamiltonians[ham_bh_graph-1D-grid-pbc-qubitnodes_Lx-46_U-2_enc-gray_d-4-all-to-all] PASSED [ 71%]
benchpress/qiskit_gym/abstract_transpile/test_hamiltonians.py::TestWorkoutAbstractHamiltonians::test_hamiltonians[ham_bh_graph-1D-grid-pbc-qubitnodes_Lx-46_U-2_enc-gray_d-4-square] PASSED [ 71%]
benchpress/qiskit_gym/abstract_transpile/test_hamiltonians.py::TestWorkoutAbstractHamiltonians::test_hamiltonians[ham_bh_graph-1D-grid-pbc-qubitnodes_Lx-46_U-2_enc-gray_d-4-heavy-hex] PASSED [ 71%]
benchpress/qiskit_gym/abstract_transpile/test_hamiltonians.py::TestWorkoutAbstractHamiltonians::test_hamiltonians[ham_bh_graph-1D-grid-pbc-qubitnodes_Lx-46_U-2_enc-gray_d-4-linear] PASSED [ 72%]
benchpress/qiskit_gym/abstract_transpile/test_hamiltonians.py::TestWorkoutAbstractHamiltonians::test_hamiltonians[ham_bh_graph-2D-grid-nonpbc-qubitnodes_Lx-7_Ly-7_U-70_enc-gray_d-4-all-to-all] PASSED [ 72%]
benchpress/qiskit_gym/abstract_transpile/test_hamiltonians.py::TestWorkoutAbstractHamiltonians::test_hamiltonians[ham_bh_graph-2D-grid-nonpbc-qubitnodes_Lx-7_Ly-7_U-70_enc-gray_d-4-square] PASSED [ 72%]
benchpress/qiskit_gym/abstract_transpile/test_hamiltonians.py::TestWorkoutAbstractHamiltonians::test_hamiltonians[ham_bh_graph-2D-grid-nonpbc-qubitnodes_Lx-7_Ly-7_U-70_enc-gray_d-4-heavy-hex] PASSED [ 72%]
benchpress/qiskit_gym/abstract_transpile/test_hamiltonians.py::TestWorkoutAbstractHamiltonians::test_hamiltonians[ham_bh_graph-2D-grid-nonpbc-qubitnodes_Lx-7_Ly-7_U-70_enc-gray_d-4-linear] PASSED [ 73%]
benchpress/qiskit_gym/abstract_transpile/test_hamiltonians.py::TestWorkoutAbstractHamiltonians::test_hamiltonians[ham_fh-graph-1D-grid-pbc-qubitnodes_Lx-50_U-2_enc-jw-all-to-all] PASSED [ 73%]
benchpress/qiskit_gym/abstract_transpile/test_hamiltonians.py::TestWorkoutAbstractHamiltonians::test_hamiltonians[ham_fh-graph-1D-grid-pbc-qubitnodes_Lx-50_U-2_enc-jw-square] PASSED [ 73%]
benchpress/qiskit_gym/abstract_transpile/test_hamiltonians.py::TestWorkoutAbstractHamiltonians::test_hamiltonians[ham_fh-graph-1D-grid-pbc-qubitnodes_Lx-50_U-2_enc-jw-heavy-hex] PASSED [ 73%]
benchpress/qiskit_gym/abstract_transpile/test_hamiltonians.py::TestWorkoutAbstractHamiltonians::test_hamiltonians[ham_fh-graph-1D-grid-pbc-qubitnodes_Lx-50_U-2_enc-jw-linear] PASSED [ 74%]
benchpress/qiskit_gym/abstract_transpile/test_hamiltonians.py::TestWorkoutAbstractHamiltonians::test_hamiltonians[ham_tsp_prob-st70_Ncity-10_enc-unary-all-to-all] PASSED [ 74%]
benchpress/qiskit_gym/abstract_transpile/test_hamiltonians.py::TestWorkoutAbstractHamiltonians::test_hamiltonians[ham_tsp_prob-st70_Ncity-10_enc-unary-square] PASSED [ 74%]
benchpress/qiskit_gym/abstract_transpile/test_hamiltonians.py::TestWorkoutAbstractHamiltonians::test_hamiltonians[ham_tsp_prob-st70_Ncity-10_enc-unary-heavy-hex] PASSED [ 74%]
benchpress/qiskit_gym/abstract_transpile/test_hamiltonians.py::TestWorkoutAbstractHamiltonians::test_hamiltonians[ham_tsp_prob-st70_Ncity-10_enc-unary-linear] PASSED [ 75%]
benchpress/qiskit_gym/abstract_transpile/test_hamiltonians.py::TestWorkoutAbstractHamiltonians::test_hamiltonians[ham_tsp_prob-pr76_Ncity-10_enc-unary-all-to-all] PASSED [ 75%]
benchpress/qiskit_gym/abstract_transpile/test_hamiltonians.py::TestWorkoutAbstractHamiltonians::test_hamiltonians[ham_tsp_prob-pr76_Ncity-10_enc-unary-square] PASSED [ 75%]
benchpress/qiskit_gym/abstract_transpile/test_hamiltonians.py::TestWorkoutAbstractHamiltonians::test_hamiltonians[ham_tsp_prob-pr76_Ncity-10_enc-unary-heavy-hex] PASSED [ 75%]
benchpress/qiskit_gym/abstract_transpile/test_hamiltonians.py::TestWorkoutAbstractHamiltonians::test_hamiltonians[ham_tsp_prob-pr76_Ncity-10_enc-unary-linear] PASSED [ 76%]
benchpress/qiskit_gym/abstract_transpile/test_hamiltonians.py::TestWorkoutAbstractHamiltonians::test_hamiltonians[ham_bh_graph-2D-triag-pbc-qubitnodes_Lx-10_Ly-10_U-30_enc-stdbinary_d-4-all-to-all] PASSED [ 76%]
benchpress/qiskit_gym/abstract_transpile/test_hamiltonians.py::TestWorkoutAbstractHamiltonians::test_hamiltonians[ham_bh_graph-2D-triag-pbc-qubitnodes_Lx-10_Ly-10_U-30_enc-stdbinary_d-4-square] PASSED [ 76%]
benchpress/qiskit_gym/abstract_transpile/test_hamiltonians.py::TestWorkoutAbstractHamiltonians::test_hamiltonians[ham_bh_graph-2D-triag-pbc-qubitnodes_Lx-10_Ly-10_U-30_enc-stdbinary_d-4-heavy-hex] PASSED [ 76%]
benchpress/qiskit_gym/abstract_transpile/test_hamiltonians.py::TestWorkoutAbstractHamiltonians::test_hamiltonians[ham_bh_graph-2D-triag-pbc-qubitnodes_Lx-10_Ly-10_U-30_enc-stdbinary_d-4-linear] PASSED [ 77%]
benchpress/qiskit_gym/abstract_transpile/test_hamiltonians.py::TestWorkoutAbstractHamiltonians::test_hamiltonians[ham_queen13_13,n-28,rinst-0-all-to-all] PASSED [ 77%]
benchpress/qiskit_gym/abstract_transpile/test_hamiltonians.py::TestWorkoutAbstractHamiltonians::test_hamiltonians[ham_queen13_13,n-28,rinst-0-square] PASSED [ 77%]
benchpress/qiskit_gym/abstract_transpile/test_hamiltonians.py::TestWorkoutAbstractHamiltonians::test_hamiltonians[ham_queen13_13,n-28,rinst-0-heavy-hex] PASSED [ 77%]
benchpress/qiskit_gym/abstract_transpile/test_hamiltonians.py::TestWorkoutAbstractHamiltonians::test_hamiltonians[ham_queen13_13,n-28,rinst-0-linear] PASSED [ 78%]
benchpress/qiskit_gym/abstract_transpile/test_hamiltonians.py::TestWorkoutAbstractHamiltonians::test_hamiltonians[ham_will199gpia,n-60,rinst-8-all-to-all] PASSED [ 78%]
benchpress/qiskit_gym/abstract_transpile/test_hamiltonians.py::TestWorkoutAbstractHamiltonians::test_hamiltonians[ham_will199gpia,n-60,rinst-8-square] PASSED [ 78%]
benchpress/qiskit_gym/abstract_transpile/test_hamiltonians.py::TestWorkoutAbstractHamiltonians::test_hamiltonians[ham_will199gpia,n-60,rinst-8-heavy-hex] PASSED [ 78%]
benchpress/qiskit_gym/abstract_transpile/test_hamiltonians.py::TestWorkoutAbstractHamiltonians::test_hamiltonians[ham_will199gpia,n-60,rinst-8-linear] PASSED [ 79%]
benchpress/qiskit_gym/abstract_transpile/test_hamiltonians.py::TestWorkoutAbstractHamiltonians::test_hamiltonians[ham_bh_graph-1D-grid-pbc-qubitnodes_Lx-60_U-10_enc-stdbinary_d-4-all-to-all] PASSED [ 79%]
benchpress/qiskit_gym/abstract_transpile/test_hamiltonians.py::TestWorkoutAbstractHamiltonians::test_hamiltonians[ham_bh_graph-1D-grid-pbc-qubitnodes_Lx-60_U-10_enc-stdbinary_d-4-square] PASSED [ 79%]
benchpress/qiskit_gym/abstract_transpile/test_hamiltonians.py::TestWorkoutAbstractHamiltonians::test_hamiltonians[ham_bh_graph-1D-grid-pbc-qubitnodes_Lx-60_U-10_enc-stdbinary_d-4-heavy-hex] PASSED [ 79%]
benchpress/qiskit_gym/abstract_transpile/test_hamiltonians.py::TestWorkoutAbstractHamiltonians::test_hamiltonians[ham_bh_graph-1D-grid-pbc-qubitnodes_Lx-60_U-10_enc-stdbinary_d-4-linear] PASSED [ 80%]
benchpress/qiskit_gym/abstract_transpile/test_hamiltonians.py::TestWorkoutAbstractHamiltonians::test_hamiltonians[ham_bh_graph-2D-triag-pbc-qubitnodes_Lx-3_Ly-22_U-70_enc-unary_d-4-all-to-all] PASSED [ 80%]
benchpress/qiskit_gym/abstract_transpile/test_hamiltonians.py::TestWorkoutAbstractHamiltonians::test_hamiltonians[ham_bh_graph-2D-triag-pbc-qubitnodes_Lx-3_Ly-22_U-70_enc-unary_d-4-square] PASSED [ 80%]
benchpress/qiskit_gym/abstract_transpile/test_hamiltonians.py::TestWorkoutAbstractHamiltonians::test_hamiltonians[ham_bh_graph-2D-triag-pbc-qubitnodes_Lx-3_Ly-22_U-70_enc-unary_d-4-heavy-hex] PASSED [ 80%]
benchpress/qiskit_gym/abstract_transpile/test_hamiltonians.py::TestWorkoutAbstractHamiltonians::test_hamiltonians[ham_bh_graph-2D-triag-pbc-qubitnodes_Lx-3_Ly-22_U-70_enc-unary_d-4-linear] PASSED [ 81%]
benchpress/qiskit_gym/abstract_transpile/test_hamiltonians.py::TestWorkoutAbstractHamiltonians::test_hamiltonians[ham_1-fullins_5,n-48,rinst-7-all-to-all] PASSED [ 81%]
benchpress/qiskit_gym/abstract_transpile/test_hamiltonians.py::TestWorkoutAbstractHamiltonians::test_hamiltonians[ham_1-fullins_5,n-48,rinst-7-square] PASSED [ 81%]
benchpress/qiskit_gym/abstract_transpile/test_hamiltonians.py::TestWorkoutAbstractHamiltonians::test_hamiltonians[ham_1-fullins_5,n-48,rinst-7-heavy-hex] PASSED [ 81%]
benchpress/qiskit_gym/abstract_transpile/test_hamiltonians.py::TestWorkoutAbstractHamiltonians::test_hamiltonians[ham_1-fullins_5,n-48,rinst-7-linear] PASSED [ 82%]
benchpress/qiskit_gym/abstract_transpile/test_hamiltonians.py::TestWorkoutAbstractHamiltonians::test_hamiltonians[ham_bh_graph-2D-triag-nonpbc-qubitnodes_Lx-11_Ly-11_U-100_enc-gray_d-4-all-to-all] PASSED [ 82%]
benchpress/qiskit_gym/abstract_transpile/test_hamiltonians.py::TestWorkoutAbstractHamiltonians::test_hamiltonians[ham_bh_graph-2D-triag-nonpbc-qubitnodes_Lx-11_Ly-11_U-100_enc-gray_d-4-square] PASSED [ 82%]
benchpress/qiskit_gym/abstract_transpile/test_hamiltonians.py::TestWorkoutAbstractHamiltonians::test_hamiltonians[ham_bh_graph-2D-triag-nonpbc-qubitnodes_Lx-11_Ly-11_U-100_enc-gray_d-4-heavy-hex] PASSED [ 82%]
benchpress/qiskit_gym/abstract_transpile/test_hamiltonians.py::TestWorkoutAbstractHamiltonians::test_hamiltonians[ham_bh_graph-2D-triag-nonpbc-qubitnodes_Lx-11_Ly-11_U-100_enc-gray_d-4-linear] PASSED [ 83%]
benchpress/qiskit_gym/abstract_transpile/test_hamiltonians.py::TestWorkoutAbstractHamiltonians::test_hamiltonians[ham_fh-graph-1D-grid-nonpbc-qubitnodes_Lx-90_U-2_enc-jw-all-to-all] PASSED [ 83%]
benchpress/qiskit_gym/abstract_transpile/test_hamiltonians.py::TestWorkoutAbstractHamiltonians::test_hamiltonians[ham_fh-graph-1D-grid-nonpbc-qubitnodes_Lx-90_U-2_enc-jw-square] PASSED [ 83%]
benchpress/qiskit_gym/abstract_transpile/test_hamiltonians.py::TestWorkoutAbstractHamiltonians::test_hamiltonians[ham_fh-graph-1D-grid-nonpbc-qubitnodes_Lx-90_U-2_enc-jw-heavy-hex] PASSED [ 83%]
benchpress/qiskit_gym/abstract_transpile/test_hamiltonians.py::TestWorkoutAbstractHamiltonians::test_hamiltonians[ham_fh-graph-1D-grid-nonpbc-qubitnodes_Lx-90_U-2_enc-jw-linear] PASSED [ 84%]
benchpress/qiskit_gym/abstract_transpile/test_hamiltonians.py::TestWorkoutAbstractHamiltonians::test_hamiltonians[ham_graph-2D-triag-pbc-qubitnodes_Lx-19_Ly-19_h-0.5-all-to-all] PASSED [ 84%]
benchpress/qiskit_gym/abstract_transpile/test_hamiltonians.py::TestWorkoutAbstractHamiltonians::test_hamiltonians[ham_graph-2D-triag-pbc-qubitnodes_Lx-19_Ly-19_h-0.5-square] PASSED [ 84%]
benchpress/qiskit_gym/abstract_transpile/test_hamiltonians.py::TestWorkoutAbstractHamiltonians::test_hamiltonians[ham_graph-2D-triag-pbc-qubitnodes_Lx-19_Ly-19_h-0.5-heavy-hex] PASSED [ 84%]
benchpress/qiskit_gym/abstract_transpile/test_hamiltonians.py::TestWorkoutAbstractHamiltonians::test_hamiltonians[ham_graph-2D-triag-pbc-qubitnodes_Lx-19_Ly-19_h-0.5-linear] PASSED [ 85%]
benchpress/qiskit_gym/abstract_transpile/test_hamiltonians.py::TestWorkoutAbstractHamiltonians::test_hamiltonians[ham_graph-2D-grid-nonpbc-qubitnodes_Lx-5_Ly-58_h-2-all-to-all] PASSED [ 85%]
benchpress/qiskit_gym/abstract_transpile/test_hamiltonians.py::TestWorkoutAbstractHamiltonians::test_hamiltonians[ham_graph-2D-grid-nonpbc-qubitnodes_Lx-5_Ly-58_h-2-square] PASSED [ 85%]
benchpress/qiskit_gym/abstract_transpile/test_hamiltonians.py::TestWorkoutAbstractHamiltonians::test_hamiltonians[ham_graph-2D-grid-nonpbc-qubitnodes_Lx-5_Ly-58_h-2-heavy-hex] PASSED [ 85%]
benchpress/qiskit_gym/abstract_transpile/test_hamiltonians.py::TestWorkoutAbstractHamiltonians::test_hamiltonians[ham_graph-2D-grid-nonpbc-qubitnodes_Lx-5_Ly-58_h-2-linear] PASSED [ 86%]
benchpress/qiskit_gym/abstract_transpile/test_hamiltonians.py::TestWorkoutAbstractHamiltonians::test_hamiltonians[ham_fh-graph-2D-triag-nonpbc-qubitnodes_Lx-16_Ly-16_U-4_enc-bk-all-to-all] PASSED [ 86%]
benchpress/qiskit_gym/abstract_transpile/test_hamiltonians.py::TestWorkoutAbstractHamiltonians::test_hamiltonians[ham_fh-graph-2D-triag-nonpbc-qubitnodes_Lx-16_Ly-16_U-4_enc-bk-square] PASSED [ 86%]
benchpress/qiskit_gym/abstract_transpile/test_hamiltonians.py::TestWorkoutAbstractHamiltonians::test_hamiltonians[ham_fh-graph-2D-triag-nonpbc-qubitnodes_Lx-16_Ly-16_U-4_enc-bk-heavy-hex] PASSED [ 86%]
benchpress/qiskit_gym/abstract_transpile/test_hamiltonians.py::TestWorkoutAbstractHamiltonians::test_hamiltonians[ham_fh-graph-2D-triag-nonpbc-qubitnodes_Lx-16_Ly-16_U-4_enc-bk-linear] PASSED [ 87%]
benchpress/qiskit_gym/abstract_transpile/test_hamiltonians.py::TestWorkoutAbstractHamiltonians::test_hamiltonians[ham_fh-graph-1D-grid-pbc-qubitnodes_Lx-160_U-12_enc-parity-all-to-all] PASSED [ 87%]
benchpress/qiskit_gym/abstract_transpile/test_hamiltonians.py::TestWorkoutAbstractHamiltonians::test_hamiltonians[ham_fh-graph-1D-grid-pbc-qubitnodes_Lx-160_U-12_enc-parity-square] PASSED [ 87%]
benchpress/qiskit_gym/abstract_transpile/test_hamiltonians.py::TestWorkoutAbstractHamiltonians::test_hamiltonians[ham_fh-graph-1D-grid-pbc-qubitnodes_Lx-160_U-12_enc-parity-heavy-hex] PASSED [ 87%]
benchpress/qiskit_gym/abstract_transpile/test_hamiltonians.py::TestWorkoutAbstractHamiltonians::test_hamiltonians[ham_fh-graph-1D-grid-pbc-qubitnodes_Lx-160_U-12_enc-parity-linear] PASSED [ 88%]
benchpress/qiskit_gym/abstract_transpile/test_hamiltonians.py::TestWorkoutAbstractHamiltonians::test_hamiltonians[ham_graph-2D-triag-nonpbc-qubitnodes_Lx-3_Ly-160_h-0.1-all-to-all] PASSED [ 88%]
benchpress/qiskit_gym/abstract_transpile/test_hamiltonians.py::TestWorkoutAbstractHamiltonians::test_hamiltonians[ham_graph-2D-triag-nonpbc-qubitnodes_Lx-3_Ly-160_h-0.1-square] PASSED [ 88%]
benchpress/qiskit_gym/abstract_transpile/test_hamiltonians.py::TestWorkoutAbstractHamiltonians::test_hamiltonians[ham_graph-2D-triag-nonpbc-qubitnodes_Lx-3_Ly-160_h-0.1-heavy-hex] PASSED [ 88%]
benchpress/qiskit_gym/abstract_transpile/test_hamiltonians.py::TestWorkoutAbstractHamiltonians::test_hamiltonians[ham_graph-2D-triag-nonpbc-qubitnodes_Lx-3_Ly-160_h-0.1-linear] PASSED [ 89%]
benchpress/qiskit_gym/abstract_transpile/test_hamiltonians.py::TestWorkoutAbstractHamiltonians::test_hamiltonians[ham_graph-2D-grid-nonpbc-qubitnodes_Lx-19_Ly-19_h-5-all-to-all] PASSED [ 89%]
benchpress/qiskit_gym/abstract_transpile/test_hamiltonians.py::TestWorkoutAbstractHamiltonians::test_hamiltonians[ham_graph-2D-grid-nonpbc-qubitnodes_Lx-19_Ly-19_h-5-square] PASSED [ 89%]
benchpress/qiskit_gym/abstract_transpile/test_hamiltonians.py::TestWorkoutAbstractHamiltonians::test_hamiltonians[ham_graph-2D-grid-nonpbc-qubitnodes_Lx-19_Ly-19_h-5-heavy-hex] PASSED [ 89%]
benchpress/qiskit_gym/abstract_transpile/test_hamiltonians.py::TestWorkoutAbstractHamiltonians::test_hamiltonians[ham_graph-2D-grid-nonpbc-qubitnodes_Lx-19_Ly-19_h-5-linear] PASSED [ 90%]
benchpress/qiskit_gym/abstract_transpile/test_hamiltonians.py::TestWorkoutAbstractHamiltonians::test_hamiltonians[ham_graph-2D-grid-pbc-qubitnodes_Lx-2_Ly-185_h-0.5-all-to-all] PASSED [ 90%]
benchpress/qiskit_gym/abstract_transpile/test_hamiltonians.py::TestWorkoutAbstractHamiltonians::test_hamiltonians[ham_graph-2D-grid-pbc-qubitnodes_Lx-2_Ly-185_h-0.5-square] PASSED [ 90%]
benchpress/qiskit_gym/abstract_transpile/test_hamiltonians.py::TestWorkoutAbstractHamiltonians::test_hamiltonians[ham_graph-2D-grid-pbc-qubitnodes_Lx-2_Ly-185_h-0.5-heavy-hex] PASSED [ 90%]
benchpress/qiskit_gym/abstract_transpile/test_hamiltonians.py::TestWorkoutAbstractHamiltonians::test_hamiltonians[ham_graph-2D-grid-pbc-qubitnodes_Lx-2_Ly-185_h-0.5-linear] PASSED [ 91%]
benchpress/qiskit_gym/abstract_transpile/test_hamiltonians.py::TestWorkoutAbstractHamiltonians::test_hamiltonians[ham_fh-graph-2D-grid-pbc-qubitnodes_Lx-2_Ly-105_U-8_enc-bk-all-to-all] PASSED [ 91%]
benchpress/qiskit_gym/abstract_transpile/test_hamiltonians.py::TestWorkoutAbstractHamiltonians::test_hamiltonians[ham_fh-graph-2D-grid-pbc-qubitnodes_Lx-2_Ly-105_U-8_enc-bk-square] PASSED [ 91%]
benchpress/qiskit_gym/abstract_transpile/test_hamiltonians.py::TestWorkoutAbstractHamiltonians::test_hamiltonians[ham_fh-graph-2D-grid-pbc-qubitnodes_Lx-2_Ly-105_U-8_enc-bk-heavy-hex] PASSED [ 91%]
benchpress/qiskit_gym/abstract_transpile/test_hamiltonians.py::TestWorkoutAbstractHamiltonians::test_hamiltonians[ham_fh-graph-2D-grid-pbc-qubitnodes_Lx-2_Ly-105_U-8_enc-bk-linear] PASSED [ 92%]
benchpress/qiskit_gym/abstract_transpile/test_hamiltonians.py::TestWorkoutAbstractHamiltonians::test_hamiltonians[ham_ash608gpia,n-160,rinst-1-all-to-all] PASSED [ 92%]
benchpress/qiskit_gym/abstract_transpile/test_hamiltonians.py::TestWorkoutAbstractHamiltonians::test_hamiltonians[ham_ash608gpia,n-160,rinst-1-square] PASSED [ 92%]
benchpress/qiskit_gym/abstract_transpile/test_hamiltonians.py::TestWorkoutAbstractHamiltonians::test_hamiltonians[ham_ash608gpia,n-160,rinst-1-heavy-hex] PASSED [ 92%]
benchpress/qiskit_gym/abstract_transpile/test_hamiltonians.py::TestWorkoutAbstractHamiltonians::test_hamiltonians[ham_ash608gpia,n-160,rinst-1-linear] PASSED [ 93%]
benchpress/qiskit_gym/abstract_transpile/test_hamiltonians.py::TestWorkoutAbstractHamiltonians::test_hamiltonians[ham_graph-2D-grid-nonpbc-qubitnodes_Lx-4_Ly-133_h-0.1-all-to-all] PASSED [ 93%]
benchpress/qiskit_gym/abstract_transpile/test_hamiltonians.py::TestWorkoutAbstractHamiltonians::test_hamiltonians[ham_graph-2D-grid-nonpbc-qubitnodes_Lx-4_Ly-133_h-0.1-square] PASSED [ 93%]
benchpress/qiskit_gym/abstract_transpile/test_hamiltonians.py::TestWorkoutAbstractHamiltonians::test_hamiltonians[ham_graph-2D-grid-nonpbc-qubitnodes_Lx-4_Ly-133_h-0.1-heavy-hex] PASSED [ 93%]
benchpress/qiskit_gym/abstract_transpile/test_hamiltonians.py::TestWorkoutAbstractHamiltonians::test_hamiltonians[ham_graph-2D-grid-nonpbc-qubitnodes_Lx-4_Ly-133_h-0.1-linear] PASSED [ 94%]
benchpress/qiskit_gym/abstract_transpile/test_hamiltonians.py::TestWorkoutAbstractHamiltonians::test_hamiltonians[ham_graph-2D-grid-pbc-qubitnodes_Lx-4_Ly-148_h-6-all-to-all] PASSED [ 94%]
benchpress/qiskit_gym/abstract_transpile/test_hamiltonians.py::TestWorkoutAbstractHamiltonians::test_hamiltonians[ham_graph-2D-grid-pbc-qubitnodes_Lx-4_Ly-148_h-6-square] PASSED [ 94%]
benchpress/qiskit_gym/abstract_transpile/test_hamiltonians.py::TestWorkoutAbstractHamiltonians::test_hamiltonians[ham_graph-2D-grid-pbc-qubitnodes_Lx-4_Ly-148_h-6-heavy-hex] PASSED [ 94%]
benchpress/qiskit_gym/abstract_transpile/test_hamiltonians.py::TestWorkoutAbstractHamiltonians::test_hamiltonians[ham_graph-2D-grid-pbc-qubitnodes_Lx-4_Ly-148_h-6-linear] PASSED [ 95%]
benchpress/qiskit_gym/abstract_transpile/test_hamiltonians.py::TestWorkoutAbstractHamiltonians::test_hamiltonians[ham_fh-graph-2D-grid-pbc-qubitnodes_Lx-5_Ly-72_U-0_enc-parity-all-to-all] PASSED [ 95%]
benchpress/qiskit_gym/abstract_transpile/test_hamiltonians.py::TestWorkoutAbstractHamiltonians::test_hamiltonians[ham_fh-graph-2D-grid-pbc-qubitnodes_Lx-5_Ly-72_U-0_enc-parity-square] PASSED [ 95%]
benchpress/qiskit_gym/abstract_transpile/test_hamiltonians.py::TestWorkoutAbstractHamiltonians::test_hamiltonians[ham_fh-graph-2D-grid-pbc-qubitnodes_Lx-5_Ly-72_U-0_enc-parity-heavy-hex] PASSED [ 95%]
benchpress/qiskit_gym/abstract_transpile/test_hamiltonians.py::TestWorkoutAbstractHamiltonians::test_hamiltonians[ham_fh-graph-2D-grid-pbc-qubitnodes_Lx-5_Ly-72_U-0_enc-parity-linear] PASSED [ 96%]
benchpress/qiskit_gym/abstract_transpile/test_hamiltonians.py::TestWorkoutAbstractHamiltonians::test_hamiltonians[ham_graph-2D-grid-pbc-qubitnodes_Lx-4_Ly-190_h-0-all-to-all] PASSED [ 96%]
benchpress/qiskit_gym/abstract_transpile/test_hamiltonians.py::TestWorkoutAbstractHamiltonians::test_hamiltonians[ham_graph-2D-grid-pbc-qubitnodes_Lx-4_Ly-190_h-0-square] PASSED [ 96%]
benchpress/qiskit_gym/abstract_transpile/test_hamiltonians.py::TestWorkoutAbstractHamiltonians::test_hamiltonians[ham_graph-2D-grid-pbc-qubitnodes_Lx-4_Ly-190_h-0-heavy-hex] PASSED [ 96%]
benchpress/qiskit_gym/abstract_transpile/test_hamiltonians.py::TestWorkoutAbstractHamiltonians::test_hamiltonians[ham_graph-2D-grid-pbc-qubitnodes_Lx-4_Ly-190_h-0-linear] PASSED [ 97%]
benchpress/qiskit_gym/abstract_transpile/test_hamiltonians.py::TestWorkoutAbstractHamiltonians::test_hamiltonians[ham_graph-2D-triag-nonpbc-qubitnodes_Lx-40_Ly-40_h-0.1-all-to-all] PASSED [ 97%]
benchpress/qiskit_gym/abstract_transpile/test_hamiltonians.py::TestWorkoutAbstractHamiltonians::test_hamiltonians[ham_graph-2D-triag-nonpbc-qubitnodes_Lx-40_Ly-40_h-0.1-square] PASSED [ 97%]
benchpress/qiskit_gym/abstract_transpile/test_hamiltonians.py::TestWorkoutAbstractHamiltonians::test_hamiltonians[ham_graph-2D-triag-nonpbc-qubitnodes_Lx-40_Ly-40_h-0.1-heavy-hex] PASSED [ 97%]
benchpress/qiskit_gym/abstract_transpile/test_hamiltonians.py::TestWorkoutAbstractHamiltonians::test_hamiltonians[ham_graph-2D-triag-nonpbc-qubitnodes_Lx-40_Ly-40_h-0.1-linear] PASSED [ 98%]
benchpress/qiskit_gym/abstract_transpile/test_hamiltonians.py::TestWorkoutAbstractHamiltonians::test_hamiltonians[ham_graph-2D-grid-nonpbc-qubitnodes_Lx-5_Ly-186_h-0.5-all-to-all] PASSED [ 98%]
benchpress/qiskit_gym/abstract_transpile/test_hamiltonians.py::TestWorkoutAbstractHamiltonians::test_hamiltonians[ham_graph-2D-grid-nonpbc-qubitnodes_Lx-5_Ly-186_h-0.5-square] PASSED [ 98%]
benchpress/qiskit_gym/abstract_transpile/test_hamiltonians.py::TestWorkoutAbstractHamiltonians::test_hamiltonians[ham_graph-2D-grid-nonpbc-qubitnodes_Lx-5_Ly-186_h-0.5-heavy-hex] PASSED [ 98%]
benchpress/qiskit_gym/abstract_transpile/test_hamiltonians.py::TestWorkoutAbstractHamiltonians::test_hamiltonians[ham_graph-2D-grid-nonpbc-qubitnodes_Lx-5_Ly-186_h-0.5-linear] PASSED [ 99%]
benchpress/qiskit_gym/abstract_transpile/test_hamiltonians.py::TestWorkoutAbstractHamiltonians::test_hamiltonians[ham_graph-2D-grid-pbc-qubitnodes_Lx-5_Ly-186_h-3-all-to-all] PASSED [ 99%]
benchpress/qiskit_gym/abstract_transpile/test_hamiltonians.py::TestWorkoutAbstractHamiltonians::test_hamiltonians[ham_graph-2D-grid-pbc-qubitnodes_Lx-5_Ly-186_h-3-square] PASSED [ 99%]
benchpress/qiskit_gym/abstract_transpile/test_hamiltonians.py::TestWorkoutAbstractHamiltonians::test_hamiltonians[ham_graph-2D-grid-pbc-qubitnodes_Lx-5_Ly-186_h-3-heavy-hex] PASSED [ 99%]
benchpress/qiskit_gym/abstract_transpile/test_hamiltonians.py::TestWorkoutAbstractHamiltonians::test_hamiltonians[ham_graph-2D-grid-pbc-qubitnodes_Lx-5_Ly-186_h-3-linear] PASSED [100%]
Wrote benchmark data in: <_io.BufferedWriter name='/mnt/data/pr16157_evidence/abstract_hamiltonians/pr.json'>



-------------------------------------------------------------------------------------------------------------------------- benchmark 'Transpile - Abstract': 400 tests ---------------------------------------------------------------------------------------------------------------------------
Name (time in ms)                                                                                                       Min                    Max                   Mean             StdDev                 Median                IQR            Outliers       OPS            Rounds  Iterations
--------------------------------------------------------------------------------------------------------------------------------------------------------------------------------------------------------------------------------------------------------------------------------------------------
test_hamiltonians[ham_mu_z_prime_enc_gray_dvalues_4-4-4-4-all-to-all]                                                1.3639 (1.0)           1.8592 (1.0)           1.5087 (1.0)       0.0534 (inf)           1.5102 (1.0)       0.0367 (inf)        108;86  662.8326 (1.0)         659           1
test_hamiltonians[ham_mu_z_prime_enc_gray_dvalues_4-4-4-4-linear]                                                    1.3734 (1.01)          1.8934 (1.02)          1.5119 (1.00)      0.0667 (inf)           1.5149 (1.00)      0.0665 (inf)        148;28  661.4202 (1.00)        559           1
test_hamiltonians[ham_mu_z_prime_enc_gray_dvalues_4-4-4-4-square]                                                    1.3811 (1.01)          1.8749 (1.01)          1.5176 (1.01)      0.0590 (inf)           1.5137 (1.00)      0.0422 (inf)         96;61  658.9240 (0.99)        594           1
test_hamiltonians[ham_mu_y_prime_enc_unary_dvalues_4-4-4-square]                                                     1.5524 (1.14)          2.2799 (1.23)          1.7093 (1.13)      0.0747 (inf)           1.7178 (1.14)      0.0652 (inf)        149;32  585.0188 (0.88)        570           1
test_hamiltonians[ham_mu_y_prime_enc_unary_dvalues_4-4-4-linear]                                                     1.5743 (1.15)          2.9013 (1.56)          1.7306 (1.15)      0.0861 (inf)           1.7303 (1.15)      0.0700 (inf)         88;20  577.8230 (0.87)        506           1
test_hamiltonians[ham_mu_y_prime_enc_unary_dvalues_4-4-4-all-to-all]                                                 1.5767 (1.16)          2.7704 (1.49)          1.6869 (1.12)      0.0937 (inf)           1.6590 (1.10)      0.1148 (inf)         60;10  592.8097 (0.89)        555           1
test_hamiltonians[ham_gnp-k_2_n-4_rinst-05-all-to-all]                                                               1.9501 (1.43)          2.3363 (1.26)          2.0437 (1.35)      0.0615 (inf)           2.0294 (1.34)      0.0688 (inf)         91;19  489.3169 (0.74)        422           1
test_hamiltonians[ham_mu_y_prime_enc_stdbinary_dvalues_8-8-4-4-all-to-all]                                           2.1404 (1.57)          2.6542 (1.43)          2.2470 (1.49)      0.0756 (inf)           2.2284 (1.48)      0.0743 (inf)         74;23  445.0294 (0.67)        414           1
test_hamiltonians[ham_mu_z_prime_enc_gray_dvalues_4-4-4-4-heavy-hex]                                                 2.2315 (1.64)          2.6469 (1.42)          2.3746 (1.57)      0.0656 (inf)           2.3639 (1.57)      0.0620 (inf)         83;23  421.1213 (0.64)        407           1
test_hamiltonians[ham_mu_y_prime_enc_unary_dvalues_8-8-8-8-8-8-8-square]                                             2.3298 (1.71)          2.8864 (1.55)          2.4822 (1.65)      0.0724 (inf)           2.4685 (1.63)      0.0738 (inf)         70;19  402.8634 (0.61)        343           1
test_hamiltonians[ham_mu_y_prime_enc_unary_dvalues_8-8-8-8-8-8-8-linear]                                             2.3353 (1.71)          2.7591 (1.48)          2.4357 (1.61)      0.0652 (inf)           2.4257 (1.61)      0.0576 (inf)         54;18  410.5563 (0.62)        343           1
test_hamiltonians[ham_mu_y_prime_enc_unary_dvalues_4-4-4-heavy-hex]                                                  2.4804 (1.82)          2.9318 (1.58)          2.5964 (1.72)      0.0627 (inf)           2.5869 (1.71)      0.0625 (inf)         71;17  385.1486 (0.58)        358           1
test_hamiltonians[ham_mu_y_prime_enc_gray_dvalues_16-16-16-all-to-all]                                               2.7053 (1.98)          3.3238 (1.79)          2.8163 (1.87)      0.0706 (inf)           2.8055 (1.86)      0.0352 (inf)         37;30  355.0782 (0.54)        340           1
test_hamiltonians[ham_mu_y_prime_enc_unary_dvalues_8-8-8-8-8-8-8-heavy-hex]                                          2.8395 (2.08)          3.4498 (1.86)          3.0440 (2.02)      0.0950 (inf)           3.0369 (2.01)      0.1167 (inf)         96;13  328.5141 (0.50)        337           1
test_hamiltonians[ham_mu_x_prime_enc_unary_dvalues_4-4-4-linear]                                                     3.0041 (2.20)          3.6330 (1.95)          3.1656 (2.10)      0.0932 (inf)           3.1507 (2.09)      0.0875 (inf)         47;20  315.8956 (0.48)        291           1
test_hamiltonians[ham_mu_y_prime_enc_unary_dvalues_8-8-8-8-8-8-8-all-to-all]                                         3.0090 (2.21)          3.5389 (1.90)          3.1369 (2.08)      0.0781 (inf)           3.1267 (2.07)      0.0757 (inf)         46;14  318.7816 (0.48)        266           1
test_hamiltonians[ham_ham_parity-4-all-to-all]                                                                       3.0472 (2.23)          3.7390 (2.01)          3.1641 (2.10)      0.1097 (inf)           3.1447 (2.08)      0.0630 (inf)         29;29  316.0480 (0.48)        294           1
test_hamiltonians[ham_gnp-k_2_n-4_rinst-05-linear]                                                                   3.0596 (2.24)          3.7103 (2.00)          3.2634 (2.16)      0.0997 (inf)           3.2552 (2.16)      0.1296 (inf)          79;4  306.4252 (0.46)        284           1
test_hamiltonians[ham_gnp-k_2_n-4_rinst-05-square]                                                                   3.1857 (2.34)          3.8700 (2.08)          3.3946 (2.25)      0.1100 (inf)           3.3778 (2.24)      0.1246 (inf)         71;10  294.5896 (0.44)        276           1
test_hamiltonians[ham_mu_y_prime_enc_stdbinary_dvalues_8-8-8-8-8-8-all-to-all]                                       3.2522 (2.38)          4.0297 (2.17)          3.5304 (2.34)      0.1116 (inf)           3.5513 (2.35)      0.0752 (inf)         68;51  283.2552 (0.43)        273           1
test_hamiltonians[ham_mu_y_prime_enc_stdbinary_dvalues_8-8-4-4-linear]                                               3.2905 (2.41)          3.9269 (2.11)          3.4760 (2.30)      0.0907 (inf)           3.4690 (2.30)      0.1115 (inf)          85;7  287.6859 (0.43)        293           1
test_hamiltonians[ham_mu_y_prime_enc_stdbinary_dvalues_16-16-16-16-8-8-8-all-to-all]                                 3.4468 (2.53)          3.9768 (2.14)          3.5270 (2.34)      0.0752 (inf)           3.5056 (2.32)      0.0652 (inf)         25;20  283.5257 (0.43)        272           1
test_hamiltonians[ham_graph-1D-grid-pbc-qubitnodes_Lx-16_h-2-heavy-hex]                                              3.4610 (2.54)          4.4618 (2.40)          3.6147 (2.40)      0.0951 (inf)           3.5966 (2.38)      0.0805 (inf)         36;14  276.6475 (0.42)        290           1
test_hamiltonians[ham_mu_y_prime_enc_stdbinary_dvalues_8-8-4-4-square]                                               3.5542 (2.61)          4.4611 (2.40)          3.7776 (2.50)      0.1411 (inf)           3.7540 (2.49)      0.1583 (inf)          34;5  264.7167 (0.40)        162           1
test_hamiltonians[ham_mu_z_prime_enc_unary_dvalues_16-16-16-16-16-16-16-linear]                                      3.5570 (2.61)          5.1403 (2.76)          3.6987 (2.45)      0.1142 (inf)           3.6784 (2.44)      0.0594 (inf)         24;22  270.3618 (0.41)        286           1
test_hamiltonians[ham_gnp-k_4_n-6_rinst-15-all-to-all]                                                               3.6389 (2.67)          4.4188 (2.38)          3.8721 (2.57)      0.1460 (inf)           3.9080 (2.59)      0.2393 (inf)          81;2  258.2555 (0.39)        238           1
test_hamiltonians[ham_gnp-k_2_n-4_rinst-05-heavy-hex]                                                                3.8547 (2.83)          5.1957 (2.79)          4.1771 (2.77)      0.2917 (inf)           4.0725 (2.70)      0.1843 (inf)         42;41  239.4015 (0.36)        235           1
test_hamiltonians[ham_mu_z_prime_enc_unary_dvalues_16-16-16-16-16-16-16-heavy-hex]                                   3.9056 (2.86)          4.9843 (2.68)          4.0804 (2.70)      0.1002 (inf)           4.0671 (2.69)      0.0879 (inf)         37;11  245.0768 (0.37)        259           1
test_hamiltonians[ham_7-uf20-0384.cnf-8-res-square]                                                                  4.0744 (2.99)          5.0392 (2.71)          4.4457 (2.95)      0.1624 (inf)           4.4346 (2.94)      0.2033 (inf)          51;4  224.9387 (0.34)        193           1
test_hamiltonians[ham_mu_y_prime_enc_stdbinary_dvalues_8-8-4-4-heavy-hex]                                            4.2140 (3.09)          5.5706 (3.00)          4.4175 (2.93)      0.1523 (inf)           4.3820 (2.90)      0.1424 (inf)          16;7  226.3724 (0.34)        159           1
test_hamiltonians[ham_7-uf20-0384.cnf-8-res-linear]                                                                  4.2742 (3.13)          5.1804 (2.79)          4.6534 (3.08)      0.1646 (inf)           4.6541 (3.08)      0.2093 (inf)          59;4  214.8985 (0.32)        209           1
test_hamiltonians[ham_graph-1D-grid-pbc-qubitnodes_Lx-16_h-2-linear]                                                 4.3249 (3.17)         48.7179 (26.20)         4.9224 (3.26)      3.2008 (inf)           4.5929 (3.04)      0.1645 (inf)          2;25  203.1515 (0.31)        193           1
test_hamiltonians[ham_mu_y_prime_enc_gray_dvalues_16-16-16-linear]                                                   4.3267 (3.17)          5.5217 (2.97)          4.5999 (3.05)      0.1388 (inf)           4.5890 (3.04)      0.1496 (inf)          44;3  217.3938 (0.33)        206           1
test_hamiltonians[ham_mu_y_prime_enc_gray_dvalues_16-16-16-square]                                                   4.3364 (3.18)          5.5568 (2.99)          4.5970 (3.05)      0.1355 (inf)           4.6079 (3.05)      0.1549 (inf)          51;5  217.5324 (0.33)        220           1
test_hamiltonians[ham_ham_parity-4-linear]                                                                           4.4743 (3.28)          5.0939 (2.74)          4.7030 (3.12)      0.1191 (inf)           4.6860 (3.10)      0.1566 (inf)          59;4  212.6322 (0.32)        195           1
test_hamiltonians[ham_ham_parity-4-square]                                                                           4.5352 (3.33)          5.4072 (2.91)          4.7864 (3.17)      0.1295 (inf)           4.7742 (3.16)      0.1402 (inf)          49;9  208.9243 (0.32)        207           1
test_hamiltonians[ham_7-uf20-0384.cnf-8-res-heavy-hex]                                                               4.5700 (3.35)          5.3740 (2.89)          4.7800 (3.17)      0.1250 (inf)           4.7586 (3.15)      0.1480 (inf)          47;7  209.2029 (0.32)        199           1
test_hamiltonians[ham_mu_y_prime_enc_stdbinary_dvalues_8-8-8-8-8-8-linear]                                           4.5733 (3.35)          5.1862 (2.79)          4.7679 (3.16)      0.1026 (inf)           4.7573 (3.15)      0.1188 (inf)         55;11  209.7369 (0.32)        205           1
test_hamiltonians[ham_mu_y_prime_enc_stdbinary_dvalues_8-8-8-8-8-8-square]                                           4.7255 (3.46)          5.6128 (3.02)          5.1833 (3.44)      0.1755 (inf)           5.1797 (3.43)      0.2387 (inf)          57;0  192.9291 (0.29)        178           1
test_hamiltonians[ham_7-uf20-0384.cnf-8-res-all-to-all]                                                              5.0126 (3.68)          5.6244 (3.03)          5.2144 (3.46)      0.0947 (inf)           5.1952 (3.44)      0.0954 (inf)         43;12  191.7759 (0.29)        189           1
test_hamiltonians[ham_mu_y_prime_enc_stdbinary_dvalues_16-16-16-16-8-8-8-square]                                     5.0197 (3.68)          5.7382 (3.09)          5.2448 (3.48)      0.1244 (inf)           5.2241 (3.46)      0.1690 (inf)          59;2  190.6663 (0.29)        189           1
test_hamiltonians[ham_mu_y_prime_enc_stdbinary_dvalues_16-16-16-16-8-8-8-linear]                                     5.0652 (3.71)          5.9816 (3.22)          5.3205 (3.53)      0.1450 (inf)           5.2984 (3.51)      0.1530 (inf)          42;7  187.9540 (0.28)        184           1
test_hamiltonians[ham_mu_y_prime_enc_gray_dvalues_16-16-16-heavy-hex]                                                5.1308 (3.76)          7.2091 (3.88)          5.5687 (3.69)      0.3647 (inf)           5.4171 (3.59)      0.5766 (inf)          39;1  179.5749 (0.27)        156           1
test_hamiltonians[ham_gnp-k_4_n-6_rinst-15-square]                                                                   5.1402 (3.77)          6.3655 (3.42)          5.5531 (3.68)      0.1897 (inf)           5.5530 (3.68)      0.2470 (inf)          53;2  180.0785 (0.27)        177           1
test_hamiltonians[ham_tsp_rand-002_Ncity-4_enc-stdbinary-square]                                                     5.1644 (3.79)          6.1318 (3.30)          5.6017 (3.71)      0.1754 (inf)           5.6015 (3.71)      0.2443 (inf)          53;2  178.5179 (0.27)        174           1
test_hamiltonians[ham_ham_parity-4-heavy-hex]                                                                        5.2901 (3.88)          6.1421 (3.30)          5.5119 (3.65)      0.1324 (inf)           5.4873 (3.63)      0.1236 (inf)         34;11  181.4246 (0.27)        175           1
test_hamiltonians[ham_gnp-k_4_n-6_rinst-15-linear]                                                                   5.3353 (3.91)          5.9903 (3.22)          5.5533 (3.68)      0.1139 (inf)           5.5290 (3.66)      0.1337 (inf)          48;4  180.0723 (0.27)        177           1
test_hamiltonians[ham_mu_y_prime_enc_stdbinary_dvalues_8-8-8-8-8-8-heavy-hex]                                        5.3618 (3.93)          7.3136 (3.93)          5.6499 (3.74)      0.2350 (inf)           5.5954 (3.71)      0.1287 (inf)         19;19  176.9930 (0.27)        174           1
test_hamiltonians[ham_tsp_rand-002_Ncity-4_enc-stdbinary-linear]                                                     5.6067 (4.11)          6.8803 (3.70)          6.0260 (3.99)      0.1831 (inf)           6.0202 (3.99)      0.1926 (inf)          39;8  165.9472 (0.25)        158           1
test_hamiltonians[ham_tsp_rand-002_Ncity-4_enc-stdbinary-heavy-hex]                                                  5.7263 (4.20)          6.6266 (3.56)          6.0801 (4.03)      0.1370 (inf)           6.0740 (4.02)      0.1425 (inf)          33;9  164.4699 (0.25)        161           1
test_hamiltonians[ham_mu_y_prime_enc_stdbinary_dvalues_16-16-16-16-8-8-8-heavy-hex]                                  5.7596 (4.22)          6.8245 (3.67)          6.0994 (4.04)      0.2403 (inf)           6.0333 (4.00)      0.1572 (inf)         29;23  163.9508 (0.25)        166           1
test_hamiltonians[ham_gnp-k_4_n-6_rinst-15-heavy-hex]                                                                5.7754 (4.23)          6.5165 (3.50)          6.0398 (4.00)      0.1469 (inf)           6.0192 (3.99)      0.1662 (inf)          42;9  165.5688 (0.25)        152           1
test_hamiltonians[ham_enc_gray_dvalues_d-level-16-all-to-all]                                                        5.8360 (4.28)          7.3355 (3.95)          6.0186 (3.99)      0.1947 (inf)           5.9549 (3.94)      0.1344 (inf)         16;15  166.1510 (0.25)        161           1
test_hamiltonians[ham_mu_y_prime_enc_stdbinary_dvalues_4-4-4-4-4-4-4-4-4-4-4-4-4-4-4-4-4-4-square]                   5.9958 (4.40)          6.6978 (3.60)          6.1862 (4.10)      0.1190 (inf)           6.1571 (4.08)      0.1140 (inf)         33;14  161.6502 (0.24)        161           1
test_hamiltonians[ham_mu_x_prime_enc_unary_dvalues_4-4-4-square]                                                     6.0013 (4.40)          6.5317 (3.51)          6.1831 (4.10)      0.0852 (inf)           6.1729 (4.09)      0.0956 (inf)          38;7  161.7309 (0.24)        169           1
test_hamiltonians[ham_mu_x_prime_enc_unary_dvalues_4-4-4-heavy-hex]                                                  6.0105 (4.41)          6.6686 (3.59)          6.2325 (4.13)      0.0867 (inf)           6.2251 (4.12)      0.0747 (inf)         30;13  160.4498 (0.24)        173           1
test_hamiltonians[ham_graph-1D-grid-pbc-qubitnodes_Lx-26_h-6-linear]                                                 6.0353 (4.43)          7.0487 (3.79)          6.2944 (4.17)      0.1779 (inf)           6.2737 (4.15)      0.1633 (inf)         27;10  158.8703 (0.24)        150           1
test_hamiltonians[ham_graph-1D-grid-pbc-qubitnodes_Lx-16_h-2-square]                                                 6.0972 (4.47)          7.1521 (3.85)          6.2598 (4.15)      0.1133 (inf)           6.2487 (4.14)      0.0888 (inf)          18;8  159.7500 (0.24)        161           1
test_hamiltonians[ham_mu_x_prime_enc_unary_dvalues_4-4-4-all-to-all]                                                 6.3058 (4.62)          6.9739 (3.75)          6.5306 (4.33)      0.1058 (inf)           6.5311 (4.32)      0.1097 (inf)          41;7  153.1245 (0.23)        157           1
test_hamiltonians[ham_mu_x_prime_enc_stdbinary_dvalues_8-8-8-8-8-8-8-8-8-4-4-4-4-4-4-linear]                         6.4621 (4.74)          8.1199 (4.37)          6.8869 (4.56)      0.2246 (inf)           6.8874 (4.56)      0.2888 (inf)          47;2  145.2034 (0.22)        153           1
test_hamiltonians[ham_mu_z_prime_enc_unary_dvalues_16-16-16-16-16-16-16-square]                                      6.4999 (4.77)          7.6737 (4.13)          6.7484 (4.47)      0.1376 (inf)           6.7338 (4.46)      0.1148 (inf)          27;7  148.1839 (0.22)        172           1
test_hamiltonians[ham_graph-1D-grid-pbc-qubitnodes_Lx-16_h-2-all-to-all]                                             6.5760 (4.82)          7.4974 (4.03)          6.7010 (4.44)      0.1069 (inf)           6.6732 (4.42)      0.0609 (inf)         18;15  149.2324 (0.23)        160           1
test_hamiltonians[ham_mu_x_prime_enc_stdbinary_dvalues_8-8-8-8-8-8-8-8-8-4-4-4-4-4-4-square]                         6.8556 (5.03)          9.0044 (4.84)          7.1197 (4.72)      0.2139 (inf)           7.0868 (4.69)      0.1201 (inf)         12;10  140.4552 (0.21)        125           1
test_hamiltonians[ham_mu_y_prime_enc_unary_dvalues_16-16-16-16-16-16-linear]                                         6.8916 (5.05)          7.8776 (4.24)          7.1406 (4.73)      0.1464 (inf)           7.1424 (4.73)      0.1298 (inf)          22;8  140.0435 (0.21)        137           1
test_hamiltonians[ham_ham_JW-6-all-to-all]                                                                           7.0333 (5.16)          8.3169 (4.47)          7.5340 (4.99)      0.2859 (inf)           7.5753 (5.02)      0.3210 (inf)          42;5  132.7308 (0.20)        136           1
test_hamiltonians[ham_tsp_rand-002_Ncity-4_enc-stdbinary-all-to-all]                                                 7.2697 (5.33)          8.2322 (4.43)          7.4600 (4.94)      0.1487 (inf)           7.4389 (4.93)      0.1786 (inf)          36;3  134.0474 (0.20)        141           1
test_hamiltonians[ham_complbipart-n-10_a-5_b-5-square]                                                               7.5278 (5.52)          8.8232 (4.75)          7.8169 (5.18)      0.2041 (inf)           7.7687 (5.14)      0.1788 (inf)          20;8  127.9282 (0.19)        118           1
test_hamiltonians[ham_mu_z_prime_enc_unary_dvalues_16-16-16-16-16-16-16-all-to-all]                                  7.6398 (5.60)          8.6328 (4.64)          7.8891 (5.23)      0.1510 (inf)           7.8875 (5.22)      0.1781 (inf)          34;5  126.7569 (0.19)        133           1
test_hamiltonians[ham_complbipart-n-10_a-5_b-5-linear]                                                               7.9884 (5.86)          9.0438 (4.86)          8.3666 (5.55)      0.1971 (inf)           8.3322 (5.52)      0.2192 (inf)          27;5  119.5222 (0.18)        110           1
test_hamiltonians[ham_complbipart-n-10_a-5_b-5-all-to-all]                                                           7.9975 (5.86)          9.3316 (5.02)          8.2825 (5.49)      0.1712 (inf)           8.2746 (5.48)      0.2472 (inf)          31;1  120.7368 (0.18)        119           1
test_hamiltonians[ham_enc_gray_dvalues_d-level-16-square]                                                            8.1462 (5.97)         48.9882 (26.35)         8.7343 (5.79)      3.7561 (inf)           8.3611 (5.54)      0.1908 (inf)           1;4  114.4915 (0.17)        117           1
test_hamiltonians[ham_complbipart-n-10_a-5_b-5-heavy-hex]                                                            8.3320 (6.11)         11.4357 (6.15)          8.6666 (5.74)      0.3447 (inf)           8.5953 (5.69)      0.2090 (inf)           9;9  115.3855 (0.17)        111           1
test_hamiltonians[ham_mu_x_prime_enc_stdbinary_dvalues_8-8-8-8-8-8-8-8-8-4-4-4-4-4-4-all-to-all]                     8.3582 (6.13)          9.7081 (5.22)          8.5989 (5.70)      0.1564 (inf)           8.5637 (5.67)      0.1412 (inf)          19;5  116.2939 (0.18)        121           1
test_hamiltonians[ham_enc_stdbinary_dvalues_d-level-4-linear]                                                        8.3728 (6.14)          9.1139 (4.90)          8.7619 (5.81)      0.1556 (inf)           8.7616 (5.80)      0.2100 (inf)          35;0  114.1300 (0.17)        114           1
test_hamiltonians[ham_enc_stdbinary_dvalues_d-level-4-all-to-all]                                                    8.4201 (6.17)          9.2411 (4.97)          8.8645 (5.88)      0.1902 (inf)           8.8624 (5.87)      0.2374 (inf)          24;0  112.8098 (0.17)         62           1
test_hamiltonians[ham_enc_stdbinary_dvalues_d-level-4-square]                                                        8.5776 (6.29)          9.7562 (5.25)          9.0038 (5.97)      0.1764 (inf)           8.9969 (5.96)      0.2017 (inf)          30;3  111.0644 (0.17)        109           1
test_hamiltonians[ham_enc_gray_dvalues_d-level-16-linear]                                                            8.6184 (6.32)          9.6699 (5.20)          8.9373 (5.92)      0.1736 (inf)           8.9397 (5.92)      0.1970 (inf)          29;5  111.8908 (0.17)        113           1
test_hamiltonians[ham_graph-1D-grid-pbc-qubitnodes_Lx-26_h-6-square]                                                 8.9074 (6.53)          9.7522 (5.25)          9.1488 (6.06)      0.1505 (inf)           9.1252 (6.04)      0.1442 (inf)          21;6  109.3039 (0.16)        111           1
test_hamiltonians[ham_graph-1D-grid-pbc-qubitnodes_Lx-26_h-6-heavy-hex]                                              9.0416 (6.63)          9.9161 (5.33)          9.3617 (6.21)      0.1411 (inf)           9.3549 (6.19)      0.1495 (inf)          30;4  106.8185 (0.16)        106           1
test_hamiltonians[ham_mu_y_prime_enc_stdbinary_dvalues_4-4-4-4-4-4-4-4-4-4-4-4-4-4-4-4-4-4-heavy-hex]                9.1168 (6.68)          9.8062 (5.27)          9.4277 (6.25)      0.1384 (inf)           9.4184 (6.24)      0.1696 (inf)          31;2  106.0703 (0.16)        112           1
test_hamiltonians[ham_mu_y_prime_enc_unary_dvalues_16-16-16-16-16-16-square]                                         9.2227 (6.76)          9.9741 (5.36)          9.4606 (6.27)      0.1547 (inf)           9.4350 (6.25)      0.1752 (inf)          23;4  105.7016 (0.16)        103           1
test_hamiltonians[ham_enc_stdbinary_dvalues_d-level-4-heavy-hex]                                                     9.4217 (6.91)         10.3283 (5.56)          9.7684 (6.47)      0.1646 (inf)           9.7552 (6.46)      0.1550 (inf)          23;9  102.3710 (0.15)         98           1
test_hamiltonians[ham_enc_gray_dvalues_d-level-16-heavy-hex]                                                         9.4525 (6.93)         10.8695 (5.85)          9.8960 (6.56)      0.2527 (inf)           9.8378 (6.51)      0.2456 (inf)          19;8  101.0509 (0.15)        100           1
test_hamiltonians[ham_graph-1D-grid-pbc-qubitnodes_Lx-26_h-6-all-to-all]                                             9.7632 (7.16)         10.6393 (5.72)          9.9746 (6.61)      0.1364 (inf)           9.9446 (6.58)      0.1521 (inf)          29;2  100.2547 (0.15)        100           1
test_hamiltonians[ham_mu_y_prime_enc_unary_dvalues_16-16-16-16-16-16-heavy-hex]                                      9.7639 (7.16)         11.0979 (5.97)         10.1710 (6.74)      0.1885 (inf)          10.1390 (6.71)      0.1458 (inf)          20;8   98.3185 (0.15)         99           1
test_hamiltonians[ham_ham_JW-6-square]                                                                               9.9880 (7.32)         11.2717 (6.06)         10.5308 (6.98)      0.2335 (inf)          10.5072 (6.96)      0.2616 (inf)          24;5   94.9599 (0.14)         91           1
test_hamiltonians[ham_mu_y_prime_enc_stdbinary_dvalues_4-4-4-4-4-4-4-4-4-4-4-4-4-4-4-4-4-4-all-to-all]              10.3707 (7.60)         12.0290 (6.47)         10.5606 (7.00)      0.1955 (inf)          10.5243 (6.97)      0.1111 (inf)           7;5   94.6920 (0.14)         89           1
test_hamiltonians[ham_ham_JW-6-linear]                                                                              10.4754 (7.68)         11.5990 (6.24)         10.8137 (7.17)      0.1990 (inf)          10.7883 (7.14)      0.2411 (inf)          29;3   92.4757 (0.14)         94           1
test_hamiltonians[ham_mu_x_prime_enc_unary_dvalues_16-16-16-16-16-16-16-16-16-16-16-16-16-16-16-linear]             10.7454 (7.88)         52.7055 (28.35)        11.5665 (7.67)      4.4652 (inf)          11.0512 (7.32)      0.2127 (inf)           1;2   86.4562 (0.13)         87           1
test_hamiltonians[ham_tsp_prob-ts225_Ncity-5_enc-unary-square]                                                      10.7685 (7.90)         17.4645 (9.39)         11.5416 (7.65)      0.7789 (inf)          11.3848 (7.54)      0.6248 (inf)           3;2   86.6431 (0.13)         83           1
test_hamiltonians[ham_ham_JW-6-heavy-hex]                                                                           11.4580 (8.40)         12.4561 (6.70)         11.7640 (7.80)      0.1999 (inf)          11.7236 (7.76)      0.2041 (inf)          14;6   85.0052 (0.13)         83           1
test_hamiltonians[ham_mu_x_prime_enc_stdbinary_dvalues_8-8-8-8-8-8-8-8-8-4-4-4-4-4-4-heavy-hex]                     12.8432 (9.42)         14.2146 (7.65)         13.2812 (8.80)      0.2171 (inf)          13.2601 (8.78)      0.2548 (inf)          22;1   75.2943 (0.11)         77           1
test_hamiltonians[ham_tsp_prob-ts225_Ncity-5_enc-unary-all-to-all]                                                  13.1706 (9.66)         17.5670 (9.45)         13.6939 (9.08)      0.5277 (inf)          13.6280 (9.02)      0.2882 (inf)           2;2   73.0251 (0.11)         69           1
test_hamiltonians[ham_tsp_prob-ts225_Ncity-5_enc-unary-linear]                                                      13.3715 (9.80)         14.8950 (8.01)         13.8906 (9.21)      0.3394 (inf)          13.7623 (9.11)      0.5364 (inf)          23;0   71.9914 (0.11)         71           1
test_hamiltonians[ham_tsp_prob-ts225_Ncity-5_enc-unary-heavy-hex]                                                   13.7662 (10.09)        17.0076 (9.15)         14.1489 (9.38)      0.4325 (inf)          14.0587 (9.31)      0.2251 (inf)           3;5   70.6771 (0.11)         69           1
test_hamiltonians[ham_mu_y_prime_enc_unary_dvalues_16-16-16-16-16-16-all-to-all]                                    14.1999 (10.41)        15.5099 (8.34)         14.5741 (9.66)      0.2805 (inf)          14.4996 (9.60)      0.2895 (inf)          13;4   68.6148 (0.10)         69           1
test_hamiltonians[ham_mu_x_prime_enc_unary_dvalues_16-16-16-16-16-16-16-16-16-16-16-16-16-16-16-heavy-hex]          15.0201 (11.01)        16.2643 (8.75)         15.4787 (10.26)     0.2747 (inf)          15.4366 (10.22)     0.2902 (inf)          17;4   64.6050 (0.10)         64           1
test_hamiltonians[ham_gnp-k_5_n-24_rinst-04-square]                                                                 16.0434 (11.76)        24.8938 (13.39)        16.9862 (11.26)     1.0949 (inf)          16.8826 (11.18)     0.4170 (inf)           1;4   58.8714 (0.09)         62           1
test_hamiltonians[ham_gnp-k_5_n-24_rinst-04-all-to-all]                                                             17.2279 (12.63)        19.1950 (10.32)        17.7614 (11.77)     0.3204 (inf)          17.7471 (11.75)     0.4059 (inf)          16;1   56.3020 (0.08)         59           1
test_hamiltonians[ham_gnp-k_5_n-24_rinst-04-linear]                                                                 18.9857 (13.92)        21.0477 (11.32)        19.8229 (13.14)     0.4611 (inf)          19.8170 (13.12)     0.3755 (inf)          14;7   50.4467 (0.08)         50           1
test_hamiltonians[ham_gnp-k_5_n-24_rinst-04-heavy-hex]                                                              20.5881 (15.10)        23.9449 (12.88)        21.1040 (13.99)     0.5102 (inf)          20.9983 (13.90)     0.3928 (inf)           5;2   47.3843 (0.07)         48           1
test_hamiltonians[ham_0-uuf100-0810.cnf-40-res-all-to-all]                                                          20.7220 (15.19)        22.5226 (12.11)        21.3215 (14.13)     0.3133 (inf)          21.2852 (14.09)     0.2724 (inf)          11;5   46.9011 (0.07)         46           1
test_hamiltonians[ham_0-uuf100-0810.cnf-40-res-square]                                                              20.9268 (15.34)        22.1238 (11.90)        21.2788 (14.10)     0.2923 (inf)          21.1754 (14.02)     0.4606 (inf)          14;0   46.9951 (0.07)         44           1
test_hamiltonians[ham_8-uuf100-0509.cnf-40-cc-all-to-all]                                                           21.9698 (16.11)        23.2491 (12.50)        22.4205 (14.86)     0.2553 (inf)          22.3918 (14.83)     0.3243 (inf)          14;1   44.6021 (0.07)         46           1
test_hamiltonians[ham_8-uuf100-0509.cnf-40-cc-square]                                                               22.0865 (16.19)        23.9257 (12.87)        22.6022 (14.98)     0.3563 (inf)          22.5138 (14.91)     0.3426 (inf)          10;3   44.2435 (0.07)         44           1
test_hamiltonians[ham_0-uuf100-0810.cnf-40-res-heavy-hex]                                                           23.6048 (17.31)        25.9302 (13.95)        24.3741 (16.16)     0.5117 (inf)          24.2935 (16.09)     0.6727 (inf)           8;1   41.0272 (0.06)         34           1
test_hamiltonians[ham_8-uuf100-0509.cnf-40-cc-heavy-hex]                                                            23.9436 (17.56)        25.5305 (13.73)        24.5793 (16.29)     0.3782 (inf)          24.5336 (16.25)     0.4266 (inf)           8;4   40.6846 (0.06)         40           1
test_hamiltonians[ham_2-uf100-0396.cnf-46-res-all-to-all]                                                           24.8772 (18.24)        26.7824 (14.41)        25.2371 (16.73)     0.3242 (inf)          25.1531 (16.66)     0.3124 (inf)           3;2   39.6242 (0.06)         39           1
test_hamiltonians[ham_ham_JW-8-all-to-all]                                                                          25.7799 (18.90)        29.4390 (15.83)        26.3773 (17.48)     0.7062 (inf)          26.1539 (17.32)     0.5924 (inf)           5;3   37.9113 (0.06)         36           1
test_hamiltonians[ham_mu_x_prime_enc_unary_dvalues_16-16-16-16-16-16-16-16-16-16-16-16-16-16-16-all-to-all]         26.0365 (19.09)        27.7224 (14.91)        26.3758 (17.48)     0.3108 (inf)          26.2885 (17.41)     0.3279 (inf)           6;1   37.9136 (0.06)         36           1
test_hamiltonians[ham_2-uf100-0396.cnf-46-res-square]                                                               26.2198 (19.22)        28.9614 (15.58)        27.1706 (18.01)     0.6422 (inf)          27.0103 (17.89)     0.9578 (inf)          12;0   36.8045 (0.06)         38           1
test_hamiltonians[ham_tsp_prob-lin105_Ncity-7_enc-unary-square]                                                     26.8185 (19.66)        32.8783 (17.68)        27.9837 (18.55)     1.0145 (inf)          27.8752 (18.46)     1.0000 (inf)           3;1   35.7352 (0.05)         38           1
test_hamiltonians[ham_tsp_prob-lin105_Ncity-7_enc-unary-all-to-all]                                                 27.0843 (19.86)        28.0852 (15.11)        27.5372 (18.25)     0.2207 (inf)          27.5034 (18.21)     0.3132 (inf)          11;0   36.3145 (0.05)         37           1
test_hamiltonians[ham_2-uf100-0601.cnf-46-res-all-to-all]                                                           27.8625 (20.43)        28.9039 (15.55)        28.3535 (18.79)     0.2099 (inf)          28.3250 (18.76)     0.3142 (inf)           8;0   35.2690 (0.05)         35           1
test_hamiltonians[ham_graph-2D-grid-nonpbc-qubitnodes_Lx-5_Ly-15_h-3-linear]                                        28.0842 (20.59)        31.1802 (16.77)        29.5845 (19.61)     0.6406 (inf)          29.6765 (19.65)     0.6879 (inf)           9;3   33.8015 (0.05)         35           1
test_hamiltonians[ham_0-uuf100-0810.cnf-40-res-linear]                                                              28.2427 (20.71)        31.5892 (16.99)        29.1626 (19.33)     0.7493 (inf)          29.0341 (19.23)     0.7697 (inf)          12;2   34.2905 (0.05)         35           1
test_hamiltonians[ham_4-flat100-7.cnf-90-cc-heavy-hex]                                                              28.3926 (20.82)        31.1913 (16.78)        29.5329 (19.58)     0.6834 (inf)          29.5042 (19.54)     0.9866 (inf)          10;0   33.8605 (0.05)         35           1
test_hamiltonians[ham_tsp_prob-ulysses22_Ncity-8_enc-stdbinary-all-to-all]                                          28.4403 (20.85)        29.3895 (15.81)        28.8450 (19.12)     0.2368 (inf)          28.8100 (19.08)     0.2786 (inf)          11;0   34.6681 (0.05)         36           1
test_hamiltonians[ham_2-uf100-0601.cnf-46-res-square]                                                               28.5658 (20.94)        31.6966 (17.05)        29.5597 (19.59)     0.7363 (inf)          29.4200 (19.48)     0.8734 (inf)          11;1   33.8298 (0.05)         34           1
test_hamiltonians[ham_ham_JW-8-linear]                                                                              29.4472 (21.59)        32.9577 (17.73)        30.5642 (20.26)     0.6886 (inf)          30.4675 (20.17)     0.7598 (inf)           9;1   32.7180 (0.05)         34           1
test_hamiltonians[ham_graph-2D-grid-nonpbc-qubitnodes_Lx-5_Ly-15_h-3-heavy-hex]                                     29.5176 (21.64)        32.6409 (17.56)        30.3414 (20.11)     0.5871 (inf)          30.2492 (20.03)     0.5992 (inf)           3;2   32.9583 (0.05)         34           1
test_hamiltonians[ham_ham_JW-8-square]                                                                              29.7636 (21.82)        31.9073 (17.16)        30.6875 (20.34)     0.6470 (inf)          30.6845 (20.32)     0.9281 (inf)          11;0   32.5865 (0.05)         31           1
test_hamiltonians[ham_graph-2D-grid-nonpbc-qubitnodes_Lx-5_Ly-15_h-3-all-to-all]                                    30.2789 (22.20)        32.5281 (17.50)        30.7853 (20.41)     0.4384 (inf)          30.6802 (20.32)     0.3998 (inf)           4;3   32.4830 (0.05)         33           1
test_hamiltonians[ham_tsp_prob-lin105_Ncity-7_enc-unary-heavy-hex]                                                  30.4227 (22.31)        32.5386 (17.50)        31.6063 (20.95)     0.5592 (inf)          31.6786 (20.98)     0.5579 (inf)          10;2   31.6392 (0.05)         32           1
test_hamiltonians[ham_2-uf100-0396.cnf-46-res-heavy-hex]                                                            30.9755 (22.71)        35.4633 (19.07)        32.0637 (21.25)     0.8925 (inf)          31.9288 (21.14)     0.7612 (inf)           7;2   31.1880 (0.05)         31           1
test_hamiltonians[ham_8-uuf100-0509.cnf-40-cc-linear]                                                               31.6882 (23.23)        35.0078 (18.83)        33.2184 (22.02)     0.7246 (inf)          33.1260 (21.93)     0.7661 (inf)           9;2   30.1038 (0.05)         30           1
test_hamiltonians[ham_tsp_prob-ulysses22_Ncity-8_enc-stdbinary-square]                                              32.4098 (23.76)        34.5188 (18.57)        33.5266 (22.22)     0.4821 (inf)          33.5443 (22.21)     0.6853 (inf)          10;0   29.8271 (0.04)         31           1
test_hamiltonians[ham_4-flat100-7.cnf-90-cc-square]                                                                 32.5001 (23.83)        48.8191 (26.26)        34.0677 (22.58)     2.9319 (inf)          33.4133 (22.13)     0.7969 (inf)           1;2   29.3533 (0.04)         29           1
test_hamiltonians[ham_ham_JW-8-heavy-hex]                                                                           32.8643 (24.10)        34.7700 (18.70)        33.4730 (22.19)     0.4430 (inf)          33.4439 (22.15)     0.5826 (inf)           7;1   29.8748 (0.05)         30           1
test_hamiltonians[ham_2-uf100-0601.cnf-46-res-heavy-hex]                                                            33.2748 (24.40)        36.2611 (19.50)        34.6805 (22.99)     0.7289 (inf)          34.5735 (22.89)     0.8902 (inf)          10;0   28.8346 (0.04)         29           1
test_hamiltonians[ham_tsp_prob-ulysses22_Ncity-8_enc-stdbinary-linear]                                              35.3724 (25.94)        38.8744 (20.91)        37.0570 (24.56)     0.8214 (inf)          37.0792 (24.55)     1.1336 (inf)           8;0   26.9854 (0.04)         29           1
test_hamiltonians[ham_tsp_prob-d198_Ncity-8_enc-unary-all-to-all]                                                   36.1994 (26.54)        37.2691 (20.05)        36.6234 (24.28)     0.2877 (inf)          36.5966 (24.23)     0.4287 (inf)          10;0   27.3050 (0.04)         28           1
test_hamiltonians[ham_4-flat100-7.cnf-90-cc-all-to-all]                                                             36.2721 (26.60)        37.5596 (20.20)        36.8452 (24.42)     0.3348 (inf)          36.7792 (24.35)     0.4940 (inf)          10;0   27.1405 (0.04)         26           1
test_hamiltonians[ham_tsp_prob-lin105_Ncity-7_enc-unary-linear]                                                     38.0897 (27.93)        42.2538 (22.73)        39.4494 (26.15)     0.9099 (inf)          39.2383 (25.98)     1.1619 (inf)           6;1   25.3489 (0.04)         25           1
test_hamiltonians[ham_tsp_prob-ulysses22_Ncity-8_enc-stdbinary-heavy-hex]                                           38.1602 (27.98)        41.3925 (22.26)        39.1471 (25.95)     0.6334 (inf)          39.0254 (25.84)     0.4939 (inf)           5;1   25.5447 (0.04)         26           1
test_hamiltonians[ham_graph-2D-triag-pbc-qubitnodes_Lx-13_Ly-13_h-0.1-square]                                       39.7661 (29.16)        46.2816 (24.89)        41.1548 (27.28)     1.4307 (inf)          40.7731 (27.00)     1.0290 (inf)           3;2   24.2985 (0.04)         25           1
test_hamiltonians[ham_4-flat100-7.cnf-90-cc-linear]                                                                 39.9408 (29.29)        42.2379 (22.72)        40.7494 (27.01)     0.5647 (inf)          40.5906 (26.88)     0.6897 (inf)           7;1   24.5402 (0.04)         26           1
test_hamiltonians[ham_tsp_prob-d198_Ncity-8_enc-unary-square]                                                       40.0016 (29.33)        52.2255 (28.09)        42.1434 (27.93)     2.9307 (inf)          41.1431 (27.24)     1.7149 (inf)           3;3   23.7285 (0.04)         25           1
test_hamiltonians[ham_graph-2D-grid-nonpbc-qubitnodes_Lx-5_Ly-15_h-3-square]                                        40.4499 (29.66)        44.3223 (23.84)        41.5246 (27.52)     0.9040 (inf)          41.5055 (27.48)     0.9672 (inf)           6;1   24.0821 (0.04)         24           1
test_hamiltonians[ham_fh-graph-1D-grid-pbc-qubitnodes_Lx-50_U-2_enc-jw-linear]                                      40.8071 (29.92)        47.0958 (25.33)        42.7556 (28.34)     1.4083 (inf)          42.7581 (28.31)     1.9857 (inf)           5;1   23.3887 (0.04)         25           1
test_hamiltonians[ham_graph-2D-triag-pbc-qubitnodes_Lx-13_Ly-13_h-0.1-all-to-all]                                   40.9685 (30.04)        43.1316 (23.20)        41.7776 (27.69)     0.4478 (inf)          41.7655 (27.66)     0.5188 (inf)           5;1   23.9363 (0.04)         24           1
test_hamiltonians[ham_bh_graph-1D-grid-pbc-qubitnodes_Lx-14_U-10_enc-stdbinary_d-4-all-to-all]                      43.0944 (31.60)        44.6969 (24.04)        43.6580 (28.94)     0.3700 (inf)          43.6695 (28.92)     0.4927 (inf)           7;1   22.9053 (0.03)         23           1
test_hamiltonians[ham_2-uf100-0396.cnf-46-res-linear]                                                               43.8938 (32.18)        46.6698 (25.10)        44.9100 (29.77)     0.7188 (inf)          44.7739 (29.65)     0.4891 (inf)           7;4   22.2667 (0.03)         23           1
test_hamiltonians[ham_bh_graph-1D-grid-pbc-qubitnodes_Lx-14_U-10_enc-stdbinary_d-4-linear]                          44.2290 (32.43)        46.5660 (25.05)        45.3246 (30.04)     0.5746 (inf)          45.4437 (30.09)     0.7126 (inf)           6;0   22.0631 (0.03)         23           1
test_hamiltonians[ham_queen13_13,n-28,rinst-0-heavy-hex]                                                            45.4326 (33.31)        50.3738 (27.09)        46.9554 (31.12)     1.1038 (inf)          46.7818 (30.98)     1.3866 (inf)           4;1   21.2968 (0.03)         22           1
test_hamiltonians[ham_gnp-k_4_n-40_rinst-07-all-to-all]                                                             46.0981 (33.80)        48.4478 (26.06)        47.4515 (31.45)     0.7048 (inf)          47.3621 (31.36)     1.1493 (inf)           6;0   21.0742 (0.03)         21           1
test_hamiltonians[ham_graph-2D-triag-pbc-qubitnodes_Lx-13_Ly-13_h-0.1-heavy-hex]                                    46.8022 (34.32)        54.5853 (29.36)        48.1494 (31.91)     1.9719 (inf)          47.3722 (31.37)     0.9962 (inf)           2;2   20.7687 (0.03)         22           1
test_hamiltonians[ham_bh_graph-1D-grid-pbc-qubitnodes_Lx-14_U-10_enc-stdbinary_d-4-square]                          47.0737 (34.51)        49.8235 (26.80)        48.1886 (31.94)     0.6645 (inf)          48.0251 (31.80)     0.7789 (inf)           6;1   20.7518 (0.03)         22           1
test_hamiltonians[ham_ham_JW10-all-to-all]                                                                          48.5747 (35.62)        51.5545 (27.73)        49.7525 (32.98)     0.9339 (inf)          49.4492 (32.74)     1.6484 (inf)           9;0   20.0995 (0.03)         19           1
test_hamiltonians[ham_2-uf100-0601.cnf-46-res-linear]                                                               49.1376 (36.03)        54.2448 (29.18)        51.0238 (33.82)     1.3432 (inf)          50.6163 (33.52)     1.5096 (inf)           8;1   19.5987 (0.03)         20           1
test_hamiltonians[ham_ham_JW-10-all-to-all]                                                                         49.8350 (36.54)        52.2758 (28.12)        50.7294 (33.63)     0.7473 (inf)          50.5493 (33.47)     0.8806 (inf)           7;0   19.7124 (0.03)         19           1
test_hamiltonians[ham_graph-2D-grid-nonpbc-qubitnodes_Lx-19_Ly-19_h-5-square]                                       50.5553 (37.07)        54.1598 (29.13)        51.5012 (34.14)     0.7561 (inf)          51.3896 (34.03)     0.7526 (inf)           2;1   19.4170 (0.03)         20           1
test_hamiltonians[ham_fh-graph-1D-grid-pbc-qubitnodes_Lx-50_U-2_enc-jw-heavy-hex]                                   50.7883 (37.24)        54.0945 (29.10)        52.1166 (34.54)     0.9667 (inf)          51.9060 (34.37)     1.6873 (inf)           7;0   19.1878 (0.03)         20           1
test_hamiltonians[ham_ham_parity10-all-to-all]                                                                      51.0475 (37.43)        52.9674 (28.49)        51.8329 (34.36)     0.4975 (inf)          51.7295 (34.25)     0.7357 (inf)           5;0   19.2928 (0.03)         19           1
test_hamiltonians[ham_bh_graph-1D-grid-pbc-qubitnodes_Lx-14_U-10_enc-stdbinary_d-4-heavy-hex]                       51.4754 (37.74)        53.8384 (28.96)        52.4118 (34.74)     0.6358 (inf)          52.3103 (34.64)     0.6788 (inf)           6;1   19.0797 (0.03)         20           1
test_hamiltonians[ham_dsjc1000.1,n-36,rinst-4-all-to-all]                                                           51.9284 (38.07)        57.4797 (30.92)        53.4481 (35.43)     1.3405 (inf)          53.2013 (35.23)     1.4100 (inf)           5;1   18.7097 (0.03)         19           1
test_hamiltonians[ham_reg-4_n-90_rinst-07-all-to-all]                                                               52.6227 (38.58)        54.1966 (29.15)        53.1876 (35.25)     0.3103 (inf)          53.1657 (35.20)     0.1757 (inf)           3;3   18.8014 (0.03)         19           1
test_hamiltonians[ham_fh-graph-1D-grid-pbc-qubitnodes_Lx-50_U-2_enc-jw-all-to-all]                                  53.0689 (38.91)        55.4012 (29.80)        53.8316 (35.68)     0.6378 (inf)          53.7115 (35.57)     0.8288 (inf)           4;0   18.5765 (0.03)         19           1
test_hamiltonians[ham_tsp_prob-d198_Ncity-8_enc-unary-heavy-hex]                                                    53.7142 (39.38)        56.8058 (30.55)        54.5841 (36.18)     0.8091 (inf)          54.3516 (35.99)     1.0051 (inf)           4;1   18.3203 (0.03)         19           1
test_hamiltonians[ham_dsjc1000.1,n-36,rinst-4-square]                                                               55.0011 (40.33)        59.6499 (32.08)        56.5918 (37.51)     1.1263 (inf)          56.3691 (37.33)     1.6530 (inf)           4;0   17.6704 (0.03)         19           1
test_hamiltonians[ham_queen13_13,n-28,rinst-0-all-to-all]                                                           55.0107 (40.33)        56.3361 (30.30)        55.5911 (36.85)     0.3872 (inf)          55.5936 (36.81)     0.4626 (inf)           7;0   17.9885 (0.03)         18           1
test_hamiltonians[ham_4-uf100-0246.cnf-70-res-all-to-all]                                                           56.8198 (41.66)        59.3969 (31.95)        57.7158 (38.26)     0.7968 (inf)          57.5239 (38.09)     0.9473 (inf)           5;0   17.3263 (0.03)         17           1
test_hamiltonians[ham_fh-graph-1D-grid-nonpbc-qubitnodes_Lx-90_U-2_enc-jw-linear]                                   57.1767 (41.92)        66.2568 (35.64)        59.1572 (39.21)     2.1221 (inf)          58.7200 (38.88)     1.3912 (inf)           2;2   16.9041 (0.03)         18           1
test_hamiltonians[ham_gnp-k_4_n-40_rinst-07-square]                                                                 57.3003 (42.01)        62.7936 (33.77)        59.2122 (39.25)     1.5132 (inf)          59.0815 (39.12)     1.8639 (inf)           5;1   16.8884 (0.03)         18           1
test_hamiltonians[ham_fh-graph-1D-grid-pbc-qubitnodes_Lx-50_U-2_enc-jw-square]                                      58.0979 (42.60)        62.4584 (33.59)        60.1180 (39.85)     1.3031 (inf)          60.1246 (39.81)     1.9050 (inf)           6;0   16.6339 (0.03)         17           1
test_hamiltonians[ham_bh_graph-2D-triag-nonpbc-qubitnodes_Lx-3_Ly-5_U-30_enc-gray_d-4-all-to-all]                   59.5433 (43.66)        61.8809 (33.28)        60.6076 (40.17)     0.5875 (inf)          60.5084 (40.07)     0.6900 (inf)           3;0   16.4996 (0.02)         17           1
test_hamiltonians[ham_ham_parity10-linear]                                                                          60.8588 (44.62)        64.2228 (34.54)        62.5806 (41.48)     1.0206 (inf)          62.7128 (41.53)     1.5098 (inf)           5;0   15.9794 (0.02)         16           1
test_hamiltonians[ham_tsp_prob-d198_Ncity-8_enc-unary-linear]                                                       61.1788 (44.86)        68.6164 (36.91)        63.6200 (42.17)     2.1008 (inf)          63.4265 (42.00)     3.3344 (inf)           5;0   15.7183 (0.02)         17           1
test_hamiltonians[ham_ham_JW-10-square]                                                                             62.2526 (45.64)        66.6147 (35.83)        64.1446 (42.52)     1.1726 (inf)          64.2116 (42.52)     1.4208 (inf)           5;0   15.5898 (0.02)         16           1
test_hamiltonians[ham_ham_parity10-square]                                                                          62.7718 (46.03)        67.6442 (36.38)        65.1738 (43.20)     1.2138 (inf)          65.2705 (43.22)     1.4049 (inf)           4;0   15.3436 (0.02)         16           1
test_hamiltonians[ham_queen13_13,n-28,rinst-0-square]                                                               63.0623 (46.24)        72.6576 (39.08)        65.7938 (43.61)     2.4701 (inf)          64.8893 (42.97)     2.1482 (inf)           3;2   15.1990 (0.02)         16           1
test_hamiltonians[ham_ham_JW10-square]                                                                              63.1839 (46.33)        68.0038 (36.58)        65.4803 (43.40)     1.3076 (inf)          64.9972 (43.04)     1.8635 (inf)           5;0   15.2718 (0.02)         16           1
test_hamiltonians[ham_reg-4_n-90_rinst-07-heavy-hex]                                                                63.3604 (46.46)        68.7165 (36.96)        64.7571 (42.92)     1.2587 (inf)          64.3813 (42.63)     0.9982 (inf)           3;1   15.4423 (0.02)         16           1
test_hamiltonians[ham_ham_parity10-heavy-hex]                                                                       63.3909 (46.48)        67.4679 (36.29)        65.0895 (43.14)     1.2619 (inf)          65.1066 (43.11)     1.8358 (inf)           6;0   15.3635 (0.02)         16           1
test_hamiltonians[ham_ham_JW10-linear]                                                                              64.7957 (47.51)        71.1659 (38.28)        68.7197 (45.55)     1.7585 (inf)          68.9439 (45.65)     2.8674 (inf)           3;0   14.5519 (0.02)         15           1
test_hamiltonians[ham_ham_JW-10-linear]                                                                             65.5736 (48.08)        71.5958 (38.51)        68.7927 (45.60)     1.9942 (inf)          69.1180 (45.77)     3.7069 (inf)           6;0   14.5364 (0.02)         14           1
test_hamiltonians[ham_ham_JW-10-heavy-hex]                                                                          66.6524 (48.87)        70.3944 (37.86)        68.1873 (45.20)     1.1155 (inf)          67.8348 (44.92)     1.7470 (inf)           5;0   14.6655 (0.02)         15           1
test_hamiltonians[ham_ham_JW10-heavy-hex]                                                                           67.6739 (49.62)        70.9286 (38.15)        68.8035 (45.61)     1.0854 (inf)          68.5645 (45.40)     1.6062 (inf)           5;0   14.5341 (0.02)         15           1
test_hamiltonians[ham_tsp_prob-st70_Ncity-10_enc-unary-all-to-all]                                                  68.0750 (49.91)        70.5554 (37.95)        68.8682 (45.65)     0.6775 (inf)          68.6970 (45.49)     0.5693 (inf)           4;2   14.5205 (0.02)         15           1
test_hamiltonians[ham_dsjc1000.1,n-36,rinst-4-heavy-hex]                                                            68.2541 (50.04)       112.6266 (60.58)        72.7988 (48.25)    11.1190 (inf)          69.8973 (46.28)     1.4833 (inf)           1;2   13.7365 (0.02)         15           1
test_hamiltonians[ham_tsp_prob-pr76_Ncity-10_enc-unary-all-to-all]                                                  68.3128 (50.09)        69.6242 (37.45)        68.8887 (45.66)     0.4031 (inf)          68.7408 (45.52)     0.5476 (inf)           4;0   14.5162 (0.02)         15           1
test_hamiltonians[ham_gnp-k_4_n-40_rinst-07-heavy-hex]                                                              68.6004 (50.30)       119.2842 (64.16)        74.6722 (49.50)    12.8957 (inf)          71.5445 (47.37)     1.9528 (inf)           1;1   13.3919 (0.02)         14           1
test_hamiltonians[ham_graph-2D-triag-pbc-qubitnodes_Lx-13_Ly-13_h-0.1-linear]                                       68.6605 (50.34)        71.9566 (38.70)        70.2106 (46.54)     1.1106 (inf)          70.6146 (46.76)     1.9017 (inf)           6;0   14.2429 (0.02)         15           1
test_hamiltonians[ham_reg-5_n-10_rinst-07-all-to-all]                                                               69.1338 (50.69)        75.4673 (40.59)        72.0852 (47.78)     1.7402 (inf)          71.6893 (47.47)     1.8103 (inf)           4;0   13.8725 (0.02)         15           1
test_hamiltonians[ham_bh_graph-2D-triag-nonpbc-qubitnodes_Lx-3_Ly-5_U-30_enc-gray_d-4-square]                       69.5228 (50.97)       117.3242 (63.10)        74.2871 (49.24)    11.9475 (inf)          71.3014 (47.21)     1.5195 (inf)           1;1   13.4613 (0.02)         15           1
test_hamiltonians[ham_4-uf100-0246.cnf-70-res-square]                                                               71.7286 (52.59)        81.8245 (44.01)        73.9643 (49.03)     2.7268 (inf)          73.2797 (48.52)     1.4191 (inf)           2;2   13.5200 (0.02)         14           1
test_hamiltonians[ham_queen13_13,n-28,rinst-0-linear]                                                               71.9636 (52.76)        77.3123 (41.58)        73.8869 (48.97)     1.5631 (inf)          73.5907 (48.73)     2.1630 (inf)           4;0   13.5342 (0.02)         14           1
test_hamiltonians[ham_bh_graph-1D-grid-pbc-qubitnodes_Lx-24_U-20_enc-stdbinary_d-4-all-to-all]                      71.9806 (52.78)        73.4194 (39.49)        72.6635 (48.16)     0.4260 (inf)          72.6525 (48.11)     0.7536 (inf)           3;0   13.7621 (0.02)         14           1
test_hamiltonians[ham_bh_graph-1D-grid-pbc-qubitnodes_Lx-24_U-20_enc-stdbinary_d-4-heavy-hex]                       72.7803 (53.36)       114.6663 (61.67)        76.6961 (50.84)    10.9451 (inf)          73.8352 (48.89)     0.8859 (inf)           1;1   13.0385 (0.02)         14           1
test_hamiltonians[ham_bh_graph-1D-grid-pbc-qubitnodes_Lx-24_U-20_enc-stdbinary_d-4-linear]                          74.4967 (54.62)        77.9403 (41.92)        75.4989 (50.04)     0.9061 (inf)          75.1233 (49.74)     0.4338 (inf)           4;3   13.2452 (0.02)         14           1
test_hamiltonians[ham_bh_graph-1D-grid-pbc-qubitnodes_Lx-24_U-20_enc-stdbinary_d-4-square]                          76.2192 (55.88)        78.7973 (42.38)        77.5366 (51.39)     0.8376 (inf)          77.5675 (51.36)     1.3741 (inf)           6;0   12.8971 (0.02)         14           1
test_hamiltonians[ham_bh_graph-2D-triag-nonpbc-qubitnodes_Lx-3_Ly-5_U-30_enc-gray_d-4-heavy-hex]                    76.3780 (56.00)        82.0209 (44.12)        77.6423 (51.46)     1.4942 (inf)          77.2821 (51.17)     0.9540 (inf)           2;2   12.8796 (0.02)         14           1
test_hamiltonians[ham_tsp_prob-pr76_Ncity-10_enc-unary-square]                                                      78.2690 (57.39)        85.2551 (45.86)        81.1813 (53.81)     1.8029 (inf)          81.2464 (53.80)     1.9372 (inf)           3;1   12.3181 (0.02)         13           1
test_hamiltonians[ham_tsp_prob-st70_Ncity-10_enc-unary-square]                                                      78.7938 (57.77)        86.7497 (46.66)        81.8812 (54.27)     1.9588 (inf)          81.9098 (54.24)     2.0146 (inf)           3;1   12.2128 (0.02)         13           1
test_hamiltonians[ham_dsjc1000.1,n-36,rinst-4-linear]                                                               81.1796 (59.52)        91.0244 (48.96)        84.0801 (55.73)     2.8341 (inf)          83.3243 (55.17)     2.7089 (inf)           3;1   11.8934 (0.02)         12           1
test_hamiltonians[ham_reg-4_n-90_rinst-07-square]                                                                   81.6909 (59.90)        86.2008 (46.36)        83.2228 (55.16)     1.2442 (inf)          83.2017 (55.09)     1.6161 (inf)           4;0   12.0159 (0.02)         12           1
test_hamiltonians[ham_bh_graph-1D-grid-pbc-qubitnodes_Lx-4_U-40_enc-gray_d-8-all-to-all]                            82.8236 (60.73)       130.7522 (70.33)        88.0882 (58.39)    13.4627 (inf)          84.2379 (55.78)     1.2724 (inf)           1;1   11.3523 (0.02)         12           1
test_hamiltonians[ham_fh-graph-1D-grid-nonpbc-qubitnodes_Lx-90_U-2_enc-jw-heavy-hex]                                83.5523 (61.26)        89.4524 (48.11)        84.9404 (56.30)     1.5196 (inf)          84.5105 (55.96)     0.9544 (inf)           1;1   11.7730 (0.02)         12           1
test_hamiltonians[ham_enc_gray_dvalues_4-4-4-4-4-4-4-all-to-all]                                                    87.6971 (64.30)        90.6670 (48.77)        89.1058 (59.06)     0.9284 (inf)          89.1350 (59.02)     1.0263 (inf)           4;0   11.2226 (0.02)         12           1
test_hamiltonians[ham_reg-5_n-10_rinst-07-square]                                                                   88.7001 (65.04)        93.2568 (50.16)        90.4956 (59.98)     1.5210 (inf)          90.1270 (59.68)     2.5563 (inf)           3;0   11.0503 (0.02)         12           1
test_hamiltonians[ham_ham_BK12-all-to-all]                                                                          90.0890 (66.05)        93.1118 (50.08)        91.5092 (60.66)     0.9713 (inf)          91.4354 (60.55)     1.4235 (inf)           4;0   10.9279 (0.02)         11           1
test_hamiltonians[ham_bh_graph-2D-triag-nonpbc-qubitnodes_Lx-3_Ly-5_U-30_enc-gray_d-4-linear]                       90.3126 (66.22)        93.9280 (50.52)        92.4694 (61.29)     1.2122 (inf)          92.9059 (61.52)     2.0259 (inf)           4;0   10.8144 (0.02)         11           1
test_hamiltonians[ham_gnp-k_4_n-40_rinst-07-linear]                                                                 90.4297 (66.30)        96.7111 (52.02)        93.7125 (62.12)     2.0155 (inf)          93.3071 (61.78)     2.9490 (inf)           4;0   10.6709 (0.02)         11           1
test_hamiltonians[ham_tsp_prob-pr76_Ncity-10_enc-unary-heavy-hex]                                                   90.7729 (66.56)        98.1481 (52.79)        93.8119 (62.18)     2.3059 (inf)          94.4468 (62.54)     3.5892 (inf)           3;0   10.6596 (0.02)         11           1
test_hamiltonians[ham_tsp_prob-st70_Ncity-10_enc-unary-heavy-hex]                                                   91.7388 (67.26)       142.3894 (76.59)        97.4606 (64.60)    14.9505 (inf)          92.5934 (61.31)     2.8589 (inf)           1;1   10.2606 (0.02)         11           1
test_hamiltonians[ham_reg-5_n-10_rinst-07-linear]                                                                   92.8850 (68.10)        98.9414 (53.22)        95.6675 (63.41)     2.0444 (inf)          95.9305 (63.52)     3.0461 (inf)           4;0   10.4529 (0.02)         11           1
test_hamiltonians[ham_enc_gray_dvalues_4-4-4-4-4-4-4-square]                                                        93.6586 (68.67)        97.3603 (52.37)        96.5110 (63.97)     1.0295 (inf)          96.7780 (64.08)     0.6077 (inf)           1;1   10.3615 (0.02)         11           1
test_hamiltonians[ham_enc_gray_dvalues_4-4-4-4-4-4-4-heavy-hex]                                                     95.2070 (69.81)        99.2310 (53.37)        97.6621 (64.73)     1.2320 (inf)          98.0130 (64.90)     2.0307 (inf)           2;0   10.2394 (0.02)         11           1
test_hamiltonians[ham_4-uf100-0246.cnf-70-res-heavy-hex]                                                            96.5195 (70.77)       106.0047 (57.02)        98.5348 (65.31)     2.5841 (inf)          98.1274 (64.98)     1.1385 (inf)           1;1   10.1487 (0.02)         11           1
test_hamiltonians[ham_reg-4_n-90_rinst-07-linear]                                                                   96.7852 (70.96)       103.8275 (55.85)        99.6536 (66.05)     2.4724 (inf)          99.5669 (65.93)     4.2030 (inf)           3;0   10.0348 (0.02)         10           1
test_hamiltonians[ham_reg-5_n-10_rinst-07-heavy-hex]                                                                98.3766 (72.13)       102.9563 (55.38)       100.3069 (66.49)     1.4546 (inf)         100.0335 (66.24)     1.4765 (inf)           2;0    9.9694 (0.02)          7           1
test_hamiltonians[ham_bh_graph-1D-grid-pbc-qubitnodes_Lx-4_U-40_enc-gray_d-8-square]                                98.7251 (72.39)       106.4611 (57.26)       102.5074 (67.95)     2.4412 (inf)         102.1037 (67.61)     2.6761 (inf)           3;0    9.7554 (0.01)         10           1
test_hamiltonians[ham_enc_gray_dvalues_4-4-4-4-4-4-4-linear]                                                        99.1740 (72.72)       145.9170 (78.48)       106.8994 (70.86)    13.9026 (inf)         102.4421 (67.83)     3.4791 (inf)           1;1    9.3546 (0.01)         10           1
test_hamiltonians[ham_gnp-k_5_n-60_rinst-19-all-to-all]                                                            100.6608 (73.81)       103.1942 (55.50)       101.7060 (67.41)     0.8301 (inf)         101.5718 (67.26)     1.2912 (inf)           4;0    9.8323 (0.01)         10           1
test_hamiltonians[ham_fh-graph-1D-grid-nonpbc-qubitnodes_Lx-90_U-2_enc-jw-square]                                  102.6526 (75.27)       108.6488 (58.44)       104.8705 (69.51)     1.9448 (inf)         104.5135 (69.21)     1.5070 (inf)           4;2    9.5356 (0.01)         10           1
test_hamiltonians[ham_graph-2D-triag-pbc-qubitnodes_Lx-19_Ly-19_h-0.5-heavy-hex]                                   104.5024 (76.62)       108.3975 (58.30)       106.9725 (70.90)     1.4368 (inf)         107.6667 (71.29)     2.3822 (inf)           2;0    9.3482 (0.01)         10           1
test_hamiltonians[ham_will199gpia,n-60,rinst-8-all-to-all]                                                         106.5231 (78.10)       153.2124 (82.41)       113.3768 (75.15)    15.0486 (inf)         108.5008 (71.85)     2.6740 (inf)           1;1    8.8201 (0.01)          9           1
test_hamiltonians[ham_bh_graph-1D-grid-pbc-qubitnodes_Lx-4_U-40_enc-gray_d-8-heavy-hex]                            107.2294 (78.62)       113.5761 (61.09)       111.1209 (73.65)     2.0981 (inf)         111.9064 (74.10)     3.4626 (inf)           2;0    8.9992 (0.01)          9           1
test_hamiltonians[ham_bh_graph-1D-grid-pbc-qubitnodes_Lx-4_U-40_enc-gray_d-8-linear]                               108.6410 (79.66)       115.3999 (62.07)       111.4247 (73.86)     2.3120 (inf)         111.3006 (73.70)     3.3212 (inf)           4;0    8.9747 (0.01)          9           1
test_hamiltonians[ham_bh_graph-1D-grid-pbc-qubitnodes_Lx-46_U-2_enc-gray_d-4-all-to-all]                           115.0545 (84.36)       163.5498 (87.97)       122.0268 (80.88)    15.6352 (inf)         116.8666 (77.39)     2.8304 (inf)           1;1    8.1949 (0.01)          9           1
test_hamiltonians[ham_will199gpia,n-60,rinst-8-square]                                                             123.4296 (90.50)       131.2472 (70.59)       127.3884 (84.44)     2.9785 (inf)         126.4182 (83.71)     5.2369 (inf)           3;0    7.8500 (0.01)          8           1
test_hamiltonians[ham_bh_graph-1D-grid-pbc-qubitnodes_Lx-46_U-2_enc-gray_d-4-linear]                               123.7316 (90.72)       168.5564 (90.66)       131.2175 (86.98)    15.1929 (inf)         126.2001 (83.57)     3.9454 (inf)           1;1    7.6209 (0.01)          8           1
test_hamiltonians[ham_ham_parity-14-all-to-all]                                                                    124.3983 (91.21)       128.7208 (69.23)       126.6175 (83.93)     1.6521 (inf)         126.8903 (84.02)     2.9846 (inf)           3;0    7.8978 (0.01)          8           1
test_hamiltonians[ham_bh_graph-1D-grid-nonpbc-qubitnodes_Lx-12_U-40_enc-unary_d-4-all-to-all]                      124.8970 (91.58)       127.7664 (68.72)       126.0995 (83.58)     1.0846 (inf)         125.8451 (83.33)     1.6131 (inf)           3;0    7.9302 (0.01)          8           1
test_hamiltonians[ham_bh_graph-1D-grid-pbc-qubitnodes_Lx-46_U-2_enc-gray_d-4-heavy-hex]                            127.1765 (93.25)       130.4396 (70.16)       128.6472 (85.27)     1.2638 (inf)         128.5419 (85.12)     2.1193 (inf)           4;0    7.7732 (0.01)          8           1
test_hamiltonians[ham_ham_BK12-square]                                                                             128.7667 (94.41)       134.9526 (72.59)       130.5324 (86.52)     1.9238 (inf)         130.2051 (86.22)     1.2927 (inf)           1;1    7.6609 (0.01)          8           1
test_hamiltonians[ham_bh_graph-3D-grid-nonpbc-qubitnodes_Lx-2_Ly-2_Lz-2_U-20_enc-unary_d-4-all-to-all]             129.1119 (94.67)       133.1037 (71.59)       130.0624 (86.21)     1.2857 (inf)         129.6457 (85.85)     0.7495 (inf)           1;1    7.6886 (0.01)          8           1
test_hamiltonians[ham_graph-2D-triag-pbc-qubitnodes_Lx-19_Ly-19_h-0.5-square]                                      129.8579 (95.21)       133.5459 (71.83)       131.3361 (87.05)     1.2600 (inf)         130.9214 (86.69)     1.7668 (inf)           3;0    7.6141 (0.01)          8           1
test_hamiltonians[ham_fh-graph-1D-grid-nonpbc-qubitnodes_Lx-90_U-2_enc-jw-all-to-all]                              130.2320 (95.49)       135.0010 (72.61)       131.3084 (87.04)     1.5413 (inf)         130.7846 (86.60)     0.7760 (inf)           1;1    7.6157 (0.01)          8           1
test_hamiltonians[ham_bh_graph-1D-grid-pbc-qubitnodes_Lx-46_U-2_enc-gray_d-4-square]                               130.5187 (95.70)       135.6774 (72.98)       133.2817 (88.34)     1.8052 (inf)         133.3772 (88.32)     2.9974 (inf)           2;0    7.5029 (0.01)          8           1
test_hamiltonians[ham_bh_graph-1D-grid-nonpbc-qubitnodes_Lx-12_U-40_enc-unary_d-4-linear]                          132.0765 (96.84)       134.4405 (72.31)       133.2914 (88.35)     0.9309 (inf)         133.4646 (88.38)     1.6773 (inf)           4;0    7.5024 (0.01)          8           1
test_hamiltonians[ham_bh_graph-1D-grid-nonpbc-qubitnodes_Lx-12_U-40_enc-unary_d-4-square]                          133.6201 (97.97)       136.3854 (73.36)       134.9619 (89.46)     1.1399 (inf)         135.0441 (89.42)     2.2561 (inf)           4;0    7.4095 (0.01)          8           1
test_hamiltonians[ham_ham_JW12-all-to-all]                                                                         136.6072 (100.16)      139.3223 (74.94)       137.7437 (91.30)     0.9861 (inf)         137.5078 (91.05)     1.5932 (inf)           4;0    7.2599 (0.01)          8           1
test_hamiltonians[ham_ham_parity12-all-to-all]                                                                     138.2232 (101.35)      145.0541 (78.02)       141.3898 (93.72)     2.1746 (inf)         141.0728 (93.41)     2.4005 (inf)           2;0    7.0726 (0.01)          7           1
test_hamiltonians[ham_bh_graph-1D-grid-nonpbc-qubitnodes_Lx-12_U-40_enc-unary_d-4-heavy-hex]                       138.2687 (101.38)      139.9651 (75.28)       139.1044 (92.20)     0.5565 (inf)         139.1759 (92.16)     0.8152 (inf)           2;0    7.1888 (0.01)          8           1
test_hamiltonians[ham_tsp_prob-st70_Ncity-10_enc-unary-linear]                                                     138.8313 (101.79)      141.3803 (76.04)       140.2488 (92.96)     0.9571 (inf)         140.1262 (92.79)     1.5364 (inf)           2;0    7.1302 (0.01)          7           1
test_hamiltonians[ham_tsp_prob-pr76_Ncity-10_enc-unary-linear]                                                     139.0917 (101.98)      144.2934 (77.61)       141.3770 (93.71)     2.0718 (inf)         141.0583 (93.40)     3.6844 (inf)           2;0    7.0733 (0.01)          8           1
test_hamiltonians[ham_ham_BK12-heavy-hex]                                                                          139.6391 (102.39)      143.5745 (77.22)       140.9940 (93.46)     1.4535 (inf)         140.3389 (92.93)     2.1815 (inf)           2;0    7.0925 (0.01)          8           1
test_hamiltonians[ham_bh_graph-3D-grid-nonpbc-qubitnodes_Lx-2_Ly-2_Lz-2_U-20_enc-unary_d-4-square]                 139.7871 (102.49)      141.6907 (76.21)       140.5138 (93.14)     0.6235 (inf)         140.4411 (93.00)     0.7745 (inf)           3;0    7.1167 (0.01)          8           1
test_hamiltonians[ham_graph-2D-triag-pbc-qubitnodes_Lx-19_Ly-19_h-0.5-all-to-all]                                  144.1810 (105.72)      146.6159 (78.86)       145.2648 (96.29)     0.9265 (inf)         145.2079 (96.15)     1.6115 (inf)           3;0    6.8840 (0.01)          7           1
test_hamiltonians[ham_bh_graph-3D-grid-nonpbc-qubitnodes_Lx-2_Ly-2_Lz-2_U-20_enc-unary_d-4-heavy-hex]              145.9079 (106.98)      149.8262 (80.59)       148.0828 (98.15)     1.4540 (inf)         147.9000 (97.93)     2.4449 (inf)           3;0    6.7530 (0.01)          7           1
test_hamiltonians[ham_ham_BK12-linear]                                                                             146.2418 (107.23)      150.6758 (81.04)       148.3784 (98.35)     1.6657 (inf)         148.1901 (98.13)     2.8718 (inf)           4;0    6.7395 (0.01)          8           1
test_hamiltonians[ham_gnp-k_5_n-60_rinst-19-square]                                                                146.7221 (107.58)      200.0282 (107.59)      158.2348 (104.88)   18.6979 (inf)         150.9845 (99.98)     6.2654 (inf)           1;1    6.3197 (0.01)          7           1
test_hamiltonians[ham_will199gpia,n-60,rinst-8-heavy-hex]                                                          154.0997 (112.99)      163.4661 (87.92)       157.8835 (104.65)    3.7733 (inf)         157.2030 (104.09)    6.7788 (inf)           3;0    6.3338 (0.01)          7           1
test_hamiltonians[ham_bh_graph-3D-grid-nonpbc-qubitnodes_Lx-2_Ly-2_Lz-2_U-20_enc-unary_d-4-linear]                 154.6220 (113.37)      158.7002 (85.36)       156.6105 (103.81)    1.3385 (inf)         156.4315 (103.58)    1.6304 (inf)           2;0    6.3853 (0.01)          7           1
test_hamiltonians[ham_gnp-k_5_n-90_rinst-02-all-to-all]                                                            160.3480 (117.57)      208.3108 (112.04)      169.9628 (112.66)   18.8238 (inf)         162.4741 (107.59)    1.9368 (inf)           1;1    5.8836 (0.01)          6           1
test_hamiltonians[ham_graph-2D-grid-nonpbc-qubitnodes_Lx-5_Ly-58_h-2-heavy-hex]                                    161.4817 (118.40)      167.8317 (90.27)       162.9623 (108.02)    2.2266 (inf)         162.0936 (107.33)    1.3143 (inf)           1;1    6.1364 (0.01)          7           1
test_hamiltonians[ham_graph-2D-triag-nonpbc-qubitnodes_Lx-3_Ly-160_h-0.1-heavy-hex]                                164.3591 (120.51)      171.1285 (92.04)       168.3648 (111.60)    2.6223 (inf)         169.0543 (111.94)    4.1730 (inf)           2;0    5.9395 (0.01)          6           1
test_hamiltonians[ham_ham_parity12-linear]                                                                         167.2528 (122.63)      178.8626 (96.20)       175.7941 (116.52)    4.2787 (inf)         177.2767 (117.39)    1.6694 (inf)           1;1    5.6885 (0.01)          6           1
test_hamiltonians[ham_ham_JW14-all-to-all]                                                                         167.4831 (122.80)      179.6009 (96.60)       172.8619 (114.58)    3.9036 (inf)         172.5572 (114.26)    1.4706 (inf)           2;2    5.7850 (0.01)          6           1
test_hamiltonians[ham_ham_parity12-square]                                                                         168.9465 (123.87)      175.7735 (94.54)       172.8082 (114.54)    3.0562 (inf)         173.9862 (115.21)    5.9778 (inf)           2;0    5.7868 (0.01)          6           1
test_hamiltonians[ham_ham_JW12-square]                                                                             169.5256 (124.30)      182.8735 (98.36)       176.6487 (117.09)    5.5122 (inf)         176.9177 (117.15)   10.5708 (inf)           2;0    5.6610 (0.01)          6           1
test_hamiltonians[ham_ham_parity-14-square]                                                                        169.7464 (124.46)      185.8351 (99.95)       176.3490 (116.89)    5.7208 (inf)         174.9817 (115.87)    6.6661 (inf)           2;0    5.6706 (0.01)          6           1
test_hamiltonians[ham_graph-2D-triag-nonpbc-qubitnodes_Lx-3_Ly-160_h-0.1-square]                                   172.7340 (126.65)      176.7070 (95.04)       174.3967 (115.60)    1.7549 (inf)         173.8161 (115.10)    3.2446 (inf)           2;0    5.7341 (0.01)          6           1
test_hamiltonians[ham_ham_JW12-linear]                                                                             173.1603 (126.96)      177.6502 (95.55)       176.0832 (116.71)    1.6859 (inf)         176.7087 (117.01)    2.0523 (inf)           1;0    5.6791 (0.01)          6           1
test_hamiltonians[ham_bh_graph-1D-grid-pbc-qubitnodes_Lx-60_U-10_enc-stdbinary_d-4-linear]                         173.8487 (127.47)      180.7952 (97.24)       175.7462 (116.49)    2.6470 (inf)         174.7118 (115.69)    2.4318 (inf)           1;1    5.6900 (0.01)          6           1
test_hamiltonians[ham_graph-2D-grid-nonpbc-qubitnodes_Lx-5_Ly-58_h-2-linear]                                       175.3757 (128.59)      183.1832 (98.53)       179.1631 (118.76)    2.7684 (inf)         179.7517 (119.03)    3.4932 (inf)           2;0    5.5815 (0.01)          6           1
test_hamiltonians[ham_graph-2D-grid-pbc-qubitnodes_Lx-2_Ly-185_h-0.5-heavy-hex]                                    175.6436 (128.78)      185.6901 (99.88)       178.7867 (118.51)    3.5349 (inf)         178.0327 (117.89)    1.5373 (inf)           1;1    5.5933 (0.01)          6           1
test_hamiltonians[ham_ham_parity12-heavy-hex]                                                                      176.9577 (129.75)      188.2849 (101.27)      181.0807 (120.03)    3.9024 (inf)         179.9841 (119.18)    2.7552 (inf)           2;1    5.5224 (0.01)          6           1
test_hamiltonians[ham_enc_unary_dvalues_4-4-4-all-to-all]                                                          177.9683 (130.49)      182.8563 (98.35)       180.7874 (119.83)    1.6874 (inf)         181.0376 (119.88)    1.8232 (inf)           2;0    5.5314 (0.01)          6           1
test_hamiltonians[ham_4-uf100-0246.cnf-70-res-linear]                                                              178.3722 (130.78)      185.2228 (99.62)       182.3534 (120.87)    2.6068 (inf)         182.7122 (120.99)    4.1529 (inf)           2;0    5.4839 (0.01)          6           1
test_hamiltonians[ham_bh_graph-2D-grid-nonpbc-qubitnodes_Lx-7_Ly-7_U-70_enc-gray_d-4-all-to-all]                   181.3128 (132.94)      227.0810 (122.14)      189.4178 (125.55)   18.4542 (inf)         182.0116 (120.52)    0.5521 (inf)           1;1    5.2793 (0.01)          6           1
test_hamiltonians[ham_ham_JW12-heavy-hex]                                                                          185.5067 (136.02)      194.9711 (104.87)      188.1653 (124.72)    3.7675 (inf)         186.3286 (123.38)    4.6310 (inf)           1;0    5.3145 (0.01)          6           1
test_hamiltonians[ham_gnp-k_5_n-60_rinst-19-heavy-hex]                                                             187.6837 (137.61)      193.5176 (104.09)      189.5354 (125.63)    2.2816 (inf)         189.0492 (125.18)    2.4718 (inf)           1;0    5.2761 (0.01)          6           1
test_hamiltonians[ham_ham_parity-14-heavy-hex]                                                                     191.1861 (140.18)      195.3595 (105.08)      192.8026 (127.80)    1.5127 (inf)         192.6351 (127.56)    1.9403 (inf)           2;0    5.1867 (0.01)          6           1
test_hamiltonians[ham_bh_graph-1D-grid-pbc-qubitnodes_Lx-60_U-10_enc-stdbinary_d-4-all-to-all]                     191.3424 (140.29)      196.2815 (105.57)      193.2039 (128.06)    2.0762 (inf)         192.5601 (127.51)    3.2827 (inf)           1;0    5.1759 (0.01)          5           1
test_hamiltonians[ham_graph-2D-grid-nonpbc-qubitnodes_Lx-19_Ly-19_h-5-heavy-hex]                                   191.6441 (140.52)      199.1633 (107.12)      194.2547 (128.76)    2.7509 (inf)         193.6762 (128.25)    2.7685 (inf)           1;0    5.1479 (0.01)          6           1
test_hamiltonians[ham_graph-2D-grid-pbc-qubitnodes_Lx-2_Ly-185_h-0.5-linear]                                       193.7866 (142.09)      198.9799 (107.02)      196.2127 (130.06)    2.2429 (inf)         196.3599 (130.02)    3.9337 (inf)           3;0    5.0965 (0.01)          6           1
test_hamiltonians[ham_ham_JW14-linear]                                                                             196.3669 (143.98)      206.8476 (111.26)      200.3024 (132.77)    4.4542 (inf)         198.0665 (131.15)    6.8580 (inf)           1;0    4.9925 (0.01)          5           1
test_hamiltonians[ham_tsp_prob-fl417_Ncity-16_enc-stdbinary-all-to-all]                                            196.9096 (144.38)      243.3791 (130.91)      207.3472 (137.44)   20.1736 (inf)         198.3908 (131.37)   13.1282 (inf)           1;1    4.8228 (0.01)          5           1
test_hamiltonians[ham_bh_graph-1D-grid-pbc-qubitnodes_Lx-60_U-10_enc-stdbinary_d-4-heavy-hex]                      197.9613 (145.15)      199.1316 (107.11)      198.6602 (131.68)    0.4677 (inf)         198.8074 (131.64)    0.6884 (inf)           2;0    5.0337 (0.01)          5           1
test_hamiltonians[ham_tsp_prob-kroD100_Ncity-16_enc-stdbinary-all-to-all]                                          199.2761 (146.11)      247.7495 (133.26)      211.5654 (140.23)   20.3870 (inf)         204.6104 (135.49)   15.5316 (inf)           1;1    4.7267 (0.01)          5           1
test_hamiltonians[ham_ham_BK-14-all-to-all]                                                                        199.6875 (146.41)      211.1489 (113.57)      204.0808 (135.27)    4.2379 (inf)         203.2912 (134.61)    3.3139 (inf)           2;1    4.9000 (0.01)          5           1
test_hamiltonians[ham_ham_parity-14-linear]                                                                        203.2459 (149.02)      208.7671 (112.29)      205.6361 (136.30)    2.1439 (inf)         205.7443 (136.24)    3.0564 (inf)           2;0    4.8630 (0.01)          5           1
test_hamiltonians[ham_bh_graph-1D-grid-pbc-qubitnodes_Lx-60_U-10_enc-stdbinary_d-4-square]                         206.5452 (151.44)      212.5595 (114.33)      210.1885 (139.32)    2.3456 (inf)         210.9032 (139.65)    3.1623 (inf)           2;0    4.7576 (0.01)          5           1
test_hamiltonians[ham_mu_x_prime_enc_unary_dvalues_16-16-16-16-16-16-16-16-16-16-16-16-16-16-16-square]            210.7900 (154.55)      230.5523 (124.01)      224.2609 (148.65)    7.8384 (inf)         227.5914 (150.70)    7.5849 (inf)           1;0    4.4591 (0.01)          5           1
test_hamiltonians[ham_ham_JW14-square]                                                                             211.6637 (155.19)      222.8085 (119.84)      215.3242 (142.72)    5.2164 (inf)         213.4123 (141.31)    7.1391 (inf)           1;0    4.6442 (0.01)          4           1
test_hamiltonians[ham_ham_JW14-heavy-hex]                                                                          212.8450 (156.06)      224.4141 (120.70)      219.0013 (145.16)    5.2299 (inf)         217.7145 (144.16)    9.4727 (inf)           3;0    4.5662 (0.01)          5           1
test_hamiltonians[ham_will199gpia,n-60,rinst-8-linear]                                                             213.0476 (156.21)      223.2359 (120.07)      217.7244 (144.31)    4.2517 (inf)         218.1490 (144.45)    7.1808 (inf)           2;0    4.5930 (0.01)          5           1
test_hamiltonians[ham_graph-2D-triag-pbc-qubitnodes_Lx-19_Ly-19_h-0.5-linear]                                      215.3296 (157.88)      223.9549 (120.46)      219.8121 (145.70)    3.1141 (inf)         219.5354 (145.37)    3.3515 (inf)           2;0    4.5493 (0.01)          5           1
test_hamiltonians[ham_bh_graph-2D-grid-nonpbc-qubitnodes_Lx-7_Ly-7_U-70_enc-gray_d-4-square]                       222.2102 (162.93)      234.8694 (126.33)      227.2892 (150.65)    5.3949 (inf)         226.6109 (150.05)    9.0745 (inf)           1;0    4.3997 (0.01)          5           1
test_hamiltonians[ham_enc_unary_dvalues_4-4-4-square]                                                              234.4526 (171.90)      274.4309 (147.61)      245.1438 (162.49)   16.6850 (inf)         237.6818 (157.39)   15.1760 (inf)           1;1    4.0792 (0.01)          5           1
test_hamiltonians[ham_fh-graph-1D-grid-pbc-qubitnodes_Lx-160_U-12_enc-parity-heavy-hex]                            236.6708 (173.53)      256.1748 (137.79)      246.6651 (163.50)    8.1869 (inf)         245.9207 (162.84)   14.1515 (inf)           2;0    4.0541 (0.01)          5           1
test_hamiltonians[ham_gnp-k_5_n-60_rinst-19-linear]                                                                248.6763 (182.33)      264.0911 (142.05)      256.5606 (170.06)    6.9975 (inf)         256.7375 (170.00)   11.4466 (inf)           2;0    3.8977 (0.01)          4           1
test_hamiltonians[ham_gnp-k_5_n-90_rinst-02-square]                                                                250.0265 (183.32)      264.8451 (142.45)      256.5081 (170.02)    7.1309 (inf)         255.5804 (169.24)   11.8427 (inf)           1;0    3.8985 (0.01)          4           1
test_hamiltonians[ham_graph-2D-grid-nonpbc-qubitnodes_Lx-5_Ly-58_h-2-square]                                       253.4748 (185.85)      257.4575 (138.48)      255.2808 (169.21)    1.6409 (inf)         255.0955 (168.92)    2.0587 (inf)           2;0    3.9173 (0.01)          4           1
test_hamiltonians[ham_enc_unary_dvalues_4-4-4-heavy-hex]                                                           259.9406 (190.59)      281.1853 (151.24)      267.1733 (177.09)    9.5195 (inf)         263.7837 (174.67)   10.9657 (inf)           1;0    3.7429 (0.01)          4           1
test_hamiltonians[ham_ham_JW-14-all-to-all]                                                                        268.9375 (197.19)      272.3269 (146.47)      271.2713 (179.81)    1.6014 (inf)         271.9104 (180.05)    2.0917 (inf)           1;0    3.6863 (0.01)          4           1
test_hamiltonians[ham_bh_graph-2D-grid-nonpbc-qubitnodes_Lx-7_Ly-7_U-70_enc-gray_d-4-heavy-hex]                    271.6862 (199.20)      283.4233 (152.44)      275.7598 (182.78)    5.2325 (inf)         273.9649 (181.41)    6.2973 (inf)           1;0    3.6263 (0.01)          4           1
test_hamiltonians[ham_enc_unary_dvalues_4-4-4-linear]                                                              284.8895 (208.88)      297.7818 (160.17)      292.6664 (193.99)    5.7890 (inf)         293.9972 (194.68)    8.7210 (inf)           1;0    3.4169 (0.01)          4           1
test_hamiltonians[ham_tsp_prob-fl417_Ncity-16_enc-stdbinary-square]                                                293.6030 (215.27)      342.4841 (184.21)      309.8511 (205.38)   22.1390 (inf)         301.6586 (199.75)   26.3463 (inf)           1;0    3.2274 (0.00)          4           1
test_hamiltonians[ham_graph-2D-triag-nonpbc-qubitnodes_Lx-3_Ly-160_h-0.1-linear]                                   296.8521 (217.66)      303.9237 (163.47)      300.5322 (199.20)    3.1156 (inf)         300.6764 (199.10)    4.9559 (inf)           2;0    3.3274 (0.01)          4           1
test_hamiltonians[ham_tsp_prob-kroD100_Ncity-16_enc-stdbinary-square]                                              300.2243 (220.13)      343.3896 (184.70)      313.8331 (208.02)   20.3696 (inf)         305.8593 (202.53)   27.0053 (inf)           1;0    3.1864 (0.00)          4           1
test_hamiltonians[ham_1-fullins_5,n-48,rinst-7-all-to-all]                                                         305.9334 (224.31)      359.3001 (193.25)      321.8514 (213.33)   25.1344 (inf)         311.0861 (205.99)   28.6390 (inf)           1;0    3.1070 (0.00)          4           1
test_hamiltonians[ham_bh_graph-2D-grid-nonpbc-qubitnodes_Lx-7_Ly-7_U-70_enc-gray_d-4-linear]                       307.8832 (225.74)      349.7975 (188.14)      321.7797 (213.29)   19.0444 (inf)         314.7190 (208.40)   23.2211 (inf)           1;0    3.1077 (0.00)          4           1
test_hamiltonians[ham_gnp-k_5_n-90_rinst-02-heavy-hex]                                                             307.8929 (225.75)      328.5077 (176.69)      317.7847 (210.64)   11.2306 (inf)         317.3691 (210.15)   19.3959 (inf)           0;0    3.1468 (0.00)          4           1
test_hamiltonians[ham_graph-2D-grid-pbc-qubitnodes_Lx-2_Ly-185_h-0.5-square]                                       308.2308 (226.00)      314.1829 (168.99)      311.1843 (206.26)    2.4509 (inf)         311.1618 (206.04)    3.3665 (inf)           2;0    3.2135 (0.00)          4           1
test_hamiltonians[ham_ham_BK-14-square]                                                                            308.5916 (226.26)      318.6198 (171.37)      315.3893 (209.05)    4.5830 (inf)         317.1728 (210.02)    5.0639 (inf)           1;0    3.1707 (0.00)          4           1
test_hamiltonians[ham_graph-2D-grid-nonpbc-qubitnodes_Lx-4_Ly-133_h-0.1-heavy-hex]                                 318.2702 (233.36)      322.5374 (173.48)      319.7222 (211.92)    1.9853 (inf)         319.0405 (211.26)    2.7896 (inf)           1;0    3.1277 (0.00)          4           1
test_hamiltonians[ham_graph-2D-grid-nonpbc-qubitnodes_Lx-5_Ly-58_h-2-all-to-all]                                   327.1929 (239.90)      333.9219 (179.60)      329.5855 (218.46)    3.7621 (inf)         327.6419 (216.95)    5.0467 (inf)           1;0    3.0341 (0.00)          3           1
test_hamiltonians[ham_ash608gpia,n-160,rinst-1-square]                                                             332.5817 (243.85)      355.0278 (190.96)      346.4413 (229.63)   12.1165 (inf)         351.7143 (232.89)   16.8346 (inf)           1;0    2.8865 (0.00)          3           1
test_hamiltonians[ham_graph-2D-grid-pbc-qubitnodes_Lx-4_Ly-148_h-6-square]                                         342.8322 (251.37)      349.3561 (187.91)      346.9565 (229.97)    3.5876 (inf)         348.6811 (230.89)    4.8929 (inf)           1;0    2.8822 (0.00)          3           1
test_hamiltonians[ham_tsp_prob-kroD100_Ncity-16_enc-stdbinary-linear]                                              344.1812 (252.36)      383.7463 (206.40)      362.7436 (240.44)   19.8951 (inf)         360.3033 (238.58)   29.6738 (inf)           1;0    2.7568 (0.00)          3           1
test_hamiltonians[ham_fh-graph-1D-grid-pbc-qubitnodes_Lx-160_U-12_enc-parity-linear]                               344.5889 (252.66)      359.5163 (193.37)      351.1453 (232.75)    6.3715 (inf)         350.2381 (231.92)    9.3454 (inf)           2;0    2.8478 (0.00)          4           1
test_hamiltonians[ham_tsp_prob-kroD100_Ncity-16_enc-stdbinary-heavy-hex]                                           346.5162 (254.07)      360.3312 (193.81)      352.5791 (233.70)    7.0607 (inf)         350.8897 (232.35)   10.3612 (inf)           1;0    2.8362 (0.00)          3           1
test_hamiltonians[ham_ham_BK-14-heavy-hex]                                                                         349.2522 (256.08)      356.7919 (191.91)      352.5074 (233.65)    3.8738 (inf)         351.4781 (232.74)    5.6548 (inf)           1;0    2.8368 (0.00)          3           1
test_hamiltonians[ham_tsp_prob-fl417_Ncity-16_enc-stdbinary-heavy-hex]                                             349.8825 (256.54)      392.9253 (211.34)      364.3435 (241.50)   24.7531 (inf)         350.2229 (231.91)   32.2821 (inf)           1;0    2.7447 (0.00)          3           1
test_hamiltonians[ham_tsp_prob-fl417_Ncity-16_enc-stdbinary-linear]                                                352.2609 (258.28)      399.6040 (214.93)      368.5844 (244.31)   26.8760 (inf)         353.8884 (234.33)   35.5073 (inf)           1;0    2.7131 (0.00)          3           1
test_hamiltonians[ham_graph-2D-grid-pbc-qubitnodes_Lx-4_Ly-148_h-6-heavy-hex]                                      355.2632 (260.48)      362.6437 (195.05)      358.4950 (237.62)    3.7747 (inf)         357.5781 (236.78)    5.5354 (inf)           1;0    2.7894 (0.00)          3           1
test_hamiltonians[ham_ham_BK-14-linear]                                                                            358.9463 (263.18)      381.6029 (205.25)      369.3704 (244.83)   11.4361 (inf)         367.5620 (243.39)   16.9925 (inf)           1;0    2.7073 (0.00)          3           1
test_hamiltonians[ham_bh_graph-2D-triag-pbc-qubitnodes_Lx-10_Ly-10_U-30_enc-stdbinary_d-4-all-to-all]              360.7986 (264.54)      415.0997 (223.27)      379.4463 (251.51)   30.8876 (inf)         362.4407 (240.00)   40.7258 (inf)           1;0    2.6354 (0.00)          3           1
test_hamiltonians[ham_ash608gpia,n-160,rinst-1-heavy-hex]                                                          367.9423 (269.78)      377.3505 (202.96)      371.9013 (246.51)    4.8779 (inf)         370.4111 (245.27)    7.0562 (inf)           1;0    2.6889 (0.00)          3           1
test_hamiltonians[ham_graph-2D-grid-nonpbc-qubitnodes_Lx-19_Ly-19_h-5-linear]                                      380.8636 (279.25)      390.4975 (210.03)      386.5433 (256.21)    5.0434 (inf)         388.2688 (257.10)    7.2254 (inf)           1;0    2.5870 (0.00)          3           1
test_hamiltonians[ham_graph-2D-triag-nonpbc-qubitnodes_Lx-3_Ly-160_h-0.1-all-to-all]                               381.8749 (280.00)      389.7506 (209.63)      385.3479 (255.42)    4.0193 (inf)         384.4182 (254.55)    5.9068 (inf)           1;0    2.5951 (0.00)          3           1
test_hamiltonians[ham_ham_JW-14-square]                                                                            388.3745 (284.76)      402.6729 (216.58)      394.8121 (261.69)    7.2547 (inf)         393.3888 (260.49)   10.7238 (inf)           1;0    2.5329 (0.00)          3           1
test_hamiltonians[ham_graph-2D-grid-nonpbc-qubitnodes_Lx-4_Ly-133_h-0.1-linear]                                    396.4538 (290.68)      439.6752 (236.49)      411.5472 (272.79)   24.3813 (inf)         398.5126 (263.88)   32.4161 (inf)           1;0    2.4299 (0.00)          3           1
test_hamiltonians[ham_enc_gray_dvalues_8-8-8-all-to-all]                                                           396.7483 (290.90)      450.2968 (242.20)      418.3631 (277.30)   28.2263 (inf)         408.0441 (270.19)   40.1614 (inf)           1;0    2.3903 (0.00)          3           1
test_hamiltonians[ham_ham_JW-14-linear]                                                                            409.1131 (299.97)      423.3165 (227.69)      417.1884 (276.53)    7.2992 (inf)         419.1356 (277.54)   10.6525 (inf)           1;0    2.3970 (0.00)          3           1
test_hamiltonians[ham_ham_JW-14-heavy-hex]                                                                         419.2553 (307.40)      422.6534 (227.33)      421.1997 (279.18)    1.7514 (inf)         421.6906 (279.23)    2.5486 (inf)           1;0    2.3742 (0.00)          3           1
test_hamiltonians[ham_1-fullins_5,n-48,rinst-7-square]                                                             427.1156 (313.17)      444.8341 (239.26)      436.5394 (289.35)    8.9131 (inf)         437.6685 (289.81)   13.2889 (inf)           1;0    2.2907 (0.00)          3           1
test_hamiltonians[ham_fh-graph-1D-grid-pbc-qubitnodes_Lx-160_U-12_enc-parity-all-to-all]                           433.9914 (318.21)      437.1523 (235.13)      435.0591 (288.37)    1.8129 (inf)         434.0336 (287.40)    2.3707 (inf)           1;0    2.2985 (0.00)          3           1
test_hamiltonians[ham_bh_graph-2D-triag-pbc-qubitnodes_Lx-5_Ly-5_U-30_enc-unary_d-4-all-to-all]                    446.7918 (327.59)      452.2457 (243.25)      450.3875 (298.53)    3.1146 (inf)         452.1250 (299.38)    4.0904 (inf)           1;0    2.2203 (0.00)          3           1
test_hamiltonians[ham_bh_graph-2D-triag-nonpbc-qubitnodes_Lx-11_Ly-11_U-100_enc-gray_d-4-all-to-all]               447.2075 (327.90)      519.9240 (279.65)      479.9015 (318.09)   36.9080 (inf)         472.5730 (312.92)   54.5374 (inf)           1;0    2.0838 (0.00)          3           1
test_hamiltonians[ham_bh_graph-2D-triag-pbc-qubitnodes_Lx-10_Ly-10_U-30_enc-stdbinary_d-4-square]                  452.8669 (332.05)      474.8347 (255.40)      462.1497 (306.33)   11.3722 (inf)         458.7474 (303.77)   16.4758 (inf)           1;0    2.1638 (0.00)          3           1
test_hamiltonians[ham_fh-graph-1D-grid-pbc-qubitnodes_Lx-160_U-12_enc-parity-square]                               453.0162 (332.16)      459.0212 (246.89)      456.4010 (302.52)    3.0746 (inf)         457.1657 (302.72)    4.5037 (inf)           1;0    2.1911 (0.00)          3           1
test_hamiltonians[ham_enc_gray_dvalues_8-8-8-square]                                                               488.0579 (357.85)      493.7573 (265.57)      490.9076 (325.39)    4.0301 (inf)         490.9076 (325.06)    5.6995 (inf)           0;0    2.0370 (0.00)          2           1
test_hamiltonians[ham_graph-2D-grid-nonpbc-qubitnodes_Lx-19_Ly-19_h-5-all-to-all]                                  488.5738 (358.23)      604.1379 (324.94)      527.2245 (349.46)   66.6093 (inf)         488.9617 (323.77)   86.6731 (inf)           1;0    1.8967 (0.00)          3           1
test_hamiltonians[ham_enc_gray_dvalues_8-8-8-heavy-hex]                                                            493.1543 (361.59)      504.4436 (271.32)      498.6602 (330.53)    5.6497 (inf)         498.3827 (330.01)    8.4669 (inf)           1;0    2.0054 (0.00)          3           1
test_hamiltonians[ham_enc_gray_dvalues_8-8-8-linear]                                                               496.1734 (363.80)      497.3123 (267.49)      496.7429 (329.26)    0.8053 (inf)         496.7429 (328.93)    1.1389 (inf)           0;0    2.0131 (0.00)          2           1
test_hamiltonians[ham_bh_graph-2D-triag-pbc-qubitnodes_Lx-10_Ly-10_U-30_enc-stdbinary_d-4-heavy-hex]               499.6958 (366.38)      510.7029 (274.69)      505.1994 (334.86)    7.7832 (inf)         505.1994 (334.53)   11.0071 (inf)           0;0    1.9794 (0.00)          2           1
test_hamiltonians[ham_mu_y_prime_enc_stdbinary_dvalues_4-4-4-4-4-4-4-4-4-4-4-4-4-4-4-4-4-4-linear]                 501.5730 (367.76)      503.2095 (270.66)      502.3912 (333.00)    1.1572 (inf)         502.3912 (332.67)    1.6365 (inf)           0;0    1.9905 (0.00)          2           1
test_hamiltonians[ham_fh-graph-2D-grid-pbc-qubitnodes_Lx-2_Ly-105_U-8_enc-bk-square]                               504.7916 (370.12)      517.9987 (278.61)      511.3952 (338.97)    9.3388 (inf)         511.3952 (338.63)   13.2071 (inf)           0;0    1.9554 (0.00)          2           1
test_hamiltonians[ham_graph-2D-grid-pbc-qubitnodes_Lx-4_Ly-148_h-6-linear]                                         507.8385 (372.35)      511.3407 (275.03)      509.5896 (337.77)    2.4764 (inf)         509.5896 (337.43)    3.5021 (inf)           0;0    1.9624 (0.00)          2           1
test_hamiltonians[ham_bh_graph-2D-triag-pbc-qubitnodes_Lx-5_Ly-5_U-30_enc-unary_d-4-square]                        527.8911 (387.06)      586.8854 (315.66)      557.3882 (369.46)   41.7153 (inf)         557.3882 (369.08)   58.9943 (inf)           0;0    1.7941 (0.00)          2           1
test_hamiltonians[ham_graph-2D-grid-nonpbc-qubitnodes_Lx-4_Ly-133_h-0.1-square]                                    534.3580 (391.80)      537.5261 (289.12)      535.9421 (355.24)    2.2402 (inf)         535.9421 (354.88)    3.1681 (inf)           0;0    1.8659 (0.00)          2           1
test_hamiltonians[ham_graph-2D-grid-pbc-qubitnodes_Lx-2_Ly-185_h-0.5-all-to-all]                                   541.1898 (396.81)      546.0940 (293.72)      543.6419 (360.34)    3.4677 (inf)         543.6419 (359.98)    4.9041 (inf)           0;0    1.8394 (0.00)          2           1
test_hamiltonians[ham_1-fullins_5,n-48,rinst-7-heavy-hex]                                                          542.5129 (397.78)      561.5706 (302.05)      552.0417 (365.91)   13.4759 (inf)         552.0417 (365.54)   19.0577 (inf)           0;0    1.8115 (0.00)          2           1
test_hamiltonians[ham_bh_graph-2D-triag-pbc-qubitnodes_Lx-5_Ly-5_U-30_enc-unary_d-4-heavy-hex]                     547.1711 (401.19)      575.7225 (309.66)      561.4468 (372.15)   20.1889 (inf)         561.4468 (371.77)   28.5514 (inf)           0;0    1.7811 (0.00)          2           1
test_hamiltonians[ham_gnp-k_5_n-90_rinst-02-linear]                                                                552.8393 (405.35)      555.0531 (298.54)      553.9462 (367.17)    1.5654 (inf)         553.9462 (366.81)    2.2138 (inf)           0;0    1.8052 (0.00)          2           1
test_hamiltonians[ham_bh_graph-2D-triag-nonpbc-qubitnodes_Lx-11_Ly-11_U-100_enc-gray_d-4-square]                   563.0850 (412.86)      620.6826 (333.84)      591.8838 (392.32)   40.7276 (inf)         591.8838 (391.93)   57.5976 (inf)           0;0    1.6895 (0.00)          2           1
test_hamiltonians[ham_bh_graph-1D-grid-pbc-qubitnodes_Lx-10_U-30_enc-unary_d-8-all-to-all]                         574.2230 (421.03)      607.2390 (326.61)      590.7310 (391.56)   23.3458 (inf)         590.7310 (391.16)   33.0160 (inf)           0;0    1.6928 (0.00)          2           1
test_hamiltonians[ham_graph-2D-grid-pbc-qubitnodes_Lx-4_Ly-190_h-0-square]                                         585.5608 (429.34)      598.4082 (321.86)      591.9845 (392.39)    9.0845 (inf)         591.9845 (391.99)   12.8474 (inf)           0;0    1.6892 (0.00)          2           1
test_hamiltonians[ham_bh_graph-2D-triag-pbc-qubitnodes_Lx-5_Ly-5_U-30_enc-unary_d-4-linear]                        598.2450 (438.64)      617.7593 (332.27)      608.0021 (403.00)   13.7987 (inf)         608.0021 (402.60)   19.5143 (inf)           0;0    1.6447 (0.00)          2           1
test_hamiltonians[ham_fh-graph-2D-grid-pbc-qubitnodes_Lx-2_Ly-105_U-8_enc-bk-heavy-hex]                            612.9956 (449.46)      613.2241 (329.83)      613.1099 (406.39)    0.1616 (inf)         613.1099 (405.98)    0.2285 (inf)           0;0    1.6310 (0.00)          2           1
test_hamiltonians[ham_graph-2D-grid-pbc-qubitnodes_Lx-4_Ly-190_h-0-heavy-hex]                                      625.0295 (458.28)      626.1061 (336.76)      625.5678 (414.65)    0.7613 (inf)         625.5678 (414.23)    1.0766 (inf)           0;0    1.5985 (0.00)          2           1
test_hamiltonians[ham_bh_graph-2D-triag-pbc-qubitnodes_Lx-10_Ly-10_U-30_enc-stdbinary_d-4-linear]                  644.0215 (472.20)      646.0868 (347.51)      645.0542 (427.56)    1.4604 (inf)         645.0542 (427.13)    2.0653 (inf)           0;0    1.5503 (0.00)          2           1
test_hamiltonians[ham_bh_graph-1D-grid-pbc-qubitnodes_Lx-10_U-30_enc-unary_d-8-square]                             659.0370 (483.21)      700.5834 (376.82)      679.8102 (450.60)   29.3778 (inf)         679.8102 (450.15)   41.5465 (inf)           0;0    1.4710 (0.00)          2           1
test_hamiltonians[ham_bh_graph-1D-grid-pbc-qubitnodes_Lx-10_U-30_enc-unary_d-8-heavy-hex]                          673.6371 (493.92)      682.0017 (366.82)      677.8194 (449.28)    5.9147 (inf)         677.8194 (448.83)    8.3646 (inf)           0;0    1.4753 (0.00)          2           1
test_hamiltonians[ham_bh_graph-1D-grid-pbc-qubitnodes_Lx-10_U-30_enc-unary_d-8-linear]                             675.0821 (494.98)      684.7033 (368.28)      679.8927 (450.66)    6.8032 (inf)         679.8927 (450.20)    9.6211 (inf)           0;0    1.4708 (0.00)          2           1
test_hamiltonians[ham_bh_graph-2D-triag-nonpbc-qubitnodes_Lx-11_Ly-11_U-100_enc-gray_d-4-heavy-hex]                691.8639 (507.28)      704.4375 (378.89)      698.1507 (462.76)    8.8909 (inf)         698.1507 (462.29)   12.5736 (inf)           0;0    1.4324 (0.00)          2           1
test_hamiltonians[ham_fh-graph-2D-triag-nonpbc-qubitnodes_Lx-16_Ly-16_U-4_enc-bk-all-to-all]                       707.0835 (518.44)      714.0382 (384.06)      710.5609 (470.98)    4.9177 (inf)         710.5609 (470.51)    6.9547 (inf)           0;0    1.4073 (0.00)          2           1
test_hamiltonians[ham_fh-graph-2D-triag-nonpbc-qubitnodes_Lx-16_Ly-16_U-4_enc-bk-square]                           717.9926 (526.44)      735.0997 (395.38)      726.5462 (481.58)   12.0966 (inf)         726.5462 (481.10)   17.1071 (inf)           0;0    1.3764 (0.00)          2           1
test_hamiltonians[ham_1-fullins_5,n-48,rinst-7-linear]                                                             732.6510 (537.19)      797.6078 (429.01)      765.1294 (507.15)   45.9314 (inf)         765.1294 (506.64)   64.9568 (inf)           0;0    1.3070 (0.00)          2           1
test_hamiltonians[ham_ham_JW-18-all-to-all]                                                                        746.1058 (547.05)      763.8670 (410.86)      754.9864 (500.43)   12.5591 (inf)         754.9864 (499.93)   17.7612 (inf)           0;0    1.3245 (0.00)          2           1
test_hamiltonians[ham_fh-graph-2D-grid-pbc-qubitnodes_Lx-5_Ly-72_U-0_enc-parity-linear]                            828.1628 (607.22)      870.3541 (468.13)      849.2584 (562.92)   29.8338 (inf)         849.2584 (562.35)   42.1913 (inf)           0;0    1.1775 (0.00)          2           1
test_hamiltonians[ham_graph-2D-grid-pbc-qubitnodes_Lx-4_Ly-190_h-0-linear]                                         849.2705 (622.70)      911.4665 (490.25)      880.3685 (583.54)   43.9792 (inf)         880.3685 (582.95)   62.1960 (inf)           0;0    1.1359 (0.00)          2           1
test_hamiltonians[ham_bh_graph-2D-triag-nonpbc-qubitnodes_Lx-11_Ly-11_U-100_enc-gray_d-4-linear]                   868.3666 (636.70)      934.9637 (502.88)      901.6651 (597.65)   47.0913 (inf)         901.6651 (597.05)   66.5971 (inf)           0;0    1.1091 (0.00)          2           1
test_hamiltonians[ham_graph-2D-grid-nonpbc-qubitnodes_Lx-5_Ly-186_h-0.5-heavy-hex]                                 876.5812 (642.72)      924.5960 (497.31)      900.5886 (596.94)   33.9516 (inf)         900.5886 (596.34)   48.0149 (inf)           0;0    1.1104 (0.00)          2           1
test_hamiltonians[ham_fh-graph-2D-triag-nonpbc-qubitnodes_Lx-16_Ly-16_U-4_enc-bk-heavy-hex]                        896.4049 (657.25)      902.0491 (485.18)      899.2270 (596.04)    3.9911 (inf)         899.2270 (595.44)    5.6443 (inf)           0;0    1.1121 (0.00)          2           1
test_hamiltonians[ham_graph-2D-grid-pbc-qubitnodes_Lx-5_Ly-186_h-3-square]                                         903.6394 (662.56)      927.6636 (498.96)      915.6515 (606.92)   16.9877 (inf)         915.6515 (606.31)   24.0242 (inf)           0;0    1.0921 (0.00)          2           1
test_hamiltonians[ham_ham_JW-18-heavy-hex]                                                                         929.0428 (681.19)      965.9314 (519.54)      947.4871 (628.03)   26.0842 (inf)         947.4871 (627.40)   36.8887 (inf)           0;0    1.0554 (0.00)          2           1
test_hamiltonians[ham_graph-2D-grid-pbc-qubitnodes_Lx-5_Ly-186_h-3-heavy-hex]                                      939.1088 (688.57)      951.8314 (511.96)      945.4701 (626.69)    8.9963 (inf)         945.4701 (626.06)   12.7226 (inf)           0;0    1.0577 (0.00)          2           1
test_hamiltonians[ham_fh-graph-2D-grid-pbc-qubitnodes_Lx-2_Ly-105_U-8_enc-bk-all-to-all]                           950.2733 (696.75)      963.2567 (518.10)      956.7650 (634.17)    9.1806 (inf)         956.7650 (633.54)   12.9834 (inf)           0;0    1.0452 (0.00)          2           1
test_hamiltonians[ham_graph-2D-triag-nonpbc-qubitnodes_Lx-40_Ly-40_h-0.1-square]                                   951.9669 (697.99)    1,010.6771 (543.61)      981.3220 (650.45)   41.5144 (inf)         981.3220 (649.80)   58.7102 (inf)           0;0    1.0190 (0.00)          2           1
test_hamiltonians[ham_ash608gpia,n-160,rinst-1-all-to-all]                                                       1,022.8796 (749.99)    1,022.8796 (550.17)    1,022.8796 (678.00)    0.0000 (1.0)       1,022.8796 (677.32)    0.0000 (1.0)           0;0    0.9776 (0.00)          1           1
test_hamiltonians[ham_graph-2D-triag-nonpbc-qubitnodes_Lx-40_Ly-40_h-0.1-heavy-hex]                              1,057.0016 (775.01)    1,057.0016 (568.52)    1,057.0016 (700.62)    0.0000 (1.0)       1,057.0016 (699.91)    0.0000 (1.0)           0;0    0.9461 (0.00)          1           1
test_hamiltonians[ham_bh_graph-2D-triag-pbc-qubitnodes_Lx-3_Ly-22_U-70_enc-unary_d-4-all-to-all]                 1,100.5044 (806.90)    1,100.5044 (591.92)    1,100.5044 (729.45)    0.0000 (1.0)       1,100.5044 (728.72)    0.0000 (1.0)           0;0    0.9087 (0.00)          1           1
test_hamiltonians[ham_ham_JW-18-linear]                                                                          1,147.8142 (841.59)    1,147.8142 (617.37)    1,147.8142 (760.81)    0.0000 (1.0)       1,147.8142 (760.05)    0.0000 (1.0)           0;0    0.8712 (0.00)          1           1
test_hamiltonians[ham_graph-2D-grid-nonpbc-qubitnodes_Lx-5_Ly-186_h-0.5-linear]                                  1,158.9596 (849.76)    1,158.9596 (623.36)    1,158.9596 (768.20)    0.0000 (1.0)       1,158.9596 (767.43)    0.0000 (1.0)           0;0    0.8628 (0.00)          1           1
test_hamiltonians[ham_ham_JW-18-square]                                                                          1,197.3070 (877.88)    1,197.3070 (643.99)    1,197.3070 (793.61)    0.0000 (1.0)       1,197.3070 (792.82)    0.0000 (1.0)           0;0    0.8352 (0.00)          1           1
test_hamiltonians[ham_ash608gpia,n-160,rinst-1-linear]                                                           1,267.7539 (929.53)    1,267.7539 (681.88)    1,267.7539 (840.31)    0.0000 (1.0)       1,267.7539 (839.47)    0.0000 (1.0)           0;0    0.7888 (0.00)          1           1
test_hamiltonians[ham_bh_graph-2D-triag-pbc-qubitnodes_Lx-3_Ly-22_U-70_enc-unary_d-4-square]                     1,272.1416 (932.75)    1,272.1416 (684.24)    1,272.1416 (843.22)    0.0000 (1.0)       1,272.1416 (842.37)    0.0000 (1.0)           0;0    0.7861 (0.00)          1           1
test_hamiltonians[ham_bh_graph-2D-triag-pbc-qubitnodes_Lx-3_Ly-22_U-70_enc-unary_d-4-heavy-hex]                  1,325.2711 (971.70)    1,325.2711 (712.82)    1,325.2711 (878.43)    0.0000 (1.0)       1,325.2711 (877.55)    0.0000 (1.0)           0;0    0.7546 (0.00)          1           1
test_hamiltonians[ham_fh-graph-2D-grid-pbc-qubitnodes_Lx-2_Ly-105_U-8_enc-bk-linear]                             1,405.0186 (>1000.0)   1,405.0186 (755.71)    1,405.0186 (931.29)    0.0000 (1.0)       1,405.0186 (930.36)    0.0000 (1.0)           0;0    0.7117 (0.00)          1           1
test_hamiltonians[ham_graph-2D-grid-nonpbc-qubitnodes_Lx-4_Ly-133_h-0.1-all-to-all]                              1,424.3259 (>1000.0)   1,424.3259 (766.09)    1,424.3259 (944.09)    0.0000 (1.0)       1,424.3259 (943.14)    0.0000 (1.0)           0;0    0.7021 (0.00)          1           1
test_hamiltonians[ham_graph-2D-grid-pbc-qubitnodes_Lx-5_Ly-186_h-3-linear]                                       1,433.8459 (>1000.0)   1,433.8459 (771.21)    1,433.8459 (950.40)    0.0000 (1.0)       1,433.8459 (949.45)    0.0000 (1.0)           0;0    0.6974 (0.00)          1           1
test_hamiltonians[ham_graph-2D-grid-nonpbc-qubitnodes_Lx-5_Ly-186_h-0.5-square]                                  1,492.5355 (>1000.0)   1,492.5355 (802.78)    1,492.5355 (989.30)    0.0000 (1.0)       1,492.5355 (988.31)    0.0000 (1.0)           0;0    0.6700 (0.00)          1           1
test_hamiltonians[ham_ham_BK22-all-to-all]                                                                       1,585.0721 (>1000.0)   1,585.0721 (852.55)    1,585.0721 (>1000.0)   0.0000 (1.0)       1,585.0721 (>1000.0)   0.0000 (1.0)           0;0    0.6309 (0.00)          1           1
test_hamiltonians[ham_bh_graph-2D-triag-pbc-qubitnodes_Lx-3_Ly-22_U-70_enc-unary_d-4-linear]                     1,630.2893 (>1000.0)   1,630.2893 (876.87)    1,630.2893 (>1000.0)   0.0000 (1.0)       1,630.2893 (>1000.0)   0.0000 (1.0)           0;0    0.6134 (0.00)          1           1
test_hamiltonians[ham_graph-2D-triag-nonpbc-qubitnodes_Lx-40_Ly-40_h-0.1-linear]                                 1,828.8932 (>1000.0)   1,828.8932 (983.70)    1,828.8932 (>1000.0)   0.0000 (1.0)       1,828.8932 (>1000.0)   0.0000 (1.0)           0;0    0.5468 (0.00)          1           1
test_hamiltonians[ham_graph-2D-grid-pbc-qubitnodes_Lx-4_Ly-148_h-6-all-to-all]                                   1,870.2132 (>1000.0)   1,870.2132 (>1000.0)   1,870.2132 (>1000.0)   0.0000 (1.0)       1,870.2132 (>1000.0)   0.0000 (1.0)           0;0    0.5347 (0.00)          1           1
test_hamiltonians[ham_fh-graph-2D-triag-nonpbc-qubitnodes_Lx-16_Ly-16_U-4_enc-bk-linear]                         1,919.1772 (>1000.0)   1,919.1772 (>1000.0)   1,919.1772 (>1000.0)   0.0000 (1.0)       1,919.1772 (>1000.0)   0.0000 (1.0)           0;0    0.5211 (0.00)          1           1
test_hamiltonians[ham_ham_JW-22-all-to-all]                                                                      2,321.0510 (>1000.0)   2,321.0510 (>1000.0)   2,321.0510 (>1000.0)   0.0000 (1.0)       2,321.0510 (>1000.0)   0.0000 (1.0)           0;0    0.4308 (0.00)          1           1
test_hamiltonians[ham_ham_BK22-square]                                                                           2,821.8585 (>1000.0)   2,821.8585 (>1000.0)   2,821.8585 (>1000.0)   0.0000 (1.0)       2,821.8585 (>1000.0)   0.0000 (1.0)           0;0    0.3544 (0.00)          1           1
test_hamiltonians[ham_ham_BK22-heavy-hex]                                                                        3,632.6023 (>1000.0)   3,632.6023 (>1000.0)   3,632.6023 (>1000.0)   0.0000 (1.0)       3,632.6023 (>1000.0)   0.0000 (1.0)           0;0    0.2753 (0.00)          1           1
test_hamiltonians[ham_graph-2D-grid-pbc-qubitnodes_Lx-4_Ly-190_h-0-all-to-all]                                   3,818.2931 (>1000.0)   3,818.2931 (>1000.0)   3,818.2931 (>1000.0)   0.0000 (1.0)       3,818.2931 (>1000.0)   0.0000 (1.0)           0;0    0.2619 (0.00)          1           1
test_hamiltonians[ham_ham_JW24-all-to-all]                                                                       3,873.0140 (>1000.0)   3,873.0140 (>1000.0)   3,873.0140 (>1000.0)   0.0000 (1.0)       3,873.0140 (>1000.0)   0.0000 (1.0)           0;0    0.2582 (0.00)          1           1
test_hamiltonians[ham_ham_JW-22-square]                                                                          3,944.7876 (>1000.0)   3,944.7876 (>1000.0)   3,944.7876 (>1000.0)   0.0000 (1.0)       3,944.7876 (>1000.0)   0.0000 (1.0)           0;0    0.2535 (0.00)          1           1
test_hamiltonians[ham_fh-graph-2D-grid-pbc-qubitnodes_Lx-5_Ly-72_U-0_enc-parity-square]                          3,965.7492 (>1000.0)   3,965.7492 (>1000.0)   3,965.7492 (>1000.0)   0.0000 (1.0)       3,965.7492 (>1000.0)   0.0000 (1.0)           0;0    0.2522 (0.00)          1           1
test_hamiltonians[ham_fh-graph-2D-grid-pbc-qubitnodes_Lx-5_Ly-72_U-0_enc-parity-all-to-all]                      4,164.7762 (>1000.0)   4,164.7762 (>1000.0)   4,164.7762 (>1000.0)   0.0000 (1.0)       4,164.7762 (>1000.0)   0.0000 (1.0)           0;0    0.2401 (0.00)          1           1
test_hamiltonians[ham_ham_BK22-linear]                                                                           4,267.2527 (>1000.0)   4,267.2527 (>1000.0)   4,267.2527 (>1000.0)   0.0000 (1.0)       4,267.2527 (>1000.0)   0.0000 (1.0)           0;0    0.2343 (0.00)          1           1
test_hamiltonians[ham_ham_JW-22-heavy-hex]                                                                       4,577.6147 (>1000.0)   4,577.6147 (>1000.0)   4,577.6147 (>1000.0)   0.0000 (1.0)       4,577.6147 (>1000.0)   0.0000 (1.0)           0;0    0.2185 (0.00)          1           1
test_hamiltonians[ham_ham_JW-22-linear]                                                                          4,937.5919 (>1000.0)   4,937.5919 (>1000.0)   4,937.5919 (>1000.0)   0.0000 (1.0)       4,937.5919 (>1000.0)   0.0000 (1.0)           0;0    0.2025 (0.00)          1           1
test_hamiltonians[ham_graph-2D-triag-nonpbc-qubitnodes_Lx-40_Ly-40_h-0.1-all-to-all]                             5,915.6860 (>1000.0)   5,915.6860 (>1000.0)   5,915.6860 (>1000.0)   0.0000 (1.0)       5,915.6860 (>1000.0)   0.0000 (1.0)           0;0    0.1690 (0.00)          1           1
test_hamiltonians[ham_ham_JW24-square]                                                                           6,757.1554 (>1000.0)   6,757.1554 (>1000.0)   6,757.1554 (>1000.0)   0.0000 (1.0)       6,757.1554 (>1000.0)   0.0000 (1.0)           0;0    0.1480 (0.00)          1           1
test_hamiltonians[ham_graph-2D-grid-nonpbc-qubitnodes_Lx-5_Ly-186_h-0.5-all-to-all]                              7,024.2452 (>1000.0)   7,024.2452 (>1000.0)   7,024.2452 (>1000.0)   0.0000 (1.0)       7,024.2452 (>1000.0)   0.0000 (1.0)           0;0    0.1424 (0.00)          1           1
test_hamiltonians[ham_graph-2D-grid-pbc-qubitnodes_Lx-5_Ly-186_h-3-all-to-all]                                   7,047.0971 (>1000.0)   7,047.0971 (>1000.0)   7,047.0971 (>1000.0)   0.0000 (1.0)       7,047.0971 (>1000.0)   0.0000 (1.0)           0;0    0.1419 (0.00)          1           1
test_hamiltonians[ham_ham_JW24-heavy-hex]                                                                        8,808.1734 (>1000.0)   8,808.1734 (>1000.0)   8,808.1734 (>1000.0)   0.0000 (1.0)       8,808.1734 (>1000.0)   0.0000 (1.0)           0;0    0.1135 (0.00)          1           1
test_hamiltonians[ham_ham_JW24-linear]                                                                           9,338.3078 (>1000.0)   9,338.3078 (>1000.0)   9,338.3078 (>1000.0)   0.0000 (1.0)       9,338.3078 (>1000.0)   0.0000 (1.0)           0;0    0.1071 (0.00)          1           1
test_hamiltonians[ham_fh-graph-2D-grid-pbc-qubitnodes_Lx-5_Ly-72_U-0_enc-parity-heavy-hex]                      17,839.1611 (>1000.0)  17,839.1611 (>1000.0)  17,839.1611 (>1000.0)   0.0000 (1.0)      17,839.1611 (>1000.0)   0.0000 (1.0)           0;0    0.0561 (0.00)          1           1
--------------------------------------------------------------------------------------------------------------------------------------------------------------------------------------------------------------------------------------------------------------------------------------------------

Legend:
  Outliers: 1 Standard Deviation from Mean; 1.5 IQR (InterQuartile Range) from 1st Quartile and 3rd Quartile.
  OPS: Operations Per Second, computed as 1 / Mean
======================= 400 passed in 1141.43s (0:19:01) =======================
